局名,電腦局名,郵遞區號,信箱中文名稱,信箱英文名稱,信箱樣式,儲匯編號,六碼郵遞區號
臺北北門郵局,臺北901支,10099,臺北北門郵局第○○號信箱,P.O.BOX ○○ Taipei BeimenTaipei City  10099Taiwan ( R.O.C.),局內型,000100-6,100900
臺北東門郵局,臺北1支,10099,臺北東門郵局第○○號信,P.O.BOX ○○ Taipei Dongmen Taipei City  10099Taiwan ( R.O.C.),穿牆式,000101-0,100901
臺北漢中街郵局,臺北2支,10899,臺北漢中街郵局第○○號信箱,P.O.BOX ○○ Taipei Hanzhong StreetTaipei City  10899Taiwan ( R.O.C.),局內型,000102-3,108902
臺北西園郵局,臺北3支,10899,臺北西園郵局第○○號信箱,P.O.BOX ○○ Taipei XiyuanTaipei City  10899Taiwan ( R.O.C.),穿牆式,000103-7,108903
臺北南海郵局,臺北5支,10099,臺北南海郵局第○○號信箱,P.O.BOX ○○ Taipei NanhaiTaipei City  10099Taiwan ( R.O.C.),穿牆式,000105-4,100905
臺北螢橋郵局,臺北6支,10099,臺北螢橋郵局第○○號信箱,P.O.BOX ○○ Taipei YingqiaoTaipei City  10099Taiwan ( R.O.C.),穿牆式,000106-8,100906
臺北青田郵局,臺北7支,10699,臺北青田郵局第○○號信箱,P.O.BOX ○○ Taipei QingtianTaipei City  10699Taiwan ( R.O.C.),穿牆式,000107-1,106907
臺北復興橋郵局,臺北8支,10099,臺北復興橋郵局第○○號信箱,P.O.BOX ○○ Taipei Fuxing BridgeTaipei City  10099Taiwan ( R.O.C.),局內型,000108-5,100908
臺北中山郵局,臺北9支,10499,臺北中山郵局第○○號信箱,P.O.BOX ○○ Taipei ZhongshanTaipei City  10499Taiwan ( R.O.C.),局內型,000109-9,104909
臺北迪化街郵局,臺北10支,10399,臺北迪化街郵局第○○號信箱,P.O.BOX ○○ Taipei Dihua StreetTaipei City 10399Taiwan ( R.O.C.),局內型,000110-1,103910
臺北圓環郵局,臺北11支,10399,臺北圓環郵局第○○號信箱,P.O.BOX ○○ Taipei YuanhuanTaipei City  10399Taiwan ( R.O.C.),局內型,000111-4,103911
行政院郵局,臺北12支,10099,行政院郵局第○○號信箱,P.O.BOX ○○ Executive YuanTaipei City  10099Taiwan ( R.O.C.),穿牆式,000112-8,100912
臺北公館郵局,臺北13支,10099,臺北公館郵局第○○號信箱,P.O.BOX ○○ Taipei GongguanTaipei City  10099Taiwan ( R.O.C.),穿牆式,000113-1,100913
國史館郵局,臺北14支,10099,國史館郵局第○○號信箱,P.O.BOX ○○ Academia HistoricaTaipei City  10099Taiwan ( R.O.C.),局內型,000114-5,100914
總統府郵局,臺北15支,10099,尚未開辦信箱,,無,000115-9,
臺北雙連郵局,臺北17支,10499,臺北雙連郵局第○○號信箱,P.O.BOX ○○ Taipei ShuanglianTaipei City  10499Taiwan ( R.O.C.),局內型,000117-6,104917
臺北松山郵局,臺北18支,10599,臺北松山郵局第○○號信箱,P.O.BOX ○○ Taipei Songshan Taipei City  10599Taiwan ( R.O.C.),穿牆式,000118-0,105918
臺北法院郵局,臺北20支,     ,尚未開辦信箱,,無,000120-5,
臺北臺北橋郵局,臺北21支,10399,臺北臺北橋郵局第○○號信箱,P.O.BOX ○○ Taipei Taipei-BridgeTaipei City  10399Taiwan ( R.O.C.),穿牆式,000121-9,103921
臺北師大郵局,臺北22支,10699,臺北師大郵局第○○號信箱,P.O.BOX ○○ Taipei Normal UniversityTaipei City  10699Taiwan ( R.O.C.),穿牆式,000122-2,106922
臺大郵局,臺北23支,10699,臺大郵局第○○號信箱,P.O.BOX ○○ National Taiwan University Taipei City  10699Taiwan ( R.O.C.),穿牆式,000123-6,106923
臺北仁愛路郵局,臺北24支,10699,臺北仁愛路郵局第○○號信箱,P.O.BOX ○○ Taipei Ren-ai Rd.Taipei City  10699Taiwan ( R.O.C.),穿牆式,000124-0,106924
立法院郵局,臺北25支,10099,立法院郵局第○○號信箱,P.O.BOX ○○ Legislative YuanTaipei City  10099Taiwan ( R.O.C.),穿牆式,000125-3,100925
臺北信維郵局,臺北26支,10699,臺北信維郵局第○○號信箱,P.O.BOX ○○ Taipei XinweiTaipei City  10699Taiwan ( R.O.C.),穿牆式,000126-7,106926
臺北建北郵局,臺北27支,10499,臺北建北郵局第○○號信箱,P.O.BOX ○○ Taipei Jianbei Taipei City  10499Taiwan ( R.O.C.),穿牆式,000127-1,104927
士林郵局,臺北28支,11199,士林郵局第○○號信箱,P.O.BOX ○○ ShilinTaipei City  11199Taiwan ( R.O.C.),穿牆式,000128-4,111928
文山景美郵局,臺北29支,11699,文山景美郵局第○○號信箱,P.O.BOX ○○ Wenshan JingmeiTaipei City  11699Taiwan ( R.O.C.),穿牆式,000129-8,116929
臺北古亭郵局,臺北30支,10099,臺北古亭郵局第○○號信箱,P.O.BOX ○○ Taipei GutingTaipei City  10099Taiwan ( R.O.C.),局內型,000130-0,100930
臺北東園郵局,臺北31支,10899,臺北東園郵局第○○號信箱,P.O.BOX ○○ Taipei DongyuanTaipei City  10899Taiwan ( R.O.C.),局內型,000131-3,108931
臺北光華郵局,臺北32支,10699,臺北光華郵局第○○號信箱,P.O.BOX ○○ Taipei GuanghuaTaipei City  10699Taiwan ( R.O.C.),穿牆式,000132-7,106932
臺北南陽郵局,臺北33支,10099,臺北南陽郵局第○○號信箱,P.O.BOX ○○ Taipei NanyangTaipei City  10099Taiwan ( R.O.C.),局內型,000133-1,100933
臺北中崙郵局,臺北34支,10499,臺北中崙郵局第○○號信箱,P.O.BOX ○○ Taipei ZhonglunTaipei City  10499Taiwan ( R.O.C.),局內型,000134-4,104934
臺北莒光郵局,臺北35支,10899,臺北莒光郵局第○○號信箱,P.O.BOX ○○ Taipei Juguang Taipei City  10899Taiwan ( R.O.C.),穿牆式,000135-8,108935
臺北光復郵局,臺北36支,10599,臺北光復郵局第○○號信箱,P.O.BOX ○○ Taipei GuangfuTaipei City  10599Taiwan ( R.O.C.),局內型,000136-1,105936
臺北大直郵局,臺北37支,10499,臺北大直郵局第○○號信箱,P.O.BOX ○○ Taipei DazhiTaipei City  10499Taiwan ( R.O.C.),穿牆式,000137-5,104937
士林社子郵局,臺北42支,11199,士林社子郵局第○○號信箱,P.O.BOX ○○ Shilin SheziTaipei City  11199Taiwan ( R.O.C.),穿牆式,000142-1,111942
臺北三張犁郵局,臺北43支,10699,臺北三張犁郵局第○○號信箱,P.O.BOX ○○ Taipei SanzhangliTaipei City  10699Taiwan ( R.O.C.),穿牆式,000143-5,106943
臺北成功郵局,臺北44支,10699,臺北成功郵局第○○號信箱,P.O.BOX ○○ Taipei ChenggongTaipei City  10699Taiwan ( R.O.C.),局內型,000144-9,106944
松山機場郵局,臺北45支,10599,松山機場郵局第○○號信箱,P.O.BOX ○○ Songshan AirportTaipei City  10599Taiwan ( R.O.C.),穿牆式,000145-2,105945
臺北長安郵局,臺北46支,10499,臺北長安郵局第○○號信箱,P.O.BOX ○○ Taipei Chang-anTaipei City  10499Taiwan ( R.O.C.),局內型,000146-6,104946
臺北大同郵局,臺北47支,10399,臺北大同郵局第○○號信箱,P.O.BOX ○○ Taipei DatongTaipei City  10399Taiwan ( R.O.C.),穿牆式,000147-0,103947
臺北西松郵局,臺北48支,10599,臺北西松郵局第○○號信箱,P.O.BOX ○○ Taipei XisongTaipei City  10599Taiwan ( R.O.C.),穿牆式,000148-3,105948
臺北市府郵局,臺北49支,11099,臺北市府郵局第○○號信箱,P.O.BOX ○○ Taipei City GovernmentTaipei City  11099Taiwan ( R.O.C.),穿牆式,000149-7,110949
臺北大龍峒郵局,臺北50支,10399,臺北大龍峒郵局第○○號信箱,P.O.BOX ○○ Taipei DalongtongTaipei City  10399Taiwan ( R.O.C.),局內型,000150-9,103950
臺北松德郵局,臺北51支,11099,臺北松德郵局第○○號信箱,P.O.BOX ○○ Taipei SongdeTaipei City  11099Taiwan ( R.O.C.),局內型,000151-2,110951
士林天母郵局,臺北52支,11199,士林天母郵局第○○號信箱,P.O.BOX ○○ Shilin TianmuTaipei City  11199Taiwan ( R.O.C.),局內型,000152-6,111952
臺北光武郵局,臺北53支,10699,臺北光武郵局第○○號信箱,P.O.BOX ○○ Taipei Guangwu Taipei City  10699Taiwan ( R.O.C.),穿牆式,000153-0,106953
臺北吳興郵局,臺北54支,11099,臺北吳興郵局第○○號信箱,P.O.BOX ○○ Taipei WuxingTaipei City  11099Taiwan ( R.O.C.),穿牆式,000154-3,110954
臺北松江路郵局,臺北55支,10499,臺北松江路郵局第○○號信箱,P.O.BOX ○○ Taipei Songjiang Rd.Taipei City  10499Taiwan ( R.O.C.),局內型,000155-7,104955
臺北延壽郵局,臺北56支,10599,臺北延壽郵局第○○號信箱,P.O.BOX ○○ Taipei YanshouTaipei City  10599Taiwan ( R.O.C.),穿牆式,000156-1,105956
臺北六張犁郵局,臺北57支,10699,臺北六張犁郵局第○○號信箱,P.O.BOX ○○ Taipei LiuzhangliTaipei City  10699Taiwan ( R.O.C.),穿牆式,000157-4,106957
臺北小南門郵局,臺北58支,10099,尚未開辦信箱,,無,000158-8,
故宮郵局,臺北59支,11199,尚未開辦信箱,,無,000159-1,
臺北保安郵局,臺北61支,10399,臺北保安郵局第○○號信箱,P.O.BOX ○○ Taipei Bao-anTaipei City  10399Taiwan ( R.O.C.),局內型,000161-7,103961
臺北火車站郵局,臺北64支,10099,尚未開辦信箱,,無,000164-8,
臺北圓山郵局,臺北65支,10499,臺北圓山郵局第○○號信箱,P.O.BOX ○○ Taipei Yuanshan Taipei City  10499Taiwan ( R.O.C.),穿牆式,000165-1,104965
臺北長春路郵局,臺北67支,10499,臺北長春路郵局第○○號信箱,P.O.BOX ○○ Taipei Changchun Rd.Taipei City  10499Taiwan ( R.O.C.),局內型,000167-9,104967
臺北民權郵局,臺北68支,10499,臺北民權郵局第○○號信箱,P.O.BOX ○○ Taipei MinquanTaipei City  10499Taiwan ( R.O.C.),局內型,000168-2,104968
臺北老松郵局,臺北70支,10899,臺北老松郵局第○○號信箱,P.O.BOX ○○ Taipei LaosongTaipei City  10899Taiwan ( R.O.C.),穿牆式,000170-8,108970
臺北龍口郵局,臺北72支,10099,臺北龍口郵局第○○號信箱,P.O.BOX ○○ Taipei LongkouTaipei City  10099Taiwan ( R.O.C.),局內型,000172-5,100972
士林中正路郵局,臺北73支,11199,士林中正路郵局第○○號信箱,P.O.BOX ○○ Shilin Zhongzheng Rd.Taipei City  11199Taiwan ( R.O.C.),穿牆式,000173-9,111973
臺北萬大路郵局,臺北74支,10899,臺北萬大路郵局第○○號信箱,P.O.BOX ○○ Taipei Wanda Rd. Taipei City  10899Taiwan ( R.O.C.),穿牆式,000174-2,108974
文山興隆路郵局,臺北75支,11699,文山興隆路郵局第○○號信箱,P.O.BOX ○○ Wenshan Xinglong  Rd.Taipei City  11699Taiwan ( R.O.C.),局內型,000175-6,116975
士林後港郵局,臺北77支,11199,士林後港郵局第○○號信箱,P.O.BOX ○○ Shilin HougangTaipei City  11199Taiwan ( R.O.C.),穿牆式,000177-3,111977
臺北永吉郵局,臺北78支,11099,臺北永吉郵局第○○號信箱,P.O.BOX ○○ Taipei YongjiTaipei City  11099Taiwan ( R.O.C.),穿牆式,000178-7,110978
臺北華江橋郵局,臺北79支,10899,臺北華江橋郵局第○○號信箱,P.O.BOX ○○ Taipei Huajiang BridgeTaipei City  10899Taiwan ( R.O.C.),穿牆式,000179-1,108979
臺北逸仙郵局,臺北80支,11099,臺北逸仙郵局第○○號信箱,P.O.BOX ○○ Taipei YixianTaipei City  11099Taiwan ( R.O.C.),穿牆式,000180-2,110980
臺北體育場郵局,臺北81支,10599,臺北體育場郵局第○○號信箱,P.O.BOX ○○ Taipei StadiumTaipei City  10599Taiwan ( R.O.C.),局內型,000181-6,105981
臺北正義郵局,臺北82支,10699,臺北正義郵局第○○號信箱,P.O.BOX ○○ Taipei ZhengyiTaipei City  10699Taiwan ( R.O.C.),局內型,000182-0,106982
士林蘭雅郵局,臺北83支,11199,士林蘭雅郵局第○○號信箱,P.O.BOX ○○ Shilin LanyaTaipei City  11199Taiwan ( R.O.C.),穿牆式,000183-3,111983
臺北杭南郵局,臺北84支,10099,臺北杭南郵局第○○號信箱,P.O.BOX ○○ Taipei HangnanTaipei City  10099Taiwan ( R.O.C.),穿牆式,000184-7,100984
東吳大學郵局,臺北86支,11199,東吳大學郵局第○○號信箱,P.O.BOX ○○ Soochow UniversityTaipei City  11199Taiwan ( R.O.C.),穿牆式,000186-4,111986
臺北民生郵局,臺北87支,10599,臺北民生郵局第○○號信箱,P.O.BOX ○○ Taipei MinshengTaipei City  10599Taiwan ( R.O.C.),穿牆式,000187-8,105987
臺灣科大郵局,臺北90支,10699,臺灣科大郵局第○○號信箱,P.O.BOX ○○ National Taiwan University of Science and Technology Taipei City  10699Taiwan ( R.O.C.),穿牆式,000190-7,106990
臺北金南郵局,臺北91支,10699,臺北金南郵局第○○號信箱,P.O.BOX ○○ Taipei JinnanTaipei City  10699Taiwan ( R.O.C.),穿牆式,000191-1,106991
臺北中正堂郵局,臺北92支,     ,尚未開辦信箱,,無,000192-4,
文山武功郵局,臺北93支,11699,文山武功郵局第○○號信箱,P.O.BOX ○○ Wenshan  WugongTaipei City  11699Taiwan ( R.O.C.),局內型及穿牆式,000193-8,116993
臺北青年郵局,臺北95支,10899,臺北青年郵局第○○號信箱,P.O.BOX ○○ Taipei QingnianTaipei City  10899Taiwan ( R.O.C.),穿牆式,000195-5,108995
臺北安和郵局,臺北96支,10699,臺北安和郵局第○○號信箱,P.O.BOX ○○ Taipei AnheTaipei City  10699Taiwan ( R.O.C.),局內型,000196-9,106996
文山萬盛郵局,臺北97支,11699,文山萬盛郵局第○○號信箱,P.O.BOX ○○ Wenshan WanshengTaipei City  11699Taiwan ( R.O.C.),穿牆式,000197-2,116997
臺北永春郵局,臺北99支,11099,臺北永春郵局第○○號信箱,P.O.BOX ○○ Taipei YongchunTaipei City  11099Taiwan ( R.O.C.),局內型,000199-0,110999
監察院郵局,臺北100支,10099,尚未開辦信箱,,無,000200-1,
臺北榮星郵局,臺北101支,10599,臺北榮星郵局第○○號信箱,P.O.BOX ○○ Taipei RongxingTaipei City  10599Taiwan ( R.O.C.),局內型,000201-5,105901
臺北北安郵局,臺北104支,10499,臺北北安郵局第○○號信箱,P.O.BOX ○○ Taipei Bei-anTaipei City  10499Taiwan ( R.O.C.),穿牆式,000204-6,104904
士林芝山郵局,臺北105支,11199,士林芝山郵局第○○號信箱,P.O.BOX ○○ Shilin ZhishanTaipei City  11199Taiwan ( R.O.C.),穿牆式,000205-0,111905
臺北中山堂郵局,臺北107支,10099,尚未開辦信箱,,無,000207-7,
臺北敦南郵局,臺北108支,10699,臺北敦南郵局第○○號信箱,P.O.BOX ○○ Taipei DunnanTaipei City  10699Taiwan ( R.O.C.),穿牆式,000208-1,106908
臺北世貿郵局,臺北109支,11099,臺北世貿郵局第○○號信箱,P.O.BOX ○○ Taipei World Trade CenterTaipei City  11099Taiwan ( R.O.C.),局內型,000209-4,110909
臺北南門郵局,臺北110支,10099,尚未開辦信箱,,無,000210-6,
文山萬芳郵局,臺北111支,11699,文山萬芳郵局第○○號信箱,P.O.BOX ○○ Wenshan WanfangTaipei City  11699Taiwan ( R.O.C.),穿牆式,000211-0,116911
臺北興安郵局,臺北112支,10499,臺北興安郵局第○○號信箱,P.O.BOX ○○ Taipei Xing-anTaipei City  10499Taiwan ( R.O.C.),穿牆式,000212-3,104912
臺大醫院郵局,臺北115支,10099,尚未開辦信箱,,無,000215-4,
士林外雙溪郵局,臺北116支,11199,士林外雙溪郵局第○○號信箱,P.O.BOX ○○ Shilin WaishuangxiTaipei City  11199Taiwan ( R.O.C.),局內型,000216-8,111916
臺北大安郵局,臺北117支,10699,臺北大安郵局第○○號信箱,P.O.BOX ○○ Taipei Da-an Taipei City  10699Taiwan ( R.O.C.),穿牆式,000217-1,106917
臺北台塑郵局,臺北118支,10599,臺北台塑郵局第○○號信箱,P.O.BOX ○○ Taipei Taisu Taipei City  10599Taiwan ( R.O.C.),穿牆式,000218-5,105919
臺北中聯郵局,臺北120支,     ,尚未開辦信箱,,無,000220-1,
臺北龍江路郵局,臺北121支,10499,臺北龍江路郵局第○○號信箱,P.O.BOX ○○ Taipei Longjiang Rd.Taipei City  10499Taiwan ( R.O.C.),穿牆式,000221-4,104921
國防部郵局,臺北122支,10099,尚未開辦信箱,,無,000222-8,
士林劍潭郵局,臺北123支,11199,士林劍潭郵局第○○號信箱,P.O.BOX ○○ Shilin JiantanTaipei City  11199Taiwan ( R.O.C.),穿牆式,000223-1,111923
陽明山郵局,臺北124支,11299,陽明山郵局第○○號信箱,P.O.BOX ○○ Yangming-shanTaipei City  11299Taiwan ( R.O.C.),穿牆式,000224-5,112924
文化大學郵局,臺北125支,11199,文化大學郵局第○○號信箱,P.O.BOX ○○ Chinese Culture UniversityTaipei City  11199Taiwan ( R.O.C.),穿牆式,000225-9,111925
士林社新里郵局,臺北126支,11199,士林社新里郵局第○○號信箱,P.O.BOX ○○ Shilin ShexinliTaipei City  11199Taiwan ( R.O.C.),穿牆式,000226-2,111926
臺北信義郵局,臺北128支,11099,臺北信義郵局第○○號信箱,P.O.BOX ○○ Taipei Xinyi Taipei City  11099Taiwan ( R.O.C.),穿牆式,000228-0,110928
士林名山里郵局,臺北129支,11199,士林名山里郵局第○○號信箱,P.O.BOX ○○ Shilin MingshanliTaipei City  11199Taiwan ( R.O.C.),穿牆式,000229-3,111929
北投郵局,臺北131支,11299,北投郵局第 ○○號信箱,P.O.BOX ○○ BeitouTaipei City  11299Taiwan ( R.O.C.),穿牆式,000231-9,112931
北投石牌郵局,臺北133支,11299,北投石牌郵局第○○號信箱,P.O.BOX ○○ Beitou ShipaiTaipei City  11299Taiwan ( R.O.C.),穿牆式,000233-6,112933
北投關渡郵局,臺北134支,11299,北投關渡郵局第○○號信箱,P.O.BOX ○○ Beitou GuanduTaipei City  11299Taiwan ( R.O.C.),穿牆式,000234-0,112934
北投舊北投郵局,臺北135支,11299,北投舊北投郵局第○○號信箱,P.O.BOX ○○ Beitou Former-BeitouTaipei City  11299Taiwan ( R.O.C.),局內型,000235-3,112935
北投榮總郵局,臺北136支,11299,尚未開辦信箱,,無,000236-7,
北投文林郵局,臺北137支,11299,北投文林郵局第○○號信箱,P.O.BOX ○○ Beitou WenlinTaipei City  11299Taiwan ( R.O.C.),穿牆式,000237-1,112937
北投山腳郵局,臺北138支,11299,北投山腳郵局第○○號信箱,P.O.BOX ○○ Beitou ShanjiaoTaipei City  11299Taiwan ( R.O.C.),穿牆式,000238-4,112938
北投實踐郵局,臺北139支,11299,北投實踐郵局第○○號信箱,P.O.BOX ○○ Beitou ShijianTaipei City  11299Taiwan ( R.O.C.),穿牆式,000239-8,112939
北投致遠郵局,臺北140支,11299,尚未開辦信箱,,無,000240-0,
北投文化郵局,臺北141支,11299,北投文化郵局第○○號信箱,P.O.BOX ○○ Beitou WenhuaTaipei City  11299Taiwan ( R.O.C.),穿牆式,000241-3,112941
北投明德郵局,臺北142支,11299,北投明德郵局第○○號信箱,P.O.BOX ○○ Beitou MingdeTaipei City  11299Taiwan ( R.O.C.),穿牆式,000242-7,112942
北投尊賢郵局,臺北143支,11299,北投尊賢郵局第○○號信箱,P.O.BOX ○○ Beitou Zunxian Taipei City  11299Taiwan ( R.O.C.),穿牆式,000243-1,112943
北投奇岩郵局,臺北144支,11299,北投奇岩郵局第○○號信箱,P.O.BOX ○○ Beitou QiyanTaipei City  11299Taiwan ( R.O.C.),穿牆式,000244-4,112944
北投豐年郵局,臺北145支,11299,北投豐年郵局第○○號信箱,P.O.BOX ○○ Beitou FengnianTaipei City  11299Taiwan ( R.O.C.),穿牆式,000245-8,112945
北投一德郵局,臺北146支,11299,尚未開辦信箱,,無,000246-1,
臺北陽明交大郵局,臺北147支,11299,臺北陽明交大郵局第○○號信箱,P.O.BOX ○○ Taipei National Yang Ming Chiao Tung UniversityTaipei City  11299Taiwan ( R.O.C.),穿牆式,000247-5,112947
內湖郵局,臺北148支,11499,內湖郵局第○○號信箱,P.O.BOX ○○ NeihuTaipei City  11499Taiwan ( R.O.C.),穿牆式,000248-9,114948
內湖碧湖郵局,臺北149支,11499,內湖碧湖郵局第○○號信箱,P.O.BOX ○○ Neihu BihuTaipei City  11499Taiwan ( R.O.C.),穿牆式,000249-2,114949
內湖週美郵局,臺北150支,11499,內湖週美郵局第○○號信箱,P.O.BOX ○○ Neihu ZhoumeiTaipei City  11499Taiwan ( R.O.C.),穿牆式,000250-4,114950
內湖文德郵局,臺北151支,11499,內湖文德郵局第○○號信箱,P.O.BOX ○○ Neihu WendeTaipei City  11499Taiwan ( R.O.C.),穿牆式,000251-8,114951
內湖金龍郵局,臺北152支,11499,尚未開辦信箱,,無,000252-1,
內湖西湖郵局,臺北153支,11499,內湖西湖郵局第○○號信箱,P.O.BOX ○○ Neihu XihuTaipei City  11499Taiwan ( R.O.C.),局內型,000253-5,114953
內湖東湖郵局,臺北154支,11499,內湖東湖郵局第○○號信箱,P.O.BOX ○○ Neihu DonghuTaipei City  11499Taiwan ( R.O.C.),穿牆式,000254-9,114954
內湖大湖郵局,臺北155支,11499,尚未開辦信箱,,無,000255-2,
內湖江南郵局,臺北156支,11499,內湖江南郵局第○○號信箱,P.O.BOX ○○ Neihu JiangnanTaipei City  11499Taiwan ( R.O.C.),穿牆式,000256-6,114956
內湖北勢湖郵局,臺北157支,11499,內湖北勢湖郵局第○○號信箱,P.O.BOX ○○ Neihu BeishihuTaipei City  11499Taiwan ( R.O.C.),局內型,000257-0,114957
內湖舊宗郵局,臺北158支,11499,內湖舊宗郵局第○○號信箱,P.O.BOX ○○ Neihu  JiuzongTaipei City  11499Taiwan ( R.O.C.),穿牆式,000258-3,114958
內湖康寧郵局,臺北159支,11499,內湖康寧郵局第○○號信箱,P.O.BOX ○○ Neihu KangningTaipei City  11499Taiwan ( R.O.C.),穿牆式,000259-7,114959
內湖三總郵局,臺北160支,11499,尚未開辦信箱,,無,000260-9,
南港昆陽郵局,臺北161支,11599,南港昆陽郵局第○○號信箱,P.O.BOX ○○ Nangang KunyangTaipei City  11599Taiwan ( R.O.C.),穿牆式,000261-2,115961
中研院郵局,臺北162支,11599,中研院郵局第○○號信箱,P.O.BOX ○○ Academia SinicaTaipei City  11599Taiwan ( R.O.C.),局內型,000262-6,115962
南港港三郵局,臺北164支,11599,南港港三郵局第○○號信箱,P.O.BOX ○○ Nangang GangsanTaipei City  11599Taiwan ( R.O.C.),穿牆式,000264-3,115964
南港富康郵局,臺北165支,11599,南港富康郵局第○○號信箱,P.O.BOX ○○ Nangang FukangTaipei City  115Taiwan ( R.O.C.),穿牆式,000265-7,115965
南港同德郵局,臺北166支,11599,南港同德郵局第○○號信箱,P.O.BOX ○○ Nangang TongdeTaipei City  11599Taiwan ( R.O.C.),穿牆式,000266-1,115966
南港郵局,臺北167支,11599,南港郵局第 ○○號信箱,P.O.BOX ○○ NangangTaipei City 11599Taiwan ( R.O.C.),穿牆式,000267-4,115967
南港福德郵局,臺北168支,11599,南港福德郵局第○○號信箱,P.O.BOX ○○ Nangang FudeTaipei City  11599Taiwan ( R.O.C.),穿牆式,000268-8,115968
南港後山埤郵局,臺北169支,11599,尚未開辦信箱,,無,000269-1,
木柵郵局,臺北170支,11699,木柵郵局第○○號信箱,P.O.BOX ○○ MuzhaTaipei City  11699Taiwan ( R.O.C.),穿牆式,000270-3,116970
文山指南郵局,臺北171支,11699,文山指南郵局第○○號信箱,P.O.BOX ○○ Wenshan ZhinanTaipei City  11699Taiwan ( R.O.C.),穿牆式,000271-7,116971
文山溝子口郵局,臺北172支,11699,文山溝子口郵局第○○號信箱,P.O.BOX ○○ Wenshan GouzikouTaipei City  11699Taiwan ( R.O.C.),穿牆式,000272-1,116972
文山木新郵局,臺北173支,11699,文山木新郵局第○○號信箱,P.O.BOX ○○ Wenshan MuxinTaipei City  11699Taiwan ( R.O.C.),穿牆式,000273-4,116973
石碇郵局,臺北174支,22399,石碇郵局第○○號信箱,P.O.BOX ○○ ShidingNew Taipei City  22399Taiwan ( R.O.C.),局內型,000274-8,223974
深坑郵局,臺北175支,22299,深坑郵局第○○號信箱,P.O.BOX ○○ ShenkengNew Taipei City  22299Taiwan ( R.O.C.),穿牆式,000275-1,222975
世新大學郵局,臺北176支,11699,世新大學郵局第○○號信箱,P.O.BOX ○○ Shih Hsin UniversityTaipei City  11699Taiwan ( R.O.C.),穿牆式,000276-5,116976
臺北仁杭郵局,臺北177支,10099,臺北仁杭郵局第○○號信箱,P.O.BOX ○○ Taipei RenhangTaipei City 10099Taiwan(R.O.C.),穿牆式,000277-9,100977
文山樟腳里郵局,臺北178支,11699,尚未開辦信箱,,無,000278-2,
政大郵局,臺北179支,11699,政大郵局第○○號信箱,P.O.BOX ○○ National Chengchi UniversityTaipei City  11699Taiwan ( R.O.C.),局內型,000279-6,116979
石碇華梵大學郵局,臺北180支,22399,石碇華梵大學郵局第○○號信箱,P.O.BOX ○○ Shiding Huafan UniversityNew Taipei City  22399Taiwan ( R.O.C.),穿牆式,000280-8,223980
深坑草地尾郵局,臺北181支,22299,深坑草地尾郵局第○○號信箱,P.O.BOX ○○ Shenkeng CaodiweiNew Taipei City  22299Taiwan ( R.O.C.),穿牆式,000281-1,222981
平溪郵局,臺北182支,     ,尚未開辦信箱,,無,000282-5,
文山萬美街郵局,臺北183支,11699,文山萬美街郵局第○○號信箱,P.O.BOX ○○ Wenshan Wanmei St.Taipei City  11699Taiwan ( R.O.C.),穿牆式,000283-9,116983
金門郵局,臺北184支,89399,金門郵局第○○號信箱,P.O.BOX ○○ JinmenJinmen County  89399Taiwan ( R.O.C.),穿牆式,000284-2,893984
金門沙美郵局,臺北185支,89099,尚未開辦信箱,,無,000285-6,890985
金門金寧郵局,臺北186支,89299,尚未開辦信箱,,無,000286-0,892016
金門烈嶼郵局,臺北187支,89499,金門烈嶼郵局第○○號信箱,P.O.BOX ○○ Jinmen LieyuJinmen County  89499Taiwan ( R.O.C.),穿牆式,000287-3,894987
金門尚義郵局,臺北188支,89199,金門尚義郵局第○○號信箱,P.O.BOX ○○ Jinmen ShangyiJinmen County  89199Taiwan ( R.O.C.),穿牆式,000288-7,891988
馬祖郵局,臺北189支,20999,尚未開辦信箱,,無,000289-1,209989
馬祖馬港郵局,臺北190支,20999,尚未開辦信箱,,無,000290-2,209990
南港軟體園區郵局,臺北191支,11599,南港軟體園區郵局第○○號信箱,P.O.BOX ○○ Nangang Software Park Taipei City 11599Taiwan(R.O.C.),穿牆式,000291-6,115991
臺北樂群二路郵局,臺北192支,10499,臺北樂群二路郵局第○○號信箱,P.O.BOX ○○ Taipei Lequn 2nd RdTaipei City 10499Taiwan(R.O.C.),穿牆式,000292-0,104992
金門山外郵局,臺北250支,     ,尚未開辦信箱,,無,000350-0,891950
馬祖西莒郵局,臺北253支,     ,尚未開辦信箱,,無,000353-1,211953
馬祖北竿郵局,臺北254支,     ,尚未開辦信箱,,無,000354-4,210954
馬祖東莒郵局,臺北255支,     ,尚未開辦信箱,,無,000355-8,211955
馬祖東引郵局,臺北256支,     ,尚未開辦信箱,,無,000356-1,212956
金門烏坵郵局,臺北257支,     ,尚未開辦信箱,,無,000357-5,896957
基隆愛三路郵局,基隆901支,20099,基隆愛三路郵局第○○號信箱,P.O.BOX ○○ Keelung Ai 3rd RoadKeelung City  20099Taiwan ( R.O.C.),穿牆式,001100-2,200900
基隆港東郵局,基隆1支,20299,基隆港東郵局第○○號信箱,P.O.BOX ○○ Keelung GangdongKeelung City  20299Taiwan ( R.O.C.),局內型,001101-6,202901
基隆港西街郵局,基隆2支,20099,基隆港西街郵局第○○號信箱,P.O.BOX ○○ Keelung Gangxi StreetKeelung City  20099Taiwan ( R.O.C.),穿牆式,001102-0,200902
基隆七堵郵局,基隆3支,20699,基隆七堵郵局第○○號信箱,P.O.BOX ○○ Keelung QiduKeelung City  20699Taiwan ( R.O.C.),穿牆式,001103-3,206903
基隆中正郵局,基隆4支,20299,基隆中正郵局第○○號信箱,P.O.BOX ○○ Keelung ZhongzhengKeelung City  20299Taiwan ( R.O.C.),局內型,001104-7,202904
基隆新民郵局,基隆5支,20399,尚未開辦信箱,,無,001105-1,
基隆和平島郵局,基隆6支,20299,基隆和平島郵局第○○號信箱,P.O.BOX ○○ Keelung HepingdaoKeelung City 20299Taiwan ( R.O.C.),穿牆式,001106-4,202906
海洋大學郵局,基隆7支,20299,海洋大學郵局第○○號信箱,P.O.BOX ○○ National Taiwan Ocean UniversityKeelung City  20299Taiwan ( R.O.C.),穿牆式,001107-8,202907
基隆過港路郵局,基隆8支,20599,基隆過港路郵局第○○號信箱,P.O.BOX ○○ Keelung Guogang  RoadKeelung City  20599Taiwan ( R.O.C.),穿牆式,001108-1,205908
基隆孝三路郵局,基隆9支,20099,基隆孝三路郵局第○○號信箱,P.O.BOX ○○ Keelung Xiao 3rd RoadKeelung City  20099Taiwan ( R.O.C.),穿牆式,001109-5,200909
基隆中山郵局,基隆10支,20399,基隆中山郵局第○○號信箱,P.O.BOX ○○ Keelung ZhongshanKeelung City  20399Taiwan ( R.O.C.),穿牆式,001110-7,203910
基隆八斗子郵局,基隆11支,20299,尚未開辦信箱,,無,001111-1,
基隆信義郵局,基隆12支,20199,基隆信義郵局第 ○○號信箱,P.O.BOX ○○ Keelung XinyiKeelung City  20199Taiwan ( R.O.C.),穿牆式,001112-4,201912
基隆東信路郵局,基隆13支,20199,基隆東信路郵局第 ○○號信箱,P.O.BOX ○○ Keelung Dongxin RoadKeelung City 20199Taiwan ( R.O.C.),穿牆式,001113-8,201913
基隆六堵郵局,基隆14支,20699,尚未開辦信箱,,無,001114-1,
基隆安瀾橋郵局,基隆15支,20299,基隆安瀾橋郵局第 ○○號信箱,P.O.BOX ○○ Keelung Anlan BridgeKeelung City  20299Taiwan ( R.O.C.),穿牆式,001115-5,202915
基隆光二路郵局,基隆17支,20099,基隆光二路郵局第 ○○號信箱,P.O.BOX ○○ Keelung Guang 2nd RoadKeelung City  20099Taiwan ( R.O.C.),穿牆式,001117-2,200917
基隆樂利郵局,基隆18支,20499,基隆樂利郵局第 ○○號信箱,P.O.BOX ○○ Keelung LeliKeelung City  20499Taiwan ( R.O.C.),穿牆式,001118-6,204918
基隆南榮路郵局,基隆19支,20099,基隆南榮路郵局第 ○○號信箱,P.O.BOX ○○ Keelung Nanrong RoadKeelung City  20099Taiwan ( R.O.C.),穿牆式,001119-0,200919
基隆碇內郵局,基隆20支,20599,基隆碇內郵局第 ○○號信箱,P.O.BOX ○○ Keelung DingneiKeelung City  20599Taiwan ( R.O.C.),穿牆式,001120-1,205920
基隆安樂路郵局,基隆21支,20499,基隆安樂路郵局第○○號信箱,P.O.BOX ○○ Keelung Anle Road Keelung City  20499Taiwan ( R.O.C.),穿牆式,001121-5,204921
基隆復興路郵局,基隆22支,20399,基隆復興路郵局第 ○○號信箱,P.O.BOX ○○ Keelung Fuxing RoadKeelung City  20399Taiwan ( R.O.C.),穿牆式,001122-9,203922
基隆百福郵局,基隆24支,20699,基隆百福郵局第 ○○號信箱,P.O.BOX ○○ Keelung BaifuKeelung City  20699Taiwan ( R.O.C.),局內型,001124-6,206924
基隆大武崙郵局,基隆26支,20499,基隆大武崙郵局第 ○○號信箱,P.O.BOX ○○ Keelung DawulunKeelung City  20499Taiwan ( R.O.C.),穿牆式,001126-3,204926
貢寮郵局,基隆28支,22899,貢寮郵局第○○號信箱,P.O.BOX ○○ GongliaoNew Taipei City  22899Taiwan ( R.O.C.),穿牆式,001128-1,228928
貢寮澳底郵局,基隆29支,22899,貢寮澳底郵局第 ○○號信箱,P.O.BOX ○○ Gongliao AodiNew Taipei City  22899Taiwan ( R.O.C.),穿牆式,001129-4,228929
萬里郵局,基隆30支,20799,萬里郵局第○○號信箱,P.O.BOX ○○ WanliNew Taipei City  20799Taiwan ( R.O.C.),穿牆式,001130-6,207930
基隆暖暖郵局,基隆31支,20599,基隆暖暖郵局第 ○○號信箱,P.O.BOX ○○ Keelung NuannuanKeelung City  20599Taiwan ( R.O.C.),穿牆式,001131-0,205931
金山郵局,基隆32支,20899,金山郵局第○○號信箱,P.O.BOX ○○ JinshanNew Taipei City  20899Taiwan ( R.O.C.),穿牆式,001132-3,208932
雙溪郵局,基隆33支,22799,雙溪郵局第○○號信箱,P.O.BOX ○○ ShuangxiNew Taipei City  22799Taiwan ( R.O.C.),穿牆式,001133-7,227933
瑞芳郵局,基隆34支,22499,瑞芳郵局第○○號信箱,P.O.BOX ○○ RuifangNew Taipei City  22499Taiwan ( R.O.C.),穿牆式,001134-1,224934
瑞芳九份郵局,基隆35支,22499,瑞芳九份郵局第○○號信箱,P.O.BOX ○○ Ruifang JiufenNew Taipei City 22499Taiwan ( R.O.C.),穿牆式,001135-4,224935
瑞芳四腳亭郵局,基隆36支,22499,尚未開辦信箱,,無,001136-8,
瑞芳金瓜石郵局,基隆37支,22499,瑞芳金瓜石郵局第 ○○號信箱,P.O.BOX ○○ Ruifang JinguashiNew Taipei City  22499Taiwan ( R.O.C.),局內型,001137-1,224937
基隆新豐街郵局,基隆38支,20299,基隆新豐街郵局第 ○○號信箱,P.O.BOX ○○ Keelung Xinfeng StreetKeelung City  20299Taiwan ( R.O.C.),穿牆式,001138-5,202938
汐止郵局,基隆39支,22199,汐止郵局第○○號信箱,P.O.BOX ○○ Xizhi New Taipei City  221939Taiwan ( R.O.C.),穿牆式,001139-9,221939
汐止樟樹灣郵局,基隆41支,22199,汐止樟樹灣郵局第 ○○號信箱,P.O.BOX ○○ Xizhi ZhangshuwanNew Taipei City  22199Taiwan ( R.O.C.),穿牆式,001141-4,221941
汐止社后郵局,基隆42支,22199,汐止社后郵局第○○號信箱,P.O.BOX ○○ Xizhi ShehouNew Taipei City  22199Taiwan ( R.O.C.),穿牆式,001142-8,221942
汐止龍安郵局,基隆43支,22199,汐止龍安郵局第 ○○號信箱,P.O.BOX ○○ Xizhi LonganNew Taipei City  22199Taiwan ( R.O.C.),穿牆式,001143-1,221943
汐止厚德郵局,基隆44支,22199,汐止厚德郵局第 ○○號信箱,P.O.BOX ○○ Xizhi Houde New Taipei City  22199Taiwan ( R.O.C.),穿牆式,001144-5,221944
汐止翠柏郵局,基隆45支,22199,尚未開辦信箱,,無,001145-9,
汐止南昌郵局,基隆46支,22199,汐止南昌郵局第 ○○號信箱,P.O.BOX ○○ Xizhi NanchangNew Taipei City  22199Taiwan ( R.O.C.),穿牆式,001146-2,221946
汐止建成路郵局,基隆47支,22199,汐止建成路郵局第 ○○號信箱,P.O.BOX ○○ Xizhi  Jiancheng RoadNew Taipei City 22199Taiwan(R.O.C.),穿牆式,001147-6,221947
臺中民權路郵局,臺中901支,40099,臺中民權路郵局第○○號信箱,P.O.BOX ○○ Taichung Minquan Road  Taichung City 40099Taiwan ( R.O.C.),局內型,002100-9,400900
臺中臺中路郵局,臺中1支,40299,臺中臺中路郵局第○○號信箱,P.O.BOX ○○ Taichung Taichung Road  Taichung City 40299Taiwan ( R.O.C.),局內型,002101-2,402901
臺中中正路郵局,臺中2支,40399,臺中中正路郵局第○○號信箱,P.O.BOX ○○ Taichung Zhongzheng RoadTaichung City 40399Taiwan ( R.O.C.),穿牆式,002102-6,403902
烏日郵局,臺中3支,41499,烏日郵局第○○號信箱,P.O.BOX ○○ Wuri Taichung City 41499Taiwan (R.O.C.),穿牆式,002103-0,414903
東海大學郵局,臺中5支,40799,尚未開辦信箱,,無,002105-7,407905
霧峰郵局,臺中8支,41399,霧峰郵局第○○號信箱,P.O.BOX ○○ WufengTaichung City 41399Taiwan (R.O.C.),穿牆式,002108-8,413908
大雅清泉崗郵局,臺中9支,42899,大雅清泉崗郵局第○○號信箱,P.O.BOX ○○ Daya QingquangangTaichung City 42899Taiwan ( R.O.C.),局內型,002109-1,428909
太平長億郵局,臺中10支,41199,尚未開辦信箱,,無,002110-3,411910
大里仁化郵局,臺中11支,41299,大里仁化郵局第○○號信箱,P.O.BOX ○○ Dali RenhuaTaichung City 41299Taiwan ( R.O.C.) ,穿牆式,002111-7,412911
太平坪林郵局,臺中13支,     ,尚未開辦信箱,,無,002113-4,411913
太平竹仔坑郵局,臺中14支,41199,太平竹仔坑郵局第○○號信箱,P.O.BOX ○○ Taiping ZhuzaikengTaichung City 41199Taiwan ( R.O.C.),穿牆式,002114-8,411914
臺中育才郵局,臺中15支,40499,臺中育才郵局第○○號信箱,P.O. BOX ○○ Taichung YucaiTaichung City 40499Taiwan ( R.O.C.),穿牆式,002115-1,404915
臺中法院郵局,臺中16支,40399,尚未開辦信箱,,無,002116-5,403916
臺中國光路郵局,臺中17支,40299,臺中國光路郵局第○○號信箱,P.O. BOX ○○ Taichung Guoguang Road  Taichung City  40299Taiwan ( R.O.C.),局內型,002117-9,402917
臺中南屯路郵局,臺中19支,40899,臺中南屯路郵局第○○號信箱,P.O. BOX ○○ Taichung Nantun Road Taichung City  40899Taiwan ( R.O.C.),穿牆式,002119-6,408919
臺中福平里郵局,臺中20支,40299,臺中福平里郵局第○○號信箱,P.O. BOX ○○ Taichung FupingliTaichung City  40299Taiwan ( R.O.C.),局內型,002120-8,402920
大里郵局,臺中21支,41299,大里郵局第○○號信箱,P.O.BOX ○○ DaliTaichung City  41299Taiwan (R.O.C.),穿牆式,002121-1,412921
大雅郵局,臺中22支,42899,大雅郵局第○○號信箱,P.O.BOX ○○ DayaTaichung City  42899Taiwan (R.O.C.),穿牆式,002122-5,428922
臺中力行路郵局,臺中23支,40199,臺中力行路郵局第○○號信箱,P.O. BOX ○○ Taichung Lixing RoadTaichung City  40199Taiwan ( R.O.C.),穿牆式,002123-9,401923
臺中旱溪郵局,臺中24支,40199,臺中旱溪郵局第○○號信箱,P.O. BOX ○○ Taichung HanxiTaichung City  40199Taiwan ( R.O.C.),局內型,002124-2,401924
臺中逢甲郵局,臺中25支,40799,臺中逢甲郵局第○○號信箱,P.O. BOX ○○ Taichung FengjiaTaichung City  40799Taiwan ( R.O.C.),穿牆式,002125-6,407925
臺中雙十路郵局,臺中26支,40499,臺中雙十路郵局第○○號信箱,P.O. BOX ○○ Taichung Shuangshi Road Taichung City  40499Taiwan ( R.O.C.),局內型,002126-0,404926
臺中水湳郵局,臺中27支,40699,臺中水湳郵局第○○號信箱,P.O. BOX ○○ Taichung ShuinanTaichung City  40699Taiwan ( R.O.C.),局內型,002127-3,406927
大里內新郵局,臺中28支,40299,尚未開辦信箱,,無,002128-7,412928
臺中嶺東郵局,臺中29支,40899,臺中嶺東郵局第○○號信箱,P.O. BOX ○○ Taichung LingdongTaichung City  40899Taiwan ( R.O.C.),穿牆式,002129-1,408929
臺中西屯郵局,臺中30支,40799,臺中西屯郵局第○○號信箱,P.O. BOX ○○ Taichung XitunTaichung City  40799Taiwan ( R.O.C.),穿牆式,002130-2,407930
臺中五權路郵局,臺中31支,40499,尚未開辦信箱,,無,002131-6,
大里草湖郵局,臺中32支,41299,尚未開辦信箱,,無,002132-0,412932
臺中大智郵局,臺中33支,40199,尚未開辦信箱,,無,002133-3,401933
太平郵局,臺中34支,41199,太平郵局第○○號信箱,P.O. BOX ○○ TaipingTaichung City  41199Taiwan (R.O.C.),穿牆式,002134-7,411934
臺中北屯郵局,臺中35支,40699,臺中北屯郵局第○○號信箱,P.O. BOX ○○ Taichung BeitunTaichung City  40699Taiwan ( R.O.C.),局內型,002135-1,406935
臺中東興路郵局,臺中36支,40899,臺中東興路郵局第○○號信箱,P.O. BOX ○○ Taichung Dongxing Road Taichung City  40899Taiwan ( R.O.C.),穿牆式,002136-4,408936
臺中漢口路郵局,臺中37支,40499,尚未開辦信箱,,無,002137-8,404937
臺中樹仔腳郵局,臺中38支,40299,尚未開辦信箱,,無,002138-1,402938
臺中四張犁郵局,臺中39支,40699,臺中四張犁郵局第○○號信箱,P.O. BOX ○○ Taichung Sizhangli  City ，40699  Taiwan(R.O.C.),穿牆式,002139-5,406939
臺中公益路郵局,臺中40支,40399,臺中公益路郵局第○○號信箱,P.O. BOX ○○ Taichung Gongyi Road Taichung City  40399Taiwan ( R.O.C.),穿牆式,002140-7,403940
臺中大坑口郵局,臺中41支,40699,臺中大坑口郵局第○○號信箱,P.O. BOX ○○ Taichung DakengkouTaichung City  40699Taiwan ( R.O.C.),穿牆式,002141-1,406941
臺中進化路郵局,臺中42支,40199,尚未開辦信箱,,無,002142-4,401942
太平宜欣郵局,臺中43支,41199,太平宜欣郵局第○○號信箱,P.O. BOX ○○ Taiping Yixin Taichung City  41199Taiwan ( R.O.C.),穿牆式,002143-8,411943
臺中何厝郵局,臺中44支,40799,臺中何厝郵局第○○號信箱,P.O. BOX ○○ Taichung HecuoTaichung City  40799Taiwan ( R.O.C.),局內型及穿牆式,002144-1,407944
臺中南和路郵局,臺中45支,40299,臺中南和路郵局第○○號信箱,P.O. BOX ○○ Taichung Nanhe Road Taichung City  40299Taiwan ( R.O.C.),穿牆式,002145-5,402945
臺中工業區郵局,臺中46支,40799,臺中工業區郵局第○○號信箱,P.O. BOX ○○ Taichung Industrial ParkTaichung City  40799Taiwan ( R.O.C.),穿牆式,002146-9,407946
臺中黎明郵局,臺中47支,40899,臺中黎明郵局第○○號信箱,P.O. BOX ○○ Taichung Liming Taichung City  40899Taiwan ( R.O.C.),穿牆式,002147-2,408947
臺中敦化路郵局,臺中49支,40699,尚未開辦信箱,,無,002149-0,406949
臺中大全街郵局,臺中50支,40399,臺中大全街郵局第○○號信箱,P.O. BOX ○○ Taichung Daquan Street Taichung City  40399Taiwan ( R.O.C.),穿牆式,002150-1,403950
臺中淡溝郵局,臺中53支,40499,臺中淡溝郵局第○○號信箱,P.O.BOX ○○ Taichung DangouTaichung City  40499Taiwan ( R.O.C.),穿牆式,002153-2,404953
臺中軍功郵局,臺中54支,40699,尚未開辦信箱,,無,002154-6,406954
臺中健行路郵局,臺中55支,40499,臺中健行路郵局第○○號信箱,P.O. BOX ○○ Taichung Jianxing RoadTaichung City  40499Taiwan ( R.O.C.),穿牆式,002155-0,404955
大里永隆郵局,臺中57支,41299,大里永隆郵局第○○號信箱,P.O. BOX ○○ Dali YonglongTaichung City 41299Taiwan(R.O.C.),穿牆式,002157-7,412957
烏日明道郵局,臺中59支,41499,尚未開辦信箱,,無,002159-4,414959
太平永豐路郵局,臺中60支,41199,尚未開辦信箱,,無,002160-6,411960
臺中永安郵局,臺中61支,40799,尚未開辦信箱,,無,002161-0,407961
臺中文心路郵局,臺中63支,40699,臺中文心路郵局第○○號信箱,P.O. BOX ○○ Taichung Wenxin Road Taichung City  40699Taiwan ( R.O.C.),穿牆式,002163-7,406963
臺中英才郵局,臺中65支,40399,臺中英才郵局第○○號信箱,P.O. BOX ○○ Taichung YingcaiTaichung City  40399Taiwan ( R.O.C.),穿牆式,002165-4,403965
臺中松竹郵局,臺中66支,40699,臺中松竹郵局第○○號信箱,P.O. BOX ○○ Taichung SongzhuTaichung City  40699Taiwan ( R.O.C.),穿牆式,002166-8,406966
臺中大隆路郵局,臺中67支,40799,臺中大隆路郵局第○○號信箱,P.O. BOX ○○ Taichung Dalong RoadTaichung City  40799Taiwan ( R.O.C.),穿牆式,002167-1,407967
烏日溪壩郵局,臺中68支,41499,尚未開辦信箱,,無,002168-5,414968
臺中福安郵局,臺中69支,40799,臺中福安郵局第○○號信箱,P.O. BOX ○○ Taichung Fu-anTaichung City  40799Taiwan ( R.O.C.),穿牆式,002169-9,407969
臺中向上郵局,臺中70支,40899,臺中向上郵局第○○號信箱,P.O. BOX ○○ Taichung Xiangshang Taichung City  40899Taiwan ( R.O.C.),穿牆式,002170-1,408970
大雅馬岡厝郵局,臺中71支,42899,尚未開辦信箱,,無,002171-4,428971
臺中中科郵局,臺中128支,42899,臺中中科郵局第○○號信箱,P.O. BOX ○○ Taichung ZhongkeTaichung City 42899Taiwan ( R.O.C.),局內型,002228-2,428928
臺南成功路郵局,臺南901支,70499,臺南成功路郵局第○○號信箱,P.O.BOX ○○ Tainan Chenggong RoadTainan City 70499Taiwan ( R.O.C.),局內型及穿牆式,003100-5,704900
臺南西門路郵局,臺南1支,70299,臺南西門路郵局第○○號信箱,P.O.BOX ○○ Tainan Ximen RoadTainan City 70299Taiwan ( R.O.C.),穿牆式,003101-9,702901
臺南水交社郵局,臺南2支,70099,臺南水交社郵局第○○號信箱,P.O.BOX ○○ Tainan ShueijiaosheTainan City 70099Taiwan ( R.O.C.),穿牆式,003102-2,700902
臺南安平郵局,臺南4支,70899,臺南安平郵局第○○號信箱,P.O.BOX ○○ Tainan AnpingTainan City 70899Taiwan ( R.O.C.),穿牆式,003104-0,708904
臺南中正路郵局,臺南5支,70099,臺南中正路郵局第○○號信箱,P.O.BOX ○○ Tainan Zhongzheng RoadTainan City 70099Taiwan ( R.O.C.),穿牆式,003105-3,700905
仁德車路墘郵局,臺南6支,71799,仁德車路墘郵局第○○號信箱,P.O.BOX ○○ Rende CheluqianTainan City 71799Taiwan ( R.O.C.),穿牆式,003106-7,717906
成功大學郵局,臺南7支,70199,成功大學郵局第○○號信箱,P.O.BOX ○○ National Cheng Kung University Tainan City 70199Taiwan ( R.O.C.),局內型及穿牆式,003107-1,701907
永康網寮郵局,臺南8支,71099,永康網寮郵局第○○號信箱,P.O.BOX ○○  Yongkang WangliaoTainan City 71099Taiwan ( R.O.C.),穿牆式,003108-4,710908
歸仁郵局,臺南9支,71199,歸仁郵局第○○號信箱,P.O.BOX ○○ GuirenTainan City 71199Taiwan ( R.O.C.),穿牆式,003109-8,711909
永康郵局,臺南10支,71099,永康郵局第○○號信箱,P.O.BOX ○○ YongkangTainan City 71099Taiwan ( R.O.C.),穿牆式,003110-0,710910
永康六甲頂郵局,臺南11支,71099,尚未開辦信箱,,無,003111-3,710911
臺南德高厝郵局,臺南12支,70199,臺南德高厝郵局第○○號信箱,P.O.BOX ○○ Tainan DegaocuoTainan City 70199Taiwan ( R.O.C.),穿牆式,003112-7,701912
臺南永樂郵局,臺南13支,70099,臺南永樂郵局第○○號信箱,P.O.BOX ○○ Tainan YongleTainan City 70099Taiwan ( R.O.C.),穿牆式,003113-1,700913
臺南友愛街郵局,臺南14支,70099,尚未開辦信箱,,無,003114-4,700914
臺南南門路郵局,臺南15支,70099,臺南南門路郵局第○○號信箱,P.O.BOX ○○ Tainan Nanmen RoadTainan City 70099Taiwan ( R.O.C.),穿牆式,003115-8,700915
仁德太子郵局,臺南16支,71799,仁德太子郵局第○○號信箱,P.O.BOX ○○ Rende TaiziTainan City 71799Taiwan ( R.O.C.),穿牆式,003116-1,717916
臺南西華郵局,臺南17支,70499,臺南西華郵局第○○號信箱,P.O.BOX ○○ Tainan XihuaTainan City 70499Taiwan ( R.O.C.),穿牆式,003117-5,704917
臺南東城郵局,臺南18支,70199,臺南東城郵局第○○號信箱,P.O.BOX ○○ Tainan DongchengTainan City 70199Taiwan ( R.O.C.),穿牆式,003118-9,701918
臺南開元路郵局,臺南19支,70499,臺南開元路郵局第○○號信箱,P.O.BOX ○○ Tainan Kaiyuan RoadTainan City 70499Taiwan ( R.O.C.),穿牆式,003119-2,704919
臺南大同路郵局,臺南20支,70299,臺南大同路郵局第○○號信箱,P.O.BOX ○○ Tainan Datong RoadTainan City 70299Taiwan ( R.O.C.),穿牆式,003120-4,702920
永康二王郵局,臺南21支,71099,永康二王郵局第○○號信箱,P.O.BOX ○○ Yongkang ErwangTainan City 71099Taiwan ( R.O.C.),穿牆式,003121-8,710921
臺南普濟郵局,臺南22支,70099,尚未開辦信箱,,無,003122-1,700922
臺南灣裡郵局,臺南23支,70299,臺南灣裡郵局第○○號信箱,P.O.BOX ○○ Tainan WanliTainan City 70299Taiwan ( R.O.C.),局內型,003123-5,702923
仁德二空郵局,臺南24支,71799,仁德二空郵局第○○號信箱,P.O.BOX ○○ Rende ErkongTainan City 71799Taiwan ( R.O.C.),局內型,003124-9,717924
臺南大光郵局,臺南25支,70499,臺南大光郵局第○○號信箱,P.O.BOX ○○ Tainan DaguangTainan City 70499Taiwan ( R.O.C.),局內型,003125-2,704925
臺南東門郵局,臺南26支,70199,臺南東門郵局第○○號信箱,P.O.BOX ○○ Tainan DongmenTainan City 70199Taiwan ( R.O.C.),穿牆式,003126-6,701926
仁德郵局,臺南27支,71799,仁德郵局第○○號信箱,P.O.BOX ○○ RendeTainan City 71799Taiwan ( R.O.C.),穿牆式,003127-0,717927
臺南東寧路郵局,臺南28支,70199,臺南東寧路郵局第○○號信箱,P.O.BOX ○○ Tainan Dongning RoadTainan City 70199Taiwan ( R.O.C.),穿牆式,003128-3,701928
臺南北小北郵局,臺南29支,70499,臺南北小北郵局第○○號信箱,P.O.BOX ○○ Tainan BeixiaobeiTainan City 70499Taiwan ( R.O.C.),穿牆式,003129-7,704929
永康大灣郵局,臺南30支,71099,尚未開辦信箱,,無,003130-9,710930
臺南和順郵局,臺南31支,70999,臺南和順郵局第○○號信箱,P.O.BOX ○○ Tainan HeshunTainan City 70999Taiwan ( R.O.C.),局內型,003131-2,709931
永康鹽行郵局,臺南32支,71099,尚未開辦信箱,,無,003132-6,710932
臺南鹽埕郵局,臺南33支,70299,臺南鹽埕郵局第○○號信箱,P.O.BOX ○○ Tainan YanchengTainan City 70299Taiwan ( R.O.C.),穿牆式,003133-0,702933
臺南安順郵局,臺南34支,70999,臺南安順郵局第○○號信箱,P.O.BOX ○○ Tainan AnshunTainan City 70999Taiwan ( R.O.C.),穿牆式,003134-3,709934
臺南新義郵局,臺南35支,70299,臺南新義郵局第○○號信箱,P.O.BOX ○○ Tainan XinyiTainan City 70299Taiwan ( R.O.C.),局內型,003135-7,702935
臺南安南郵局,臺南36支,70999,臺南安南郵局第○○號信箱,P.O.BOX ○○ Tainan AnnanTainan City 70999Taiwan ( R.O.C.),穿牆式,003136-1,709936
臺南金華郵局,臺南37支,70299,臺南金華郵局第○○號信箱,P.O.BOX ○○ Tainan JinhuaTainan City 70299Taiwan ( R.O.C.),穿牆式,003137-4,702937
臺南海佃郵局,臺南38支,70999,臺南海佃郵局第○○號信箱,P.O.BOX ○○ Tainan HaidianTainan City 70999Taiwan ( R.O.C.),局內型,003138-8,709938
臺南土城郵局,臺南39支,70999,尚未開辦信箱,,無,003139-1,709939
臺南小東郵局,臺南40支,70199,臺南小東郵局第○○號信箱,P.O.BOX ○○ Tainan SiaodongTainan City 70199Taiwan ( R.O.C.),穿牆式,003140-3,701940
永康大橋郵局,臺南42支,71099,永康大橋郵局第○○號信箱,P.O.BOX ○○ Yongkang DaciaoTainan City 71099Taiwan ( R.O.C.),穿牆式,003142-1,710942
永康崑山郵局,臺南43支,71099,永康崑山郵局第○○號信箱,P.O.BOX ○○ Yongkang KunshanTainan City 71099Taiwan ( R.O.C.),穿牆式,003143-4,710943
仁德後壁厝郵局,臺南45支,71799,尚未開辦信箱,,無,003145-1,717945
永康王行郵局,臺南46支,71099,永康王行郵局第○○號信箱,P.O.BOX ○○ Yongkang WanghungTainan City 71099Taiwan ( R.O.C.),局內型,003146-5,710946
臺南原佃郵局,臺南47支,70999,臺南原佃郵局第○○號信箱,P.O.BOX ○○ Tainan YuandianTainan City 70999Taiwan ( R.O.C.),穿牆式,003147-9,709947
臺南文元郵局,臺南48支,70499,臺南文元郵局第○○號信箱,P.O.BOX ○○ Tainan WunyuanTainan City 70499Taiwan ( R.O.C.),穿牆式,003148-2,704948
臺南虎尾寮郵局,臺南49支,70199,臺南虎尾寮郵局第○○號信箱,P.O.BOX ○○ Tainan HuweiliaoTainan City 70199Taiwan ( R.O.C.),穿牆式,003149-6,701949
關廟郵局,臺南59支,71899,關廟郵局第 ○○號信箱,P.O.BOX ○○ GuanmiaoTainan City 71899Taiwan ( R.O.C.),局內型,003159-1,718959
龍崎郵局,臺南60支,71999,尚未開辦信箱,,無,003160-2,719960
臺南新南郵局,臺南62支,70899,臺南新南郵局第○○號信箱,P.O.BOX ○○ Tainan XinnanTainan City 70899Taiwan ( R.O.C.),穿牆式,003162-0,708962
臺南地方法院郵局,臺南63支,70899,臺南地方法院郵局第○○號信箱,P.O.BOX ○○ Tainan District CourtTainan City 70899Taiwan ( R.O.C.),局內型,003163-3,708963
臺南育平郵局,臺南64支,70899,臺南育平郵局第○○號信箱,P.O.BOX ○○ Tainan YupingTainan City 70899Taiwan ( R.O.C.),穿牆式,003164-7,708964
新興郵局,高雄901支,80099,新興郵局第○○號信箱,P.O.BOX ○○ XinxingKaohsiung City  80099Taiwan ( R.O.C.),局內型,004100-1,800900
左營華夏路郵局,高雄1支,80399,尚未開辦信箱,,無,004101-5,813901
苓雅郵局,高雄2支,80299,苓雅郵局第 ○○號信箱,P.O.BOX ○○ LingyaKaohsiung City  80299Taiwan ( R.O.C.),穿牆式,004102-9,802902
旗津郵局,高雄3支,80599,旗津郵局第 ○○號信箱,P.O.BOX ○○ QijinKaohsiung City  80599Taiwan ( R.O.C.),穿牆式,004103-2,805903
鹽埕郵局,高雄5支,80399,鹽埕郵局第 ○○號信箱,P.O.BOX ○○ YanchengKaohsiung City  80399Taiwan ( R.O.C.),穿牆式,004105-0,803905
楠梓郵局,高雄6支,81199,楠梓郵局第 ○○號信箱,P.O.BOX ○○ Nanzi Kaohsiung City  81199Taiwan ( R.O.C.),穿牆式,004106-3,811906
左營郵局,高雄7支,81399,左營郵局第 ○○號信箱,P.O.BOX ○○ Zuoying Kaohsiung City  81399Taiwan ( R.O.C.),穿牆式,004107-7,813907
高雄站前郵局,高雄8支,80799,高雄站前郵局第 ○○號信箱,P.O.BOX ○○ Kaohsiung Railway Station FrontKaohsiung City  80799Taiwan ( R.O.C.),穿牆式,004108-1,807908
鼓山郵局,高雄9支,80499,鼓山郵局第 ○○號信箱,P.O.BOX ○○ GushanKaohsiung City  80499Taiwan ( R.O.C.),局內型,004109-4,804909
前金郵局,高雄10支,80199,尚未開辦信箱,,無,004110-6,801910
高雄內惟郵局,高雄11支,80499,高雄內惟郵局第 ○○號信箱,P.O.BOX ○○ Kaohsiung NeiweiKaohsiung City  80499Taiwan ( R.O.C.),穿牆式,004111-0,804911
仁武台塑郵局,高雄12支,81499,仁武台塑郵局第 ○○號信箱,P.O.BOX ○○ Renwu Taisu Kaohsiung City  81499Taiwan ( R.O.C.),穿牆式,004112-3,814912
左營南站郵局,高雄13支,81399,左營南站郵局第 ○○號信箱,P.O.BOX ○○ Zuoying NanzhanKaohsiung City  81399Taiwan ( R.O.C.),穿牆式,004113-7,813913
左營果貿郵局,高雄14支,81399,左營果貿郵局第 ○○號信箱,P.O.BOX ○○ Zuoying GuomaoKaohsiung City  81399Taiwan ( R.O.C.),穿牆式,004114-1,813914
高雄社東郵局,高雄16支,80199,尚未開辦信箱,,無,004116-8,801916
高雄德智郵局,高雄17支,80799,尚未開辦信箱,,無,004117-1,807917
前鎮郵局,高雄18支,80699,前鎮郵局第 ○○號信箱,P.O.BOX ○○ QianzhenKaohsiung City  80699Taiwan ( R.O.C.),穿牆式,004118-5,806918
高雄市府郵局,高雄19支,80299,尚未開辦信箱,,無,004119-9,802919
高雄鼓岩郵局,高雄20支,80499,高雄鼓岩郵局第 ○○號信箱,P.O.BOX ○○ Kaohsiung GuyanKaohsiung City  80499Taiwan ( R.O.C.),穿牆式,004120-1,804920
高雄廣澤郵局,高雄21支,80699,高雄廣澤郵局第 ○○號信箱,P.O.BOX ○○ Kaohsiung GuangzeKaohsiung City  80699Taiwan ( R.O.C.),穿牆式,004121-4,806921
高雄府北郵局,高雄23支,80399,高雄府北郵局第 ○○號信箱,P.O.BOX ○○ Kaohsiung FubeiKaohsiung City  80399Taiwan ( R.O.C.),穿牆式,004123-1,803923
高雄三塊厝郵局,高雄24支,80799,尚未開辦信箱,,無,004124-5,807924
楠梓莒光郵局,高雄25支,81199,楠梓莒光郵局第 ○○號信箱,P.O.BOX ○○ Nanzi JuguangKaohsiung City  81199Taiwan ( R.O.C.),穿牆式,004125-9,811925
前鎮科技園區郵局,高雄26支,80699,前鎮科技園區郵局第 ○○號信箱,P.O.BOX ○○  Qianzhen Technology Industrial ParkKaohsiung City  811926Taiwan ( R.O.C.),局內型,004126-2,806926
高雄青年郵局,高雄27支,80299,尚未開辦信箱,,無,004127-6,800927
高雄灣仔內郵局,高雄28支,80799,高雄灣仔內郵局第 ○○號信箱,P.O.BOX ○○ Kaohsiung WanzaineiKaohsiung City  80799Taiwan ( R.O.C.),穿牆式,004128-0,807928
小港郵局,高雄29支,81299,小港郵局第 ○○號信箱,P.O.BOX ○○ XiaogangKaohsiung City  81299Taiwan ( R.O.C.),穿牆式,004129-3,812929
高雄師大郵局,高雄30支,80299,高雄師大郵局第 ○○號信箱,P.O.BOX ○○ National Kaohsiung Normal UniversityKaohsiung City  80299Taiwan ( R.O.C.),局內型,004130-5,802930
高雄九如二路郵局,高雄32支,80799,高雄九如二路郵局第 ○○號信箱,P.O.BOX ○○ Kaohsiung  Jiuru 2nd RoadKaohsiung City  80799Taiwan ( R.O.C.),穿牆式,004132-2,807932
高雄五塊厝郵局,高雄33支,80299,尚未開辦信箱,,無,004133-6,802933
大社郵局,高雄34支,81599,大社郵局第 ○○號信箱,P.O.BOX ○○  DasheKaohsiung City  81599Taiwan ( R.O.C.),穿牆式,004134-0,815934
楠梓藍田郵局,高雄35支,81199,楠梓藍田郵局第 ○○號信箱,P.O.BOX ○○ Nanzi LantianKaohsiung City  81199Taiwan ( R.O.C.),穿牆式,004135-3,811935
高雄西甲郵局,高雄36支,80699,高雄西甲郵局第 ○○號信箱,P.O.BOX ○○ Kaohsiung XijiaKaohsiung City  80699Taiwan ( R.O.C.),穿牆式,004136-7,806936
小港機場郵局,高雄37支,81299,小港機場郵局第○○號信箱,P.O.BOX ○○ Xiaogang AirportKaohsiung City 81299Taiwan(R.O.C.),穿牆式,004137-1,812937
高雄草衙郵局,高雄38支,80699,尚未開辦信箱,,無,004138-4,806938
高雄籬仔內郵局,高雄39支,80699,高雄籬仔內郵局第 ○○號信箱,P.O.BOX ○○ Kaohsiung LizaineiKaohsiung City  80699Taiwan ( R.O.C.),穿牆式,004139-8,806939
高雄正言郵局,高雄40支,80299,尚未開辦信箱,,無,004140-0,802940
高雄順昌郵局,高雄41支,80099,尚未開辦信箱,,無,004141-3,800941
高雄林華郵局,高雄42支,80299,尚未開辦信箱,,無,004142-7,802942
楠梓右昌郵局,高雄43支,81199,楠梓右昌郵局第 ○○號信箱,P.O.BOX ○○ Nanzi YouchangKaohsiung City  81199Taiwan ( R.O.C.),穿牆式,004143-1,811943
高雄佛公郵局,高雄44支,80699,高雄佛公郵局第 ○○號信箱,P.O.BOX ○○ Kaohsiung fo gongKaohsiung City 80699Taiwan ( R.O.C.),穿牆式,004144-4,806944
高雄大林蒲郵局,高雄45支,81299,尚未開辦信箱,,無,004145-8,812945
高雄前峰郵局,高雄46支,80499,高雄前峰郵局第 ○○號信箱,P.O.BOX ○○ Kaohsiung QianfengKaohsiung City  80499Taiwan ( R.O.C.),穿牆式,004146-1,804946
高雄中鋼郵局,高雄47支,81299,高雄中鋼郵局第 ○○號信箱,P.O.BOX ○○ Kaohsiung China Steel CorporationKaohsiung City  81299Taiwan ( R.O.C.),穿牆式,004147-5,812947
高雄民族社區郵局,高雄48支,80799,高雄民族社區郵局第 ○○號信箱,P.O.BOX ○○ Kaohsiung Minzu CommunityKaohsiung City  80799Taiwan ( R.O.C.),穿牆式,004148-9,807948
高雄站後郵局,高雄49支,80799,高雄站後郵局第 ○○號信箱,P.O.BOX ○○ Kaohsiung Railway Station RearKaohsiung City  80799Taiwan ( R.O.C.),穿牆式,004149-2,807949
高雄大順郵局,高雄50支,80799,尚未開辦信箱,,無,004150-4,807950
高雄台船郵局,高雄51支,81299,尚未開辦信箱,,無,004151-8,812951
仁武郵局,高雄52支,81499,仁武郵局第 ○○號信箱,P.O.BOX ○○ RenwuKaohsiung City  81499Taiwan ( R.O.C.),局內型,004152-1,814952
高雄建工郵局,高雄53支,80799,尚未開辦信箱,,無,004153-5,807953
高雄博愛路郵局,高雄54支,80799,高雄博愛路郵局第 ○○號信箱,P.O.BOX ○○ Kaohsiung Bo-ai RoadKaohsiung City  80799Taiwan ( R.O.C.),穿牆式,004154-9,807954
左營新莊仔郵局,高雄55支,81399,左營新莊仔郵局第 ○○號信箱,P.O.BOX ○○ Zuoying XinzhuangzaiKaohsiung City  81399Taiwan ( R.O.C.),穿牆式,004155-2,813955
高雄鼎泰郵局,高雄56支,80799,高雄鼎泰郵局第 ○○號信箱,P.O.BOX ○○ Kaohsiung DingtaiKaohsiung City  80799Taiwan ( R.O.C.),穿牆式,004156-6,807956
海軍官校郵局,高雄57支,81199,尚未開辦信箱,,無,004157-0,813957
高雄英德街郵局,高雄58支,80699,尚未開辦信箱,,無,004158-3,806958
中山大學郵局,高雄59支,80499,中山大學郵局第 ○○號信箱,P.O.BOX ○○ National Sun Yat-sen UniversityKaohsiung City  80499Taiwan ( R.O.C.),穿牆式,004159-7,804959
高雄武廟郵局,高雄60支,80299,高雄武廟郵局第 ○○號信箱,P.O.BOX ○○ Kaohsiung WumiaoKaohsiung City  80299Taiwan ( R.O.C.),穿牆式,004160-9,802960
高雄民壯郵局,高雄61支,80799,高雄民壯郵局第 ○○號信箱,P.O.BOX ○○ Kaohsiung MinzhuangKaohsiung City  80799Taiwan ( R.O.C.),穿牆式,004161-2,807961
高雄二苓郵局,高雄62支,81299,高雄二苓郵局第○○號信箱,P.O.BOX ○○ Kaohsiung ErlingKaohsiung City  81299Taiwan ( R.O.C.),穿牆式,004162-6,812962
高雄大昌郵局,高雄63支,80799,尚未開辦信箱,,無,004163-0,807963
高雄文化中心郵局,高雄64支,80299,高雄文化中心郵局第 ○○號信箱,P.O.BOX ○○ Kaohsiung Cultural CenterKaohsiung City  80299Taiwan ( R.O.C.),穿牆式,004164-3,802964
高雄民強郵局,高雄65支,80499,尚未開辦信箱,,無,004165-7,804965
楠梓後勁郵局,高雄66支,81199,楠梓後勁郵局第 ○○號信箱,P.O.BOX ○○ Nanzih HoujinKaohsiung City 81199Taiwan ( R.O.C.),局內型,004166-1,811966
高雄義民郵局,高雄67支,80799,高雄義民郵局第 ○○號信箱,P.O.BOX ○○ Kaohsiung YiminKaohsiung City  80799Taiwan ( R.O.C.),穿牆式,004167-4,807967
高雄瑞豐郵局,高雄68支,80499,高雄瑞豐郵局第 ○○號信箱,P.O.BOX ○○ Kaohsiung RuifengKaohsiung City  80499Taiwan ( R.O.C.),穿牆式,004168-8,804968
高雄新田郵局,高雄69支,80099,高雄新田郵局第 ○○號信箱,P.O.BOX ○○ Kaohsiung XintianKaohsiung City  80099Taiwan ( R.O.C.),局內型,004169-1,800969
楠梓亞洲城郵局,高雄70支,81199,楠梓亞洲城郵局第 ○○號信箱,P.O.BOX ○○ Nanzi Asian Town CommunityKaohsiung City  81199Taiwan ( R.O.C.),穿牆式,004170-3,811970
高雄醫學大學郵局,高雄72支,80799,高雄醫學大學郵局第 ○○號信箱,P.O.BOX ○○ Kaohsiung Medical UniversityKaohsiung City  80799Taiwan ( R.O.C.),穿牆式,004172-1,807972
高雄高分院郵局,高雄73支,80499,尚未開辦信箱,,無,004173-4,804973
左營榮總郵局,高雄74支,81399,左營榮總郵局第 ○○號信箱,P.O.BOX ○○ Zuoying Veterans General HospitalKaohsiung City 81399Taiwan ( R.O.C.) ,穿牆式,004174-8,813974
高雄高松郵局,高雄75支,81299,尚未開辦信箱,,無,004175-1,812975
高雄地方法院郵局,高雄76支,80199,尚未開辦信箱,,無,004176-5,801976
高雄中洲郵局,高雄77支,80599,尚未開辦信箱,,無,004177-9,805977
高雄宏平郵局,高雄78支,81299,高雄宏平郵局第○○號信箱,P.O.BOX ○○ Kaohsiung HongpingKaohsiung City 81299Taiwan ( R.O.C.),穿牆式,004178-2,812978
高雄鼎金郵局,高雄79支,80799,高雄鼎金郵局第 ○○號信箱,P.O.BOX ○○ Kaohsiung DingjinKaohsiung City  80799Taiwan ( R.O.C.),穿牆式,004179-6,807979
高雄中都郵局,高雄81支,80799,尚未開辦信箱,,無,004181-1,807981
高雄凹仔底郵局,高雄82支,80499,高雄凹仔底郵局第○○號信箱,P.O.BOX ○○ Kaohsiung Aozaidi Kaohsiung City 80499Taiwan(R.O.C.),穿牆式,004182-5,804982
高雄崗山仔郵局,高雄84支,80699,高雄崗山仔郵局第 ○○號信箱,P.O.BOX ○○ Kaohsiung GangshanzaiKaohsiung City  80699Taiwan ( R.O.C.),穿牆式,004184-2,806984
高雄中林子郵局,高雄85支,81299,高雄中林子郵局第○○號信箱,P.O.BOX ○○ Kaohsiung ZhonglinziKaohsiung City  81299Taiwan ( R.O.C.),穿牆式,004185-6,812985
義守大學郵局,高雄86支,84099,義守大學郵局第 ○○號信箱,P.O.BOX ○○ I-Shou University Kaohsiung City  84099Taiwan ( R.O.C.),穿牆式,004186-0,840986
高雄桂林郵局,高雄87支,81299,高雄桂林郵局第 ○○號信箱,P.O.BOX ○○ Kaohsiung GuilinKaohsiung City  81299Taiwan ( R.O.C.),穿牆式,004187-3,812987
左營菜公郵局,高雄88支,81399,左營菜公郵局第 ○○號信箱,P.O.BOX ○○ Zuoyin CaigongKaohsiung City  81399Taiwan ( R.O.C.),穿牆式,004188-7,813988
左營福山郵局,高雄89支,81399,尚未開辦信箱,,無,004189-1,813989
仁武仁雄郵局,高雄90支,81599,尚未開辦信箱,,無,004190-2,814990
高雄高等行政法院郵局,高雄91支,81199,尚未開辦信箱,,無,004191-6,811991
高雄郵件中心郵局,高雄92支,81399,尚未開辦信箱,,無,004192-0,813992
楠梓翠屏郵局,高雄93支,81199,尚未開辦信箱,,無,004193-3,811993
高雄君毅郵局,高雄94支,80699,尚未開辦信箱,,無,004194-7,806994
仁武八德郵局,高雄95支,     ,尚未開辦信箱,,無,004195-1,814995
橋頭新市鎮郵局,高雄163支,     ,尚未開辦信箱,,無,004263-5,825963
楠梓科技園區郵局,高雄164支,81199,楠梓加工區郵局第○○號信箱,P.O.BOX ○○ Nanzih Technology industrial ParkKaohsiung City 811964Taiwan (R.O.C.),穿牆式,004264-9,811964
高雄大學郵局,高雄165支,     ,高雄大學郵局第○○號信箱,P.O.BOX ○○ National University of Kaohsiung Kaohsiung City 811965 Taiwan(R.o.c),穿牆式,004265-2,811965
嘉義文化路郵局,嘉義901支,60099,嘉義文化路郵局第○○號信箱,P.O.BOX ○○ Chiayi Wenhua RoadChiayi City  60099Taiwan ( R.O.C.),穿牆式,005100-8,600900
嘉義中山路郵局,嘉義1支,60099,嘉義中山路郵局第 ○○號信箱,P.O.BOX ○○ Chiayi Zhongshan RoadChiayi City  60099Taiwan ( R.O.C.),穿牆式,005101-1,600901
水上南靖郵局,嘉義2支,60899,水上南靖郵局第○○號信箱,P.O.BOX ○○ Shuishang NanjingChiayi County  60899Taiwan ( R.O.C.),穿牆式,005102-5,608902
水上中庄郵局,嘉義3支,60899,水上中庄郵局第○○號信箱,P.O.BOX ○○ Shuishang Zhongzhuang Chiayi County  60899Taiwan ( R.O.C.),局內型,005103-9,608903
嘉義站前郵局,嘉義4支,60099,尚未開辦信箱,,無,005104-2,600904
嘉義民權路郵局,嘉義5支,60099,尚未開辦信箱,,無,005105-6,600905
太保郵局,嘉義6支,61299,太保郵局第○○號信箱,P.O.BOX ○○ TaibaoChiayi County  61299Taiwan ( R.O.C.),穿牆式,005106-0,612906
嘉義忠孝郵局,嘉義7支,60099,尚未開辦信箱,,無,005107-3,600907
嘉義北社郵局,嘉義8支,60099,尚未開辦信箱,,無,005108-7,600908
水上郵局,嘉義9支,60899,水上郵局第○○號信箱,P.O.BOX ○○ ShuishangChiayi County  60899Taiwan ( R.O.C.),局內型,005109-1,608909
嘉義玉山郵局,嘉義10支,60099,嘉義玉山郵局第○○號信箱,P.O.BOX ○○ Chiayi YushanChiayi City  60099Taiwan ( R.O.C.),穿牆式,005110-2,600910
水上回歸郵局,嘉義11支,60899,尚未開辦信箱,,無,005111-6,608911
嘉義福全郵局,嘉義12支,60099,嘉義福全郵局第 ○○號信箱,P.O.BOX ○○ Chiayi FuquanChiayi City  60099Taiwan ( R.O.C.),穿牆式,005112-0,600912
嘉義東門郵局,嘉義13支,60099,尚未開辦信箱,,無,005113-3,600913
番路郵局,嘉義14支,60299,番路郵局第○○號信箱,P.O.BOX ○○ FanluChiayi County  60299Taiwan ( R.O.C.),局內型,005114-7,602914
嘉義後湖郵局,嘉義15支,60099,尚未開辦信箱,,無,005115-1,600915
嘉義興業路郵局,嘉義16支,60099,尚未開辦信箱,,無,005116-4,600916
嘉義成功街郵局,嘉義17支,60099,尚未開辦信箱,,無,005117-8,600917
嘉義彌陀郵局,嘉義18支,60099,尚未開辦信箱,,無,005118-1,600918
嘉義湖內郵局,嘉義19支,60099,尚未開辦信箱,,無,005119-5,600919
嘉義埤子頭郵局,嘉義20支,60099,尚未開辦信箱,,無,005120-7,600920
中埔郵局,嘉義21支,60699,中埔郵局第○○號信箱,P.O.BOX ○○ ZhongpuChiayi County  60699Taiwan ( R.O.C.),穿牆式,005121-1,606921
嘉義大學郵局,嘉義22支,60099,尚未開辦信箱,,無,005122-4,600922
中埔後庄郵局,嘉義23支,60699,中埔後庄郵局第○○號信箱,P.O.BOX ○○ Zhongpu HouzhuangChiayi County  60699Taiwan ( R.O.C.),穿牆式,005123-8,606923
太保南新郵局,嘉義24支,61299,尚未開辦信箱,,無,005124-1,612924
大埔郵局,嘉義25支,60799,尚未開辦信箱,,無,005125-5,607925
竹崎郵局,嘉義26支,60499,竹崎郵局第○○號信箱,P.O.BOX ○○ ZhuqiChiayi County  60499Taiwan ( R.O.C.),穿牆式,005126-9,604926
竹崎內埔郵局,嘉義27支,60499,竹崎內埔郵局第○○號信箱,P.O.BOX ○○ Zhuqi NeipuChiayi County  60499Taiwan ( R.O.C.),局內型,005127-2,604927
阿里山郵局,嘉義28支,60599,阿里山郵局第○○號信箱,P.O.BOX ○○ AlishanChiayi County  60599Taiwan ( R.O.C.),局內型,005128-6,605928
嘉義林森郵局,嘉義29支,60099,尚未開辦信箱,,無,005129-0,600929
嘉義興嘉郵局,嘉義30支,60099,嘉義興嘉郵局第 ○○號信箱,P.O.BOX ○○ Chiayi XingjiaChiayi City  60099Taiwan ( R.O.C.),穿牆式,005130-1,600930
太保嘉太郵局,嘉義31支,61299,太保嘉太郵局第○○號信箱,P.O.BOX ○○ Taibao Jiatai Chiayi County  61299Taiwan ( R.O.C.),穿牆式,005131-5,612931
民雄郵局,嘉義32支,62199,民雄郵局第○○號信箱,P.O.BOX ○○ Minxiong Chiayi County  62199Taiwan ( R.O.C.),穿牆式,005132-9,621932
民雄頭橋郵局,嘉義33支,62199,尚未開辦信箱,,無,005133-2,621933
中正大學郵局,嘉義34支,62199,中正大學郵局第○○號信箱,P.O.BOX ○○ Chung Cheng UniversityChiayi County  62199Taiwan ( R.O.C.),穿牆式,005134-6,621934
民雄雙福郵局,嘉義35支,62199,民雄雙福郵局第○○號信箱,P.O.BOX ○○ Minxiong  ShuangfuChiayi County  62199Taiwan ( R.O.C.),穿牆式,005135-0,621935
梅山郵局,嘉義36支,60399,梅山郵局第○○號信箱,P.O.BOX ○○ MeishanChiayi County  60399Taiwan ( R.O.C.),局內型,005136-3,603936
新港郵局,嘉義37支,61699,新港郵局第○○號信箱,P.O.BOX ○○ XingangChiayi County  61699Taiwan ( R.O.C.),局內型,005137-7,616937
六腳蒜頭郵局,嘉義39支,61599,六腳蒜頭郵局第○○號信箱,P.O.BOX ○○ Liujiao SuantouChiayi County  61599Taiwan ( R.O.C.),穿牆式,005139-4,615939
朴子長庚醫院郵局,嘉義40支,61599,朴子長庚醫院郵局第○○號信箱,P.O.BOX ○○ Puzi Chang-geng Menorial Hospital Chiayi County  61399Taiwan ( R.O.C.),無,005140-6,613940
義竹郵局,嘉義41支,62499,義竹郵局第○○號信箱,P.O.BOX ○○ YizhuChiayi County  62499Taiwan ( R.O.C.),穿牆式,005141-0,624941
布袋郵局,嘉義42支,62599,布袋郵局第○○號信箱,P.O.BOX ○○ BudaiChiayi County  62599Taiwan ( R.O.C.),局內型,005142-3,625942
布袋過溝郵局,嘉義43支,62599,尚未開辦信箱,,無,005143-7,625943
布袋大寮郵局,嘉義44支,62599,布袋大寮郵局第○○號信箱,P.O.BOX ○○ Budai Daliao Chiayi County  62599Taiwan ( R.O.C.),穿牆式,005144-1,625944
布袋新塭郵局,嘉義45支,62599,尚未開辦信箱,,無,005145-4,625945
鹿草郵局,嘉義46支,61199,鹿草郵局第○○號信箱,P.O.BOX ○○ LucaoChiayi County  61199Taiwan ( R.O.C.),局內型,005146-8,611946
朴子郵局,嘉義47支,61399,朴子郵局第○○號信箱,P.O.BOX ○○ PuziChiayi County  61399Taiwan ( R.O.C.),局內型,005147-1,613947
朴子海通路郵局,嘉義48支,61399,尚未開辦信箱,,無,005148-5,613948
東石郵局,嘉義49支,61499,尚未開辦信箱,,無,005149-9,614949
朴子祥和郵局,嘉義50支,61399,朴子祥和郵局第○○號信箱,P.O.BOX ○○ Puzi Xianghe Chiayi County  61399Taiwan ( R.O.C.),穿牆式,005150-1,613950
大林郵局,嘉義51支,62299,大林郵局第○○號信箱,P.O.BOX ○○ DalinChiayi County  62299Taiwan ( R.O.C.),穿牆式,005151-4,622951
竹崎灣橋郵局,嘉義52支,60499,竹崎灣橋郵局第○○號信箱,P.O.BOX ○○ Zhuqi WanqiaoChiayi County  60499Taiwan ( R.O.C.),穿牆式,005152-8,604952
嘉義保安郵局,嘉義53支,60099,嘉義保安郵局第○○號信箱,P.O.BOX ○○ Chiayi Bao-anChiayi City  60099Taiwan ( R.O.C.),穿牆式,005153-1,600953
溪口郵局,嘉義54支,62399,溪口郵局第○○號信箱,P.O.BOX ○○ XikouChiayi County  62399Taiwan ( R.O.C.),穿牆式,005154-5,623954
大林中山路郵局,嘉義55支,62299,尚未開辦信箱,,無,005155-9,622955
大林大埔美郵局,嘉義56支,     ,尚未開辦信箱,,無,005156-2,
新竹武昌街郵局,新竹901支,30099,新竹武昌街郵局第○○號信箱,P.O.BOX ○○  Hsinchu Wuchang Street Hsinchu City 30099   Taiwan  (R.O.C.),穿牆式,006100-4,300900
新竹東門郵局,新竹1支,30099,新竹東門郵局第○○號信箱,P.O.BOX ○○  Hsinchu Dongmen Hsinchu City  30099  Taiwan  (R.O.C.),穿牆式,006101-8,300901
清華大學郵局,新竹2支,30099,清華大學郵局第○○號信箱,P.O.BOX ○○  National Tsinghua University Hsinchu City  30099  Taiwan  (R.O.C.),穿牆式,006102-1,300902
新竹龍山西路郵局,新竹3支,30099,尚未開辦信箱,,無,006103-5,300903
新竹光華街郵局,新竹4支,30099,新竹光華街郵局第○○號信箱,P.O.BOX ○○  Hsinchu Guanghua StreetHsinchu City  30099     Taiwan  (R.O.C.),穿牆式,006104-9,300904
新竹內湖路郵局,新竹5支,30099,新竹內湖路郵局第○○號信箱,P.O.BOX ○○  Hsinchu Neihu RoadHsinchu City  30099     Taiwan  (R.O.C.),穿牆式,006105-2,300905
新竹英明街郵局,新竹6支,30099,尚未開辦信箱,,無,006106-6,300906
新竹關東橋郵局,新竹7支,30099,尚未開辦信箱,,無,006107-0,300907
新竹樹林頭郵局,新竹8支,30099,新竹樹林頭郵局第○○號信箱,P.O.BOX ○○  Hsinchu ShulintouHsinchu City  30099  Taiwan  (R.O.C.),局內型,006108-3,300908
新竹學府路郵局,新竹9支,30099,尚未開辦信箱,,無,006109-7,300909
新竹西門郵局,新竹10支,30099,新竹西門郵局第○○號信箱,P.O.BOX ○○ Hsinchu XimenHsinchu City  30099 Taiwan  (R.O.C.),穿牆式,006110-9,300910
新竹牛埔郵局,新竹11支,30099,新竹牛埔郵局第○○號信箱,P.O.BOX ○○ Hsinchu Niupu  Hsinchu City 30099Taiwan  (R.O.C.),穿牆式,006111-2,300911
寶山郵局,新竹13支,30899,寶山郵局第○○號信箱,  P.O.BOX ○○ Baoshan  Hsinchu County  30899   Taiwan  (R.O.C.),穿牆式,006113-0,308913
新竹文雅郵局,新竹14支,30099,新竹文雅郵局第○○號信箱, P.O.BOX ○○ Hsinchu Wenya Hsinchu City  30099  Taiwan  (R.O.C.),穿牆式,006114-3,300914
新竹西大路郵局,新竹15支,30099,尚未開辦信箱,,無,006115-7,300915
新竹民主路郵局,新竹16支,30099,尚未開辦信箱,,無,006116-1,300916
新竹東園郵局,新竹17支,30099,尚未開辦信箱,,無,006117-4,300917
新竹南寮郵局,新竹18支,30099,新竹南寮郵局第 ○○號信箱,P.O.BOX ○○ NanliaoHsinchu City 30099Taiwan(R.O.C.),穿牆式,006118-8,300918
新竹科學園郵局,新竹19支,30099,新竹科學園郵局第○○號信箱,P.O.BOX ○○ Hsinchu Science Park      Hsinchu City  30099    Taiwan  (R.O.C.),穿牆式,006119-1,300919
新竹三姓橋郵局,新竹20支,30099,新竹三姓橋郵局第○○號信箱,P.O.BOX ○○ Hsinchu Sanxingqiao     Hsinchu City  30099  Taiwan  (R.O.C.),穿牆式,006120-3,300920
新竹南大路郵局,新竹21支,30099,尚未開辦信箱,,無,006121-7,300921
新竹民生路郵局,新竹22支,30099,尚未開辦信箱,,無,006122-1,300922
新竹經國路郵局,新竹23支,30099,尚未開辦信箱,,無,006123-4,300923
新竹建中郵局,新竹24支,30099,新竹建中郵局○○號信箱,P.O.BOX ○○ Hsinchu Jianzhong    Hsinchu City  30099   Taiwan  (R.O.C.),穿牆式,006124-8,300924
新竹陽明交大郵局,新竹25支,30099,新竹陽明交大郵局第○○號信箱,P.O.BOX ○○ Hsinchu National Yang Ming Chiao Tung UniversityHsinchu City  30099     Taiwan  (R.O.C.),穿牆式,006125-1,300925
新竹南勢郵局,新竹26支,30099,尚未開辦信箱,,無,006126-5,300926
新埔郵局,新竹27支,30599,新埔郵局第○○號信箱,P.O.BOX ○○  Xinpu Hsinchu County 30599 Taiwan   ( R.O.C.),穿牆式,006127-9,305927
新埔中正郵局,新竹28支,30599,尚未開辦信箱,,無,006128-2,305928
竹北嘉豐郵局,新竹29支,30599,尚未開辦信箱,,無,006129-6,302929
關西郵局,新竹30支,30699,關西郵局第○○號信箱,P.O.BOX ○○ Guanxi Hsinchu County 30699 Taiwan   ( R.O.C.),穿牆式,006130-8,306930
寶山大崎郵局,新竹32支,30099,寶山大崎郵局第○○號信箱,P.O.BOX ○○ Baoshan Daqi  Hsinchu City 30099  Taiwan    (R.O.C.),穿牆式,006132-5,300932
竹北郵局,新竹33支,30299,竹北郵局第○○號信箱,P.O.BOX ○○ ZhubeiHsinchu County 30299 Taiwan   ( R.O.C.),穿牆式,006133-9,302933
竹北中山郵局,新竹34支,30299,尚未開辦信箱,,無,006134-2,302934
竹北博愛郵局,新竹35支,30299,竹北博愛郵局第○○號信箱,P.O.BOX ○○ Zhubei BoaiHsinchu County 30299 Taiwan   ( R.O.C.),穿牆式,006135-6,302935
竹北六家郵局,新竹36支,30299,竹北六家郵局第○○號信箱,P.O.BOX ○○ Zhubei LiujiaHsinchu County 30299Taiwan   ( R.O.C.),穿牆式,006136-0,302936
竹北光明郵局,新竹37支,30299,竹北光明郵局第○○號信箱,P.O.BOX ○○ Zhubei GuangmingHsinchu County 30299Taiwan   ( R.O.C.),穿牆式,006137-3,302937
湖口郵局,新竹38支,30399,湖口郵局第○○號信箱,P.O.BOX ○○ HukouHsinchu County 30399 Taiwan   ( R.O.C.),穿牆式,006138-7,303938
新豐郵局,新竹40支,30499,新豐郵局第○○號信箱,P.O.BOX ○○ XinfengHsinchu County 30499 Taiwan   ( R.O.C.),穿牆式,006140-2,304940
中華大學郵局,新竹41支,30099,尚未開辦信箱,,無,006141-6,300941
湖口鳳凰郵局,新竹42支,30399,湖口鳳凰郵局第○○號信箱,P.O.BOX ○○ Hukou FenghuangHsinchu County 30399Taiwan   ( R.O.C.),局內型,006142-0,303942
新豐山崎郵局,新竹43支,30499,新豐山崎郵局第○○號信箱,P.O.BOX ○○ Xinfeng ShanqiHsinchu County 30499Taiwan   ( R.O.C.),穿牆式,006143-3,304943
湖口新工郵局,新竹44支,30399,湖口新工郵局第○○號信箱,P.O.BOX ○○ Hukou XingongHsinchu County 30399Taiwan   ( R.O.C.),穿牆式,006144-7,303944
竹北成功郵局,新竹45支,30399,尚未開辦信箱,,無,006145-1,302945
湖口德盛郵局,新竹46支,30399,尚未開辦信箱,,無,006146-4,303946
竹東郵局,新竹47支,31099,竹東郵局第○○號信箱,P.O.BOX ○○ Zhudong  Hsinchu County 31099 Taiwan   ( R.O.C.),穿牆式,006147-8,310947
芎林郵局,新竹48支,30799,芎林郵局第○○號信箱,P.O.BOX ○○ Qionglin Hsinchu County 30799 Taiwan   ( R.O.C.),穿牆式,006148-1,307948
橫山郵局,新竹49支,31299,橫山郵局第○○號信箱,P.O.BOX ○○ Hengshan  Hsinchu County 31299Taiwan   ( R.O.C.),局內型,006149-5,312949
橫山內灣郵局,新竹50支,31299,尚未開辦信箱,,無,006150-7,312950
五峰郵局,新竹51支,31199,尚未開辦信箱,,無,006151-1,311951
竹東下公館郵局,新竹52支,31099,尚未開辦信箱,,無,006152-4,310952
尖石郵局,新竹53支,31399,尖石郵局第○○號信箱,P.O.BOX ○○ Jianshi Hsinchu County 31399Taiwan   ( R.O.C.),穿牆式,006153-8,313953
竹東二重埔郵局,新竹54支,31099,竹東二重埔郵局第○○號信箱,P.O.BOX ○○ Zhudong ErchongpuHsinchu County 31099Taiwan   ( R.O.C.),穿牆式,006154-1,310954
竹東長春郵局,新竹55支,31099,竹東長春郵局第○○號信箱,P.O.BOX ○○ Zhudong Changchun  Hsinchu County 31099Taiwan   ( R.O.C.),穿牆式,006155-5,310955
竹東工研院郵局,新竹56支,31099,竹東工研院郵局第○○號信箱,P.O.BOX ○○ Zhudong Industrial Technology Research Institute  Hsinchu County 31099Taiwan   ( R.O.C.),穿牆式,006156-9,310956
北埔郵局,新竹57支,31499,北埔郵局第○○號信箱,P.O.BOX ○○  BeipuHsinchu County 31499 Taiwan   ( R.O.C.),局內型,006157-2,314957
峨眉郵局,新竹58支,31599,峨眉郵局第○○號信箱,P.O.BOX ○○  EmeiHsinchu County 31599Taiwan   ( R.O.C.),局內型,006158-6,315958
屏東民生路郵局,屏東901支,90099,屏東民生路郵局第○○號信箱,P.O.BOX ○○ Pingtung Minsheng RoadPingtung City  90099Taiwan ( R.O.C.),局內型,007100-1,900900
屏東林森路郵局,屏東2支,90099,屏東林森路郵局第 ○○號信箱,P.O.BOX ○○ Pingtung Linsen RoadPingtung City  90099Taiwan ( R.O.C.),穿牆式,007102-8,900902
屏東北平路郵局,屏東4支,90099,屏東北平路郵局第 ○○號信箱,P.O.BOX ○○ Pingtung Beiping RoadPingtung City  90099Taiwan ( R.O.C.),穿牆式,007104-5,900904
屏東崇蘭郵局,屏東5支,90099,尚未開辦信箱,,無,007105-9,900905
內埔水門郵局,屏東6支,91299,尚未開辦信箱,,無,007106-2,912906
麟洛郵局,屏東8支,90999,麟洛郵局第 ○○號信箱,P.O.BOX ○○ LinluoPingtung County  90999Taiwan ( R.O.C.),局內型,007108-0,909908
屏東歸來郵局,屏東9支,90099,屏東歸來郵局第 ○○號信箱,P.O.BOX ○○ Pingtung GuilaiPingtung City  90099Taiwan ( R.O.C.),局內型,007109-3,900909
長治郵局,屏東10支,90899,長治郵局第 ○○號信箱,P.O.BOX ○○ ChangzhiPingtung County  90899Taiwan ( R.O.C.),穿牆式,007110-5,908910
鹽埔郵局,屏東11支,90799,鹽埔郵局第 ○○號信箱,P.O.BOX ○○ YanpuPingtung County  90799Taiwan ( R.O.C.),穿牆式,007111-9,907911
三地門郵局,屏東12支,90199,尚未開辦信箱,,無,007112-2,901912
霧台郵局,屏東13支,90299,尚未開辦信箱,,無,007113-6,902913
瑪家郵局,屏東14支,90399,尚未開辦信箱,,無,007114-0,903914
屏東永安郵局,屏東15支,90099,尚未開辦信箱,,無,007115-3,900915
屏東海豐郵局,屏東16支,90099,尚未開辦信箱,,無,007116-7,900916
屏東公館郵局,屏東17支,90099,屏東公館郵局第 ○○號信箱,P.O.BOX ○○ Pingtung GongguanPingtung City  90099Taiwan ( R.O.C.),穿牆式,007117-1,900917
屏東中正路郵局,屏東18支,90099,屏東中正路郵局第 ○○號信箱,P.O.BOX ○○ Pingtung zhongzheng RoadPingtung City  90099Taiwan ( R.O.C.),穿牆式,007118-4,900918
屏東廣東路郵局,屏東19支,90099,屏東廣東路郵局第 ○號信箱,P.O.BOX ○○ Pingtung Guangdong RoadPingtung City  90099Taiwan ( R.O.C.),穿牆式,007119-8,900919
屏東勝利路郵局,屏東20支,90099,屏東勝利路郵局第 ○○號信箱,P.O.BOX ○○ Pingtung Shengli RoadPingtung City  90099Taiwan ( R.O.C.),穿牆式,007120-0,900920
屏東六塊厝郵局,屏東21支,90099,尚未開辦信箱,,無,007121-3,900921
屏東厚生郵局,屏東22支,90099,尚未開辦信箱,,無,007122-7,900922
長治繁華郵局,屏東23支,90899,尚未開辦信箱,,無,007123-1,908923
屏東頭前溪郵局,屏東24支,90099,屏東頭前溪郵局第 ○○號信箱,P.O.BOX ○○ Pingtung TouqianxiPingtung City  90099Taiwan ( R.O.C.),穿牆式,007124-4,900924
里港郵局,屏東26支,90599,里港郵局第○○號信箱,P.O.BOX ○○ LigangPingtung County  90599Taiwan ( R.O.C.),穿牆式,007126-1,905926
里港三和路郵局,屏東27支,90599,里港三和路郵局第 ○○號信箱,P.O.BOX ○○ Ligang Sanhe RoadPingtung County  90599Taiwan ( R.O.C.),穿牆式,007127-5,905927
高樹郵局,屏東28支,90699,高樹郵局第○○號信箱,P.O.BOX ○○ GaoshuPingtung County  90699Taiwan ( R.O.C.),穿牆式,007128-9,906928
茂林郵局,屏東29支,85199,尚未開辦信箱,,無,007129-2,851929
萬丹郵局,屏東30支,91399,萬丹郵局第○○號信箱,P.O.BOX ○○ WandanPingtung County  91399Taiwan ( R.O.C.),局內型,007130-4,913930
九如郵局,屏東31支,90499,九如郵局第○○號信箱,P.O.BOX ○○ JiuruPingtung County  90499Taiwan ( R.O.C.),穿牆式,007131-8,904931
鹽埔鹽中郵局,屏東32支,90799,尚未開辦信箱,,無,007132-1,907932
內埔郵局,屏東33支,91299,內埔郵局第○○號信箱,P.O.BOX ○○ NeipuPingtung County  91299Taiwan ( R.O.C.),穿牆式,007133-5,912933
內埔龍泉郵局,屏東34支,91299,內埔龍泉郵局第 ○○號信箱,P.O.BOX ○○ Neipu LongquanPingtung County 91299Taiwan ( R.O.C.),穿牆式,007134-9,912934
內埔豐田郵局,屏東35支,91299,內埔豐田郵局第 ○○號信箱,P.O.BOX ○○ Neipu Fengtian Pingtung County  91299Taiwan ( R.O.C.),穿牆式,007135-2,912935
內埔建興郵局,屏東36支,91299,尚未開辦信箱,,無,007136-6,912936
內埔學府郵局,屏東37支,91299,內埔學府郵局第 ○○號信箱,P.O.BOX ○○ Neipu XuefuPingtung County  91299Taiwan ( R.O.C.),局內型,007137-0,912937
萬丹社皮郵局,屏東38支,91399,萬丹社皮郵局第○○號信箱,P.O.BOX ○○ Wandan Shepi Pingtung County  91399Taiwan ( R.O.C.),穿牆式,007138-3,913938
枋寮郵局,屏東39支,94099,枋寮郵局第○○號信箱,P.O.BOX ○○ FangliaoPingtung County  94099Taiwan ( R.O.C.),穿牆式,007139-7,940939
枋寮水底寮郵局,屏東40支,94099,枋寮水底寮郵局第○○號信箱,P.O.BOX ○○ Fangliao ShuidiliaoPingtung County  94099Taiwan ( R.O.C.),穿牆式,007140-9,940940
枋山郵局,屏東41支,94199,枋山郵局第 ○○號信箱,P.O.BOX ○○ FangshanPingtung County 94199Taiwan ( R.O.C.),穿牆式,007141-2,941941
春日郵局,屏東42支,94299,尚未開辦信箱,,無,007142-6,942942
恆春郵局,屏東43支,94699,恆春郵局第○○號信箱,P.O.BOX ○○ HengchunPingtung County  94699Taiwan ( R.O.C.),穿牆式,007143-0,946943
恆春墾丁郵局,屏東45支,94699,尚未開辦信箱,,無,007145-7,946945
恆春南門郵局,屏東46支,94699,恆春南門郵局第○○號信箱,P.O.BOX ○○ Hengchun NanmenPingtung County  94699Taiwan ( R.O.C.),局內型,007146-1,946946
車城郵局,屏東47支,94499,車城郵局第○○號信箱,P.O.BOX ○○ ChechengPingtung County  94499Taiwan ( R.O.C.),穿牆式,007147-4,944947
牡丹郵局,屏東48支,94599,尚未開辦信箱,,無,007148-8,945948
滿州郵局,屏東49支,94799,滿州郵局第○○號信箱,P.O.BOX ○○ ManzhouPingtung County  94799Taiwan ( R.O.C.),穿牆式,007149-1,947949
潮州郵局,屏東50支,92099,潮州郵局第○○號信箱,P.O.BOX ○○ ChaozhouPingtung County  92099Taiwan ( R.O.C.),穿牆式,007150-3,920950
潮州新生路郵局,屏東51支,92099,尚未開辦信箱,,無,007151-7,920951
萬巒郵局,屏東52支,92399,萬巒郵局第○○號信箱,P.O.BOX ○○ WanluanPingtung County  92399Taiwan ( R.O.C.),穿牆式,007152-1,923952
泰武郵局,屏東53支,92199,尚未開辦信箱,,無,007153-4,921953
來義郵局,屏東54支,92299,尚未開辦信箱,,無,007154-8,922954
潮州南進路郵局,屏東55支,92099,尚未開辦信箱,,無,007155-1,920955
南州郵局,屏東56支,92699,南州郵局第○○號信箱,P.O.BOX ○○ NanzhouPingtung County  92699Taiwan ( R.O.C.),局內型,007156-5,926956
崁頂郵局,屏東57支,92499,崁頂郵局第○○號信箱,P.O.BOX ○○ KandingPingtung County  92499Taiwan ( R.O.C.),局內型,007157-9,924957
竹田郵局,屏東58支,91199,竹田郵局第○○號信箱,P.O.BOX ○○ ZhutianPingtung County  91199Taiwan ( R.O.C.),局內型,007158-2,911958
竹田西勢郵局,屏東59支,91199,尚未開辦信箱,,無,007159-6,911959
新埤郵局,屏東60支,92599,新埤郵局第○○號信箱,P.O.BOX ○○ XinpiPingtung County  92599Taiwan ( R.O.C.),局內型,007160-8,925960
林邊郵局,屏東61支,92799,林邊郵局第○○號信箱,P.O.BOX ○○ LinbianPingtung County  92799Taiwan ( R.O.C.),穿牆式,007161-1,927961
佳冬郵局,屏東62支,93199,佳冬郵局第○○號信箱,P.O.BOX ○○ JiadongPingtung County  93199Taiwan ( R.O.C.),穿牆式,007162-5,931962
東港中正路郵局,屏東63支,92899,東港中正路郵局第 ○○號信箱,P.O.BOX ○○ Donggang Zhongzheng RoadPingtung County 92899Taiwan ( R.O.C.),局內型,007163-9,928963
東港郵局,屏東64支,92899,東港郵局第 ○○號信箱,P.O.BOX ○○ DonggangPingtung County 92899Taiwan ( R.O.C.),穿牆式,007164-2,928964
新園郵局,屏東65支,93299,新園郵局第○○號信箱,P.O.BOX ○○ XinyuanPingtung County  93299Taiwan ( R.O.C.),穿牆式,007165-6,932965
新園烏龍郵局,屏東66支,93299,尚未開辦信箱,,無,007166-0,932966
琉球郵局,屏東67支,92999,琉球郵局第○○號信箱,P.O.BOX ○○ LiuqiuPingtung County  92999Taiwan ( R.O.C.),局內型,007167-3,929967
彰化中央路郵局,彰化901支,50099,彰化中央路郵局第○○號信箱,P.O.BOX ○○ Changhua Zhongyang Road Changhua City  50099Taiwan ( R.O.C.),穿牆式,008100-7,500900
和美郵局,彰化1支,50899,和美郵局第○○號信箱,P.O.BOX ○○ HemeiChanghua County  50899Taiwan ( R.O.C.),穿牆式,008101-1,508901
花壇郵局,彰化2支,50399,花壇郵局第○○號信箱,P.O.BOX ○○ HuatanChanghua County  50399Taiwan ( R.O.C.),穿牆式,008102-4,503902
彰化府前郵局,彰化3支,50099,尚未開辦信箱,,無,008103-8,500903
彰化市仔尾郵局,彰化4支,50099,尚未開辦信箱,,無,008104-1,500904
彰化過溝仔郵局,彰化5支,50099,尚未開辦信箱,,無,008105-5,500905
芬園郵局,彰化6支,50299,芬園郵局第○○號信箱,P.O.BOX ○○ FenyuanChanghua County  50299Taiwan ( R.O.C.),穿牆式,008106-9,502906
彰化西門郵局,彰化7支,50099,尚未開辦信箱,,無,008107-2,500907
線西郵局,彰化8支,50799,線西郵局第○○號信箱,P.O.BOX ○○ XianxiChanghua County  50799Taiwan ( R.O.C.),穿牆式,008108-6,507908
彰化台化郵局,彰化9支,50099,尚未開辦信箱,,無,008109-0,500909
和美中寮郵局,彰化10支,50099,尚未開辦信箱,,無,008110-1,508910
彰化南瑤郵局,彰化11支,50099,尚未開辦信箱,,無,008111-5,500911
彰化中庄仔郵局,彰化12支,50099,尚未開辦信箱,,無,008112-9,500912
彰化南郭郵局,彰化13支,50099,尚未開辦信箱,,無,008113-2,500913
彰化師大郵局,彰化14支,50099,彰化師大郵局第 ○○號信箱,P.O.BOX  ○○ National Changhua University of EducationChanghua City  50099Taiwan ( R.O.C.),局內型,008114-6,500914
彰化莿桐腳郵局,彰化15支,50099,尚未開辦信箱,,無,008115-0,500915
秀水郵局,彰化17支,50499,秀水郵局第○○號信箱,P.O.BOX ○○ XiushuiChanghua County  50499Taiwan ( R.O.C.),穿牆式,008117-7,504917
伸港郵局,彰化18支,50999,伸港郵局第○○號信箱,P.O.BOX ○○ ShengangChanghua County  50999Taiwan ( R.O.C.),穿牆式,008118-1,509918
彰化永安街郵局,彰化20支,50099,尚未開辦信箱,,無,008120-6,500920
彰化大竹郵局,彰化21支,50099,尚未開辦信箱,,無,008121-0,500921
伸港全興郵局,彰化22支,50999,伸港全興郵局第 ○○號信箱,P.O.BOX  ○○ Shengang QuanxingChanghua County  50999Taiwan ( R.O.C.),穿牆式,008122-3,509922
彰化光復路郵局,彰化23支,50099,彰化光復路郵局第 ○○號信箱,P.O.BOX  ○○ Changhua Guangfu RoadChanghua City  50099Taiwan ( R.O.C.),穿牆式,008123-7,500923
溪湖郵局,彰化24支,51499,溪湖郵局第○○ 號信箱,P.O.BOX ○○  Xihu  Changhua County 51499Taiwan(R.O.C.),穿牆式,008124-1,514924
埔鹽郵局,彰化25支,51699,埔鹽郵局第○○號信箱,P.O.BOX ○○ PuyanChanghua County  51699Taiwan ( R.O.C.),穿牆式,008125-4,516925
溪湖湖西郵局,彰化26支,51499,尚未開辦信箱,,無,008126-8,514926
鹿港郵局,彰化27支,50599,鹿港郵局第○○號信箱,P.O.BOX ○○ LugangChanghua County  50599Taiwan ( R.O.C.),穿牆式,008127-1,505927
福興郵局,彰化28支,50699,福興郵局第○○號信箱,P.O.BOX ○○ FuxingChanghua County  50699Taiwan ( R.O.C.),局內型,008128-5,506928
鹿港頂番郵局,彰化29支,50599,尚未開辦信箱,,無,008129-9,505929
鹿港彰濱郵局,彰化30支,50599,尚未開辦信箱,,無,008130-1,505930
福興福工郵局,彰化31支,50699,福興福工郵局第 ○○號信箱,P.O.BOX ○○ Fuxing FugongChanghua County  50699Taiwan ( R.O.C.),局內型,008131-4,506931
鹿港草港郵局,彰化32支,50599,尚未開辦信箱,,無,008132-8,505932
北斗郵局,彰化33支,52199,北斗郵局第○○號信箱,P.O.BOX ○○ BeidouChanghua County  52199Taiwan ( R.O.C.),穿牆式,008133-1,521933
埤頭郵局,彰化34支,52399,埤頭郵局第○○號信箱,P.O.BOX ○○ PitouChanghua County  52399Taiwan ( R.O.C.),穿牆式,008134-5,523934
田尾郵局,彰化35支,52299,田尾郵局第○○號信箱,P.O.BOX ○○ TianweiChanghua County  52299Taiwan ( R.O.C.),穿牆式,008135-9,522935
埤頭路口厝郵局,彰化36支,     ,尚未開辦信箱,,無,008136-2,523936
溪州郵局,彰化37支,52499,溪州郵局第○○號信箱,P.O.BOX ○○ XizhouChanghua County  52499Taiwan ( R.O.C.),穿牆式,008137-6,524937
二林郵局,彰化38支,52699,二林郵局第○○號信箱,P.O.BOX ○○ ErlinChanghua County  52699Taiwan ( R.O.C.),穿牆式,008138-0,526938
大城郵局,彰化39支,52799,大城郵局第○○號信箱,P.O.BOX ○○ DachengChanghua County  52799Taiwan ( R.O.C.),局內型,008139-3,527939
芳苑郵局,彰化40支,52899,芳苑郵局第○○號信箱,P.O.BOX ○○ FangyuanChanghua County  52899Taiwan ( R.O.C.),穿牆式,008140-5,528940
竹塘郵局,彰化41支,52599,竹塘郵局第○○號信箱,P.O.BOX ○○ ZhutangChanghua County  52599Taiwan ( R.O.C.),局內型,008141-9,525941
二林萬興郵局,彰化42支,52699,尚未開辦信箱,,無,008142-2,526942
芳苑王功郵局,彰化43支,52899,尚未開辦信箱,,無,008143-6,528943
芳苑草湖郵局,彰化44支,52899,尚未開辦信箱,,無,008144-0,528944
員林郵局,彰化45支,51099,員林郵局第○○號信箱,P.O.BOX ○○ YuanlinChanghua County  51099Taiwan ( R.O.C.),穿牆式,008145-3,510945
大村郵局,彰化46支,51599,大村郵局第○○號信箱,P.O.BOX ○○ DacunChanghua County  51599Taiwan ( R.O.C.),穿牆式,008146-7,515946
埔心郵局,彰化47支,51399,埔心郵局第○○號信箱,P.O.BOX ○○ PuxinChanghua County  51399Taiwan ( R.O.C.),穿牆式,008147-1,513947
員林員水路郵局,彰化48支,51099,尚未開辦信箱,,無,008148-4,510948
員林三橋郵局,彰化49支,51099,尚未開辦信箱,,無,008149-8,510949
員林西門郵局,彰化50支,51099,員林西門郵局第 ○○號信箱,P.O.BOX ○○ Yuanlin XimenChanghua County  51099Taiwan ( R.O.C.),穿牆式,008150-0,510950
永靖郵局,彰化51支,51299,永靖郵局第○○號信箱,P.O.BOX ○○ YongjingChanghua County  51299Taiwan ( R.O.C.),穿牆式,008151-3,512951
員林南門郵局,彰化52支,51099,尚未開辦信箱,,無,008152-7,510952
埔心太平郵局,彰化53支,51399,尚未開辦信箱,,無,008153-1,513953
員林中正路郵局,彰化54支,51099,員林中正路郵局第 ○○號信箱,P.O.BOX ○○ Yuanlin Zhongzheng Road Changhua County  51099Taiwan ( R.O.C.),局內型,008154-4,510954
社頭郵局,彰化55支,51199,社頭郵局第○○號信箱,P.O.BOX ○○ ShetouChanghua County  51199Taiwan ( R.O.C.),局內型,008155-8,511955
社頭湳雅郵局,彰化56支,51199,尚未開辦信箱,,無,008156-1,511956
二水郵局,彰化57支,53099,二水郵局第○○號信箱,P.O.BOX ○○ ErshuiChanghua County  53099Taiwan ( R.O.C.),穿牆式,008157-5,530957
田中郵局,彰化58支,52099,田中郵局第○○號信箱,P.O.BOX ○○ TianzhongChanghua County  52099Taiwan ( R.O.C.),局內型,008158-9,520958
田中內灣郵局,彰化59支,52099,尚未開辦信箱,,無,008159-2,520959
田中三潭郵局,彰化60支,52099,尚未開辦信箱,,無,008160-4,520960
和美道周郵局,彰化61支,50899,尚未開辦信箱,,無,008161-8,508961
花蓮國安郵局,花蓮901支,97099,花蓮國安郵局第○○號信箱,P.O.BOX ○○ Hualien Guo-an Hualien City  97099Taiwan ( R.O.C.),穿牆式,009100-3,970900
花蓮南京街郵局,花蓮2支,97099,花蓮南京街郵局第 ○○號信箱,P.O.BOX ○○Hualien Nanjing StreetHualien City  97099Taiwan ( R.O.C.),穿牆式,009102-1,970902
新城北埔郵局,花蓮4支,97199,新城北埔郵局第 ○○號信箱,P.O.BOX ○○ Xincheng BeibuHualien County  97199Taiwan ( R.O.C.),穿牆式,009104-8,971904
秀林天祥郵局,花蓮5支,97299,尚未開辦信箱,,無,009105-1,
新城郵局,花蓮6支,97199,新城郵局第 ○○號信箱,P.O.BOX ○○ XinchengHualien County  97199Taiwan ( R.O.C.),穿牆式,009106-5,971906
花蓮府前路郵局,花蓮7支,97099,花蓮府前路郵局第 ○○號信箱,P.O.BOX ○○ Hualien Fuqian RoadHualien City  97099Taiwan ( R.O.C.),穿牆式,009107-9,970907
吉安郵局,花蓮8支,97399,吉安郵局第 ○○號信箱,P.O.BOX ○○Ji-an Hualien County  97399Taiwan ( R.O.C.),穿牆式,009108-2,973908
花蓮下美崙郵局,花蓮9支,97099,花蓮下美崙郵局第 ○○號信箱,P.O.BOX ○○ Hualien XiameilunHualien City  97099Taiwan ( R.O.C.),穿牆式,009109-6,970909
吉安仁里郵局,花蓮10支,97399,吉安仁里郵局第 ○○號信箱,P.O.BOX ○○ Ji-an RenliHualien County  97399Taiwan ( R.O.C.),穿牆式,009110-8,973910
花蓮港務局郵局,花蓮11支,97099,花蓮港務局郵局第 ○○號信箱,P.O.BOX ○○ Hualien Harbour Bureau Hualien City  97099Taiwan ( R.O.C.),穿牆式,009111-1,970911
秀林和平郵局,花蓮12支,97299,秀林和平郵局第 ○○號信箱,P.O.BOX ○○ Xiulin Heping Hualien County  97299Taiwan ( R.O.C.),局內型,009112-5,972912
花蓮中華路郵局,花蓮13支,97099,花蓮中華路郵局第 ○○號信箱,P.O.BOX ○○ Hualien Zhonghua RoadHualien City  97099Taiwan ( R.O.C.),局內型,009113-9,970913
花蓮富國路郵局,花蓮14支,97099,花蓮富國路郵局第 ○○號信箱,P.O.BOX ○○ Hualien Fuguo RoadHualien City  97099Taiwan ( R.O.C.),穿牆式,009114-2,970914
壽豐郵局,花蓮15支,97499,壽豐郵局第 ○○號信箱,P.O.BOX ○○ ShoufengHualien County  97499Taiwan ( R.O.C.),穿牆式,009115-6,974915
壽豐豐田郵局,花蓮16支,97499,壽豐豐田郵局第 ○○號信箱,P.O.BOX ○○ Shoufeng FengtianHualien County  97499Taiwan ( R.O.C.),穿牆式,009116-0,974916
壽豐志學郵局,花蓮17支,97499,壽豐志學郵局第 ○○號信箱,P.O.BOX ○○ Shoufeng ZhixueHualien County  97499Taiwan ( R.O.C.),穿牆式,009117-3,974917
吉安宜昌郵局,花蓮18支,97399,吉安宜昌郵局第 ○○號信箱,P.O.BOX ○○ Ji-an YichangHualien County  97399Taiwan ( R.O.C.),穿牆式,009118-7,973918
花蓮中山路郵局,花蓮19支,97099,花蓮中山路郵局第 ○○號信箱,P.O.BOX ○○ Hualien Zhongshan RoadHualien City  97099Taiwan ( R.O.C.),穿牆式,009119-1,970919
花蓮師院郵局,花蓮20支,97099,花蓮師院郵局第 ○○號信箱,P.O.BOX ○○ National Hualien Teachers CollegeHualien City  97099Taiwan ( R.O.C.),穿牆式,009120-2,970920
吉安太昌郵局,花蓮21支,97399,吉安太昌郵局第 ○○號信箱,P.O.BOX ○○ Ji-an TaichangHualien County  97399Taiwan ( R.O.C.),穿牆式,009121-6,973921
鳳林郵局,花蓮22支,97599,鳳林郵局第 ○○號信箱,P.O.BOX ○○ FenglinHualien County  97599Taiwan ( R.O.C.),穿牆式,009122-0,975922
鳳林萬榮郵局,花蓮23支,97599,鳳林萬榮郵局第 ○○號信箱,P.O.BOX ○○ Fenglin WanrongHualien County  97599Taiwan ( R.O.C.),穿牆式,009123-3,975923
鳳林林榮郵局,花蓮24支,97599,尚未開辦信箱,,無,009124-7,
光復郵局,花蓮25支,97699,光復郵局第 ○○號信箱,P.O.BOX ○○ GuangfuHualien County  97699Taiwan ( R.O.C.),局內型,009125-1,976925
豐濱郵局,花蓮27支,97799,豐濱郵局第 ○○號信箱,P.O.BOX ○○ Fongbin Hualien County  97799Taiwan ( R.O.C.),穿牆式,009127-8,977927
光復富田郵局,花蓮28支,97699,尚未開辦信箱,,無,009128-1,
瑞穗郵局,花蓮29支,97899,瑞穗郵局第 ○○號信箱,P.O.BOX ○○ RuisuiHualien County  97899Taiwan ( R.O.C.),穿牆式,009129-5,978929
瑞穗富源郵局,花蓮30支,97899,瑞穗富源郵局第 ○○號信箱,P.O.BOX ○○ Ruisui FuyuanHualien County  97899Taiwan ( R.O.C.),穿牆式,009130-7,978930
玉里郵局,花蓮31支,98199,玉里郵局第 ○○號信箱,P.O.BOX ○○ YuliHualien County  98199Taiwan ( R.O.C.),穿牆式,009131-1,981931
玉里泰昌郵局,花蓮32支,98199,尚未開辦信箱,,無,009132-4,
卓溪郵局,花蓮33支,98299,尚未開辦信箱,,無,009133-8,
玉里三民郵局,花蓮34支,98199,尚未開辦信箱,,無,009134-1,
玉里新興郵局,花蓮35支,98199,尚未開辦信箱,,無,009135-5,
富里郵局,花蓮36支,98399,富里郵局第 ○○號信箱,P.O.BOX ○○ Fuli Hualien County  98399Taiwan ( R.O.C.),穿牆式,009136-9,983936
富里東里郵局,花蓮37支,98399,富里東里郵局第 ○○號信箱,P.O.BOX ○○ Fuli DongliHualien County  98399Taiwan ( R.O.C.),穿牆式,009137-2,983937
花蓮空軍基地郵局,花蓮38支,     ,尚未開辦信箱,,無,009138-6,
壽豐東華大學郵局,花蓮39支,97499,壽豐東華大學郵局第○○號信箱,P.O.BOX ○○ Shoufeng  National DongHua UniversityHualien County 97499Taiwan ( R.O.C.),穿牆式,009139-0,974939
鳳山郵局,高雄96支,83099,鳳山郵局第○○號信箱,P.O.BOX ○○ FengshanKaohsiung City  83099Taiwan ( R.O.C.),穿牆式,010100-3,830996
陸軍官校郵局,高雄97支,83099,尚未開辦信箱,,無,010101-7,830997
鳥松郵局,高雄98支,83399,尚未開辦信箱,,無,010102-1,833998
澄清湖郵局,高雄99支,83099,尚未開辦信箱,,無,010103-4,830999
燕巢義大醫院郵局,高雄100支,82499,尚未開辦信箱,,無,010104-8,824900
鳳山行政中心郵局,高雄101支,83099,尚未開辦信箱,,無,010105-1,830901
鳳山文山郵局,高雄102支,83099,尚未開辦信箱,,無,010106-5,830902
大寮郵局,高雄103支,83199,大寮郵局第○○號信箱,P.O.BOX ○○ DaliaoKaohsiung City  83199Taiwan ( R.O.C.),局內型,010107-9,831903
鳳山大東郵局,高雄104支,83099,尚未開辦信箱,,無,010108-2,830904
鳳山五甲郵局,高雄105支,83099,鳳山五甲郵局第 ○○號信箱,P.O.BOX ○○ Fengshan Wujia Kaohsiung City  83099Taiwan ( R.O.C.),穿牆式,010109-6,830905
大寮中庄郵局,高雄107支,83199,大寮中庄郵局第 ○○號信箱,P.O.BOX ○○ Daliao ZhongzhuangKaohsiung City  83199Taiwan ( R.O.C.),局內型,010111-1,831907
鳳山一甲郵局,高雄108支,83099,尚未開辦信箱,,無,010113-9,830908
鳳山鳳松路郵局,高雄109支,83099,鳳山鳳松路郵局第 ○○號信箱,P.O.BOX ○○ Fengshan Fengsong RoadKaohsiung City  83099Taiwan ( R.O.C.),穿牆式,010114-2,830909
大寮中興郵局,高雄110支,83199,尚未開辦信箱,,無,010115-6,831910
鳳山新甲郵局,高雄111支,83099,尚未開辦信箱,,無,010116-0,830911
鳥松仁美郵局,高雄112支,83399,尚未開辦信箱,,無,010118-7,833912
鳳山新富郵局,高雄113支,83099,鳳山新富郵局第 ○○號信箱,P.O.BOX ○○ Fengshan XinfuKaohsiung City  83099Taiwan ( R.O.C.),穿牆式,010119-1,830913
大樹九曲堂郵局,高雄114支,84099,大樹九曲堂郵局第○○號信箱,P.O.BOX ○○ Dashu JiuqutangKaohsiung City  84099Taiwan ( R.O.C.),穿牆式,010120-2,840914
大樹郵局,高雄115支,84099,大樹郵局第○○號信箱,P.O.BOX ○○ Dashu Kaohsiung City  84099Taiwan ( R.O.C.),穿牆式,010121-6,840915
大寮大發郵局,高雄116支,83199,大寮大發郵局第 ○○號信箱,P.O.BOX ○○ Daliao DafaKaohsiung City  83199Taiwan ( R.O.C.),穿牆式,010122-0,831916
鳳山三民路郵局,高雄117支,83099,鳳山三民路郵局第 ○○號信箱,P.O.BOX ○○ Fengshan Sanmin RoadKaohsiung City  83099Taiwan ( R.O.C.),穿牆式,010123-3,830917
林園郵局,高雄118支,83299,林園郵局第○○號信箱,P.O.BOX ○○ Linyuan Kaohsiung City  83299Taiwan ( R.O.C.),局內型,010124-7,832918
林園三庄郵局,高雄119支,83299,尚未開辦信箱,,無,010125-1,832919
林園福興郵局,高雄120支,83299,尚未開辦信箱,,無,010126-4,832920
鳥松長庚醫院郵局,高雄121支,83399,鳥松長庚醫院郵局第○○號信箱,P.O.BOX ○○ Niaosong Chang-Gung Memorial HospitalKaohsiung City  83399Taiwan ( R.O.C.),穿牆式,010127-8,833921
鳳山中崙郵局,高雄122支,83099,尚未開辦信箱,,無,010128-1,830922
鳳山過埤郵局,高雄123支,83099,尚未開辦信箱,,無,010129-5,830923
鳳山鎮北郵局,高雄124支,83099,尚未開辦信箱,,無,010130-7,830924
旗山郵局,高雄125支,84299,旗山郵局第○○號信箱,P.O.BOX ○○ Qishan Kaohsiung City  84299Taiwan ( R.O.C.),穿牆式,010131-1,842925
旗山旗尾郵局,高雄126支,84299,旗山旗尾郵局第○○號信箱,P.O.BOX ○○ Qishan Qiwei Kaohsiung City  84299Taiwan ( R.O.C.),穿牆式,010132-4,842926
旗山大洲郵局,高雄127支,84299,尚未開辦信箱,,無,010133-8,842927
旗山圓潭郵局,高雄128支,84299,尚未開辦信箱,,無,010134-1,842928
內門郵局,高雄129支,84599,尚未開辦信箱,,無,010135-5,845929
杉林郵局,高雄130支,84699,尚未開辦信箱,,無,010136-9,846930
旗山四保郵局,高雄131支,84299,尚未開辦信箱,,無,010137-2,842931
美濃郵局,高雄132支,84399,美濃郵局第○○號信箱,P.O.BOX ○○ Meinong Kaohsiung City  84399Taiwan ( R.O.C.),穿牆式,010138-6,843932
美濃中壇郵局,高雄133支,84399,尚未開辦信箱,,無,010139-0,843933
甲仙郵局,高雄134支,84799,甲仙郵局第○○號信箱,P.O.BOX ○○ Jiaxian Kaohsiung City  84799Taiwan ( R.O.C.),局內型,010140-1,847934
那瑪夏郵局,高雄135支,84999,尚未開辦信箱,,無,010141-5,849935
六龜郵局,高雄136支,84499,六龜郵局第○○號信箱,P.O.BOX ○○ Liugui Kaohsiung City  84499Taiwan ( R.O.C.),穿牆式,010142-9,844936
桃源郵局,高雄137支,84899,桃源郵局第○○號信箱,P.O.BOX ○○ Taoyuan Kaohsiung City  84899Taiwan ( R.O.C.),穿牆式,010143-2,848937
六龜寶來郵局,高雄138支,84499,尚未開辦信箱,,無,010144-6,844938
岡山郵局,高雄139支,82099,岡山郵局第○○號信箱,P.O.BOX ○○ Gangshan Kaohsiung City  82099Taiwan ( R.O.C.),穿牆式,010145-0,820939
橋頭郵局,高雄142支,82599,橋頭郵局第○○號信箱,P.O.BOX ○○ Qiaotou Kaohsiung City  82599Taiwan ( R.O.C.),穿牆式,010148-1,825942
空軍機校郵局,高雄143支,82099,尚未開辦信箱,,無,010149-4,820943
彌陀郵局,高雄144支,82799,彌陀郵局第○○號信箱,P.O.BOX ○○ Mituo Kaohsiung City  82799Taiwan ( R.O.C.),局內型,010150-6,827944
燕巢郵局,高雄145支,82499,燕巢郵局第○○號信箱,P.O.BOX ○○ Yanchao Kaohsiung City  82499Taiwan ( R.O.C.),穿牆式,010151-0,824945
燕巢鳳山厝郵局,高雄146支,82499,尚未開辦信箱,,無,010152-3,824946
梓官郵局,高雄147支,82699,梓官郵局第○○號信箱,P.O.BOX ○○ Ziguan Kaohsiung City  82699Taiwan ( R.O.C.),局內型,010153-7,826947
永安郵局,高雄148支,82899,永安郵局第○○號信箱,P.O.BOX ○○ Yongan Kaohsiung City  82899Taiwan ( R.O.C.),穿牆式,010154-1,828948
梓官蚵子寮郵局,高雄149支,82699,尚未開辦信箱,,無,010155-4,826949
田寮郵局,高雄150支,82399,尚未開辦信箱,,無,010156-8,823950
阿蓮郵局,高雄151支,82299,阿蓮郵局第○○號信箱,P.O.BOX ○○ Alian Kaohsiung City  82299Taiwan ( R.O.C.),穿牆式,010157-1,822951
岡山平和路郵局,高雄152支,82099,尚未開辦信箱,,無,010158-5,820952
岡山仁壽路郵局,高雄153支,82099,岡山仁壽路郵局第 ○○號信箱,P.O.BOX ○○ Gangshan Renshou Road Kaohsiung City  82099Taiwan ( R.O.C.),局內型,010159-9,820953
岡山五甲尾郵局,高雄154支,82099,尚未開辦信箱,,無,010160-1,820954
永安竹仔港郵局,高雄155支,82899,永安竹仔港郵局第 ○○號信箱,P.O.BOX ○○ Yongan Zhuzaigang  Kaohsiung City  82899Taiwan ( R.O.C.),局內型,010161-4,828955
湖內郵局,高雄156支,82999,湖內郵局第○○號信箱,P.O.BOX ○○ Hunei Kaohsiung City  82999Taiwan ( R.O.C.),局內型,010162-8,829956
湖內大湖郵局,高雄157支,82999,尚未開辦信箱,,無,010163-1,829957
茄萣郵局,高雄158支,85299,茄萣郵局第○○號信箱,P.O.BOX ○○ Qieding Kaohsiung City  85299Taiwan ( R.O.C.),穿牆式,010164-5,852958
路竹郵局,高雄159支,82199,路竹郵局第○○號信箱,P.O.BOX ○○ Luzhu Kaohsiung City  82199Taiwan ( R.O.C.),穿牆式,010165-9,821959
路竹一甲郵局,高雄161支,82199,尚未開辦信箱,,無,010167-6,821961
岡山大仁郵局,高雄162支,82099,尚未開辦信箱,,無,010168-0,820962
宜蘭中山路郵局,宜蘭901支,26099,宜蘭中山路郵局第○○號信箱,P.O.BOX ○○ Yilan  Zhongshan RoadYilan City  26099Taiwan ( R.O.C.),穿牆式,011100-0,260900
宜蘭金六結郵局,宜蘭1支,26099,宜蘭金六結郵局第 ○○號信箱,P.O.BOX ○○ Yilan JinliujieYilan City  26099Taiwan ( R.O.C.),穿牆式,011101-3,260901
宜蘭渭水路郵局,宜蘭2支,26099,尚未開辦信箱,,無,011102-7,
員山郵局,宜蘭3支,26499,尚未開辦信箱,,無,011103-1,
員山內城郵局,宜蘭4支,26499,員山內城郵局第 ○○ 號信箱,P.O.BOX ○○ Yuanshan Neicheng Yilan County 26499Taiwan ( R.O.C.),局內型,011104-4,264904
宜蘭西後街郵局,宜蘭5支,26099,尚未開辦信箱,,無,011105-8,
壯圍郵局,宜蘭6支,26399,尚未開辦信箱,,無,011106-1,
宜蘭東港路郵局,宜蘭8支,26099,宜蘭東港路郵局第 ○○號信箱,P.O.BOX ○○ Yilan Donggang Road Yilan City  26099Taiwan ( R.O.C.),穿牆式,011108-9,260908
宜蘭大坡路郵局,宜蘭9支,26099,尚未開辦信箱,,無,011109-2,
宜蘭大學郵局,宜蘭10支,26099,宜蘭大學郵局第○○號信箱,P.O.BOX ○○ Yilan UniversityYilan City 26099Taiwan ( R.O.C.) ,穿牆式,011110-4,260910
頭城郵局,宜蘭11支,26199,頭城郵局第○○號信箱,P.O.BOX ○○ TouchengYilan County  26199Taiwan ( R.O.C.),穿牆式,011111-8,261911
頭城大溪港郵局,宜蘭12支,26199,尚未開辦信箱,,無,011112-1,
頭城頂埔郵局,宜蘭13支,26199,尚未開辦信箱,,無,011113-5,
礁溪郵局,宜蘭14支,26299,礁溪郵局第○○號信箱,P.O.BOX ○○ JiaoxiYilan County  26299Taiwan ( R.O.C.),穿牆式,011114-9,262914
礁溪四城郵局,宜蘭15支,26299,尚未開辦信箱,,無,011115-2,262915
礁溪湯仔城郵局,宜蘭16支,26299,礁溪湯仔城郵局第 ○○號信箱,P.O.BOX ○○ Jiaoxi TangzaichengYilan County  26299Taiwan ( R.O.C.),穿牆式,011116-6,262916
宜蘭縣政府郵局,宜蘭17支,26099,尚未開辦信箱,,無,011117-0,260917
蘇澳郵局,宜蘭18支,27099,蘇澳郵局第○○號信箱,P.O.BOX ○○ Su-aoYilan County  27099Taiwan ( R.O.C.),局內型,011118-3,270918
蘇澳南方澳郵局,宜蘭19支,27099,蘇澳南方澳郵局第 ○○號信箱,P.O.BOX ○○ Su-ao Nanfangao Yilan County  27099Taiwan ( R.O.C.),局內型,011119-7,270919
蘇澳港邊里郵局,宜蘭20支,27099,尚未開辦信箱,,無,011120-9,270920
蘇澳馬賽郵局,宜蘭21支,27099,尚未開辦信箱,,無,011121-2,270921
蘇澳蘇西里郵局,宜蘭22支,27099,蘇澳蘇西里郵局第 ○○號信箱,P.O.BOX ○○ Su-ao SuxiliYilan County  27099Taiwan ( R.O.C.),穿牆式,011122-6,270922
蘇澳東澳路郵局,宜蘭23支,27299,蘇澳東澳路郵局第○○號信箱,P.O.BOX ○○ Su-ao Dong-ao RoadYilan County  27299Taiwan ( R.O.C.),局內型,011123-0,272923
南澳郵局,宜蘭24支,27299,南澳郵局第○○號信箱,P.O.BOX ○○ Nan-aoYilan County  27299Taiwan ( R.O.C.),局內型,011124-3,272924
羅東郵局,宜蘭25支,26599,羅東郵局第○○號信箱,P.O.BOX ○○ LuodongYilan County  26599Taiwan ( R.O.C.),穿牆式,011125-7,265925
五結二結郵局,宜蘭26支,26899,五結二結郵局第 ○○號信箱,P.O.BOX ○○ Wujie ErjieYilan County  26899Taiwan ( R.O.C.),局內型,011126-1,268926
冬山郵局,宜蘭27支,26999,冬山郵局第○○號信箱,P.O.BOX ○○ DongshanYilan County  26999Taiwan ( R.O.C.),穿牆式,011127-4,269927
羅東南門郵局,宜蘭28支,26599,羅東南門郵局第 ○○號信箱,P.O.BOX ○○ Luodong NanmenYilan County  26599Taiwan ( R.O.C.),局內型,011128-8,265928
羅東大同路郵局,宜蘭29支,26599,尚未開辦信箱,,無,011129-1,265929
五結郵局,宜蘭30支,26899,五結郵局第○○號信箱,P.O.BOX ○○ WujieYilan County  26899Taiwan ( R.O.C.),穿牆式,011130-3,268930
冬山群英郵局,宜蘭31支,26999,冬山群英郵局第 ○○號信箱,P.O.BOX ○○ Dongshan QyunyingYilan County  26999Taiwan ( R.O.C.),穿牆式,011131-7,269931
五結利澤郵局,宜蘭32支,26899,五結利澤郵局第 ○○號信箱,P.O.BOX ○○ Wujie LizeYilan County  26899Taiwan ( R.O.C.),局內型,011132-1,268932
羅東西門郵局,宜蘭33支,26599,尚未開辦信箱,,無,011133-4,265933
羅東竹林郵局,宜蘭34支,26599,尚未開辦信箱,,無,011134-8,265934
三星郵局,宜蘭35支,26699,三星郵局第○○號信箱,P.O.BOX ○○ SanxingYilan County  26699Taiwan ( R.O.C.),穿牆式,011135-1,266935
大同郵局,宜蘭36支,26799,尚未開辦信箱,,無,011136-5,267936
桃園成功路郵局,桃園901支,33099,桃園成功路郵局第○○號信箱,P.O.BOX ○○ Taoyuan Chenggong RoadTaoyuan City  33099Taiwan ( R.O.C.),穿牆式,012100-6,330900
龜山大崗郵局,桃園1支,33399,龜山大崗郵局第○○號信箱,P.O.BOX ○○ Guishan DagangTaoyuan City  33399Taiwan ( R.O.C.),局內型,012101-0,333901
八德大湳郵局,桃園2支,33499,八德大湳郵局第○○號信箱,P.O.BOX ○○ Bade DananTaoyuan City  33499Taiwan ( R.O.C.),穿牆式,012102-3,334902
八德郵局,桃園3支,33499,尚未開辦信箱,,無,012103-7,334903
桃園民生路郵局,桃園4支,33099,桃園民生路郵局第○○ 號信箱,P.O.BOX ○○ Taoyuan Minsheng RoadTaoyuan City 33099Taiwan(R.O.C.),穿牆式,012104-1,330904
龜山郵局,桃園5支,33399,龜山郵局第○○號信箱,P.O.BOX ○○ GuishanTaoyuan City  33399Taiwan ( R.O.C.),穿牆式,012105-4,333905
龜山民安街郵局,桃園6支,33399,龜山民安街郵第○○號信箱,P.O.BOX ○○ Guishan Min-an StreetTaoyuan City  33399Taiwan ( R.O.C.),穿牆式,012106-8,333906
桃園南門郵局,桃園7支,33099,桃園南門郵局第 ○○號信箱,P.O.BOX ○○ Taoyuan NanmenTaoyuan City  33099Taiwan ( R.O.C.),穿牆式,012107-1,330907
桃園大樹林郵局,桃園8支,33099,尚未開辦信箱,,無,012108-5,330908
蘆竹郵局,桃園9支,33899,蘆竹郵局第 ○○號信箱,P.O.BOX ○○ LuzhuTaoyuan City  33899Taiwan ( R.O.C.),穿牆式,012109-9,338909
桃園茄苳郵局,桃園10支,33099,尚未開辦信箱,,無,012110-1,330910
桃園東埔郵局,桃園11支,33099,桃園東埔郵局第○○號信箱,P.O.BOX ○○ Taoyuan DongpuTaoyuan City  33099Taiwan ( R.O.C.),穿牆式,012111-4,330911
桃園中路郵局,桃園12支,33099,桃園中路郵局第○○號信箱,P.O.BOX ○○ Taoyuan ZhongluTaoyuan City  33099Taiwan ( R.O.C.),穿牆式,012112-8,330912
桃園水汴頭郵局,桃園13支,33099,桃園水汴頭郵局第○○號信箱,P.O.BOX ○○ Taoyuan ShuibiantouTaoyuan City  33099Taiwan ( R.O.C.),穿牆式,012113-1,330913
桃園福林郵局,桃園14支,33099,尚未開辦信箱,,無,012114-5,330914
桃園永安郵局,桃園15支,33099,尚未開辦信箱,,無,012115-9,330915
桃園桃鶯郵局,桃園16支,33099,尚未開辦信箱,,無,012116-2,330916
龜山樂善郵局,桃園17支,33399,尚未開辦信箱,,無,012117-6,333917
八德更寮腳郵局,桃園18支,33499,尚未開辦信箱,,無,012118-0,334918
龜山迴龍郵局,桃園19支,33399,龜山迴龍郵局第 ○○號信箱,P.O.BOX ○○ Guishan HuilongTaoyuan City  33399Taiwan ( R.O.C.),穿牆式,012119-3,333919
桃園大業郵局,桃園20支,33099,桃園大業郵局第○○號信箱,P.O.BOX ○○ Taoyuan DayeTaoyuan City  33099Taiwan ( R.O.C.),局內型,012120-5,330920
桃園府前郵局,桃園21支,33099,尚未開辦信箱,,無,012121-9,330921
八德高城郵局,桃園22支,33499,尚未開辦信箱,,無,012122-2,334922
桃園建國郵局,桃園23支,33099,尚未開辦信箱,,無,012123-6,330923
八德麻園郵局,桃園24支,33499,八德麻園郵局第○○號信箱,P.O.BOX ○○ Bade MayuanTaoyuan City  33499Taiwan ( R.O.C.),穿牆式,012124-0,334924
龜山文化郵局,桃園25支,33399,龜山文化郵局第 ○○號信箱, P.O.BOX ○○ Guishan wenhuaTaoyuan City 33399Taiwan ( R.O.C.) ,穿牆式,012125-3,333925
蘆竹山腳郵局,桃園26支,33899,尚未開辦信箱,,無,012126-7,338926
蘆竹大竹郵局,桃園27支,33899,蘆竹大竹郵局第○○號信箱,P.O.BOX ○○ Luzhu DazhuTaoyuan City  33899Taiwan ( R.O.C.),穿牆式,012127-1,338927
龜山誠園郵局,桃園28支,33399,尚未開辦信箱,,無,012128-4,333928
蘆竹錦興郵局,桃園29支,33899,蘆竹錦興郵局第○○號信箱,P.O.BOX ○○ Luzhu JinxingTaoyuan City  33899Taiwan ( R.O.C.),穿牆式,012129-8,338929
桃園慈文郵局,桃園30支,33099,桃園慈文郵局第○○號信箱,P.O.BOX ○○ Taoyuan CiwenTaoyuan City  33099Taiwan ( R.O.C.),穿牆式,012130-0,330930
大園郵局,桃園31支,33799,大園郵局第○○號信箱,P.O.BOX ○○ DayuanTaoyuan City  33799Taiwan ( R.O.C.),穿牆式,012131-3,337931
大園埔心街郵局,桃園32支,33799,大園埔心街郵局第○○號信箱,P.O.BOX ○○ Dayuan Puxin StreetTaoyuan City  33799Taiwan ( R.O.C.),穿牆式,012132-7,337932
大園菓林郵局,桃園33支,33799,大園菓林郵局第○○號信箱,P.O.BOX ○○ Dayuan GuolinTaoyuan City 33799Taiwan ( R.O.C.),穿牆式,012133-1,337933
臺灣桃園國際機場郵局,桃園35支,33799,臺灣桃園國際機場郵局第 ○○號信箱,P.O.BOX ○○ Taiwan Taoyuan International AirportTaoyuan City  33799Taiwan ( R.O.C.),穿牆式,012135-8,337935
龜山長庚大學郵局,桃園36支,33399,尚未開辦信箱,,無,012136-1,333936
大溪郵局,桃園37支,33599,大溪郵局第○○號信箱,P.O.BOX ○○ DaxiTaoyuan City  33599Taiwan ( R.O.C.),穿牆式,012137-5,335937
蘆竹光明郵局,桃園38支,33599,尚未開辦信箱,,無,012138-9,338938
復興郵局,桃園39支,33699,尚未開辦信箱,,無,012139-2,336939
大溪僑愛郵局,桃園40支,33599,尚未開辦信箱,,無,012140-4,335940
大溪崎頂郵局,桃園41支,33599,尚未開辦信箱,,無,012141-8,335941
大溪員樹林郵局,桃園42支,     ,尚未開辦信箱,,無,012142-1,335942
大溪南興郵局,桃園43支,33599,尚未開辦信箱,,無,012143-5,335943
中壢青埔郵局,桃園94支,     ,尚未開辦信箱,,無,012194-1,
桃園國際路郵局,桃園95支,     ,,,無,012195-5,
龜山文青郵局,桃園96支,     ,,,無,012196-9,
豐原郵局,臺中72支,42099,豐原郵局第○○號信箱,P.O. BOX ○○ FengyuanTaichung City  42099Taiwan ( R.O.C.),局內型,014100-9,420972
神岡郵局,臺中73支,42999,神岡郵局第○○號信箱,P.O. BOX ○○ ShengangTaichung City  42999Taiwan ( R.O.C.),局內型,014101-2,429973
石岡郵局,臺中74支,42299,石岡郵局第○○號信箱,P.O. BOX ○○ ShigangTaichung City  42299Taiwan ( R.O.C.),穿牆式,014102-6,422974
豐原中山路郵局,臺中75支,42099,尚未開辦信箱,,無,014103-0,420975
豐原三民路郵局,臺中76支,42099,尚未開辦信箱,,無,014104-3,420976
沙鹿北勢郵局,臺中77支,42999,尚未開辦信箱,,無,014105-7,433977
神岡圳堵郵局,臺中78支,42999,尚未開辦信箱,,無,014106-1,429978
豐原南陽郵局,臺中79支,42099,尚未開辦信箱,,無,014107-4,420979
豐原翁子郵局,臺中80支,42099,尚未開辦信箱,,無,014108-8,420980
神岡社口郵局,臺中81支,42999,神岡社口郵局第 ○○號信箱,P.O. BOX ○○ Shengang ShekouTaichung City  42999Taiwan ( R.O.C.),局內型,014109-1,429981
豐原葫蘆墩郵局,臺中83支,42099,豐原葫蘆墩郵局第00號信箱,P.O. BOX ○○ Fongyuan Huludun.Taichung City 42099Taiwan(R.O.C.),穿牆式,014111-7,420983
神岡岸裡郵局,臺中84支,42999,尚未開辦信箱,,無,014112-1,429984
豐原水源郵局,臺中85支,42099,尚未開辦信箱,,無,014113-4,420985
后里郵局,臺中86支,42199,后里郵局第○○號信箱,P.O. BOX ○○ HouliTaichung City  42199Taiwan ( R.O.C.),穿牆式,014114-8,421986
神岡豐洲郵局,臺中87支,42999,尚未開辦信箱,,無,014115-1,429987
后里義里郵局,臺中88支,42199,后里義里郵局第○○號信箱,P.O. BOX ○○ Houli YiliTaichung City  42199Taiwan ( R.O.C.),穿牆式,014116-5,421988
后里月眉郵局,臺中89支,42199,后里月眉郵局第○○號信箱,P.O. BOX ○○ Houli YuemeiTaichung City  42199Taiwan ( R.O.C.),穿牆式,014117-9,421989
東勢郵局,臺中90支,42399,東勢郵局第○○號信箱,P.O. BOX ○○ DongshiTaichung City  42399Taiwan ( R.O.C.),穿牆式,014118-2,423990
和平谷關郵局,臺中91支,42499,尚未開辦信箱,,無,014119-6,424991
新社中興嶺郵局,臺中92支,42699,新社中興嶺郵局第○○號信箱,P.O. BOX ○○ Xinshe ZhongxinglingTaichung City 42699 Taiwan(R.O.C),穿牆式,014120-8,426992
和平梨山郵局,臺中94支,42499,和平梨山郵局第○○號信箱,P.O. Box ○○ Heping LishanTaichung City 42499Taiwan ( R.O.C.),穿牆式,014122-5,424994
新社郵局,臺中95支,42699,新社郵局第○○號信箱,P.O.BOX ○○ XinsheTaichung City  42699Taiwan ( R.O.C.),局內型,014123-9,426995
豐原鐮村郵局,臺中96支,42099,尚未開辦信箱,,無,014124-2,420996
和平郵局,臺中97支,42499,尚未開辦信箱,,無,014125-6,424997
潭子郵局,臺中98支,42799,潭子郵局第○○號信箱,P.O. BOX ○○ TanziTaichung City  42799Taiwan ( R.O.C.),穿牆式,014126-0,427998
潭子加工區郵局,臺中99支,42799,潭子加工區郵局第○○號信箱,P.O. BOX ○○ Tanzi Export Processing ZoneTaichung City  42799Taiwan ( R.O.C.),穿牆式,014127-3,427999
潭子頭家厝郵局,臺中100支,42799,潭子頭家厝郵局第○○號信箱,P.O. BOX ○○ Tanzi ToujiacuoTaichung City  42799Taiwan ( R.O.C.),穿牆式,014128-7,427900
潭子東寶郵局,臺中101支,42799,尚未開辦信箱,,無,014129-1,427901
潭子栗林郵局,臺中102支,42799,尚未開辦信箱,,無,014130-2,427902
潭子潭北郵局,臺中103支,42799,潭子潭北郵局第○○號信箱,P.O. BOX ○○ Tanzi Tanbei Taichung City  42799Taiwan ( R.O.C.),穿牆式,014131-6,427903
大甲郵局,臺中104支,43799,大甲郵局第○○號信箱,P.O. BOX ○○ DajiaTaichung City  43799Taiwan ( R.O.C.),穿牆式,014132-0,437904
大安郵局,臺中105支,43999,大安郵局第○○號信箱,P.O. BOX ○○ Da-anTaichung City  43999Taiwan ( R.O.C.),局內型,014133-3,439905
大甲廟口郵局,臺中106支,43799,尚未開辦信箱,,無,014134-7,437906
外埔郵局,臺中107支,43899,外埔郵局第○○號信箱,P.O.BOX ○○ WaipuTaichung City  43899Taiwan ( R.O.C.),局內型,014135-1,438907
大甲日南郵局,臺中108支,43799,大甲日南郵局第○○號信箱,P.O. BOX ○○ Dajia RihnanTaichung City  43799Taiwan ( R.O.C.),局內型,014136-4,437908
大甲幼獅郵局,臺中109支,43799,大甲幼獅郵局第○○號信箱,P.O. BOX ○○ Dajia Youshi Taichung City  43799Taiwan ( R.O.C.),穿牆式,014137-8,437909
大甲庄美郵局,臺中110支,43799,尚未開辦信箱,,無,014138-1,437910
臺中港郵局,臺中111支,43599,臺中港郵局第○○號信箱,P.O. BOX ○○ Taichung PortTaichung City  43599Taiwan ( R.O.C.),穿牆式,014139-5,435911
沙鹿郵局,臺中112支,43399,沙鹿郵局第○○號信箱,P.O. BOX ○○ ShaluTaichung City  43399Taiwan ( R.O.C.),穿牆式,014140-7,433912
清水郵局,臺中113支,43699,清水郵局第○○號信箱,P.O. BOX ○○ QingshuiTaichung City  43699Taiwan ( R.O.C.),局內型,014141-1,436913
梧棲郵局,臺中114支,43599,梧棲郵局第○○號信箱,P.O.BOX ○○ WuqiTaichung City  43599Taiwan ( R.O.C.),局內型,014142-4,435914
龍井郵局,臺中115支,43499,龍井郵局第○○號信箱,P.O. BOX ○○ LongjingTaichung City  43499Taiwan ( R.O.C.),穿牆式,014143-8,434915
沙鹿鹿寮郵局,臺中116支,43399,尚未開辦信箱,,無,014144-1,433916
龍井新庄郵局,臺中117支,43499,龍井新庄郵局第○○號信箱,P.O. BOX ○○ Longjing XinzhuangTaichung City  43499Taiwan ( R.O.C.),穿牆式,014145-5,434917
龍井茄投郵局,臺中118支,43499,尚未開辦信箱,,無,014146-9,434918
靜宜大學郵局,臺中119支,43399,尚未開辦信箱,,無,014147-2,433919
清水南社郵局,臺中120支,43699,尚未開辦信箱,,無,014148-6,436920
梧棲大庄郵局,臺中123支,43599,尚未開辦信箱,,無,014151-5,435923
大肚郵局,臺中124支,43299,大肚郵局第○○號信箱,P.O. BOX ○○ DaduTaichung City  43299Taiwan ( R.O.C.),局內型,014152-9,432924
大肚追分郵局,臺中125支,43299,大肚追分郵局第○○號信箱,P.O. BOX ○○ Dadu ZhuifenTaichung City  43299Taiwan ( R.O.C.),局內型,014153-2,432925
大肚蔗廍郵局,臺中126支,43299,尚未開辦信箱,,無,014154-6,432926
龍井龍津郵局,臺中127支,43499,尚未開辦信箱,,無,014155-0,434927
新營郵局,臺南65支,73099,新營郵局第○○號信箱,P.O.BOX ○○ Xinying Tainan City  73099Taiwan ( R.O.C.),穿牆式,019100-1,730965
新營新進路郵局,臺南66支,73099,尚未開辦信箱,,無,019101-4,730966
新營民治路郵局,臺南67支,73099,新營民治路郵局第○○號信箱,P.O.BOX ○○ Xinying Minzhi RoadTainan City  73099Taiwan ( R.O.C.),穿牆式,019102-8,730967
柳營郵局,臺南68支,73699,柳營郵局第○○號信箱,P.O.BOX ○○ LiuyingTainan City  73699Taiwan ( R.O.C.),穿牆式,019103-1,736968
新營民生郵局,臺南69支,73099,尚未開辦信箱,,無,019104-5,730969
後壁郵局,臺南70支,73199,後壁郵局第○○號信箱,P.O.BOX ○○ HoubiTainan City  73199Taiwan ( R.O.C.),穿牆式,019105-9,731970
後壁菁寮郵局,臺南71支,73199,後壁菁寮郵局第○○號信箱,P.O.BOX ○○ Houbi JingliaoTainan City  73199Taiwan ( R.O.C.),穿牆式,019106-2,731971
鹽水郵局,臺南72支,73799,鹽水郵局第○○號信箱,P.O.BOX ○○ YanshuiTainan City  73799Taiwan ( R.O.C.),穿牆式,019107-6,737972
新營太子宮郵局,臺南73支,73099,新營太子宮郵局第○○號信箱,P.O.BOX ○○ Xinying TaizigongTainan City  73099Taiwan ( R.O.C.),穿牆式,019108-0,730973
後壁安溪寮郵局,臺南74支,73199,尚未開辦信箱,,無,019109-3,731974
鹽水茄苳腳郵局,臺南75支,73799,尚未開辦信箱,,無,019110-5,737975
下營郵局,臺南76支,73599,下營郵局第○○號信箱,P.O.BOX ○○ XiayingTainan City  73599Taiwan ( R.O.C.),穿牆式,019111-9,735976
六甲郵局,臺南77支,73499,六甲郵局第○○號信箱,P.O.BOX ○○ LiujiaTainan City  73499Taiwan ( R.O.C.),穿牆式,019112-2,734977
白河郵局,臺南78支,73299,白河郵局第○○號信箱,P.O.BOX ○○ BaiheTainan City  73299Taiwan ( R.O.C.),穿牆式,019113-6,732978
東山郵局,臺南79支,73399,東山郵局第○○號信箱,P.O.BOX ○○ DongshanTainan City  73399Taiwan ( R.O.C.),局內型,019114-0,733979
白河內角郵局,臺南80支,73299,尚未開辦信箱,,無,019115-3,732980
白河仙草埔郵局,臺南81支,73299,白河仙草埔郵局第○○號信箱,P.O.BOX ○○ Baihe XiancaopuTainan City  73299Taiwan ( R.O.C.),穿牆式,019116-7,732981
東山東原郵局,臺南82支,73399,尚未開辦信箱,,無,019117-1,733982
柳營重溪郵局,臺南83支,73699,柳營重溪郵局第○○號信箱,P.O.BOX ○○ Liuying ZhongxiTainan City  73699Taiwan ( R.O.C.),穿牆式,019118-4,736983
下營中營郵局,臺南84支,73599,下營中營郵局第○○號信箱,P.O.BOX ○○ Xiaying ZhongyingTainan City  73599Taiwan ( R.O.C.),穿牆式,019119-8,735984
新化郵局,臺南85支,71299,新化郵局第○○號信箱,P.O.BOX ○○ XinhuaTainan City  71299Taiwan ( R.O.C.),穿牆式,019120-0,712985
山上郵局,臺南86支,74399,山上郵局第○○號信箱,P.O.BOX ○○ ShanshangTainan City  74399Taiwan ( R.O.C.),穿牆式,019121-3,743986
左鎮郵局,臺南87支,71399,左鎮郵局第○○號信箱,P.O.BOX ○○ ZuozhenTainan City  71399Taiwan ( R.O.C.),穿牆式,019122-7,713987
新化中山路郵局,臺南88支,71299,新化中山路郵局第○○號信箱,P.O.BOX ○○ Xinhua Zhongshan RoadTainan City  71299Taiwan ( R.O.C.),穿牆式,019123-1,712988
玉井郵局,臺南89支,71499,玉井郵局第○○號信箱,P.O.BOX ○○ YujingTainan City  71499Taiwan ( R.O.C.),穿牆式,019124-4,714989
楠西郵局,臺南90支,71599,楠西郵局第○○號信箱,P.O.BOX ○○ NanxiTainan City  71599Taiwan ( R.O.C.),穿牆式,019125-8,715990
曾文水庫郵局,臺南91支,71599,尚未開辦信箱,,無,019126-1,715991
南化郵局,臺南92支,71699,南化郵局第○○號信箱,P.O.BOX ○○ NanhuaTainan City  71699Taiwan ( R.O.C.),穿牆式,019127-5,716992
佳里郵局,臺南93支,72299,佳里郵局第○○號信箱,P.O.BOX ○○ JialiTainan City  72299Taiwan ( R.O.C.),穿牆式,019128-9,722993
將軍郵局,臺南94支,72599,將軍郵局第○○號信箱,P.O.BOX ○○ JiangjunTainan City  72599Taiwan ( R.O.C.),穿牆式,019129-2,725994
西港郵局,臺南95支,72399,西港郵局第○○號信箱,P.O.BOX ○○ XigangTainan City  72399Taiwan ( R.O.C.),穿牆式,019130-4,723995
七股郵局,臺南96支,72499,七股郵局第○○號信箱,P.O.BOX ○○ QiguTainan City  72499Taiwan ( R.O.C.),穿牆式,019131-8,724996
佳里佳里興郵局,臺南97支,72299,尚未開辦信箱,,無,019132-1,722997
佳里中山路郵局,臺南98支,72299,尚未開辦信箱,,無,019133-5,722998
北門郵局,臺南99支,72799,北門郵局第○○號信箱,P.O.BOX ○○ BeimenTainan City  72799Taiwan ( R.O.C.),穿牆式,019134-9,727999
學甲郵局,臺南100支,72699,學甲郵局第○○號信箱,P.O.BOX ○○ XuejiaTainan City  72699Taiwan ( R.O.C.),穿牆式,019135-2,726900
麻豆郵局,臺南101支,72199,麻豆郵局第○○號信箱,P.O.BOX ○○ MadouTainan City  72199Taiwan ( R.O.C.),穿牆式,019136-6,721901
麻豆總爺郵局,臺南102支,72199,尚未開辦信箱,,無,019137-0,721902
善化郵局,臺南104支,74199,善化郵局第○○號信箱,P.O.BOX ○○ ShanhuaTainan City  74199Taiwan ( R.O.C.),穿牆式,019139-7,741904
大內郵局,臺南105支,74299,大內郵局第○○號信箱,P.O.BOX ○○ DaneiTainan City  74299Taiwan ( R.O.C.),穿牆式,019140-9,742905
善化成功郵局,臺南106支,74199,尚未開辦信箱,,無,019141-2,741906
新市大營郵局,臺南107支,74499,新市大營郵局第○○號信箱,P.O.BOX ○○ Xinshi DayingTainan City 74499Taiwan ( R.O.C.),穿牆式,019142-6,744907
善化溪美郵局,臺南108支,74199,尚未開辦信箱,,無,019143-0,741908
安定郵局,臺南109支,74599,安定郵局第○○號信箱,P.O.BOX ○○ AndingTainan City  74599Taiwan ( R.O.C.),穿牆式,019144-3,745909
新市郵局,臺南110支,74499,新市郵局第○○號信箱,P.O.BOX ○○  Xinshi Tainan City  74499Taiwan ( R.O.C.),穿牆式,019146-1,744910
官田隆田郵局,臺南111支,72099,官田隆田郵局第○○號信箱,P.O.BOX ○○ Guantian LongtianTainan City  72099Taiwan ( R.O.C.),穿牆式,019147-4,720911
官田工業區郵局,臺南112支,72099,官田工業區郵局第○○號信箱,P.O.BOX ○○ Guantian Industrial ParkTainan City  72099Taiwan ( R.O.C.),穿牆式,019149-1,720912
新市南科園區郵局,臺南113支,74499,新市南科園區郵局第○○號信箱,P.O.BOX ○○ Xinshih Southern Taiwan Science Park Tainan City  74499Taiwan ( R.O.C.),穿牆式,019150-3,744913
善化中山路郵局,臺南114支,74199,善化中山路郵局第○○號信箱,P.O.BOX ○○ ShanhuaZhongshan RoadTainan City 74199Taiwan ( R.O.C.),穿牆式,019151-7,741914
馬公中正路郵局,澎湖901支,88099,馬公中正路郵局第○○號信箱,P.O.BOX ○○ Magong Zhongzheng RoadPenghu County 88099Taiwan (R.O.C.),穿牆式,024100-6,880900
馬公東文郵局,澎湖1支,88099,尚未開辦信箱,,無,024101-0,
西嶼郵局,澎湖2支,88199,西嶼郵局第○○號信箱,P.O.BOX ○○ XiyuPenghu County 88199Taiwan (R.O.C.),局內型,024102-3,881902
望安郵局,澎湖3支,88299,尚未開辦信箱,,無,024103-7,
七美郵局,澎湖4支,88399,尚未開辦信箱,,無,024104-1,
白沙郵局,澎湖5支,88499,白沙郵局第○○號信箱,P.O.BOX ○○ BaishaPenghu County 88499Taiwan (R.O.C.),穿牆式,024105-4,884905
馬公中華路郵局,澎湖6支,88099,尚未開辦信箱,,無,024106-8,
湖西郵局,澎湖7支,88599,湖西郵局第○○號信箱,P.O.BOX ○○ HuxiPenghu County 88599Taiwan (R.O.C.),局內型,024107-1,885907
馬公鎖港郵局,澎湖8支,88099,馬公鎖港郵局第○○號信箱,P.O.BOX ○○ Magong SuogangPenghu County 88099Taiwan (R.O.C.),穿牆式,024108-5,880908
湖西隘門郵局,澎湖9支,88599,尚未開辦信箱,,無,024109-9,
臺東大同路郵局,臺東901支,95099,臺東大同路郵局第○○號信箱,P.O.BOX ○○ Taitung Datong RoadTaitung City  95099Taiwan ( R.O.C.),穿牆式,026100-9,950900
蘭嶼郵局,臺東1支,95299,蘭嶼郵局第○○號信箱,P.O.BOX ○○ LanyuTaitung County  95299Taiwan ( R.O.C.),穿牆式,026101-2,952901
臺東新生郵局,臺東2支,95099,尚未開辦信箱,,無,026102-6,950902
綠島郵局,臺東3支,95199,綠島郵局第○○號信箱,P.O.BOX ○○ LudaoTaitung County  95199Taiwan ( R.O.C.),穿牆式,026103-0,951903
臺東中山路郵局,臺東4支,95099,尚未開辦信箱,,無,026104-3,950904
臺東博愛路郵局,臺東5支,95099,尚未開辦信箱,,無,026105-7,950905
臺東卑南郵局,臺東6支,95099,尚未開辦信箱,,無,026106-1,950906
東河都蘭郵局,臺東7支,95999,東河都蘭郵局第 ○○號信箱,P.O.BOX ○○ Donghe DulanTaitung County  95999Taiwan ( R.O.C.),穿牆式,026107-4,959907
延平郵局,臺東8支,95399,尚未開辦信箱,,無,026108-8,953908
臺東知本郵局,臺東9支,95099,臺東知本郵局第 ○○號信箱,P.O.BOX ○○ Taitung ZhihbenTaitung City  95099Taiwan ( R.O.C.),穿牆式,026109-1,950909
鹿野郵局,臺東10支,95599,鹿野郵局第○○號信箱,P.O.BOX ○○ LuyeTaitung County  95599Taiwan ( R.O.C.),穿牆式,026110-3,955910
臺東豐田郵局,臺東11支,95099,尚未開辦信箱,,無,026111-7,950911
卑南初鹿郵局,臺東12支,95499,卑南初鹿郵局第○○號信箱,P.O.BOX ○○ Beinan ChuluTaitung County 95499Taiwan(R.O.C.),穿牆式,026112-1,954912
太麻里郵局,臺東13支,96399,太麻里郵局第○○號信箱,P.O.BOX ○○ TaimaliTaitung County  96399Taiwan ( R.O.C.),穿牆式,026113-4,963913
金峰金崙郵局,臺東14支,96399,尚未開辦信箱,,無,026114-8,963914
臺東馬蘭郵局,臺東16支,95099,臺東馬蘭郵局第 ○○號信箱,P.O.BOX ○○ Taitung malan Taitung City  95099Taiwan ( R.O.C.),穿牆式,026116-5,950916
臺東豐榮郵局,臺東17支,95099,台東豐榮郵局第○○號信箱,P.O.BOX ○○ Taitung FengrongTaitung City 95099Taiwan ( R.O.C.),局內型,026117-9,950917
關山郵局,臺東18支,95699,關山郵局第○○號信箱,P.O.BOX ○○ GuanshanTaitung County  95699Taiwan ( R.O.C.),穿牆式,026118-2,956918
海端郵局,臺東19支,95799,尚未開辦信箱,,無,026119-6,957919
池上郵局,臺東20支,95899,池上郵局第○○號信箱,P.O.BOX ○○ ChihshangTaitung County  95899Taiwan ( R.O.C.),穿牆式,026120-8,958920
成功郵局,臺東21支,96199,成功郵局第○○號信箱,P.O.BOX ○○ ChenggongTaitung County  96199Taiwan ( R.O.C.),穿牆式,026121-1,961921
長濱郵局,臺東22支,96299,長濱郵局第○○號信箱,P.O.BOX ○○ ChangbinTaitung County  96299Taiwan ( R.O.C.),局內型,026122-5,962922
東河泰源郵局,臺東23支,95999,東河泰源郵局第 ○○號信箱,P.O.BOX ○○ Donghe TaiyuanTaitung County  95999Taiwan ( R.O.C.),局內型,026123-9,959923
大武郵局,臺東24支,96599,大武郵局第○○號信箱,P.O.BOX ○○ DawuTaitung County  96599Taiwan ( R.O.C.),穿牆式,026124-2,965924
達仁郵局,臺東25支,96699,達仁郵局第○○號信箱,P.O.BOX ○○ DarenTaitung County  96699Taiwan ( R.O.C.),穿牆式,026125-6,966925
鹿野瑞源郵局,臺東26支,95599,尚未開辦信箱,,無,026126-0,955926
臺東東方大鎮郵局,臺東27支,95099,臺東東方大鎮郵局第 ○○號信箱,P.O.BOX ○○ Taitung Dongfang DazhenTaitung City  95099Taiwan ( R.O.C.),穿牆式,026127-3,950927
中壢郵局,桃園44支,32099,中壢郵局第○○號信箱,P.O.BOX ○○ ZhongliTaoyuan City 32099Taiwan ( R.O.C.),局內型,028100-1,320944
中壢普仁郵局,桃園45支,32099,中壢普仁郵局第○○號信箱,P.O.BOX ○○ Zhongli PurenTaoyuan City  32099Taiwan ( R.O.C.),穿牆式,028101-5,320945
中壢內壢郵局,桃園46支,32099,中壢內壢郵局第○○號信箱,P.O.BOX ○○ Zhongli NeiliTaoyuan City  32099Taiwan ( R.O.C.),穿牆式,028102-9,320946
中壢龍東路郵局,桃園47支,32099,尚未開辦信箱,,無,028103-2,320947
中壢龍岡郵局,桃園48支,32099,中壢龍岡郵局第○○號信箱,P.O.BOX ○○ Zhongli LonggangTaoyuan City  32099Taiwan ( R.O.C.),穿牆式,028104-6,320948
觀音新坡郵局,桃園49支,32899,觀音新坡郵局第○○號信箱,P.O.BOX ○○ Guanyin XinpoTaoyuan City  32899Taiwan ( R.O.C.),穿牆式,028105-0,328949
平鎮廣明郵局,桃園50支,32499,平鎮廣明郵局第 ○○ 號信箱,P.O.BOX ○○ Pingzhen Guangming Taoyuan City 32499Taiwan(R.O.C.),穿牆式,028106-3,324950
中壢自立郵局,桃園51支,32099,中壢自立郵局第○○號信箱,P.O.BOX ○○ Zhongli ZiliTaoyuan City 32099Taiwan(R.O.C.),局內型,028107-7,320951
平鎮郵局,桃園52支,32499,平鎮郵局第○○號信箱,P.O.BOX ○○ PingzhenTaoyuan City  32499Taiwan ( R.O.C.),穿牆式,028108-1,324952
中央大學郵局,桃園53支,32099,中央大學郵局第 ○○號信箱,P.O.BOX ○○ National Central UniversityTaoyuan City  32099Taiwan ( R.O.C.),穿牆式,028109-4,320953
觀音郵局,桃園54支,32899,觀音郵局第○○號信箱,P.O.BOX ○○ GuanyinTaoyuan City  32899Taiwan ( R.O.C.),穿牆式,028110-6,328954
中壢忠義郵局,桃園55支,32099,中壢忠義郵局第○○號信箱,P.O.BOX ○○ Zhongli Zhongyi Taoyuan City  32099Taiwan ( R.O.C.),穿牆式,028111-0,320955
中原大學郵局,桃園56支,32099,中原大學郵局第○○號信箱,P.O.BOX ○○ Chung Yuan Christian UniversityTaoyuan City  32099Taiwan ( R.O.C.),穿牆式,028112-3,320956
中壢興國郵局,桃園57支,32099,中壢興國郵局第○○號信箱,P.O.BOX ○○ Zhongli XingguoTaoyuan City  32099Taiwan ( R.O.C.),局內型,028113-7,320957
平鎮山仔頂郵局,桃園58支,32499,平鎮山仔頂郵局第 ○○號信箱,P.O.BOX ○○ Pingzhen ShanzidingTaoyuan City  32499Taiwan ( R.O.C.),穿牆式,028114-1,324958
中壢華勛郵局,桃園59支,32099,中壢華勛郵局第 ○○號信箱,P.O.BOX ○○ Zhongli HuasyunTaoyuan City 32099 Taiwan ( R.O.C.),穿牆式,028115-4,320959
中壢東興郵局,桃園60支,32099,中壢東興郵局第 ○○號信箱,P.O.BOX ○○ Zhongli DongxingTaoyuan City  32099Taiwan ( R.O.C.),穿牆式,028116-8,320960
平鎮北勢郵局,桃園61支,32499,平鎮北勢郵局第 ○○號信箱,P.O.BOX  ○○ Pingzhen BeisliTaoyuan City 32499Taiwan(R.O.C.),穿牆式,028117-1,324961
中壢仁美郵局,桃園62支,32099,中壢仁美郵局第 ○○號信箱,P.O.BOX ○○ Zhongli RenmeiTaoyuan City  32099Taiwan ( R.O.C.),穿牆式,028118-5,320962
中壢南園郵局,桃園63支,32099,中壢南園郵局第 ○○號信箱,P.O.BOX ○○ Zhongli NanyuanTaoyuan City  32099Taiwan ( R.O.C.),穿牆式,028119-9,320963
中壢頂壢郵局,桃園64支,32099,中壢頂壢郵局第○○號信箱,P.O.BOX ○○ Zhongli DingliTaoyuan City  32099Taiwan ( R.O.C.),穿牆式,028120-1,320964
中壢志廣郵局,桃園65支,32099,中壢志廣郵局第○○號信箱,P.O.BOX ○○ Zhongli ZhiguangTaoyuan City  32099Taiwan ( R.O.C.),穿牆式,028121-4,320965
平鎮金陵郵局,桃園66支,32499,平鎮金陵郵局第○○號信箱,P.O.BOX ○○ Pingzhen JinlingTaoyuan City  32499Taiwan ( R.O.C.),穿牆式,028122-8,324966
新屋永安郵局,桃園67支,32799,新屋永安郵局第○○號信箱,P.O.BOX ○○ Xinwu Yong-anTaoyuan City  32799Taiwan ( R.O.C.),穿牆式,028123-1,327967
觀音工業區郵局,桃園68支,32899,觀音工業區郵局第 ○○號信箱,P.O.BOX ○○ Guanyin Industrial ParkTaoyuan City  32899Taiwan ( R.O.C.),穿牆式,028124-5,328968
新屋郵局,桃園69支,32799,新屋郵局第○○號信箱,P.O.BOX ○○ XinwuTaoyuan City  32799Taiwan ( R.O.C.),穿牆式,028125-9,327969
中壢環北郵局,桃園70支,32099,中壢環北郵局第 ○○號信箱,P.O.BOX ○○ Zhongli Huanbei Taoyuan City  32099Taiwan ( R.O.C.),穿牆式,028126-2,320970
平鎮高雙郵局,桃園71支,32499,平鎮高雙郵局第 ○○號信箱,P.O.BOX ○○ Pingzhen GaoshuangTaoyuan City  32499Taiwan ( R.O.C.),穿牆式,028127-6,324971
中壢大崙郵局,桃園72支,32099,中壢大崙郵局第○○號信箱,P.O.BOX ○○ Zhongli DalunTaoyuan City  32099Taiwan ( R.O.C.),穿牆式,028128-0,320972
平鎮南勢郵局,桃園73支,32499,平鎮南勢郵局第 ○○號信箱,P.O.BOX ○○ Pingzhen NanshiTaoyuan City  32099Taiwan ( R.O.C.),穿牆式,028129-3,324973
龍潭郵局,桃園74支,32599,龍潭郵局第○○號信箱,P.O.BOX ○○ LongtanTaoyuan City  32599Taiwan ( R.O.C.),穿牆式,028130-5,325974
龍潭大平郵局,桃園75支,32599,尚未開辦信箱,,無,028131-9,325975
龍潭石門水庫郵局,桃園76支,32599,尚未開辦信箱,,無,028132-2,325976
桃園客家文化館郵局,桃園77支,32599,桃園客家文化館郵局第○○信箱,P.O.BOX ○○ Taoyuan City Hakka Cultural Center Taoyuan City  32599Taiwan ( R.O.C.) ,穿牆式,028133-6,325977
龍潭中興郵局,桃園78支,32599,尚未開辦信箱,,無,028134-0,325978
龍潭烏林郵局,桃園80支,32599,尚未開辦信箱,,無,028136-7,325980
龍潭國原院郵局,桃園81支,32599,龍潭國原院郵局第○○號信箱,P.O.BOX ○○ Longtan National Atomic Research Institute Taoyuan City 32599Taiwan(R.O.C.),穿牆式,028137-1,325981
龍潭南龍郵局,桃園82支,32599,龍潭南龍郵局第 ○○號信箱,P.O.BOX ○○ Longtan NanlongTaoyuan City  32599Taiwan ( R.O.C.),穿牆式,028138-4,325982
龍潭高原郵局,桃園83支,32599,龍潭高原郵局第○○號信箱,P.O.BOX ○○ Longtan  Gaoyuan Taoyuan City 32599Taiwan(R.O.C.),穿牆式,028139-8,325983
楊梅郵局,桃園84支,32699,楊梅郵局第○○號信箱,P.O.BOX ○○ YangmeiTaoyuan City  32699Taiwan ( R.O.C.),穿牆式,028140-0,326984
楊梅大同郵局,桃園85支,32699,楊梅大同郵局第 ○○號信箱,P.O.BOX ○○ Yangmei DatongTaoyuan City  32699Taiwan ( R.O.C.),穿牆式,028141-3,326985
楊梅富岡郵局,桃園86支,32699,楊梅富岡郵局第○○號信箱,P.O.BOX ○○ Yangmei FugangTaoyuan City  32699Taiwan ( R.O.C.),局內型,028142-7,326986
楊梅埔心里郵局,桃園87支,32699,楊梅埔心里郵局第 ○○號信箱,P.O.BOX ○○ Yangmei PuxinliTaoyuan City  32699Taiwan ( R.O.C.),穿牆式,028143-1,326987
楊梅幼工郵局,桃園88支,32699,楊梅幼工郵局第 ○○號信箱,P.O.BOX ○○ Yangmei YougongTaoyuan City  32699Taiwan ( R.O.C.),穿牆式,028144-4,326988
觀音草漯郵局,桃園89支,32899,觀音草漯郵局第○○號信箱,P.O.BOX ○○ Guanyin CaotaTaoyuan City 32899Taiwan ( R.O.C.),穿牆式,028145-8,328989
楊梅高榮郵局,桃園90支,32699,楊梅高榮郵局第○○號信箱,P.O.BOX ○○ Yangmei GaorongTaoyuan City  32699Taiwan ( R.O.C.),穿牆式,028146-1,326990
楊梅光華郵局,桃園91支,32699,尚未開辦信箱,,無,028147-5,326991
楊梅秀才郵局,桃園92支,32699,尚未開辦信箱,,無,028148-9,326992
楊梅瑞塘郵局,桃園93支,32699,楊梅瑞塘郵局第 ○○號信箱,P.O.BOX ○○ Yangmei RuitangTaoyuan City  32699Taiwan ( R.O.C.),穿牆式,028149-2,326993
苗栗中苗郵局,苗栗901支,36099,苗栗中苗郵局第○○號信箱,P.O.BOX ○○ Miaoli ZhongmiaoMiaoli City  36099Taiwan ( R.O.C.),穿牆式,029100-8,360900
頭屋郵局,苗栗2支,36299,尚未開辦信箱,,無,029102-5,362902
苗栗北苗郵局,苗栗3支,36099,尚未開辦信箱,,無,029103-9,360903
西湖郵局,苗栗5支,36899,西湖郵局第○○號信箱,P.O.BOX ○○ XihuMiaoli County  36899Taiwan ( R.O.C.),穿牆式,029105-6,368905
苗栗文山郵局,苗栗6支,36099,苗栗文山郵局第 ○○號信箱,P.O.BOX ○○ Miaoli WenshanMiaoli City 36099Taiwan ( R.O.C.),穿牆式,029106-0,360906
苗栗福星郵局,苗栗7支,36099,苗栗福星郵局第 ○○號信箱,P.O.BOX ○○ FuxingMiaoli City  36099Taiwan ( R.O.C.),穿牆式,029107-3,360907
苗栗嘉盛郵局,苗栗8支,36099,苗栗嘉盛郵局第 ○○號信箱,P.O.BOX ○○ Miaoli JiashengMiaoli City  36099Taiwan ( R.O.C.),穿牆式,029108-7,360908
公館郵局,苗栗9支,36399,公館郵局第○○號信箱,P.O.BOX ○○ GongguanMiaoli County  36399Taiwan ( R.O.C.),穿牆式,029109-1,363909
公館鶴岡郵局,苗栗10支,36399,尚未開辦信箱,,無,029110-2,363910
銅鑼郵局,苗栗11支,36699,銅鑼郵局第○○號信箱,P.O.BOX ○○ TongluoMiaoli County  36699Taiwan ( R.O.C.),穿牆式,029111-6,366911
苗栗府前郵局,苗栗12支,36099,苗栗府前郵局第 ○○號信箱,P.O.BOX 12－○○ Miaoli FuqianMiaoli City  36099Taiwan ( R.O.C.),穿牆式,029112-0,360912
後龍郵局,苗栗13支,35699,後龍郵局第○○號信箱,P.O.BOX ○○ HoulongMiaoli County  35699Taiwan ( R.O.C.),穿牆式,029113-3,356913
通霄郵局,苗栗14支,35799,通霄郵局第○○號信箱,P.O.BOX ○○ TongxiaoMiaoli County  35799Taiwan ( R.O.C.),穿牆式,029114-7,357914
通霄白沙屯郵局,苗栗15支,35799,通霄白沙屯郵局第 ○○號信箱,P.O.BOX ○○ Tongxiao BaishazhunMiaoli County  35799Taiwan ( R.O.C.),穿牆式,029115-1,357915
大湖郵局,苗栗16支,36499,大湖郵局第○○號信箱,P.O.BOX ○○ DahuMiaoli County  36499Taiwan ( R.O.C.),穿牆式,029116-4,364916
獅潭郵局,苗栗17支,35499,獅潭郵局第○○號信箱,P.O.BOX ○○  Shitan Miaoli County  35499Taiwan ( R.O.C.),穿牆式,029117-8,354917
泰安郵局,苗栗18支,36599,泰安郵局第○○號信箱,P.O.BOX ○○ Tai-anMiaoli County  36599Taiwan ( R.O.C.),局內型,029118-1,365918
三義郵局,苗栗19支,36799,三義郵局第○○號信箱,P.O.BOX ○○ SanyiMiaoli County  36799Taiwan ( R.O.C.),穿牆式,029119-5,367919
苑裡郵局,苗栗20支,35899,苑裡郵局第○○號信箱,P.O.BOX ○○ YuanliMiaoli County  35899Taiwan ( R.O.C.),穿牆式,029120-7,358920
苑裡山腳郵局,苗栗21支,35899,苑裡山腳郵局第 ○○ 號信箱,P.O.BOX ○○ Yuanli ShanjiauMiaoli County  35899Taiwan ( R.O.C.),局內型,029121-1,358921
苑裡社苓郵局,苗栗22支,35899,尚未開辦信箱,,無,029122-4,358922
竹南郵局,苗栗23支,35099,竹南郵局第○○號信箱,P.O.BOX ○○  Zhunan Miaoli County  35099Taiwan ( R.O.C.),局內型,029123-8,350923
造橋郵局,苗栗24支,36199,造橋郵局第○○號信箱,P.O.BOX ○○ ZaoqiaoMiaoli County  36199Taiwan ( R.O.C.),局內型,029124-1,361924
竹南中港郵局,苗栗25支,35099,尚未開辦信箱,,無,029125-5,350925
竹南科學園郵局,苗栗26支,35099,尚未開辦信箱,,無,029126-9,350926
造橋大西郵局,苗栗27支,36199,尚未開辦信箱,,無,029127-2,361927
竹南照南郵局,苗栗28支,35099,尚未開辦信箱,,無,029128-6,350928
頭份郵局,苗栗29支,35199,頭份郵局第○○號信箱,P.O.BOX ○○ ToufenMiaoli County  35199Taiwan ( R.O.C.),穿牆式,029129-0,351929
頭份斗煥郵局,苗栗30支,35199,頭份斗煥郵局第 ○○ 號信箱,P.O.BOX ○○ Toufen DouhuanMiaoli County  35199Taiwan ( R.O.C.),局內型,029130-1,351930
三灣郵局,苗栗31支,35299,三灣郵局第○○號信箱,P.O.BOX ○○ SanwanMiaoli County  35299Taiwan ( R.O.C.),穿牆式,029131-5,352931
頭份田寮郵局,苗栗32支,35199,尚未開辦信箱,,無,029132-9,351932
頭份上公園郵局,苗栗33支,35199,頭份上公園郵局第 ○○號信箱,P.O.BOX ○○ Toufen Shanggongyuan Miaoli County  35199Taiwan ( R.O.C.),穿牆式,029133-2,351933
南庄郵局,苗栗34支,35399,南庄郵局第○○號信箱,P.O.BOX ○○ NanzhuangMiaoli County  35399Taiwan ( R.O.C.),穿牆式,029134-6,353934
頭份尖山郵局,苗栗35支,35199,尚未開辦信箱,,無,029135-0,351935
頭份蟠桃郵局,苗栗36支,35199,尚未開辦信箱,,無,029136-3,351936
卓蘭郵局,苗栗37支,36999,卓蘭郵局第○○號信箱,P.O.BOX ○○ ZhuolanMiaoli County  36999Taiwan ( R.O.C.),穿牆式,029137-7,369937
斗六西平路郵局,雲林901支,64099,斗六西平路郵局第○○號信箱,P.O.BOX ○○ Douliu Xiping Rd.Yunlin County  64099Taiwan ( R.O.C.),局內型,030100-8,640900
莿桐郵局,雲林1支,64799,莿桐郵局第○○號信箱,P.O.BOX ○○ Citong Yunlin County  64799Taiwan ( R.O.C.),穿牆式,030101-1,647901
斗六大崙郵局,雲林2支,64099,斗六大崙郵局第○○號信箱,P.O.BOX ○○ Douliu DalunYunlin County  64099Taiwan ( R.O.C.),穿牆式,030102-5,640902
斗六石榴郵局,雲林3支,64099,斗六石榴郵局第○○號信箱,P.O.BOX ○○ Douliu ShiliuYunlin County  64099Taiwan ( R.O.C.),穿牆式,030103-9,640903
斗六鎮北郵局,雲林4支,64099,斗六鎮北郵局第○○號信箱,P.O.BOX ○○ Douliou ZhenbeiYunlin County  64099Taiwan ( R.O.C.),穿牆式,030104-2,640904
斗六永安郵局,雲林5支,64099,尚未開辦信箱,,無,030105-6,640905
莿桐饒平郵局,雲林6支,64799,尚未開辦信箱,,無,030106-0,647906
林內郵局,雲林7支,64399,林內郵局第○○號信箱,P.O.BOX ○○ LinneiYunlin County  64399Taiwan ( R.O.C.),穿牆式,030107-3,643907
古坑郵局,雲林8支,64699,古坑郵局第○○號信箱,P.O.BOX ○○ GukengYunlin County  64699Taiwan ( R.O.C.),局內型,030108-7,646908
古坑東和郵局,雲林9支,64699,尚未開辦信箱,,無,030109-1,646909
古坑草嶺郵局,雲林10支,64699,尚未開辦信箱,,無,030110-2,646910
斗南郵局,雲林11支,63099,斗南郵局第○○號信箱,P.O.BOX ○○ DounanYunlin County  63099Taiwan ( R.O.C.),局內型,030111-6,630911
大埤郵局,雲林12支,63199,大埤郵局第○○號信箱,P.O.BOX ○○ DapiYunlin County  63199Taiwan ( R.O.C.),局內型,030112-0,631912
斗南石龜郵局,雲林13支,63099,尚未開辦信箱,,無,030113-3,630913
斗南新光郵局,雲林14支,63099,尚未開辦信箱,,無,030114-7,630914
西螺郵局,雲林15支,64899,西螺郵局第○○號信箱,P.O.BOX ○○  XiluoYunlin County  64899Taiwan ( R.O.C.),穿牆式,030115-1,648915
西螺埔心郵局,雲林16支,64899,尚未開辦信箱,,無,030116-4,648916
虎尾郵局,雲林17支,63299,虎尾郵局第○○號信箱,P.O.BOX ○○ HuweiYunlin County  63299Taiwan ( R.O.C.),穿牆式,030117-8,632917
虎尾圓環郵局,雲林18支,63299,尚未開辦信箱,,無,030118-1,632918
二崙郵局,雲林20支,64999,二崙郵局第○○號信箱,P.O.BOX ○○ ErlunYunlin County  64999Taiwan ( R.O.C.),局內型,030120-7,649920
二崙油車郵局,雲林21支,64999,尚未開辦信箱,,無,030121-1,649921
虎尾科技大學郵局,雲林22支,63299,虎尾科技大學郵局第○○號信箱,P.O.BOX ○○ National Huwei University of Science and TechnologyYunlin County  63299Taiwan ( R.O.C.),局內型,030122-4,632922
土庫郵局,雲林23支,63399,土庫郵局第○○號信箱,P.O.BOX ○○ TukuYunlin County  63399Taiwan ( R.O.C.),穿牆式,030123-8,633923
土庫馬光郵局,雲林24支,63399,土庫馬光郵局第○○號信箱,P.O.BOX ○○ Tuku MaguangYunlin County  63399Taiwan ( R.O.C.),穿牆式,030124-1,633924
崙背郵局,雲林25支,63799,崙背郵局第○○號信箱,P.O.BOX ○○ LunbeiYunlin County  63799Taiwan ( R.O.C.),穿牆式,030125-5,637925
麥寮郵局,雲林26支,63899,麥寮郵局第○○號信箱,P.O.BOX ○○ MailiaoYunlin County  63899Taiwan ( R.O.C.),穿牆式,030126-9,638926
臺西郵局,雲林27支,63699,臺西郵局第○○號信箱,P.O.BOX ○○ TaixiYunlin County  63699Taiwan ( R.O.C.),局內型,030127-2,636927
褒忠郵局,雲林28支,63499,褒忠郵局第○○號信箱,P.O.BOX ○○ BaozhongYunlin County  63499Taiwan ( R.O.C.),局內型,030128-6,634928
東勢厝郵局,雲林29支,63599,東勢厝郵局第○○號信箱,P.O.BOX ○○ DongshicuoYunlin County  63599Taiwan ( R.O.C.),局內型,030129-0,635929
麥寮工業區郵局,雲林30支,63899,麥寮工業區郵局第○○號信箱,P.O.BOX ○○ Mailiao Industrial ParkYunlin County  63899Taiwan ( R.O.C.),穿牆式,030130-1,638930
麥寮橋頭郵局,雲林31支,63899,麥寮橋頭郵局第○○號信箱,P.O.BOX ○○ Mailiao QiaotouYunlin County  63899Taiwan ( R.O.C.),穿牆式,030131-5,638931
北港郵局,雲林32支,65199,北港郵局第○○號信箱,P.O.BOX ○○ BeigangYunlin County  65199Taiwan ( R.O.C.),穿牆式,030132-9,651932
北港北辰郵局,雲林34支,65199,北港北辰郵局第○○號信箱,P.O.BOX ○○ Beigang BeichenYunlin County  65199Taiwan ( R.O.C.),穿牆式,030134-6,651934
水林郵局,雲林35支,65299,水林郵局第○○號信箱,P.O.BOX ○○ ShuilinYunlin County  65299Taiwan ( R.O.C.),穿牆式,030135-0,652935
口湖郵局,雲林36支,65399,口湖郵局第○○號信箱,P.O.BOX ○○ KouhuYunlin County  65399Taiwan ( R.O.C.),局內型,030136-3,653936
口湖椬梧郵局,雲林37支,65399,尚未開辦信箱,,無,030137-7,653937
四湖郵局,雲林38支,65499,四湖郵局第○○號信箱,P.O.BOX ○○ SihuYunlin County  65499Taiwan ( R.O.C.),局內型,030138-1,654938
元長郵局,雲林39支,65599,元長郵局第○○號信箱,P.O.BOX ○○ YuanchangYunlin County  65599Taiwan ( R.O.C.),穿牆式,030139-4,655939
板橋文化路郵局,板橋901支,22099,板橋文化路郵局第○○號信箱,P.O.BOX ○○ Banqiao Wenhua RoadNew Taipei City 22099Taiwan (R.O.C.),局內型及穿牆式,031100-4,220900
板橋大觀路郵局,板橋1支,22099,板橋大觀路郵局第○○號信箱,P.O.BOX ○○ Banqiao Daguan RoadNew Taipei City 22099Taiwan (R.O.C.),穿牆式,031101-8,220901
土城郵局,板橋2支,23699,土城郵局第○○號信箱,P.O.BOX ○○ TuchengNew Taipei City 23699Taiwan (R.O.C.),穿牆式,031102-1,236902
板橋後埔郵局,板橋3支,22099,板橋後埔郵局第○○號信箱,P.O.BOX ○○ Banqiao HoupuNew Taipei City 22099Taiwan (R.O.C.),局內型,031103-5,220903
板橋埔墘郵局,板橋4支,22099,板橋埔墘郵局第○○號信箱,P.O.BOX ○○ Banqiao PuqianNew Taipei City 22099Taiwan (R.O.C.),穿牆式,031104-9,220904
板橋莒光郵局,板橋6支,22099,板橋莒光郵局第○○號信箱,P.O.BOX ○○ Banqiao Juguang New Taipei City 22099Taiwan (R.O.C.),穿牆式,031106-6,220906
板橋站前郵局,板橋7支,22099,板橋站前郵局第○○號信箱,P.O.BOX ○○ Banqiao Railway Station FrontNew Taipei City 22099Taiwan (R.O.C.),局內型,031107-0,220907
板橋民族路郵局,板橋8支,22099,板橋民族路郵局第○○號信箱,P.O.BOX ○○ Banqiao Minzu RoadNew Taipei City 22099Taiwan (R.O.C.),穿牆式,031108-3,220908
板橋中正路郵局,板橋9支,22099,板橋中正路郵局第○○號信箱,P.O.BOX ○○ Banqiao Zhongzheng RoadNew Taipei City 22099Taiwan (R.O.C.),穿牆式,031109-7,220909
土城工業區郵局,板橋10支,23699,土城工業區郵局第○○號信箱,P.O.BOX ○○ Tucheng Industrial ParkNew Taipei City 23699Taiwan (R.O.C.),穿牆式,031110-9,236910
板橋南雅郵局,板橋12支,22099,板橋南雅郵局第○○號信箱,P.O.BOX ○○ Banqiao NanyaNew Taipei City 22099Taiwan (R.O.C.),穿牆式,031112-6,220912
土城清水郵局,板橋13支,23699,土城清水郵局第○○號信箱,P.O.BOX ○○ Tucheng QingshueiNew Taipei City 23699Taiwan (R.O.C.),穿牆式,031113-0,236913
板橋國慶郵局,板橋14支,22099,板橋國慶郵局第○○號信箱,P.O.BOX ○○ Banqiao GuoqingNew Taipei City 22099Taiwan (R.O.C.),穿牆式,031114-3,220914
板橋新海郵局,板橋15支,22099,板橋新海郵局第○○號信箱,P.O.BOX ○○ Banqiao XinhaiNew Taipei City 22099Taiwan (R.O.C.),穿牆式,031115-7,220915
板橋八甲郵局,板橋16支,22099,板橋八甲郵局第○○號信箱,P.O.BOX ○○ Banqiao BajiaNew Taipei City 22099Taiwan (R.O.C.),穿牆式,031116-1,220916
板橋光復橋郵局,板橋17支,22099,板橋光復橋郵局第○○號信箱,P.O.BOX ○○ Banqiao Guangfu BridgeNew Taipei City 22099Taiwan (R.O.C.),穿牆式,031117-4,220917
板橋海山郵局,板橋18支,22099,板橋海山郵局第○○號信箱,P.O.BOX ○○ Banqiao HaishanNew Taipei City 22099Taiwan (R.O.C.),穿牆式,031118-8,220918
板橋港尾郵局,板橋19支,22099,板橋港尾郵局第○○號信箱,P.O.BOX ○○ Banqiao Gangwei New Taipei City 22099Taiwan (R.O.C.),局內型,031119-1,220919
土城貨饒郵局,板橋20支,23699,土城貨饒郵局第○○號信箱,P.O.BOX ○○ Tucheng  HuoraoNew Taipei City 23699Taiwan (R.O.C.),穿牆式,031120-3,236920
板橋江翠郵局,板橋21支,22099,板橋江翠郵局第○○號信箱,P.O.BOX ○○ Banqiao JiangcuiNew Taipei City 22099Taiwan (R.O.C.),穿牆式,031121-7,220921
板橋漢生郵局,板橋23支,22099,板橋漢生郵局第○○號信箱,P.O.BOX  ○○ Banqiao HanshengNew Taipei City 22099Taiwan (R.O.C.),穿牆式,031123-4,220923
板橋三民路郵局,板橋24支,22099,板橋三民路郵局第○○號信箱,P.O.BOX ○○ Banqiao Sanmin RoadNew Taipei City 22099Taiwan (R.O.C.),穿牆式,031124-8,220924
板橋浮洲郵局,板橋26支,22099,尚未開辦信箱,,無,031126-5,
土城青雲郵局,板橋27支,23699,尚未開辦信箱,,無,031127-9,
土城平和郵局,板橋28支,23699,土城平和郵局第○○號信箱,P.O.BOX ○○ Tucheng PingheNew Taipei City 23699Taiwan (R.O.C.),穿牆式,031128-2,236928
土城學府郵局,板橋29支,23699,土城學府郵局第○○號信箱,P.O.BOX ○○ Tucheng SyuefuNew Taipei City 23699Taiwan (R.O.C.),穿牆式,031129-6,236929
新北市政府郵局,板橋30支,22099,新北市政府郵局第○○號信箱,P.O.BOX ○○ NewTaipei City GovernmentNew Taipei City 22099Taiwan (R.O.C.),穿牆式,031130-8,220930
板橋溪崑郵局,板橋31支,22099,板橋溪崑郵局第○○號信箱,P.O.BOX ○○ Banqiao XikunNew Taipei City 22099Taiwan (R.O.C.),穿牆式,031131-1,220931
三峽郵局,板橋32支,23799,三峽郵局第○○號信箱,P.O.BOX ○○ SanxiaNew Taipei City 23799Taiwan (R.O.C.),穿牆式,031132-5,237932
三峽大埔郵局,板橋33支,23799,尚未開辦信箱,,無,031133-9,
三峽中山郵局,板橋34支,23799,三峽中山郵局第○○號信箱,P.O.BOX ○○ Sanxia Zhongshan  New Taipei City 23799Taiwan (R.O.C.),穿牆式,031134-2,237934
三峽橫溪郵局,板橋35支,23799,尚未開辦信箱,,無,031135-6,
北大特區郵局,板橋36支,23799,北大特區郵局第○○號信箱,P.O.BOX ○○ Beida Special DistrictNew Taipei City 23799Taiwan (R.O.C.),穿牆式,031136-0,238936
鶯歌郵局,板橋37支,23999,鶯歌郵局第○○號信箱,P.O.BOX ○○ YinggeNew Taipei City 23999Taiwan (R.O.C.),穿牆式,031137-3,239937
鶯歌鳳鳴郵局,板橋38支,     ,尚未開辦信箱, ,無,031138-7,
鶯歌二橋郵局,板橋39支,23999,尚未開辦信箱,,無,031139-1,
鶯歌永昌郵局,板橋40支,23999,鶯歌永昌郵局第○○號信箱,P.O.BOX ○○ Yingge YongchangNew Taipei City 23999Taiwan(R.O.C.),穿牆式,031140-2,239940
新店郵局,板橋41支,23199,新店郵局第○○號信箱,P.O.BOX ○○ XindianNew Taipei City 23199Taiwan (R.O.C.),穿牆式,031141-6,231941
新店頂城郵局,板橋42支,23199,新店頂城郵局第○○號信箱,P.O.BOX ○○ Xindian DingchengNew Taipei City 23199Taiwan (R.O.C.),穿牆式,031142-0,231942
新店龜山郵局,板橋43支,23199,新店龜山郵局第○○號信箱,P.O.BOX ○○ Xindian GuishanNew Taipei City 23199Taiwan (R.O.C.),穿牆式,031143-3,231943
新店五城郵局,板橋44支,23199,新店五城郵局第○○號信箱,P.O.BOX ○○ Xindian WuchengNew Taipei City 23199Taiwan (R.O.C.),穿牆式,031144-7,231944
新店大坪林郵局,板橋45支,23199,新店大坪林郵局第○○號信箱,P.O.BOX ○○ Xindian DapinglinNew Taipei City 23199Taiwan (R.O.C.),穿牆式,031145-1,231945
新店青潭郵局,板橋46支,23199,尚未開辦信箱,,無,031146-4,
新店公崙郵局,板橋47支,23199,新店公崙郵局第○○號信箱,P.O.Box ○○ Xindian GonglunNew Taipei City 23199Taiwan (R.O.C.),穿牆式,031147-8,231947
新店檳榔路郵局,板橋48支,23199,新店檳榔路郵局第○○號信箱,P.O.BOX ○○ Xindian Binlang RoadNew Taipei City 23199Taiwan (R.O.C.),穿牆式,031148-1,231948
新店復興郵局,板橋49支,23199,尚未開辦信箱,,無,031149-5,
新店中央郵局,板橋50支,23199,新店中央郵局第○○號信箱,P.O.BOX ○○ Xindian ZhongyangNew Taipei City 23199Taiwan (R.O.C.),穿牆式,031150-7,231950
坪林郵局,板橋51支,23299,尚未開辦信箱,,無,031151-1,
新店中正郵局,板橋52支,23199,新店中正郵局第○○號信箱,P.O.BOX ○○ Xindian ZhongzhengNew Taipei City 23199Taiwan (R.O.C.),穿牆式,031152-4,231952
新店寶橋郵局,板橋53支,23199,新店寶橋郵局第○○號信箱,P.O.BOX ○○ Xindian BaoqiaoNew Taipei City 23199Taiwan (R.O.C.),穿牆式,031153-8,231953
新店十四份郵局,板橋54支,23199,新店十四份郵局第○○號信箱,P.O.BOX ○○ Xindian ShisifenNew Taipei City 23199Taiwan (R.O.C.),穿牆式,031154-1,231954
烏來郵局,板橋55支,23399,尚未開辦信箱,,無,031155-5,
新店永安郵局,板橋56支,23199,新店永安郵局第○○號信箱,P.O.BOX ○○ Xindian Yong-anNew Taipei City 23199Taiwan (R.O.C.),穿牆式,031156-9,231956
新店雙城郵局,板橋57支,23199,新店雙城郵局第○○號信箱,P.O.BOX ○○ Xindian ShuangchengNew Taipei City 23199Taiwan (R.O.C.),穿牆式,031157-2,231957
新店碧潭郵局,板橋58支,23199,新店碧潭郵局第○○號信箱,P.O.BOX ○○ Xindian BitanNew Taipei City 23199Taiwan (R.O.C.),穿牆式,031158-6,231958
新店屈尺郵局,板橋59支,23199,尚未開辦信箱,,無,031159-0,
新店水尾郵局,板橋60支,23199,新店水尾郵局第○○號信箱,P.O.BOX ○○ Xindian  Shuiwei New Taipei City 23199Taiwan (R.O.C.),穿牆式,031160-1,231960
新店五峰郵局,板橋61支,23199,新店五峰郵局第○○號信箱,P.O.BOX ○○ Xindian WufengNew Taipei City 23199Taiwan (R.O.C.),穿牆式,031161-5,231961
新店中華路郵局,板橋62支,23199,尚未開辦信箱,,無,031162-9,
新店玫瑰城郵局,板橋63支,23199,新店玫瑰城郵局第○○號信箱,P.O.BOX ○○ Xindian MeiguichengNew Taipei City 23199Taiwan (R.O.C.),局內型,031163-2,231963
永和郵局,板橋64支,23499,永和郵局第○○號信箱,P.O.BOX ○○ YongheNew Taipei City 23499Taiwan (R.O.C.),局內型,031164-6,234964
永和福和郵局,板橋65支,23499,永和福和郵局第○○號信箱,P.O.BOX ○○ Yonghe FuheNew Taipei City 23499Taiwan (R.O.C.),穿牆式,031165-0,234965
永和永貞郵局,板橋66支,23499,永和永貞郵局第○○號信箱,P.O.BOX ○○ Yonghe YongzhenNew Taipei City 23499Taiwan (R.O.C.),穿牆式,031166-3,234966
永和中正路郵局,板橋67支,23499,永和中正路郵局第○○號信箱,P.O.BOX ○○ Yonghe Zhongzheng RoadNew Taipei City 23499Taiwan (R.O.C.),局內型,031167-7,234967
永和秀朗郵局,板橋68支,23499,永和秀朗郵局第○○號信箱,P.O.BOX ○○ Yonghe XiulangNew Taipei City 23499Taiwan (R.O.C.),穿牆式,031168-1,234968
永和中山路郵局,板橋69支,23499,永和中山路郵局第○○號信箱,P.O.BOX ○○ Yonghe Zhongshan RoadNew Taipei City 23499Taiwan (R.O.C.),穿牆式,031169-4,234969
中和郵局,板橋71支,23599,中和郵局第○○號信箱,P.O.BOX ○○ ZhongheNew Taipei City 23599Taiwan (R.O.C.),穿牆式,031171-0,235971
中和泰和街郵局,板橋72支,23599,中和泰和街郵局第○○號信箱,P.O.BOX ○○ Zhonghe Taihe StreetNew Taipei City 23599Taiwan (R.O.C.),穿牆式,031172-3,235972
中和中山路郵局,板橋73支,23599,中和中山路郵局第○○號信箱,P.O.BOX ○○ Zhonghe Zhongshan RoadNew Taipei City 23599Taiwan (R.O.C.),穿牆式,031173-7,235973
中和南勢角郵局,板橋74支,23599,中和南勢角郵局第○○號信箱,P.O.BOX ○○ Zhonghe NanshijiaoNew Taipei City 23599Taiwan (R.O.C.),穿牆式,031174-1,235974
中和連城路郵局,板橋75支,23599,中和連城路郵局第○○號信箱,P.O.BOX ○○ Zhonghe Liancheng RoadNew Taipei City 23599Taiwan (R.O.C.),穿牆式,031175-4,235975
中和中正路郵局,板橋76支,23599,中和中正路郵局第○○號信箱,P.O.BOX ○○ Zhonghe Zhongzheng RoadNew Taipei City 23599Taiwan (R.O.C.),穿牆式,031176-8,235976
中和秀山郵局,板橋77支,23599,中和秀山郵局第○○號信箱,P.O.BOX ○○ Zhonghe XiushanNew Taipei City 23599Taiwan (R.O.C.),穿牆式,031177-1,235977
中和民富街郵局,板橋78支,23599,中和民富街郵局第○○號信箱,P.O.BOX ○○ Zhonghe Minfu StreetNew Taipei City 23599Taiwan (R.O.C.),穿牆式,031178-5,235978
中和宜安郵局,板橋79支,23599,中和宜安郵局第○○號信箱,P.O.BOX ○○ Zhonghe Yi-anNew Taipei City 23599Taiwan (R.O.C.),穿牆式,031179-9,235979
中和國光街郵局,板橋80支,23599,中和國光街郵局第○○號信箱,P.O.BOX ○○ Zhonghe Guoguang StreetNew Taipei City 23599Taiwan (R.O.C.),穿牆式,031180-1,235980
中和大華郵局,板橋81支,23599,中和大華郵局第○○號信箱,P.O.BOX ○○ Zhonghe DahuaNew Taipei City 23599Taiwan (R.O.C.),穿牆式,031181-4,235981
樹林郵局,板橋82支,23899,樹林郵局第○○號信箱,P.O.BOX ○○ ShulinNew Taipei City 23899Taiwan (R.O.C.),穿牆式,031182-8,238982
樹林山佳郵局,板橋83支,23899,樹林山佳郵局第○○號信箱,P.O.BOX ○○ Shulin ShanjiaNew Taipei City 23899Taiwan (R.O.C.),穿牆式,031183-1,238983
樹林迴龍郵局,板橋84支,23899,樹林迴龍郵局第○○號信箱,P.O.BOX ○○ Shulin HuilongNew Taipei City 23899Taiwan (R.O.C.),穿牆式,031184-5,238984
樹林鎮前街郵局,板橋85支,23899,樹林鎮前街郵局第○○號信箱,P.O.BOX ○○ Shulin Zhenqian StreetNew Taipei City 23899Taiwan (R.O.C.),穿牆式,031185-9,238985
樹林育英街郵局,板橋86支,23899,樹林育英街郵局第○○號信箱,P.O.BOX ○○ Shulin Yuying StreetNew Taipei City 23899Taiwan (R.O.C.),穿牆式,031186-2,238986
樹林柑園郵局,板橋87支,23899,樹林柑園郵局第○○號信箱,P.O.BOX ○○ Shulin GanyuanNew Taipei City 23899Taiwan (R.O.C.),穿牆式,031187-6,238987
樹林樹新路郵局,板橋88支,23899,樹林樹新路郵局第○○號信箱,P.O.BOX ○○ Shulin Shuxin RoadNew Taipei City 23899Taiwan (R.O.C.),穿牆式,031188-0,238988
樹林大同郵局,板橋90支,23899,樹林大同郵局第○○號信箱,P.O.BOX ○○ Shulin DatongNew Taipei City 23899Taiwan (R.O.C.),穿牆式,031190-5,238990
樹林三多郵局,板橋91支,23899,樹林三多郵局第○○號信箱,P.O.BOX ○○ Shulin SanduoNew Taipei City 23899Taiwan (R.O.C.),穿牆式,031191-9,238991
中和興南郵局,板橋92支,23599,中和興南郵局第○○ 號信箱,P.O.BOX ○○ Zhonghe  XingnanNew Taipei City  23599 Taiwan(R.O.C.),穿牆式,031192-2,235992
南投三和郵局,南投901支,54099,南投三和郵局第○○號信箱,P.O.BOX ○○ Nantou SanheNantou City  54099Taiwan ( R.O.C.),穿牆式,040100-5,540900
中寮郵局,南投1支,54199,中寮郵局第○○號信箱,P.O.BOX ○○ ZhongliaoNantou County  54199Taiwan ( R.O.C.),局內型,040101-9,541901
南投南崗郵局,南投3支,54099,南投南崗郵局第 ○○號信箱,P.O.BOX ○○ NangangNantou City  54099Taiwan ( R.O.C.),穿牆式,040103-6,540903
中寮龍安郵局,南投4支,54199,尚未開辦信箱,,無,040104-0,541904
南投民族路郵局,南投5支,54099,南投民族路郵局第 ○○號信箱,P.O.BOX ○○ Nantou Minzu RoadNantou City  54099Taiwan ( R.O.C.),穿牆式,040105-3,540905
南投中山街郵局,南投6支,54099,尚未開辦信箱,,無,040106-7,540906
南投中興郵局,南投7支,54099,南投中興郵局第 ○○號信箱,P.O.BOX ○○ ZhongsingNantou City  54099Taiwan ( R.O.C.),穿牆式,040107-1,540907
南投光明里郵局,南投8支,54099,尚未開辦信箱,,無,040108-4,540908
集集郵局,南投9支,55299,集集郵局第○○號信箱,P.O.BOX ○○ JijiNantou County  55299Taiwan ( R.O.C.),局內型,040109-8,552909
草屯郵局,南投10支,54299,草屯郵局第○○號信箱,P.O.BOX ○○ CaotunNantou County  54299Taiwan ( R.O.C.),穿牆式,040110-0,542910
草屯大觀郵局,南投11支,54299,尚未開辦信箱,,無,040111-3,542911
草屯碧山郵局,南投12支,54299,尚未開辦信箱,,無,040112-7,542912
水里郵局,南投13支,55399,水里郵局第○○號信箱,P.O.BOX ○○ Shuili Nantou County  55399Taiwan ( R.O.C.),局內型,040113-1,553913
水里北埔郵局,南投14支,55399,尚未開辦信箱,,無,040114-4,553914
信義郵局,南投15支,55699,信義郵局第○○號信箱,P.O.BOX ○○ XinyiNantou County  55699Taiwan ( R.O.C.),穿牆式,040115-8,556915
信義和社郵局,南投16支,55699,信義和社郵局第○○號信箱,P.O.BOX ○○ Xinyi HansheNantou County  55699Taiwan ( R.O.C.),局內型,040116-1,556916
名間郵局,南投17支,55199,名間郵局第○○號信箱,P.O.BOX ○○ MingjianNantou County  55199Taiwan ( R.O.C.),局內型,040117-5,551917
名間松嶺郵局,南投18支,55199,名間松嶺郵局第 ○○號信箱,P.O.BOX ○○ Mingjian Song RidgeNantou County  55199Taiwan ( R.O.C.),穿牆式,040118-9,551918
名間新街郵局,南投19支,55199,名間新街郵局第 ○○號信箱,P.O.BOX ○○ Mingjian SinjieNantou County  55199Taiwan ( R.O.C.),穿牆式,040119-2,551919
名間大庄郵局,南投20支,55199,尚未開辦信箱,,無,040120-4,551920
草屯南埔郵局,南投21支,54299,尚未開辦信箱,,無,040121-8,542921
竹山郵局,南投22支,55799,竹山郵局第○○號信箱,P.O.BOX ○○ zhushanNantou County  55799Taiwan ( R.O.C.),穿牆式,040122-1,557922
鹿谷郵局,南投23支,55899,鹿谷郵局第○○號信箱,P.O.BOX ○○ LuguNantou County  55899Taiwan ( R.O.C.),局內型,040123-5,558923
竹山後埔郵局,南投24支,55799,尚未開辦信箱,,無,040124-9,557924
竹山東埔蚋郵局,南投25支,55799,尚未開辦信箱,,無,040125-2,557925
鹿谷清水郵局,南投27支,55899,尚未開辦信箱,,無,040127-0,558927
埔里郵局,南投28支,54599,埔里郵局第○○號信箱,P.O.BOX ○○ PuliNantou County  54599Taiwan ( R.O.C.),穿牆式,040128-3,545928
仁愛霧社郵局,南投29支,54699,仁愛霧社郵局第○○號信箱,P.O.BOX ○○ Ren-ai WusheNantou County  54699Taiwan ( R.O.C.),穿牆式,040129-7,546929
埔里北平街郵局,南投30支,54599,尚未開辦信箱,,無,040130-9,545930
埔里崎下郵局,南投31支,54599,尚未開辦信箱,,無,040131-2,545931
仁愛萬大郵局,南投32支,54699,尚未開辦信箱,,無,040132-6,546932
埔里大坪頂郵局,南投33支,54599,尚未開辦信箱,,無,040133-0,545933
埔里第三市場郵局,南投34支,54599,尚未開辦信箱,,無,040134-3,545934
埔里中心碑郵局,南投35支,54599,尚未開辦信箱,,無,040135-7,545935
埔里南光郵局,南投36支,54599,尚未開辦信箱,,無,040136-1,545936
魚池郵局,南投37支,55599,魚池郵局第○○號信箱,P.O.BOX ○○ YuchiNantou County  55599Taiwan ( R.O.C.),穿牆式,040137-4,555937
日月潭郵局,南投38支,55599,尚未開辦信箱,,無,040138-8,555938
魚池頭社郵局,南投39支,55599,尚未開辦信箱,,無,040139-1,555939
國姓郵局,南投40支,54499,國姓郵局第○○號信箱,P.O.BOX ○○ GuoxingNantou County  54499Taiwan ( R.O.C.),穿牆式,040140-3,544940
國姓北山郵局,南投41支,54499,尚未開辦信箱,,無,040141-7,544941
國姓長流郵局,南投42支,54499,國姓長流郵局第○○號信箱,P.O.BOX ○○ Guoxing ChangliuNantou County  54499Taiwan ( R.O.C.),穿牆式,040142-1,544942
三重中山路郵局,三重901支,24199,三重中山路郵局第○○號信箱,P.O.BOX ○○ Sanchong Zhongshan RoadNew Taipei City  24199Taiwan ( R.O.C.),穿牆式,244100-7,241900
三重正義郵局,三重1支,24199,三重正義郵局第○○號信箱,P.O.BOX ○○ Sanchong ZhengyiNew Taipei City  24199Taiwan ( R.O.C.),穿牆式,244101-1,241901
三重忠孝路郵局,三重2支,24199,三重忠孝路郵局第○○號信箱,P.O.BOX ○○ Sanchong Zhongxiao RoadNew Taipei City  24199Taiwan ( R.O.C.),局內型,244102-4,241902
三重二重埔郵局,三重3支,24199,三重二重埔郵局第○○號信箱,P.O.BOX ○○ Sanchong ErchongpuNew Taipei City  24199Taiwan ( R.O.C.),穿牆式,244103-8,241903
三重溪尾街郵局,三重4支,24199,三重溪尾街郵局第○○號信箱,P.O.BOX ○○ Sanchong Xiwei StreetNew Taipei City  24199Taiwan ( R.O.C.),穿牆式,244104-1,241904
三重中興橋郵局,三重5支,24199,三重中興橋郵局第○○號信箱,P.O.BOX ○○ Sanchong Zhongxing BridgeNew Taipei City  24199Taiwan ( R.O.C.),穿牆式,244105-5,241905
三重中正路郵局,三重6支,24199,尚未開辦信箱,,無,244106-9,
三重介壽路郵局,三重7支,24199,三重介壽路郵局第○○號信箱,P.O.BOX ○○ Sanchong Jieshou RoadNew Taipei City  24199Taiwan ( R.O.C.),穿牆式,244107-2,241907
三重五常郵局,三重10支,24199,三重五常郵局第○○號信箱,P.O.BOX ○○ Sanchong WuchangNew Taipei City  24199Taiwan ( R.O.C.),穿牆式,244110-1,241910
林口中正路郵局,三重11支,24499,林口中正路郵局第○○號信箱,P.O.BOX ○○ Linkou Zhongzheng RoadNew Taipei City  24499Taiwan ( R.O.C.),穿牆式,244111-5,244911
林口台師大郵局,三重12支,24499,林口台師大郵局第○○號信箱,P.O.BOX ○○ Linkou National Taiwan Normal UniversityNew Taipei City  24499Taiwan ( R.O.C.),穿牆式,244112-9,244912
林口國宅郵局,三重13支,24499,林口國宅郵局第○○號信箱,P.O.BOX ○○ Linkou Public Housing Community New Taipei City  24499Taiwan ( R.O.C.),穿牆式,244113-2,244913
林口中湖頭郵局,三重14支,24499,林口中湖頭郵局第○○號信箱,P.O.BOX ○○ Linkou ZhonghutouNew Taipei City  24499Taiwan ( R.O.C.),穿牆式,244114-6,244914
蘆洲郵局,三重15支,24799,蘆洲郵局第○○號信箱,P.O.BOX ○○ LuzhouNew Taipei City  24799Taiwan ( R.O.C.),局內型,244115-0,247915
蘆洲空大郵局,三重16支,24799,蘆洲空大郵局第○○號信箱,P.O.BOX ○○ Luzhou National Open UniversityNew Taipei City  24799Taiwan ( R.O.C.),局內型,244116-3,247916
蘆洲中山路郵局,三重17支,24799,蘆洲中山路郵局第○○號信箱,P.O.BOX ○○ Luzhou Zhongshan RoadNew Taipei City  24799Taiwan ( R.O.C.),穿牆式,244117-7,247917
蘆洲光華路郵局,三重18支,24799,蘆洲光華路郵局第○○號信箱,P.O.BOX ○○ Luzhou Guanghua RoadNew Taipei City  24799Taiwan ( R.O.C.),穿牆式,244118-1,247918
蘆洲中原路郵局,三重19支,24799,蘆洲中原路郵局第○○號信箱,P.O.BOX ○○ Luzhou Zhongyuan RoadNew Taipei City  24799Taiwan ( R.O.C.),穿牆式,244119-4,247919
蘆洲民族路郵局,三重20支,24799,蘆洲民族路郵局第○○號信箱,P.O.BOX ○○ Luzhou Minzu RoadNew Taipei City  24799Taiwan ( R.O.C.),穿牆式,244120-6,247920
五股郵局,三重21支,24899,五股郵局第○○號信箱,P.O.BOX ○○ WuguNew Taipei City  24899Taiwan ( R.O.C.),穿牆式,244121-0,248921
五股褒仔寮郵局,三重22支,24899,五股褒仔寮郵局第○○號信箱,P.O.BOX ○○ Wugu BaozailiaoNew Taipei City  24899Taiwan ( R.O.C.),穿牆式,244122-3,248922
五股中興路郵局,三重23支,24899,五股中興路郵局第○○號信箱,P.O.BOX ○○ Wugu Zhongxing RoadNew Taipei City  24899Taiwan ( R.O.C.),穿牆式,244123-7,248923
八里郵局,三重25支,24999,八里郵局第○○號信箱,P.O.BOX ○○ BaliNew Taipei City  24999Taiwan ( R.O.C.),穿牆式,244125-4,249925
八里龍形郵局,三重26支,24999,八里龍形郵局第○○號信箱,P.O.BOX ○○ Bali LongxingNew Taipei City  24999Taiwan ( R.O.C.),穿牆式,244126-8,249926
淡水郵局,三重27支,25199,淡水郵局第○○號信箱,P.O.BOX ○○ Tamsui New Taipei City  25199Taiwan ( R.O.C.),穿牆式,244127-1,251927
淡江大學郵局,三重28支,25199,淡江大學郵局第○○號信箱,P.O.BOX ○○ Tamkang UniversityNew Taipei City  25199Taiwan ( R.O.C.),穿牆式,244128-5,251928
淡水竹圍郵局,三重29支,25199,淡水竹圍郵局第○○號信箱,P.O.BOX ○○ Tamsui ZhuweiNew Taipei City  25199Taiwan ( R.O.C.),穿牆式,244129-9,251929
淡水水碓郵局,三重30支,25199,淡水水碓郵局第○○號信箱,P.O.BOX ○○ Tamsui ShuiduiNew Taipei City  25199Taiwan ( R.O.C.),穿牆式,244130-1,251930
淡水中興郵局,三重31支,25199,淡水中興郵局第○○號信箱,P.O.BOX ○○ Tamsui Zhongxing New Taipei City  25199Taiwan ( R.O.C.),穿牆式,244131-4,251931
淡水崁頂郵局,三重32支,25199,淡水崁頂郵局第○○號信箱,P.O.BOX ○○ Tamsui kandingNew Taipei City  25199Taiwan ( R.O.C.),穿牆式,244132-8,251932
三芝郵局,三重33支,25299,三芝郵局第○○號信箱,P.O.BOX ○○ SanzhiNew Taipei City  25299Taiwan ( R.O.C.),穿牆式,244133-1,252933
石門郵局,三重34支,25399,石門郵局第○○號信箱,P.O.BOX ○○ ShimenNew Taipei City  25399Taiwan ( R.O.C.),穿牆式,244134-5,253934
新莊郵局,三重36支,24299,新莊郵局第○○號信箱,P.O.BOX ○○ XinzhuangNew Taipei City  24299Taiwan ( R.O.C.),穿牆式,244136-2,242936
輔仁大學郵局,三重37支,24299,輔仁大學郵局第○○號信箱,P.O.BOX ○○ Fu Jen Catholic UniversityNew Taipei City  24299Taiwan ( R.O.C.),穿牆式,244137-6,242937
泰山郵局,三重38支,24399,泰山郵局第○○號信箱,P.O.BOX ○○ TaishanNew Taipei City  24399Taiwan ( R.O.C.),穿牆式,244138-0,243938
明志科大郵局,三重39支,24399,明志科大郵局第○○號信箱,P.O.BOX ○○ Mingchi University of TechnologyNew Taipei City  24399Taiwan ( R.O.C.),穿牆式,244139-3,243939
新莊中港郵局,三重40支,24299,新莊中港郵局第○○號信箱,P.O.BOX ○○ Xinzhuang ZhonggangNew Taipei City  24299Taiwan ( R.O.C.),穿牆式,244140-5,242940
新莊昌盛郵局,三重41支,24299,新莊昌盛郵局第 ○○號信箱,P.O.BOX ○○ Xinzhuang ChangshengNew Taipei City  24299Taiwan ( R.O.C.),穿牆式,244141-9,242941
新莊丹鳳郵局,三重42支,24299,新莊丹鳳郵局第○○號信箱,P.O.BOX ○○ Xinzhuang DanfengNew Taipei City  24299Taiwan ( R.O.C.),穿牆式,244142-2,242942
新莊化成路郵局,三重43支,24299,新莊化成路郵局第○○號信箱,P.O.BOX ○○ Xinzhuang Huacheng RoadNew Taipei City  24299Taiwan ( R.O.C.),穿牆式,244143-6,242943
新莊幸福郵局,三重44支,24299,新莊幸福郵局第 ○○號信箱,P.O.BOX ○○ Xinzhuang XingfuNew Taipei City  24299Taiwan ( R.O.C.),穿牆式,244144-0,242944
泰山南林郵局,三重45支,24399,尚未開辦信箱,,無,244145-3,
五股登林路郵局,三重46支,24899,五股登林路郵局第 ○○號信箱,P.O.BOX ○○ Wugu Denglin  RoadNew Taipei City  24899Taiwan ( R.O.C.),穿牆式,244146-7,248946
泰山同榮郵局,三重47支,24399,泰山同榮郵局第 ○○號信箱,P.O.BOX ○○ Taishan TongrongNew Taipei City  24399Taiwan ( R.O.C.),穿牆式,244147-1,243947
新莊西盛郵局,三重48支,24299,新莊西盛郵局第 ○○號信箱,P.O.BOX ○○ Xinzhuang XishengNew Taipei City  24299Taiwan ( R.O.C.),穿牆式,244148-4,242948
新莊後港路郵局,三重49支,24299,新莊後港路郵局第○○號信箱,P.O.BOX ○○ Xinzhuang Hougang RoadNew Taipei City  24299Taiwan ( R.O.C.),穿牆式,244149-8,242949
新莊思源路郵局,三重50支,24299,新莊思源路郵局第 ○○號信箱,P.O.BOX ○○ Xinzhuang Siyuan RoadNew Taipei City  24299Taiwan ( R.O.C.),穿牆式,244150-0,242950
新莊新泰路郵局,三重51支,24299,新莊新泰路郵局第 ○○號信箱,P.O.BOX ○○ Xinzhuang Xintai RoadNew Taipei City  24299Taiwan ( R.O.C.),穿牆式,244151-3,242951
新莊龍鳳郵局,三重52支,24299,新莊龍鳳郵局第 ○○號信箱,P.O.BOX ○○ Xinzhuang LongfengNew Taipei City  24299Taiwan ( R.O.C.),穿牆式,244152-7,242952
新莊五工郵局,三重53支,24299,新莊五工郵局第 ○○號信箱,P.O.BOX ○○ Xinzhuang WugongNew Taipei City  24299Taiwan ( R.O.C.),穿牆式,244153-1,248953
泰山貴子路郵局,三重54支,24299,泰山貴子路郵局第○○ 號信箱,P.O.BOX ○○ Taishan Guizi RoadNew Taipei City  24299Taiwan ( R.O.C.),穿牆式,244154-4,243954
新莊民安郵局,三重55支,24299,新莊民安郵局第 ○○號信箱,P.O.BOX ○○ Xinzhuang MinanNew Taipei City  24299Taiwan ( R.O.C.),局內型,244155-8,242955
林口郵局,三重56支,24499,林口郵局第○○號信箱,P.O.BOX ○○ LinkouNew Taipei City 24499Taiwan ( R.O.C.),穿牆式,244156-1,244956
新莊副都心郵局,三重57支,24299,新莊副都心郵局第○○號信箱,P.O.BOX ○○ Xinzhuang FuduxinNew Taipei City 24299Taiwan ( R.O.C.),局內型,244157-5,242957
