0	13巷	13th Ln.
1	5路	15th Rd.
1	巷	1st Ln.
0	2巷	2nd Ln.
0	3巷	3rd Ln.
1	號路	Sanhao Rd.
0	5號路	Wuhao Rd.
0	69橫巷	69th Side Ln.
1	巷1路	Liuxiang 1st Rd.
2	2路	Liuxiang 2nd Rd.
2	3路	Liuxiang 3rd Rd.
2	村	Liuxiang Vil.
1	號巷	Liuhao Ln.
1	路11街	Liulu 11th St.
3	2街	Liulu 12th St.
3	3街	Liulu 13th St.
3	4街	Liulu 14th St.
3	5街	Liulu 15th St.
3	6街	Liulu 16th St.
3	7街	Liulu 17th St.
3	8街	Liulu 18th St.
3	9街	Liulu 19th St.
3	街	Liulu 1st St.
2	2街	Liulu 2nd St.
2	3街	Liulu 3rd St.
2	4街	Liulu 4th St.
2	5街	Liulu 5th St.
2	6街	Liulu 6th St.
2	7街	Liulu 7th St.
2	8街	Liulu 8th St.
2	9街	Liulu 9th St.
2	十街	Liulu 10th St.
2	里	Liulu Vil.
0	7號巷	Qihao Ln.
0	8號巷	Bahao Ln.
0	一中街	Yizhong St.
1	善巷	Yishan Ln.
1	坑	Yikeng
2	路	Yikeng Rd.
1	壽街	Yishou St.
1	工路	Yigong Rd.
1	市場	1st Market
1	德南路	Yide S. Rd.
2	街	Yide St.
2	路	Yide Rd.
2	里	Yide Vil.
1	心1路	Yixin 1st Rd.
2	2路	Yixin 2nd Rd.
2	北街	Yixin N. St.
2	南街	Yixin S. St.
2	新村	Yixin New Vil.
2	東街	Yixin E. St.
2	街	Yixin St.
2	西街	Yixin W. St.
2	路	Yixin Rd.
2	里	Yixin Vil.
1	成街	Yicheng St.
1	新1巷	Yixin 1st Ln.
3	街	Yixin 1st St.
2	2巷	Yixin 2nd Ln.
3	街	Yixin 2nd St.
2	里	Yixin Vil.
1	村巷	Yicun Ln.
1	橫巷	1st Side Ln.
1	江街	Yijiang St.
2	里	Yijiang Vil.
1	流街	Yiliu St.
1	甲村	Yijia Vil.
2	路	Yijia Rd.
2	里	Yijia Vil.
1	秀	Yixiu
2	街	Yixiu St.
2	里	Yixiu Vil.
1	結路	Yijie Rd.
1	致街	Yizhi St.
1	豐巷	Yifeng Ln.
1	部路	Yibu Rd.
0	丁厝街	Dingcuo St.
1	子蘭坑	Dingzilankeng
1	臺村	Dingtai Vil.
2	路	Dingtai Rd.
0	七中路	Qizhong Rd.
1	份路	Qifen Rd.
1	佳村	Qijia Vil.
1	分坑	Qifenkeng
1	北里	Qibei Vil.
1	區	Qiqu
1	十份	Qishifen
1	南里	Qinan Vil.
1	古林	Qigulin
1	和1街	Qihe 1st St.
2	路	Qihe Rd.
1	嘉村	Qijia Vil.
2	路	Qijia Rd.
1	圳路	Qizun Rd.
1	塊厝	Qikuaicuo
2	村	Qikuai Vil.
2	路	Qikuai Rd.
1	寮	Qiliao
2	路	Qiliao Rd.
1	崙仔	Qilunzai
1	座	Qizuo
2	里	Qizuo Vil.
1	張路	Qizhang Rd.
2	里	Qizhang Vil.
1	成街	Qicheng St.
1	戶巷	Qihu Ln.
1	支巷	Qizhi Ln.
1	星嶺	Qixingling
2	巷	Qixing Ln.
2	村	Qixing Vil.
3	河背	Hebei, Qixing Vil.
2	街	Qixing St.
2	路	Qixing Rd.
2	里	Qixing Vil.
1	東里	Qidong Vil.
1	瀨仔	Qilaizai
1	甲1街	Qijia 1st St.
2	2街	Qijia 2nd St.
2	3街	Qijia 3rd St.
2	5街	Qijia 5th St.
2	村	Qijia Vil.
2	街	Qijia St.
1	結路	Qijie Rd.
3	名進巷	Mingjin Ln., Qijie Rd.
1	聖街	Qisheng St.
1	股	Qigu
2	村	Qigu Vil.
1	腳川	Qijiaochuan
1	西里	Qixi Vil.
1	賢1街	Qixian 1st St.
3	路	Qixian 1st Rd.
2	2街	Qixian 2nd St.
3	路	Qixian 2nd Rd.
2	3路	Qixian 3rd Rd.
2	南路	Qixian S. Rd.
2	村	Qixian Vil.
2	街	Qixian St.
2	路	Qixian Rd.
2	里	Qixian Vil.
1	里橋	Qili Bridge
2	溪巷	Qilixi Ln.
1	雄街	Qixiong St.
0	三中東巷	Sanzhong E. Ln.
2	西巷	Sanzhong W. Ln.
2	路	Sanzhong Rd.
2	里	Sanzhong Vil.
1	仙路	Sanxian Rd.
3	德美巷	Demei Ln., Sanxian Rd.
2	里	Sanxian Vil.
1	份	Sanfen
1	俊街	Sanjun St.
1	信路	Sanxin Rd.
2	里	Sanxin Vil.
1	元1街	Sanyuan 1st St.
2	2街	Sanyuan 2nd St.
2	3街	Sanyuan 3rd St.
2	街	Sanyuan St.
2	路	Sanyuan Rd.
3	1段	Sec. 1, Sanyuan Rd.
3	2段	Sec. 2, Sanyuan Rd.
2	里	Sanyuan Vil.
1	光1街	Sanguang 1st St.
2	2街	Sanguang 2nd St.
2	北1街	Sanguang N. 1st St.
3	2街	Sanguang N. 2nd St.
2	巷	Sanguang Ln.
2	村	Sanguang Vil.
2	街	Sanguang St.
2	路	Sanguang Rd.
2	里	Sanguang Vil.
1	全路	Sanquan Rd.
1	公路	Sangong Rd.
1	共里	Sangong Vil.
1	分里	Sanfen Vil.
1	勰路	Sanxie Rd.
1	北里	Sanbei Vil.
1	區	Sanqu
1	十二份	Sanshi'erfen
2	六崙	Sanshiliulun
2	甲路	Sanshijia Rd.
2	股路	Sanshigu Rd.
1	千路	3000th Rd.
1	協里	Sanxie Vil.
1	南里	Sannan Vil.
1	厝東1巷	Sancuo E. 1st Ln.
3	2巷	Sancuo E. 2nd Ln.
2	街	Sancuo St.
2	西1巷	Sancuo W. 1st Ln.
3	2巷	Sancuo W. 2nd Ln.
2	里	Sancuo Vil.
1	叉坑	Sanchakeng
2	巷	Sancha Ln.
1	友新村	Sanyou New Vil.
1	合	Sanhe
2	寮	Sanheliao
2	巷	Sanhe Ln.
2	村	Sanhe Vil.
2	街	Sanhe St.
3	1段	Sec. 1, Sanhe St.
3	2段	Sec. 2, Sanhe St.
2	路	Sanhe Rd.
2	里	Sanhe Vil.
1	吉	Sanji
2	1路	Sanji 1st Rd.
2	2路	Sanji 2nd Rd.
2	中路	Sanji Central Rd.
2	巷	Sanji Ln.
2	村	Sanji Vil.
1	和	Sanhe
2	1巷	Sanhe 1st Ln.
3	街	Sanhe 1st St.
3	路	Sanhe 1st Rd.
2	2巷	Sanhe 2nd Ln.
3	街	Sanhe 2nd St.
3	路	Sanhe 2nd Rd.
4	1街	1st St., Sanhe 2nd Rd.
4	2街	2nd St., Sanhe 2nd Rd.
2	3街	Sanhe 3rd St.
3	路	Sanhe 3rd Rd.
2	4路	Sanhe 4th Rd.
2	巷	Sanhe Ln.
2	村	Sanhe Vil.
2	街	Sanhe St.
2	路	Sanhe Rd.
3	1段	Sec. 1, Sanhe Rd.
3	2段	Sec. 2, Sanhe Rd.
3	3段	Sec. 3, Sanhe Rd.
3	4段	Sec. 4, Sanhe Rd.
2	里	Sanhe Vil.
1	商街	Sanshang St.
3	東巷	E. Ln., Sanshang St.
1	地村	Sandi Vil.
1	圳巷	Sanzun Ln.
2	村	Sanzun Vil.
3	庄內巷	Zhuangnei Ln., Sanzun Vil.
4	尾巷	Zhuangwei Ln., Sanzun Vil.
3	溪埔巷	Xipu Ln., Sanzun Vil.
2	路	Sanzun Rd.
1	坑	Sankeng
2	子	Sankengzi
2	村	Sankeng Vil.
2	老街	Sankenglao St.
1	城巷	Sancheng Ln.
2	路	Sancheng Rd.
1	埔	Sanpu
2	村	Sanpu Vil.
1	堵1路	Sandu 1st Rd.
2	2路	Sandu 2nd Rd.
2	3路	Sandu 3rd Rd.
2	5路	Sandu 5th Rd.
2	路	Sandu Rd.
1	塊厝	Sankuaicuo
3	巷	Sankuaicuo Ln.
3	路	Sankuaicuo Rd.
2	巷	Sankuai Ln.
2	村	Sankuai Vil.
2	石	Sankuaishi
1	多1街	Sanduo 1st St.
3	路	Sanduo 1st Rd.
2	2街	Sanduo 2nd St.
3	路	Sanduo 2nd Rd.
2	3街	Sanduo 3rd St.
3	路	Sanduo 3rd Rd.
2	4路	Sanduo 4th Rd.
2	5街	Sanduo 5th St.
2	6街	Sanduo 6th St.
2	7街	Sanduo 7th St.
2	8街	Sanduo 8th St.
2	市場巷	Sanduo Shichang Ln.
2	東街	Sanduo E. St.
2	街	Sanduo St.
2	路	Sanduo Rd.
2	里	Sanduo Vil.
1	央街	Sanyang St.
1	奇村	Sanqi Vil.
2	東路	Sanqi E. Rd.
2	路	Sanqi Rd.
1	奉路	Sanfeng Rd.
1	奶村	Sannai Vil.
1	好路	Sanhao Rd.
1	姓	Sanxing
2	寮	Sanxingliao
2	巷	Sanxing Ln.
2	村	Sanxing Vil.
2	橋路	Sanxingqiao Rd.
1	安路	San'an Rd.
2	里	San'an Vil.
1	官路	Sanguan Rd.
1	家村	Sanjia Vil.
1	富橋	Sanfu Bridge
2	街	Sanfu St.
1	寧街	Sanning St.
1	寮坑	Sanliaokeng
2	灣	Sanliaowan
1	寶街	Sanbao St.
1	屋村	Sanwu Vil.
1	層坪路	Sancengping Rd.
2	巷	Sanceng Ln.
2	村	Sanceng Vil.
3	崎頭仔	Qitouzai, Sanceng Vil.
2	老街	Sancenglao St.
1	山	Sanshan
2	1巷	Sanshan 1st Ln.
2	2巷	Sanshan 2nd Ln.
2	3巷	Sanshan 3rd Ln.
2	4巷	Sanshan 4th Ln.
2	5巷	Sanshan 5th Ln.
2	街	Sanshan St.
2	路	Sanshan Rd.
2	里	Sanshan Vil.
3		Sanshan Vil.
1	峰1路	Sanfeng 1st Rd.
2	2路	Sanfeng 2nd Rd.
2	3路	Sanfeng 3rd Rd.
2	村	Sanfeng Vil.
2	路1段	Sec. 1, Sanfeng Rd.
3	2段	Sec. 2, Sanfeng Rd.
1	峽里	Sanxia Vil.
1	崁店	Sankandian
2	村	Sankan Vil.
2	路	Sankan Rd.
1	崗路	Sangang Rd.
1	崙村	Sanlun Vil.
1	川里	Sanchuan Vil.
1	平村	Sanping Vil.
2	路	Sanping Rd.
2	里	Sanping Vil.
1	座屋	Sanzuowu
2	巷	Sanzuo Ln.
2	路	Sanzuo Rd.
1	張巷	Sanzhang Ln.
2	街	Sanzhang St.
2	里	Sanzhang Vil.
1	德村	Sande Vil.
2	街	Sande St.
2	西街	Sande W. St.
3	路	Sande W. Rd.
2	路	Sande Rd.
1	愛里	San'ai Vil.
1	成村	Sancheng Vil.
3	上林路	Shanglin Rd., Sancheng Vil.
3	中平巷	Zhongping Ln., Sancheng Vil.
3	小西路	Xiaoxi Rd., Sancheng Vil.
2	街	Sancheng St.
2	路	Sancheng Rd.
1	戶巷	Sanhu Ln.
1	房	Sanfang
1	抱竹路	Sanbaozhu Rd.
1	明街	Sanming St.
1	星	Sanxing
2	1巷	Sanxing 1st Ln.
2	2巷	Sanxing 2nd Ln.
2	路	Sanxing Rd.
3	1段	Sec. 1, Sanxing Rd.
3	2段	Sec. 2, Sanxing Rd.
3	3段	Sec. 3, Sanxing Rd.
3	4段	Sec. 4, Sanxing Rd.
3	5段	Sec. 5, Sanxing Rd.
3	6段	Sec. 6, Sanxing Rd.
3	7段	Sec. 7, Sanxing Rd.
3	8段	Sec. 8, Sanxing Rd.
5	236巷長埤	Changpi, Ln. 236, Sec. 8, Sanxing Rd.
5	長埤	Changpi, Sec. 8, Sanxing Rd.
3	永福巷	Yongfu Ln., Sanxing Rd.
3	福德巷	Fude Ln., Sanxing Rd.
2	里	Sanxing Vil.
1	春村	Sanchun Vil.
3	後厝巷	Houcuo Ln., Sanchun Vil.
2	路	Sanchun Rd.
1	月路	Sanyue Rd.
3	四平巷	Siping Ln., Sanyue Rd.
3	大愛巷	Da'ai Ln., Sanyue Rd.
1	村	3rd Vil.
2	1街	Sancun 1st St.
2	2街	Sancun 2nd St.
2	巷	Sancun Ln.
2	路	Sancun Rd.
3	合作新村	Hezuo New Vil., Sancun Rd.
2	里	Sancun Vil.
1	東巷	Sandong Ln.
2	里	Sandong Vil.
1	板橋	Sanbanqiao
1	林村	Sanlin Vil.
2	路	Sanlin Rd.
1	桃巷	Santao Ln.
1	條圳1街	Santiaozun 1st St.
3	2街	Santiaozun 2nd St.
3	巷	Santiauzun Ln.
2	峎	Santiaolang
2	巷	Santiao Ln.
2	村	Santiau Vil.
2	街	Santiao St.
2	里	Santiau Vil.
1	棧	Sanzhan
1	榮11路	Sanrong 11th Rd.
3	2路	Sanrong 12th Rd.
3	3路	Sanrong 13th Rd.
3	5路	Sanrong 15th Rd.
3	6路	Sanrong 16th Rd.
3	7路	Sanrong 17th Rd.
3	8路	Sanrong 18th Rd.
3	路	Sanrong 1st Rd.
2	2路	Sanrong 2nd Rd.
2	3路	Sanrong 3rd Rd.
2	5路	Sanrong 5th Rd.
2	6路	Sanrong 6th Rd.
2	7路	Sanrong 7th Rd.
2	8路	Sanrong 8th Rd.
2	9路	Sanrong 9th Rd.
2	北1路	Sanrong N. 1st Rd.
3	路	Sanrong N. Rd.
2	十路	Sanrong 10th Rd.
2	南路	Sanrong S. Rd.
2	村	Sanrong Vil.
2	路1段	Sec. 1, Sanrong Rd.
3	2段	Sec. 2, Sanrong Rd.
1	樂1街	Sanle 1st St.
2	2街	Sanle 2nd St.
2	3街	Sanle 3rd St.
2	村	Sanle Vil.
2	路	Sanle Rd.
1	樹1街	Sanshu 1st St.
2	路	Sanshu Rd.
1	橋仔	Sanqiaozai
2	街	Sanqiao St.
2	里	Sanqiao Vil.
1	櫃	Sangui
1	權路	Sanquan Rd.
1	正路	Sanzheng Rd.
1	民	Sanmin
2	1巷	Sanmin 1st Ln.
3	街	Sanmin 1st St.
3	路	Sanmin 1st Rd.
2	2巷	Sanmin 2nd Ln.
3	街	Sanmin 2nd St.
3	路	Sanmin 2nd Rd.
2	北路	Sanmin N. Rd.
2	南路	Sanmin S. Rd.
2	巷	Sanmin Ln.
2	市場1巷	Ln. 1, Sanmin Market
4	2巷	Ln. 2, Sanmin Market
4	3巷	Ln. 3, Sanmin Market
2	村	Sanmin Vil.
2	東巷	Sanmin E. Ln.
3	街	Sanmin E. St.
3	路	Sanmin E. Rd.
2	街	Sanmin St.
2	西巷	Sanmin W. Ln.
3	路	Sanmin W. Rd.
4	2段	Sec. 2, Sanmin W. Rd.
2	路	Sanmin Rd.
3	1段	Sec. 1, Sanmin Rd.
3	2段	Sec. 2, Sanmin Rd.
5	居仁巷	Juren Ln., Sec. 2, Sanmin Rd.
5	正泰2巷	Zhengtai 2nd Ln., Sec. 2, Sanmin Rd.
7	3巷	Zhengtai 3rd Ln., Sec. 2, Sanmin Rd.
7	4巷	Zhengtai 4th Ln., Sec. 2, Sanmin Rd.
7	5巷	Zhengtai 5th Ln., Sec. 2, Sanmin Rd.
7	6巷	Zhengtai 6th Ln., Sec. 2, Sanmin Rd.
7	7巷	Zhengtai 7th Ln., Sec. 2, Sanmin Rd.
6	隆巷	Zhenglong Ln., Sec. 2, Sanmin Rd.
5	第二市場	2nd Market, Sec. 2, Sanmin Rd.
3	3段	Sec. 3, Sanmin Rd.
5	一心市場	Yixin Market, Sec. 3, Sanmin Rd.
3	世界巷	Shijie Ln., Sanmin Rd.
3	光復巷	Guangfu Ln., Sanmin Rd.
3	六合巷	Liuhe Ln., Sanmin Rd.
3	南興巷	Nanxing Ln., Sanmin Rd.
3	大同巷	Datong Ln., Sanmin Rd.
3	文化巷	Wenhua Ln., Sanmin Rd.
3	泰山巷	Taishan Ln., Sanmin Rd.
3	科學巷	Kexue Ln., Sanmin Rd.
2	里	Sanmin Vil.
1	水巷	Sanshui Ln.
2	村	Sanshui Vil.
2	源	Sanshuiyuan
3	南巷	Sanshuiyuan S. Ln.
2	街	Sanshui St.
1	永巷	Sanyong Ln.
1	汴村	Sanbian Vil.
2	街	Sanbian St.
1	油1路	Sanyou 1st Rd.
2	2路	Sanyou 2nd Rd.
2	路	Sanyou Rd.
1	泰街	Santai St.
2	路	Santai Rd.
1	洽坑	Sanqiakeng
1	清路	Sanqing Rd.
1	港	Sangang
2	村	Sangang Vil.
2	路	Sangang Rd.
3	富美巷	Fumei Ln., Sangang Rd.
3	水裡港巷	Shuiligang Ln., Sangang Rd.
3	田仔內巷	Tianzainei Ln., Sangang Rd.
1	湖	Sanhu
2	村	Sanhu Vil.
2	道	Sanhudao
2	里	Sanhu Vil.
1	源	Sanyuan
1	溝路	Sangou Rd.
3	代巡巷	Daixun Ln., Sangou Rd.
3	麥田巷	Maitian Ln., Sangou Rd.
1	溪路1段	Sec. 1, Sanxi Rd.
3	2段	Sec. 2, Sanxi Rd.
1	潭巷	Santan Ln.
1	灣	Sanwan
2	村	Sanwan Vil.
1	爪子坑路	Sanzhuazikeng Rd.
5	國中新屯	Guozhong New Vil., Sanzhuazikeng Rd.
5	正貿新村	Zhengmao New Vil., Sanzhuazikeng Rd.
5	民享新村	Minxiang New Vil., Sanzhuazikeng Rd.
1	爺村	Sanye Vil.
1	犁里	Sanli Vil.
1	玉里	Sanyu Vil.
1	環路	Sanhuan Rd.
1	生里	Sansheng Vil.
1	田路	Santian Rd.
1	甲1街	Sanjia 1st St.
2	2街	Sanjia 2nd St.
2	3街	Sanjia 3rd St.
2	5街	Sanjia 5th St.
2	6街	Sanjia 6th St.
2	7街	Sanjia 7th St.
2	8街	Sanjia 8th St.
2	北街	Sanjia N. St.
2	子	Sanjiazi
2	巷	Sanjia Ln.
2	村	Sanjia Vil.
2	東街	Sanjia E. St.
2	路	Sanjia Rd.
1	界公坑	Sanjiegongkeng
2	埔	Sanjiepu
2	壇店	Sanjietandian
3	後	Sanjietanhou
3	路	Sanjietan Rd.
2	村	Sanjie Vil.
1	疊溪	Sandiexi
1	百六坑	Sanbailiukeng
1	皇路	Sanhuang Rd.
1	盛	Sansheng
2	村	Sansheng Vil.
1	省村	Sansheng Vil.
1	石村	Sanshi Vil.
1	社東路	Sanshe E. Rd.
2	路	Sanshe Rd.
1	福1路	Sanfu 1st Rd.
2	2路	Sanfu 2nd Rd.
2	街	Sanfu St.
2	路	Sanfu Rd.
2	里	Sanfu Vil.
1	空泉	Sankongquan
1	竹路	Sanzhu Rd.
1	結1路	Sanjie 1st Rd.
2	2路	Sanjie 2nd Rd.
2	3路	Sanjie 3rd Rd.
2	5路	Sanjie 5th Rd.
2	村	Sanjie Vil.
2	義	Sanjieyi
1	線路	Sanxian Rd.
1	美庄	Sanmeizhuang
2	路	Sanmei Rd.
1	義	Sanyi
2	巷	Sanyi Ln.
2	村	Sanyi Vil.
2	街	Sanyi St.
2	路	Sanyi Rd.
2	里	Sanyi Vil.
1	聖巷	Sansheng Ln.
2	路	Sansheng Rd.
1	股	Sangu
2	村	Sangu Vil.
1	腳石	Sanjiaoshi
2	貓	Sanjiaomao
1	臺	Santai
2	村	Santai Vil.
1	興1巷	Sanxing 1st Ln.
3	街	Sanxing 1st St.
2	2街	Sanxing 2nd St.
2	7巷	Sanxing 7th Ln.
2	9巷	Sanxing 9th Ln.
2	巷	Sanxing Ln.
2	村	Sanxing Vil.
2	東路	Sanxing E. Rd.
2	街	Sanxing St.
2	西路	Sanxing W. Rd.
2	路	Sanxing Rd.
3	東勢段	Sec. Dongshi, Sanxing Rd.
2	里	Sanxing Vil.
1	舍	Sanshe
2	1街	Sanshe 1st St.
2	2街	Sanshe 2nd St.
2	村	Sanshe Vil.
1	芝路	Sanzhi Rd.
1	芬路	Sanfen Rd.
1	苓里	Sanling Vil.
1	英路	Sanying Rd.
1	華巷	Sanhua Ln.
1	西巷	Sanxi Ln.
2	街	Sanxi St.
2	路	Sanxi Rd.
2	里	Sanxi Vil.
1	角	Sanjiao
2	仔	Sanjiaozai
2	埔	Sanjiaopu
2	堀	Sanjiaoku
2	子	Sanjiaozi
2	巷	Sanjiau Ln.
2	店	Sanjiaodian
2	村	Sanjiau Vil.
2	林	Sanjiaolin
3	街	Sanjiaolin St.
2	潭	Sanjiaotan
2	里	Sanjiau Vil.
1	誠路	Sancheng Rd.
3	一橫巷	1st Side Ln., Sancheng Rd.
1	谿橋	Sanqi Bridge
1	豐村	Sanfeng Vil.
2	東路	Sanfeng E. Rd.
2	路	Sanfeng Rd.
3	1段	Sec. 1, Sanfeng Rd.
3	2段	Sec. 2, Sanfeng Rd.
3	3段	Sec. 3, Sanfeng Rd.
3	4段	Sec. 4, Sanfeng Rd.
3	5段	Sec. 5, Sanfeng Rd.
1	貂村	Sandiau Vil.
2	里頂坑	Dingkeng, Sandiao Vil.
1	賢東街	Sanxian E. St.
2	街	Sanxian St.
1	越街	Sanyue St.
1	軒	Sanxuan
2	里	Sanxuan Vil.
1	農場	3th Farm
1	連路	Sanlian Rd.
1	進4巷	Sanjin 4th Ln.
2	6巷	Sanjin 6th Ln.
2	路	Sanjin Rd.
1	部1路	Sanbu 1st Rd.
2	2路	Sanbu 2nd Rd.
2	3路	Sanbu 3rd Rd.
2	5路	Sanbu 5th Rd.
2	6路	Sanbu 6th Rd.
2	7路	Sanbu 7th Rd.
2	8路	Sanbu 8th Rd.
2	9路	Sanbu 9th Rd.
2	十路	Sanbu 10th Rd.
2	路	Sanbu Rd.
1	里巷	Sanli Ln.
1	重1路	Sanchong 1st Rd.
2	2路	Sanchong 2nd Rd.
2	3路	Sanchong 3rd Rd.
2	中路	Sanchong Central Rd.
2	埔	Sanchongpu
2	東路	Sanchong E. Rd.
2	橋	Sanchong Bridge
2	溪埔	Sanchongxipu
2	西路	Sanchong W. Rd.
2	路	Sanchong Rd.
2	里	Sanchong Vil.
1	鎮村	Sanzhen Vil.
2	路	Sanzhen Rd.
1	門巷	Sanmen Ln.
1	間厝	Sanjiancuo
2	屋	Sanjianwu
2	村	Sanjian Vil.
1	陽路	Sanyang Rd.
1	隆村	Sanlong Vil.
2	路	Sanlong Rd.
1	靈里	Sanling Vil.
1	青路	Sanqing Rd.
1	順路	Sanshun Rd.
1	香路	Sanxiang Rd.
1	鬮路	Sanjiu Rd.
1	鳳9巷	Sanfeng 9th Ln.
2	中街	Sanfeng Central St.
1	鶯路	Sanying Rd.
1	龍街	Sanlong St.
2	里	Sanlong Vil.
0	上三屯	Shangsantun
2	崙	Shangsanlun
2	座屋	Shangsanzuowu
1	下石嵙巷	Shangxiashike Ln.
1	九寮	Shangjiuliao
1	仁街	Shangren St.
1	內壢	Shangneili
1	公館里	Shanggongguan Vil.
1	利路	Shangli Rd.
1	前巷	Shangqian Ln.
1	南片	Shangnanpian
1	厝巷	Shangcuo Ln.
1	口巷	Shangkou Ln.
1	后垵	Shanghou'an
1	和路	Shanghe Rd.
3	3段	Sec. 3, Shanghe Rd.
1	四村	Shangsi Vil.
2	湖	Shangsihu
1	坑子口	Shangkengzikou
2	村	Shangkeng Vil.
1	坪	Shangping
2	街	Shangping St.
2	里	Shangping Vil.
1	城街	Shangcheng St.
2	路	Shangcheng Rd.
2	里	Shangcheng Vil.
1	埔	Shangpu
2	路	Shangpu Rd.
2	里	Shangpu Vil.
3	崎仔頭	Qizaitou, Shangpu Vil.
1	埤巷	Shangpi Ln.
1	堀村	Shangjue Vil.
1	墩北街	Shangdun N. St.
2	東街	Shangdun E. St.
2	西街	Shangdun W. St.
2	路	Shangdun Rd.
1	壽里	Shangshou Vil.
1	大	Shangda
2	1路	Shangda 1st Rd.
2	2路	Shangda 2nd Rd.
2	3路	Shangda 3rd Rd.
2	5路	Shangda 5th Rd.
2	山腳	Shangda Shanjiau
2	村	Shangda Vil.
2	湖	Shangdahu
2	溪	Shangdaxi
2	窩	Shangdawo
1	天里	Shangtian Vil.
1	奎輝	Shangkuihui
1	宇內	Shangyunei
1	安北街	Shang'an N. St.
2	村	Shang'an Vil.
2	路	Shang'an Rd.
2	里	Shang'an Vil.
1	寧路	Shangning Rd.
1	寮巷	Shangliao Ln.
2	村	Shangliau Vil.
2	路	Shangliao Rd.
2	里	Shangliau Vil.
1	將路1段	Sec. 1, Shangjiang Rd.
3	2段	Sec. 2, Shangjiang Rd.
3	3段	Sec. 3, Shangjiang Rd.
3	5段	Sec. 5, Shangjiang Rd.
3	6段	Sec. 6, Shangjiang Rd.
3	7段	Sec. 7, Shangjiang Rd.
1	山	Shangshan
2	1路	Shangshan 1st Rd.
2	2路	Shangshan 2nd Rd.
2	3路	Shangshan 3rd Rd.
2	5路	Shangshan 5th Rd.
2	6路	Shangshan 6th Rd.
2	下	Shangshanxia
2	村	Shangshan Vil.
3	中山路	Zhongshan Rd., Shangshan Vil.
3	大山路	Dashan Rd., Shangshan Vil.
2	路	Shangshan Rd.
1	岐村	Shangqi Vil.
1	崙	Shanglun
2	1街	Shanglun 1st St.
2	村	Shanglun Vil.
2	街	Shanglun St.
1	平巷	Shangping Ln.
2	村	Shangping Vil.
1	庄	Shangzhuang
2	1路	Shangzhuang 1st Rd.
2	子	Shangzhuangzi
2	巷	Shangzhuang Ln.
2	路	Shangzhuang Rd.
1	庫	Shangku
1	康榔	Shangkanglang
1	彎	Shangwan
1	德村	Shangde Vil.
1	新	Shangxin
2	街	Shangxin St.
3	中興巷	Zhongxing Ln., Shangxin St.
2	里	Shangxin Vil.
1	明1街	Shangming 1st St.
2	2街	Shangming 2nd St.
2	3街	Shangming 3rd St.
1	春路	Shangchun Rd.
1	杉路	Shangshan Rd.
1	村村	Shangcun Vil.
1	東興	Shangdongxing
1	林	Shanglin
2	村	Shanglin Vil.
2	街	Shanglin St.
2	路路上段	Sec. Lushang, Shanglin Rd.
3	頂部段	Sec. Dingbu, Shanglin Rd.
2	里	Shanglin Vil.
1	楓村	Shangfeng Vil.
1	樟樹林	Shangzhang Shulin
2	路1段	Sec. 1, Shangzhang Rd.
1	樹村	Shangshu Vil.
1	橫坑	Shanghengkeng
2	坪	Shanghengping
1	河路1段	Sec. 1, Shanghe Rd.
3	2段	Sec. 2, Shanghe Rd.
1	洲街	Shangzhou St.
2	里	Shangzhou Vil.
1	海1街	Shanghai 1st St.
2	2街	Shanghai 2nd St.
2	巷	Shanghai Ln.
2	東路	Shanghai E. Rd.
2	街	Shanghai St.
2	西路	Shanghai W. Rd.
2	路	Shanghai Rd.
1	清街	Shangqing St.
1	湖	Shanghu
2	1路	Shanghu 1st Rd.
2	2路	Shanghu 2nd Rd.
2	3路	Shanghu 3rd Rd.
2	5路	Shanghu 5th Rd.
2	坑	Shanghukeng
2	村	Shanghu Vil.
2	里	Shanghu Vil.
1	溪洲	Shangxizhou
2	里	Shangxi Vil.
1	灣	Shangwan
1	田心子	Shangtianxinzi
2	組	Shangtianzu
2	街	Shangtian St.
2	里	Shangtian Vil.
1	發1路	Shangfa 1st Rd.
2	2路	Shangfa 2nd Rd.
2	3路	Shangfa 3rd Rd.
2	5路	Shangfa 5th Rd.
2	6路	Shangfa 6th Rd.
2	8路	Shangfa 8th Rd.
1	石北1巷	Shangshi N. 1st Ln.
3	2巷	Shangshi N. 2nd Ln.
3	3巷	Shangshi N. 3rd Ln.
3	4巷	Shangshi N. 4th Ln.
3	5巷	Shangshi N. 5th Ln.
3	6巷	Shangshi N. 6th Ln.
2	南2巷	Shangshi S. 2nd Ln.
3	3巷	Shangshi S. 3rd Ln.
3	6巷	Shangshi S. 6th Ln.
3	8巷	Shangshi S. 8th Ln.
3	十巷	Shangshi S. 10th Ln.
2	屯	Shangshitun
2	路	Shangshi Rd.
2	里	Shangshi Vil.
2	頭	Shangshitou
1	福村	Shangfu Vil.
2	路	Shangfu Rd.
1	竹1街	Shangzhu 1st St.
2	2街	Shangzhu 2nd St.
2	3街	Shangzhu 3rd St.
2	4街	Shangzhu 4th St.
2	5街	Shangzhu 5th St.
2	6街	Shangzhu 6th St.
2	7街	Shangzhu 7th St.
2	圍	Shangzhuwei
2	巷	Shangzhu Ln.
2	村	Shangzhu Vil.
2	路	Shangzhu Rd.
2	里	Shangzhu Vil.
1	興街	Shangxing St.
3	1段	Sec. 1, Shangxing St.
3	2段	Sec. 2, Shangxing St.
2	路	Shangxing Rd.
2	里	Shangxing Vil.
1	苗里	Shangmiau Vil.
1	茄苳	Shangjiadong
1	蚶路	Shanghan Rd.
1	豊村	Shangli Vil.
1	里	Shanglizu
1	隆路	Shanglong Rd.
1	雅村	Shangya Vil.
1	雙坑	Shangshuangkeng
1	青埔	Shangqingpu
1	順路	Shangshun Rd.
1	館	Shangguan
1	高義蘭	Shanggaoyilan
2	遶	Shanggaorao
1	麒麟路	Shangqilin Rd.
0	下三屯	Xiasantun
2	崙	Xiasanlun
2	座屋	Xiasanzuowu
1	中	Xiazhong
2	里	Xiazhong Vil.
1	九寮	Xiajiuliao
1	內壢	Xianeili
1	公館里	Xiagongguan Vil.
1	六股	Xialiugu
1	半天	Xiabantian
3	農場	Xiabantian Farm
1	南	Xianan
2	片	Xiananpian
1	厝	Xiacuo
2	仔	Xiacuozai
2	坑	Xiacuokeng
2	巷	Xiacuo Ln.
2	街	Xiacuo St.
2	路	Xiacuo Rd.
1	后垵	Xiahou'an
1	員坑	Xiayuankeng
2	山路	Xiayuanshan Rd.
2	林	Xiayuanlin
1	嗂溝	Xiayaogou
1	圍	Xiawei
1	土庫仔	Xiatukuzai
1	圭柔山	Xiaguiroushan
1	坑	Xiakeng
2	仔	Xiakengzai
2	子口	Xiakengzikou
2	巷	Xiakeng Ln.
2	村	Xiakeng Vil.
1	坪	Xiaping
2	仔	Xiapingzai
2	路	Xiaping Rd.
2	里	Xiaping Vil.
1	城巷	Xiacheng Ln.
2	街	Xiacheng St.
2	路	Xiacheng Rd.
2	里	Xiacheng Vil.
1	埔	Xiapu
2	下	Xiapuxia
2	尾	Xiapuwei
2	巷	Xiapu Ln.
2	村	Xiapu Vil.
2	路	Xiapu Rd.
2	里	Xiapu Vil.
2	頂	Xiapuding
1	埤	Xiapi
2	路	Xiapi Rd.
2	里	Xiapi Vil.
2	頭	Xiapitou
1	堡	Xiabao
1	塗溝	Xiatugou
1	塘頭	Xiatangtou
1	塭路	Xiawen Rd.
1	大堀	Xiadaku
3	村	Xiadajue Vil.
2	山腳	Xiada Shanjiau
2	湖	Xiadahu
2	窩	Xiadawo
1	奎輝	Xiakuihui
1	宅仔	Xiazhaizai
2	子	Xiazhaizi
2	巷	Xiazhai Ln.
1	宇內	Xiayunei
1	宮	Xiagong
1	寮	Xialiao
2	仔	Xialiaozai
2	子	Xialiaozi
2	巷	Xialiao Ln.
2	村	Xialiau Vil.
2	路	Xialiao Rd.
2	里	Xialiau Vil.
1	山	Xiashan
2	村	Xiashan Vil.
2	腳	Xiashanjiao
1	崁	Xiakan
2	子	Xiakanzi
1	崙	Xialun
2	村	Xialun Vil.
2	路	Xialun Rd.
1	市場	Xiashichang
1	庄	Xiazhuang
2	仔	Xiazhuangzai
2	子	Xiazhuangzi
2	巷	Xiazhuang Ln.
2	路	Xiazhuang Rd.
2	里	Xiazhuang Vil.
1	店	Xiadian
1	康榔	Xiakanglang
1	揖子寮	Xiayiziliao
2	村	Xiayi Vil.
1	文光	Xiawenguang
1	新厝	Xiaxincuo
3	農場	Xiaxincuo Farm
2	店	Xiaxindian
2	里	Xiaxin Vil.
1	村	Xia Vil.
1	東興	Xiadongxing
1	林	Xialin
2	坪	Xialinping
2	里	Xialin Vil.
2	頭	Xialintou
1	柑1巷	Xiagan 1st Ln.
2	2巷	Xiagan 2nd Ln.
2	3巷	Xiagan 3rd Ln.
2	4巷	Xiagan 4th Ln.
2	路	Xiagan Rd.
1	柴路	Xiachai Rd.
1	桂山	Xiaguishan
1	樟樹林	Xiazhang Shulin
2	湖	Xiazhanghu
1	樹巷	Xiashu Ln.
2	林街	Xiashulin St.
1	橋1巷	Xiaqiao 1st Ln.
2	2巷	Xiaqiao 2nd Ln.
2	3巷	Xiaqiao 3rd Ln.
2	4巷	Xiaqiao 4th Ln.
2	5巷	Xiaqiao 5th Ln.
2	6巷	Xiaqiao 6th Ln.
2	頭	Xiaqiaotou
1	橫坑	Xiahengkeng
2	坪	Xiahengping
2	街	Xiaheng St.
3	第1巷	1st Ln., Xiaheng St.
4	2巷	2nd Ln., Xiaheng St.
4	3巷	3th Ln., Xiaheng St.
4	4巷	Di 4th Ln., Xiaheng St.
2	路	Xiaheng Rd.
1	水底	Xiashuidi
1	泉路	Xiaquan Rd.
1	洋仔	Xiayangzai
1	洲子	Xiazhouzi
1	浮尾	Xiafuwei
1	海湖	Xiahaihu
1	清路	Xiaqing Rd.
1	港里	Xiagang Vil.
1	湖	Xiahu
2	1街	Xiahu 1st St.
2	2街	Xiahu 2nd St.
2	巷	Xiahu Ln.
2	村	Xiahu Vil.
2	街	Xiahu St.
2	路	Xiahu Rd.
1	湳	Xianan
2	巷	Xianan Ln.
2	里	Xianan Vil.
1	溪	Xiaxi
2	巷	Xiaxi Ln.
2	心	Xiaxixin
2	洲	Xiaxizhou
3	子	Xiaxizhouzi
2	里	Xiaxi Vil.
1	潭	Xiatan
2	底	Xiatandi
2	村	Xiatan Vil.
1	灣寶庄	Xiawanbaozhuang
2	巷	Xiawan Ln.
1	營村	Xiaying Vil.
1	犁村	Xiali Vil.
2	路	Xiali Rd.
1	瓦路	Xiawa Rd.
1	田	Xiatian
2	寮	Xiatianliao
2	心子	Xiatianxinzi
2	村	Xiatian Vil.
2	路	Xiatian Rd.
1	甲路	Xiajia Rd.
1	石厝路	Xiashicuo Rd.
2	屯	Xiashitun
2	頭	Xiashitou
3	埔	Xiashitoupu
1	社	Xiashe
1	福	Xiafu
2	村	Xiafu Vil.
2	東路	Xiafu E. Rd.
2	路	Xiafu Rd.
1	秀祐	Xiaxiuyou
1	竹圍	Xiazhuwei
3	街	Xiazhuwei St.
2	里	Xiazhu Vil.
1	紙寮坑	Xiazhiliaokeng
1	縣厝子	Xiaxiancuozi
1	罟子	Xiaguzi
2	村	Xiagu Vil.
1	興南	Xiaxingnan
2	里	Xiaxing Vil.
3	山下	Shanxia, Xiaxing Vil.
1	舊子埔	Xiajiuzipu
2	社	Xiajiushe
1	茄埕	Xiajiacheng
2	苳	Xiajiadong
1	莊	Xiazhuang
2	中興路	Xiazhuangzhongxing Rd.
2	光武路	Xiazhuangguangwu Rd.
2	巷	Xiazhuang Ln.
2	新生街	Xiazhuangxinsheng St.
1	菜園	Xiacaiyuan
1	蔦松	Xianiaosong
1	蚶路	Xiahan Rd.
1	街	Xia St.
2	仔	Xiajiezai
2	里	Xiajie Vil.
1	賓朗	Xiabinlang
1	路	Sia Rd.
1	過溪	Xiaguoxi
1	部	Xiabu
2	路	Xiabu Rd.
1	里	Xia Vil.
2	路	Xiali Rd.
1	長	Xiachang
1	雙坑	Xiashuangkeng
2	溪	Xiashuangxi
3	街	Xiashuangxi St.
1	霸路	Xiaba Rd.
1	面厝	Xiamiancuo
1	頭圍	Xiatouwei
1	館里	Xiaguan Vil.
1	馬	Xiama
1	高遶	Xiagaorao
1	鹿場路	Xialuchang Rd.
1	麻村	Xiama Vil.
1	龍泉	Xialongquan
0	世1路	Shi 1st Rd.
1	傑路	Shijie Rd.
1	全路	Shiquan Rd.
1	平1街	Shiping 1st St.
2	2街	Shiping 2nd St.
2	3街	Shiping 3rd St.
2	4街	Shiping 4th St.
2	5街	Shiping 5th St.
2	路	Shiping Rd.
1	斌1巷	Shibin 1st Ln.
2	2巷	Shibin 2nd Ln.
1	榮街	Shirong St.
1	界巷	Shijie Ln.
2	街	Shijie St.
2	路	Shijie Rd.
3	1段	Sec. 1, Shijie Rd.
5	立信巷	Lixin Ln., Sec. 1, Shijie Rd.
3	2段	Sec. 2, Shijie Rd.
5	立華巷	Lihua Ln., Sec. 2, Shijie Rd.
1	祥街	Shixiang St.
1	賢路1段	Sec. 1, Shixian Rd.
3	2段	Sec. 2, Shixian Rd.
3	3段	Sec. 3, Shixian Rd.
3	4段	Sec. 4, Shixian Rd.
1	運大道	Shiyun Blvd.
0	丘厝	Qiucuo
0	中1巷	Central 1st Ln.
2	街	Central 1st St.
2	路	Central 1st Rd.
1	2巷	Central 2nd Ln.
2	街	Central 2nd St.
2	路	Central 2nd Rd.
3	1段	Sec. 1, Central 2nd Rd.
3	2段	Sec. 2, Central 2nd Rd.
1	3街	Central 3rd St.
2	路	Central 3rd Rd.
1	4路	Central 4th Rd.
1	5路	Central 5th Rd.
1	6路	Central 6th Rd.
1	一橫巷	Central 1st Side Ln.
1	二橫巷	Central 2nd Side Ln.
1	井里	Zhongjing Vil.
1	亨街	Zhongheng St.
1	仁街	Zhongren St.
2	路	Zhongren Rd.
1	佃	Zhongdian
1	佳路	Zhongjia Rd.
1	信北路	Zhongxin N. Rd.
2	南路	Zhongxin S. Rd.
2	街	Zhongxin St.
2	路	Zhongxin Rd.
2	里	Zhongxin Vil.
1	元東路	Zhongyuan E. Rd.
2	路	Zhongyuan Rd.
1	光街	Zhongguang St.
2	路	Zhongguang Rd.
1	全里	Zhongquan Vil.
1	利街	Zhongli St.
1	功里	Zhonggong Vil.
1	勝村	Zhongsheng Vil.
2	路	Zhongsheng Rd.
1	勢村	Zhongshi Vil.
1	北1街	Zhongbei 1st St.
2	2街	Zhongbei 2nd St.
2	3街	Zhongbei 3rd St.
2	新村	Zhongbei New Vil.
2	街	Zhongbei St.
2	路	Zhongbei Rd.
3	2段	Sec. 2, Zhongbei Rd.
2	里	Zhongbei Vil.
1	協	Zhongxie
1	南	Zhongnan
2	1街	Zhongnan 1st St.
3	路1段	Sec. 1, Zhongnan 1st Rd.
4	2段	Sec. 2, Zhongnan 1st Rd.
2	2路	Zhongnan 2nd Rd.
2	巷	Zhongnan Ln.
2	街	Zhongnan St.
2	路	Zhongnan Rd.
3	2段	Sec. 2, Zhongnan Rd.
3	3段	Sec. 3, Zhongnan Rd.
2	里	Zhongnan Vil.
1	厝	Zhongcuo
2	巷	Zhongcuo Ln.
2	村	Zhongcuo Vil.
2	路	Zhongcuo Rd.
2	里	Zhongcuo Vil.
1	原1街	Zhongyuan 1st St.
2	2街	Zhongyuan 2nd St.
2	3街	Zhongyuan 3rd St.
2	5街	Zhongyuan 5th St.
2	6街	Zhongyuan 6th St.
2	巷	Zhongyuan Ln.
2	新村	Zhongyuan New Vil.
4	仁愛樓	Ren'ai Bldg., Zhongyuan New Vil.
4	和平樓	Heping Bldg., Zhongyuan New Vil.
4	忍耐樓	Rennai Bldg., Zhongyuan New Vil.
2	村	Zhongyuan Vil.
2	東街	Zhongyuan E. St.
3	路	Zhongyuan E. Rd.
2	街	Zhongyuan St.
2	西街	Zhongyuan W. St.
2	路	Zhongyuan Rd.
3	1段	Sec. 1, Zhongyuan Rd.
3	2段	Sec. 2, Zhongyuan Rd.
3	3段	Sec. 3, Zhongyuan Rd.
3	福原巷	Fuyuan Ln., Zhongyuan Rd.
2	里	Zhongyuan Vil.
1	口巷	Zhongkou Ln.
2	村	Zhongkou Vil.
1	吉里	Zhongji Vil.
1	周寮	Zhongzhouliao
1	和	Zhonghe
2	1巷	Zhonghe 1st Ln.
3	路	Zhonghe 1st Rd.
2	2巷	Zhonghe 2nd Ln.
3	路	Zhonghe 2nd Rd.
2	3路	Zhonghe 3rd Rd.
2	5路	Zhonghe 5th Rd.
2	6路	Zhonghe 6th Rd.
2	7路	Zhonghe 7th Rd.
2	北1巷	Zhonghe N. 1st Ln.
3	2巷	Zhonghe N. 2nd Ln.
2	南1巷	Zhonghe S. 1st Ln.
3	路	Zhonghe S. Rd.
2	巷	Zhonghe Ln.
2	村	Zhonghe Vil.
2	街	Zhonghe St.
3	1段	Sec. 1, Zhonghe St.
5	山腳巷	Shanjiao Ln., Sec. 1, Zhonghe St.
3	2段	Sec. 2, Zhonghe St.
5	一村巷	Yicun Ln., Sec. 2, Zhonghe St.
5	水尾巷	Shuiwei Ln., Sec. 2, Zhonghe St.
6	頭巷	Shuitou Ln., Sec. 2, Zhonghe St.
3	3段	Sec. 3, Zhonghe St.
5	國中巷	Guozhong Ln., Sec. 3, Zhonghe St.
5	橫屏巷	Hengping Ln., Sec. 3, Zhonghe St.
3	4段	Sec. 4, Zhonghe St.
3	5段	Sec. 5, Zhonghe St.
3	新建巷	Xinjian Ln., Zhonghe St.
3	錫安巷	Xi'an Ln., Zhonghe St.
2	路	Zhonghe Rd.
2	里	Zhonghe Vil.
3	海口	Haikou, Zhonghe Vil.
1	圍	Zhongwei
2	街	Zhongwei St.
2	路	Zhongwei Rd.
2	里	Zhongwei Vil.
1	園街	Zhongyuan St.
2	路	Zhongyuan Rd.
3	2段	Sec. 2, Zhongyuan Rd.
1	土	Zhongtu
1	圳巷	Zhongzun Ln.
2	街	Zhongzun St.
2	路	Zhongzun Rd.
2	里	Zhongzun Vil.
1	坑	Zhongkeng
2	坪路	Zhongkengping Rd.
2	巷	Zhongkeng Ln.
2	村	Zhongkeng Vil.
2	橫巷	Zhongkeng Side Ln.
2	街	Zhongkeng St.
2	路	Zhongkeng Rd.
3	中坑巷	Zhongkeng Ln., Zhongkeng Rd.
3	北坑巷	Beikeng Ln., Zhongkeng Rd.
3	橫巷	Side Ln., Zhongkeng Rd.
2	里	Zhongkeng Vil.
1	坡北路	Zhongpo N. Rd.
2	南路	Zhongpo S. Rd.
2	里	Zhongpo Vil.
1	城	Zhongcheng
2	1路	Zhongcheng 1st Rd.
2	2路	Zhongcheng 2nd Rd.
2	路	Zhongcheng Rd.
2	里	Zhongcheng Vil.
1	埔	Zhongpu
2	1街	Zhongpu 1st St.
2	2街	Zhongpu 2nd St.
2	5街	Zhongpu 5th St.
2	6街	Zhongpu 6th St.
2	7街	Zhongpu 7th St.
2	村	Zhongpu Vil.
2	街	Zhongpu St.
2	路	Zhongpu Rd.
2	里	Zhongpu Vil.
2	頭	Zhongputou
1	埕1街	Zhongcheng 1st St.
2	2街	Zhongcheng 2nd St.
2	村	Zhongcheng Vil.
1	埤	Zhongpi
1	堅東路	Zhongjian E. Rd.
2	西路	Zhongjian W. Rd.
2	里	Zhongjian Vil.
1	堡	Zhongbao
1	境里	Zhongjing Vil.
1	墩	Zhongdun
2	里	Zhongdun Vil.
1	壇里	Zhongtan Vil.
1	壢里	Zhongli Vil.
1	大1路	Zhongda 1st Rd.
2	新村	Zhongda New Vil.
4	男一舍	Nanyishe, Zhongda New Vil.
2	街	Zhongda St.
2	路	Zhongda Rd.
1	天里	Zhongtian Vil.
1	央1街	Zhongyang 1st St.
2	2街	Zhongyang 2nd St.
2	3街	Zhongyang 3rd St.
2	4街	Zhongyang 4th St.
2	5街	Zhongyang 5th St.
2	6街	Zhongyang 6th St.
2	7街	Zhongyang 7th St.
2	8街	Zhongyang 8th St.
2	北3路	Zhongyang N. 3rd Rd.
3	4路	Zhongyang N. 4th Rd.
3	5路	Zhongyang N. 5th Rd.
3	街	Zhongyang N. St.
3	路	Zhongyang N. Rd.
4	1段	Sec. 1, Zhongyang N. Rd.
4	2段	Sec. 2, Zhongyang N. Rd.
4	3段	Sec. 3, Zhongyang N. Rd.
4	4段	Sec. 4, Zhongyang N. Rd.
2	南3路	Zhongyang S. 3rd Rd.
3	5路	Zhongyang S. 5th Rd.
3	街	Zhongyang S. St.
3	路	Zhongyang S. Rd.
4	1段	Sec. 1, Zhongyang S. Rd.
4	2段	Sec. 2, Zhongyang S. Rd.
2	商場	Zhongyang Market
2	巷	Zhongyang Ln.
2	市場	Central Market
4	乙	Central Market B
4	甲	Central Market A
2	村	Zhongyang Vil.
2	東路	Zhongyang E. Rd.
2	第一商場	Zhongyang 1st Market
3	二商場	Zhongyang 2nd Market
2	街	Zhongyang St.
2	西4街	Zhongyang W. 4th St.
3	路1段	Sec. 1, Zhongyang W. Rd.
4	2段	Sec. 2, Zhongyang W. Rd.
2	路	Zhongyang Rd.
3	1段	Sec. 1, Zhongyang Rd.
3	2段	Sec. 2, Zhongyang Rd.
3	3段	Sec. 3, Zhongyang Rd.
3	4段	Sec. 4, Zhongyang Rd.
3	永安巷	Yong'an Ln., Zhongyang Rd.
2	里	Zhongyang Vil.
2	金礦	Zhongyangjingong
1	奎輝	Zhongkuihui
1	學	Middle School
2	巷	Zhongxue Ln.
2	街	Zhongxue St.
2	西路	Zhongxue W. Rd.
2	路	Zhongxue Rd.
3	1段	Sec. 1, Zhongxue Rd.
3	2段	Sec. 2, Zhongxue Rd.
1	宅巷	Zhongzhai Ln.
1	安村	Zhong'an Vil.
2	街	Zhong'an St.
2	路	Zhong'an Rd.
2	里	Zhong'an Vil.
1	宏里	Zhonghong Vil.
1	富街	Zhongfu St.
1	寧街	Zhongning St.
2	路	Zhongning Rd.
2	里	Zhongning Vil.
1	寮	Zhongliao
2	1路	Zhongliao 1st Rd.
2	2路	Zhongliao 2nd Rd.
2	3路	Zhongliao 3rd Rd.
2	巷	Zhongliao Ln.
2	村	Zhongliau Vil.
2	街	Zhongliao St.
2	路	Zhongliao Rd.
2	里	Zhongliau Vil.
1	尖山	Zhongjianshan
1	屯	Zhongtun
2	村	Zhongtun Vil.
1	山11街	Zhongshan 11th St.
4	路	Zhongshan 11th Rd.
3	2街	Zhongshan 12th St.
4	路	Zhongshan 12th Rd.
3	巷	Zhongshan 1st Ln.
3	街	Zhongshan 1st St.
3	路	Zhongshan 1st Rd.
4	1段	Sec. 1, Zhongshan 1st Rd.
6	東巷	E. Ln., Sec. 1, Zhongshan 1st Rd.
6	西巷	W. Ln., Sec. 1, Zhongshan 1st Rd.
4	2段	Sec. 2, Zhongshan 1st Rd.
2	2巷	Zhongshan 2nd Ln.
3	街	Zhongshan 2nd St.
3	路	Zhongshan 2nd Rd.
4	1段	Sec. 1, Zhongshan 2nd Rd.
6	東巷	E. Ln., Sec. 1, Zhongshan 2nd Rd.
6	西巷	W. Ln., Sec. 1, Zhongshan 2nd Rd.
4	2段	Sec. 2, Zhongshan 2nd Rd.
2	3巷	Zhongshan 3rd Ln.
3	街	Zhongshan 3rd St.
3	路	Zhongshan 3rd Rd.
2	4巷	Zhongshan 4th Ln.
3	路	Zhongshan 4th Rd.
2	5巷	Zhongshan 5th Ln.
3	街	Zhongshan 5th St.
3	路	Zhongshan 5th Rd.
2	6巷	Zhongshan 6th Ln.
3	街	Zhongshan 6th St.
3	路	Zhongshan 6th Rd.
2	7巷	Zhongshan 7th Ln.
3	街	Zhongshan 7th St.
3	路	Zhongshan 7th Rd.
2	8巷	Zhongshan 8th Ln.
3	街	Zhongshan 8th St.
3	路	Zhongshan 8th Rd.
2	9街	Zhongshan 9th St.
2	中路1段	Sec. 1, Zhongshan Central Rd.
4	2段	Sec. 2, Zhongshan Central Rd.
2	北街	Zhongshan N. St.
3	路	Zhongshan N. Rd.
4	1段	Sec. 1, Zhongshan N. Rd.
4	2段	Sec. 2, Zhongshan N. Rd.
4	3段	Sec. 3, Zhongshan N. Rd.
4	4段	Sec. 4, Zhongshan N. Rd.
4	5段	Sec. 5, Zhongshan N. Rd.
4	6段	Sec. 6, Zhongshan N. Rd.
4	7段	Sec. 7, Zhongshan N. Rd.
2	十街	Zhongshan 10th St.
2	南街	Zhongshan S. St.
3	路	Zhongshan S. Rd.
4	1段	Sec. 1, Zhongshan S. Rd.
4	2段	Sec. 2, Zhongshan S. Rd.
2	巷	Zhongshan Ln.
2	新城	Zhongshan Xincheng
3	屯	Zhongshan New Vil.
2	村	Zhongshan Vil.
2	東街	Zhongshan E. St.
3	路	Zhongshan E. Rd.
4	1段	Sec. 1, Zhongshan E. Rd.
4	2段	Sec. 2, Zhongshan E. Rd.
4	3段	Sec. 3, Zhongshan E. Rd.
6	文化新村	Wenhua New Vil., Sec. 3, Zhongshan E. Rd.
4	4段	Sec. 4, Zhongshan E. Rd.
4	市場巷	Shichang Ln., Zhongshan E. Rd.
2	橫路	Zhongshanheng Rd.
2	民營市場巷	Zhongshan Private Market Ln.
2	街	Zhongshan St.
3	1段	Sec. 1, Zhongshan St.
3	2段	Sec. 2, Zhongshan St.
3	幸福巷	Xingfu Ln., Zhongshan St.
2	西街	Zhongshan W. St.
3	路	Zhongshan W. Rd.
4	1段	Sec. 1, Zhongshan W. Rd.
4	2段	Sec. 2, Zhongshan W. Rd.
4	3段	Sec. 3, Zhongshan W. Rd.
4	下湖巷	Xiahu Ln., Zhongshan W. Rd.
4	中湖巷	Zhonghu Ln., Zhongshan W. Rd.
2	路	Zhongshan Rd.
3	1段	Sec. 1, Zhongshan Rd.
5	協心巷	Xiexin Ln., Sec. 1, Zhongshan Rd.
5	和平巷	Heping Ln., Sec. 1, Zhongshan Rd.
3	2段	Sec. 2, Zhongshan Rd.
5	光榮巷	Guangrong Ln., Sec. 2, Zhongshan Rd.
5	國中巷	Guozhong Ln., Sec. 2, Zhongshan Rd.
5	市場巷	Shichang Ln., Sec. 2, Zhongshan Rd.
5	昌明巷	Changming Ln., Sec. 2, Zhongshan Rd.
3	3段	Sec. 3, Zhongshan Rd.
5	中央商場	Central Market, Sec. 3, Zhongshan Rd.
5	登寺巷	Dengsi Ln., Sec. 3, Zhongshan Rd.
5	青仔巷	Qingzai Ln., Sec. 3, Zhongshan Rd.
3	4段	Sec. 4, Zhongshan Rd.
3	5段	Sec. 5, Zhongshan Rd.
3	6段	Sec. 6, Zhongshan Rd.
3	7段	Sec. 7, Zhongshan Rd.
3	上前巷	Shangqian Ln., Zhongshan Rd.
3	下角巷	Xiajiao Ln., Zhongshan Rd.
3	中峰南巷	Zhongfeng S. Ln., Zhongshan Rd.
5	巷	Zhongfeng Ln., Zhongshan Rd.
3	公廳巷	Gongting Ln., Zhongshan Rd.
3	原料巷	Yuanliao Ln., Zhongshan Rd.
3	和安巷	He'an Ln., Zhongshan Rd.
4	平巷	Heping Ln., Zhongshan Rd.
3	國中巷	Guozhong Ln., Zhongshan Rd.
3	大同巷	Datong Ln., Zhongshan Rd.
4	宅巷	Dazhai Ln., Zhongshan Rd.
4	眾巷	Dazhong Ln., Zhongshan Rd.
3	奉天大廈	Fengtiandaxia, Zhongshan Rd.
3	媽祖巷	Mazu Ln., Zhongshan Rd.
3	安利巷	Anli Ln., Zhongshan Rd.
3	工業巷	Gongye Ln., Zhongshan Rd.
3	幸福巷	Xingfu Ln., Zhongshan Rd.
3	庄尾巷	Zhuangwei Ln., Zhongshan Rd.
3	後車巷	Houche Ln., Zhongshan Rd.
3	惠陽巷	Huiyang Ln., Zhongshan Rd.
3	振業巷	Zhenye Ln., Zhongshan Rd.
3	文化巷	Wenhua Ln., Zhongshan Rd.
4	昌巷	Wenchang Ln., Zhongshan Rd.
4	明巷	Wenming Ln., Zhongshan Rd.
4	雅巷	Wenya Ln., Zhongshan Rd.
3	新市場	New Market, Zhongshan Rd.
3	昭興巷	Zhaoxing Ln., Zhongshan Rd.
3	東巷	E. Ln., Zhongshan Rd.
4	昌1巷	Dongchang 1st Ln., Zhongshan Rd.
5	2巷	Dongchang 2nd Ln., Zhongshan Rd.
4	段	Sec. E., Zhongshan Rd.
3	松蔭巷	Songyin Ln., Zhongshan Rd.
3	林森巷	Linsen Ln., Zhongshan Rd.
3	武昌巷	Wuchang Ln., Zhongshan Rd.
3	永久巷	Yongjiu Ln., Zhongshan Rd.
4	和巷	Yonghe Ln., Zhongshan Rd.
4	安巷	Yong'an Ln., Zhongshan Rd.
4	達巷	Yongda Ln., Zhongshan Rd.
3	田尾巷	Tianwei Ln., Zhongshan Rd.
3	福德巷	Fude Ln., Zhongshan Rd.
3	紅竹巷	Hongzhu Ln., Zhongshan Rd.
3	羊稠巷	Yangchou Ln., Zhongshan Rd.
3	自治巷	Zizhi Ln., Zhongshan Rd.
3	舞臺巷	Wutai Ln., Zhongshan Rd.
3	華美巷	Huamei Ln., Zhongshan Rd.
3	西巷	W. Ln., Zhongshan Rd.
3	通水巷	Tongshui Ln., Zhongshan Rd.
3	金星1巷	Jinxing 1st Ln., Zhongshan Rd.
5	2巷	Jinxing 2nd Ln., Zhongshan Rd.
3	長安巷	Chang'an Ln., Zhongshan Rd.
3	開明巷	Kaiming Ln., Zhongshan Rd.
3	顯法巷	Xianfa Ln., Zhongshan Rd.
2	里	Zhongshan Vil.
1	峰街	Zhongfeng St.
2	里	Zhongfeng Vil.
1	島農場	Zhongdao Farm
1	崎村	Zhongqi Vil.
2	路	Zhongqi Rd.
3	光復巷	Guangfu Ln., Zhongqi Rd.
3	灣子溝	Wanzigou, Zhongqi Rd.
3	速路邊巷	Sulubian Ln., Zhongqi Rd.
3	關聖巷	Guansheng Ln., Zhongqi Rd.
2	里	Zhongqi Vil.
1	崙	Zhonglun
2	1路	Zhonglun 1st Rd.
2	2路	Zhonglun 2nd Rd.
2	3路	Zhonglun 3rd Rd.
2	4路	Zhonglun 4th Rd.
2	5路	Zhonglun 5th Rd.
2	寮路	Zhonglunliao Rd.
2	市場巷	Zhonglun Market Ln.
2	村	Zhonglun Vil.
2	橫巷	Zhonglun Side Ln.
2	街	Zhonglun St.
2	路	Zhonglun Rd.
3	市場巷	Shichang Ln., Zhonglun Rd.
2	里	Zhonglun Vil.
1	嵙里	Zhongke Vil.
1	州	Zhongzhou
2	寮	Zhongzhouliao
2	巷	Zhongzhou Ln.
2	街	Zhongzhou St.
2	路	Zhongzhou Rd.
3	1段	Sec. 1, Zhongzhou Rd.
3	2段	Sec. 2, Zhongzhou Rd.
1	工2路	Zhonggong 2nd Rd.
2	3路	Zhonggong 3rd Rd.
1	巷	Central Ln.
1	市街	Zhongshi St.
2	路	Zhongshi Rd.
1	幅村	Zhongfu Vil.
1	平	Zhongping
2	7街	Zhongping 7th St.
2	9街	Zhongping 9th St.
2	北路	Zhongping N. Rd.
2	巷	Zhongping Ln.
2	村	Zhongping Vil.
2	街	Zhongping St.
2	路	Zhongping Rd.
3	1段	Sec. 1, Zhongping Rd.
3	2段	Sec. 2, Zhongping Rd.
3	信義巷	Xinyi Ln., Zhongping Rd.
3	順昌巷	Shunchang Ln., Zhongping Rd.
2	里	Zhongping Vil.
1	庄	Zhongzhuang
2	下崁	Zhongzhuangxiakan
2	北路	Zhongzhuang N. Rd.
2	南路	Zhongzhuang S. Rd.
2	子	Zhongzhuangzi
2	巷	Zhongzhuang Ln.
2	村	Zhongzhuang Vil.
2	東路	Zhongzhuang E. Rd.
2	環路	Zhongzhuanghuan Rd.
2	街	Zhongzhuang St.
2	路	Zhongzhuang Rd.
2	里	Zhongzhuang Vil.
1	康1街	Zhongkang 1st St.
2	2街	Zhongkang 2nd St.
2	3街	Zhongkang 3rd St.
2	街	Zhongkang St.
1	庸1路	Zhongyong 1st Rd.
2	2路	Zhongyong 2nd Rd.
2	5路	Zhongyong 5th Rd.
2	街	Zhongyong St.
2	路	Zhongyong Rd.
3	1段	Sec. 1, Zhongyong Rd.
2	里	Zhongyong Vil.
1	建里	Zhongjian Vil.
1	強街	Zhongqiang St.
2	路	Zhongqiang Rd.
2	里	Zhongqiang Vil.
1	彰路	Zhongzhang Rd.
1	德路	Zhongde Rd.
2	里	Zhongde Vil.
1	心1路	Zhongxin 1st Rd.
2	崙	Zhongxinlun
2	巷	Zhongxin Ln.
2	東路	Zhongxin E. Rd.
2	街	Zhongxin St.
2	路	Zhongxin Rd.
2	里	Zhongxin Vil.
1	愛街	Zhong'ai St.
2	路	Zhong'ai Rd.
1	慶巷	Zhongqing Ln.
1	成路	Zhongcheng Rd.
2	里	Zhongcheng Vil.
1	投東路1段	Sec. 1, Zhongtou E. Rd.
4	2段	Sec. 2, Zhongtou E. Rd.
4	3段	Sec. 3, Zhongtou E. Rd.
2	西路1段	Sec. 1, Zhongtou W. Rd.
4	2段	Sec. 2, Zhongtou W. Rd.
4	3段	Sec. 3, Zhongtou W. Rd.
1	政里	Zhongzheng Vil.
1	新	Zhongxin
2	1街	Zhongxin 1st St.
2	2街	Zhongxin 2nd St.
2	巷	Zhongxin Ln.
2	東路	Zhongxin E. Rd.
2	街	Zhongxin St.
3	東新巷	Dongxin Ln., Zhongxin St.
3	西新巷	Xixin Ln., Zhongxin St.
2	路	Zhongxin Rd.
2	里	Zhongxin Vil.
1	昌街	Zhongchang St.
1	明村	Zhongming Vil.
2	東路	Zhongming E. Rd.
2	路	Zhongming Rd.
1	映巷	Zhongying Ln.
1	春路	Zhongchun Rd.
1	智街	Zhongzhi St.
1	村	Zhong Vil.
2	巷	Zhongcun Ln.
1	杭巷	Zhonghang Ln.
1	東1路	Zhongdong 1st Rd.
2	2路	Zhongdong 2nd Rd.
2	3路	Zhongdong 3rd Rd.
2	巷	Zhongdong Ln.
2	村	Zhongdong Vil.
2	街	Zhongdong St.
2	里	Zhongdong Vil.
1	松路	Zhongsong Rd.
1	板路	Zhongban Rd.
1	林	Zhonglin
2	村	Zhonglin Vil.
2	路	Zhonglin Rd.
2	里	Zhonglin Vil.
1	柳村	Zhongliu Vil.
2	路	Zhongliu Rd.
1	校路	Zhongxiao Rd.
1	棲路1段	Sec. 1, Zhongqi Rd.
1	楒仔腳	Zhongsizaijiao
1	榮巷	Zhongrong Ln.
2	村	Zhongrong Vil.
2	街	Zhongrong St.
2	路	Zhongrong Rd.
2	里	Zhongrong Vil.
1	樂村	Zhongle Vil.
2	街	Zhongle St.
2	路	Zhongle Rd.
3	市場	Zhongle Rd. Market
1	樞村	Zhongshu Vil.
1	樟湖	Zhongzhanghu
1	橋街	Zhongqiao St.
1	橫11路	Zhongheng 11th Rd.
3	2路	Zhongheng 12th Rd.
3	3路	Zhongheng 13th Rd.
3	4路	Zhongheng 14th Rd.
3	路	Zhongheng 1st Rd.
2	4路	Zhongheng 4th Rd.
2	7路	Zhongheng 7th Rd.
2	9路	Zhongheng 9th Rd.
2	十路	Zhongheng 10th Rd.
2	巷	Zhongheng Ln.
1	正	Zhongzheng
2	12街	Zhongzheng 12th St.
3	5街	Zhongzheng 15th St.
3	6街	Zhongzheng 16th St.
3	8街	Zhongzheng 18th St.
3	巷	Zhongzheng 1st Ln.
3	街	Zhongzheng 1st St.
3	路	Zhongzheng 1st Rd.
4	大坪巷	Daping Ln., Zhongzheng 1st Rd.
4	宛園巷	Wanyuan Ln., Zhongzheng 1st Rd.
4	建德2巷	Jiande 2nd Ln., Zhongzheng 1st Rd.
6	巷	Jiande Ln., Zhongzheng 1st Rd.
4	碧龍巷	Bilong Ln., Zhongzheng 1st Rd.
4	阿4巷	A 4th Ln., Zhongzheng 1st Rd.
5	南巷	Anan Ln., Zhongzheng 1st Rd.
2	2巷	Zhongzheng 2nd Ln.
3	街	Zhongzheng 2nd St.
3	路	Zhongzheng 2nd Rd.
2	3巷	Zhongzheng 3rd Ln.
3	街	Zhongzheng 3rd St.
3	路	Zhongzheng 3rd Rd.
4	曾厝巷	Zengcuo Ln., Zhongzheng 3rd Rd.
4	福德巷	Fude Ln., Zhongzheng 3rd Rd.
4	許厝巷	Xucuo Ln., Zhongzheng 3rd Rd.
4	邱厝巷	Qiucuo Ln., Zhongzheng 3rd Rd.
4	鄭厝巷	Zhengcuo Ln., Zhongzheng 3rd Rd.
2	4巷	Zhongzheng 4th Ln.
3	街	Zhongzheng 4th St.
3	路	Zhongzheng 4th Rd.
2	5街	Zhongzheng 5th St.
3	路	Zhongzheng 5th Rd.
2	6街	Zhongzheng 6th St.
3	路	Zhongzheng 6th Rd.
2	7街	Zhongzheng 7th St.
2	8街	Zhongzheng 8th St.
2	一屯	Zhongzheng 1st Vil.
2	二十街	Zhongzheng 20th St.
2	別莊	Zhongzheng Villa
2	北街	Zhongzheng N. St.
3	路	Zhongzheng N. Rd.
4	1段	Sec. 1, Zhongzheng N. Rd.
4	2段	Sec. 2, Zhongzheng N. Rd.
4	3段	Sec. 3, Zhongzheng N. Rd.
2	十街	Zhongzheng 10th St.
2	南街	Zhongzheng S. St.
3	路	Zhongzheng S. Rd.
4	1段	Sec. 1, Zhongzheng S. Rd.
4	2段	Sec. 2, Zhongzheng S. Rd.
4	3段	Sec. 3, Zhongzheng S. Rd.
2	大路	Zhongzheng Avenue
2	巷	Zhongzheng Ln.
2	新屯	Zhongzheng New Vil.
3	村	Zhongzheng New Vil.
2	村	Zhongzheng Vil.
2	東街	Zhongzheng E. St.
3	路	Zhongzheng E. Rd.
4	1段	Sec. 1, Zhongzheng E. Rd.
4	2段	Sec. 2, Zhongzheng E. Rd.
4	3段	Sec. 3, Zhongzheng E. Rd.
4	站後巷	Zhanhou Ln., Zhongzheng E. Rd.
2	臺	Zhongzhengtai
2	街	Zhongzheng St.
3	正平巷	Zhengping Ln., Zhongzheng St.
3	美秀巷	Meixiu Ln., Zhongzheng St.
3	育才巷	Yucai Ln., Zhongzheng St.
4	英巷	Yuying Ln., Zhongzheng St.
2	西路	Zhongzheng W. Rd.
4	廟前巷	Miaoqian Ln., Zhongzheng W. Rd.
5	後巷	Miaohou Ln., Zhongzheng W. Rd.
2	路	Zhongzheng Rd.
3	1段	Sec. 1, Zhongzheng Rd.
5	篤行三村	Duxing 3rd Vil., Sec. 1, Zhongzheng Rd.
3	2段	Sec. 2, Zhongzheng Rd.
3	3段	Sec. 3, Zhongzheng Rd.
3	4段	Sec. 4, Zhongzheng Rd.
3	三合巷	Sanhe Ln., Zhongzheng Rd.
4	吉巷	Sanji Ln., Zhongzheng Rd.
4	坑段	Sec. Sankeng, Zhongzheng Rd.
4	林段	Sec. Sanlin, Zhongzheng Rd.
3	上華段	Sec. Shanghua, Zhongzheng Rd.
3	中正巷	Zhongzheng Ln., Zhongzheng Rd.
3	佳安段	Sec. Jia'an, Zhongzheng Rd.
3	保同巷	Baotong Ln., Zhongzheng Rd.
3	光明巷	Guangming Ln., Zhongzheng Rd.
3	凌雲巷	Lingyun Ln., Zhongzheng Rd.
3	力行巷	Lixing Ln., Zhongzheng Rd.
3	南埔巷	Nanpu Ln., Zhongzheng Rd.
4	苗市場	Nanmiao Market, Zhongzheng Rd.
3	四維巷	Siwei Ln., Zhongzheng Rd.
3	國小巷	Guoxiao Ln., Zhongzheng Rd.
3	培英巷	Peiying Ln., Zhongzheng Rd.
3	大平段	Sec. Daping, Zhongzheng Rd.
4	觀巷	Daguan Ln., Zhongzheng Rd.
3	富光巷	Fuguang Ln., Zhongzheng Rd.
4	國巷	Fuguo Ln., Zhongzheng Rd.
3	小份巷	Xiaofen Ln., Zhongzheng Rd.
3	展南1巷	Zhannan 1st Ln., Zhongzheng Rd.
5	2巷	Zhannan 2nd Ln., Zhongzheng Rd.
5	3巷	Zhannan 3rd Ln., Zhongzheng Rd.
3	志成巷	Zhicheng Ln., Zhongzheng Rd.
3	恆山南巷	Hengshan S. Ln., Zhongzheng Rd.
3	惠順巷	Huishun Ln., Zhongzheng Rd.
3	懷德巷	Huaide Ln., Zhongzheng Rd.
3	新建巷	Xinjian Ln., Zhongzheng Rd.
4	旺巷	Xinwang Ln., Zhongzheng Rd.
4	生巷	Xinsheng Ln., Zhongzheng Rd.
4	雅巷	Xinya Ln., Zhongzheng Rd.
3	東豐巷	Dongfeng Ln., Zhongzheng Rd.
3	梨園巷	Liyuan Ln., Zhongzheng Rd.
3	樹人巷	Shuren Ln., Zhongzheng Rd.
3	權郎巷	Quanlang Ln., Zhongzheng Rd.
3	正芬巷	Zhengfen Ln., Zhongzheng Rd.
3	永安巷	Yong'an Ln., Zhongzheng Rd.
3	球庭巷	Qiuting Ln., Zhongzheng Rd.
3	瑞雪巷	Ruixue Ln., Zhongzheng Rd.
3	福德巷	Fude Ln., Zhongzheng Rd.
3	立功巷	Ligong Ln., Zhongzheng Rd.
4	德巷	Lide Ln., Zhongzheng Rd.
4	心巷	Lixin Ln., Zhongzheng Rd.
4	志巷	Lizhi Ln., Zhongzheng Rd.
3	粉寮巷	Fenliao Ln., Zhongzheng Rd.
3	義門巷	Yimen Ln., Zhongzheng Rd.
3	育英巷	Yuying Ln., Zhongzheng Rd.
4	農巷	Yunong Ln., Zhongzheng Rd.
3	自由巷	Ziyou Ln., Zhongzheng Rd.
3	興農巷	Xingnong Ln., Zhongzheng Rd.
3	裕振巷	Yuzhen Ln., Zhongzheng Rd.
3	褒忠市場	Baozhong Market, Zhongzheng Rd.
3	西北巷	Xibei Ln., Zhongzheng Rd.
3	豐營巷	Fengying Ln., Zhongzheng Rd.
3	達利巷	Dali Ln., Zhongzheng Rd.
3	部底巷	Budi Ln., Zhongzheng Rd.
3	金湖巷	Jinhu Ln., Zhongzheng Rd.
3	雙十巷	Shuangshi Ln., Zhongzheng Rd.
4	福巷	Shuangfu Ln., Zhongzheng Rd.
3	頂湖巷	Dinghu Ln., Zhongzheng Rd.
3	龍泉巷	Longquan Ln., Zhongzheng Rd.
2	里	Zhongzheng Vil.
3	中興街	Zhongxing St., Zhongzheng Vil.
1	民	Zhongmin
2	巷	Zhongmin Ln.
2	村	Zhongmin Vil.
2	街	Zhongmin St.
2	路	Zhongmin Rd.
2	里	Zhongmin Vil.
1	汕村	Zhongshan Vil.
2	路	Zhongshan Rd.
1	江里	Zhongjiang Vil.
1	沙村	Zhongsha Vil.
2	路	Zhongsha Rd.
3	南寮巷	Nanliao Ln., Zhongsha Rd.
3	新庄仔巷	Xinzhuangzai Ln., Zhongsha Rd.
1	油街	Zhongyou St.
1	泰巷	Zhongtai Ln.
2	街	Zhongtai St.
2	路	Zhongtai Rd.
2	里	Zhongtai Vil.
1	洋北路	Zhongyang N. Rd.
2	南路	Zhongyang S. Rd.
2	子	Zhongyangzi
2	工業區	Zhongyang Industrial Park
2	村	Zhongyang Vil.
1	洲	Zhongzhou
2	11街	Zhongzhou 11th St.
3	街	Zhongzhou 1st St.
3	路	Zhongzhou 1st Rd.
2	2街	Zhongzhou 2nd St.
3	路	Zhongzhou 2nd Rd.
2	3街	Zhongzhou 3rd St.
3	路	Zhongzhou 3rd Rd.
2	5街	Zhongzhou 5th St.
2	6街	Zhongzhou 6th St.
2	7街	Zhongzhou 7th St.
2	8街	Zhongzhou 8th St.
2	9街	Zhongzhou 9th St.
2	仔	Zhongzhouzai
2	子	Zhongzhouzi
2	巷	Zhongzhou Ln.
2	村	Zhongzhou Vil.
3	市場巷	Shichang Ln., Zhongzhou Vil.
2	街	Zhongzhou St.
2	路	Zhongzhou Rd.
2	里	Zhongzhou Vil.
1	洽	Zhongqia
1	海1巷	Zhonghai 1st Ln.
2	2巷	Zhonghai 2nd Ln.
2	路	Zhonghai Rd.
1	清1街	Zhongqing 1st St.
3	路	Zhongqing 1st Rd.
2	2街	Zhongqing 2nd St.
2	3街	Zhongqing 3rd St.
2	4街	Zhongqing 4th St.
2	5街	Zhongqing 5th St.
2	北街	Zhongqing N. St.
2	巷	Zhongqing Ln.
2	東1街	Zhongqing E. 1st St.
3	2街	Zhongqing E. 2nd St.
3	路	Zhongqing E. Rd.
2	橫巷	Zhongqing Side Ln.
2	西1街	Zhongqing W. 1st St.
3	2街	Zhongqing W. 2nd St.
2	路	Zhongqing Rd.
3	1段	Sec. 1, Zhongqing Rd.
3	2段	Sec. 2, Zhongqing Rd.
3	3段	Sec. 3, Zhongqing Rd.
3	4段	Sec. 4, Zhongqing Rd.
3	5段	Sec. 5, Zhongqing Rd.
3	6段	Sec. 6, Zhongqing Rd.
3	7段	Sec. 7, Zhongqing Rd.
3	8段	Sec. 8, Zhongqing Rd.
3	9段	Sec. 9, Zhongqing Rd.
1	港	Zhonggang
2	1街	Zhonggang 1st St.
2	2街	Zhonggang 2nd St.
2	3街	Zhonggang 3rd St.
2	南路	Zhonggang S. Rd.
2	巷	Zhonggang Ln.
2	街	Zhonggang St.
2	西路	Zhonggang W. Rd.
2	路	Zhonggang Rd.
3	中慶巷	Zhongqing Ln., Zhonggang Rd.
3	五守新村	Wushou New Vil., Zhonggang Rd.
2	里	Zhonggang Vil.
1	湖	Zhonghu
2	巷	Zhonghu Ln.
2	村	Zhonghu Vil.
2	街	Zhonghu St.
3	東學巷	Dongxue Ln., Zhonghu St.
2	路	Zhonghu Rd.
2	里	Zhonghu Vil.
1	湳巷	Zhongnan Ln.
1	源街	Zhongyuan St.
1	溝	Zhonggou
2	巷	Zhonggou Ln.
1	溪	Zhongxi
2	1巷	Zhongxi 1st Ln.
2	2巷	Zhongxi 2nd Ln.
2	尾	Zhongxiwei
2	巷	Zhongxi Ln.
2	洲路	Zhongxizhou Rd.
2	路	Zhongxi Rd.
2	里	Zhongxi Vil.
1	潭	Zhongtan
2	路	Zhongtan Rd.
2	里	Zhongtan Vil.
1	濱	Zhongbin
2	里	Zhongbin Vil.
1	灣1街	Zhongwan 1st St.
2	5街	Zhongwan 5th St.
1	營	Zhongying
2	村	Zhongying Vil.
2	里	Zhongying Vil.
1	環路	Zhonghuan Rd.
3	1段	Sec. 1, Zhonghuan Rd.
3	2段	Sec. 2, Zhonghuan Rd.
3	3段	Sec. 3, Zhonghuan Rd.
2	里	Zhonghuan Vil.
1	生巷	Zhongsheng Ln.
2	村	Zhongsheng Vil.
2	街	Zhongsheng St.
2	路	Zhongsheng Rd.
1	盛巷	Zhongsheng Ln.
2	村	Zhongsheng Vil.
3	河背	Hebei, Zhongsheng Vil.
1	直路	Zhongzhi Rd.
3	崩山巷	Bengshan Ln., Zhongzhi Rd.
1	眉路	Zhongmei Rd.
1	石	Zhongshi
1	砂里	Zhongsha Vil.
1	研里	Zhongyan Vil.
1	社	Zhongshe
2	1街	Zhongshe 1st St.
2	2街	Zhongshe 2nd St.
2	3街	Zhongshe 3rd St.
2	5街	Zhongshe 5th St.
2	6街	Zhongshe 6th St.
2	7街	Zhongshe 7th St.
2	8街	Zhongshe 8th St.
2	村	Zhongshe Vil.
2	莊	Zhongshe Vil.
2	路	Zhongshe Rd.
3	1段	Sec. 1, Zhongshe Rd.
3	2段	Sec. 2, Zhongshe Rd.
3	信義巷	Xinyi Ln., Zhongshe Rd.
2	里	Zhongshe Vil.
1	福	Zhongfu
2	北路	Zhongfu N. Rd.
2	南路	Zhongfu S. Rd.
2	巷	Zhongfu Ln.
2	村	Zhongfu Vil.
2	街	Zhongfu St.
2	路	Zhongfu Rd.
3	2段	Sec. 2, Zhongfu Rd.
2	里	Zhongfu Vil.
1	秋巷	Zhongqiu Ln.
2	路	Zhongqiu Rd.
1	科二林大道1段	Sec. 1, Zhongke Erlin Blvd.
6	2段	Sec. 2, Zhongke Erlin Blvd.
2	路	Zhongke Rd.
1	竹巷	Zhongzhu Ln.
2	路	Zhongzhu Rd.
2	里	Zhongzhu Vil.
1	紡北街	Zhongfang N. St.
1	羅村	Zhongluo Vil.
1	美11街	Zhongmei 11th St.
3	2街	Zhongmei 12th St.
3	3街	Zhongmei 13th St.
3	5街	Zhongmei 15th St.
3	街	Zhongmei 1st St.
2	2街	Zhongmei 2nd St.
2	3街	Zhongmei 3rd St.
2	5街	Zhongmei 5th St.
2	7街	Zhongmei 7th St.
2	8街	Zhongmei 8th St.
2	9街	Zhongmei 9th St.
2	十街	Zhongmei 10th St.
2	巷	Zhongmei Ln.
2	東路	Zhongmei E. Rd.
2	街	Zhongmei St.
2	西路	Zhongmei W. Rd.
2	路	Zhongmei Rd.
3	1段	Sec. 1, Zhongmei Rd.
3	2段	Sec. 2, Zhongmei Rd.
2	里	Zhongmei Vil.
1	義	Zhongyi
2	村	Zhongyi Vil.
2	街	Zhongyi St.
2	路	Zhongyi Rd.
2	里	Zhongyi Vil.
1	肚巷	Zhongdu Ln.
1	臺路	Zhongtai Rd.
1	興	Zhongxing
2	11路	Zhongxing 11th Rd.
3	巷	Zhongxing 1st Ln.
3	街	Zhongxing 1st St.
3	路	Zhongxing 1st Rd.
2	2巷	Zhongxing 2nd Ln.
3	街	Zhongxing 2nd St.
3	路	Zhongxing 2nd Rd.
2	3巷	Zhongxing 3rd Ln.
3	街	Zhongxing 3rd St.
3	路	Zhongxing 3rd Rd.
2	4巷	Zhongxing 4th Ln.
3	街	Zhongxing 4th St.
2	5巷	Zhongxing 5th Ln.
3	街	Zhongxing 5th St.
3	路	Zhongxing 5th Rd.
2	6巷	Zhongxing 6th Ln.
3	街	Zhongxing 6th St.
3	路	Zhongxing 6th Rd.
2	7巷	Zhongxing 7th Ln.
3	街	Zhongxing 7th St.
3	路	Zhongxing 7th Rd.
2	8巷	Zhongxing 8th Ln.
3	街	Zhongxing 8th St.
3	路	Zhongxing 8th Rd.
2	9街	Zhongxing 9th St.
3	路	Zhongxing 9th Rd.
2	二村	Zhongxing 2nd Vil.
2	北巷	Zhongxing N. Ln.
3	街	Zhongxing N. St.
3	路	Zhongxing N. Rd.
4	安樂巷	Anle Ln., Zhongxing N. Rd.
2	十街	Zhongxing 10th St.
3	路	Zhongxing 10th Rd.
2	南街	Zhongxing S. St.
3	路	Zhongxing S. Rd.
4	新立巷	Xinli Ln., Zhongxing S. Rd.
5	興巷	Xinxing Ln., Zhongxing S. Rd.
2	嶺	Zhongxingling
3	街1段	Sec. 1, Zhongxingling St.
4	2段	Sec. 2, Zhongxingling St.
2	巷	Zhongxing Ln.
2	市場	Zhongxing Market
2	村	Zhongxing Vil.
2	東村	Zhongxingdong Vil.
3	路	Zhongxing E. Rd.
2	莊	Zhongxing Vil.
2	街	Zhongxing St.
3	1段	Sec. 1, Zhongxing St.
3	2段	Sec. 2, Zhongxing St.
3	3段	Sec. 3, Zhongxing St.
3	4段	Sec. 4, Zhongxing St.
3	仁和巷	Renhe Ln., Zhongxing St.
3	市場2巷	Shichang 2nd Ln., Zhongxing St.
5	巷	Shichang Ln., Zhongxing St.
3	王爺巷	Wangye Ln., Zhongxing St.
3	臺糖巷	Taitang Ln., Zhongxing St.
2	西村	Zhongxingxi Vil.
3	路	Zhongxing W. Rd.
2	路	Zhongxing Rd.
3	1段	Sec. 1, Zhongxing Rd.
5	大明巷	Daming Ln., Sec. 1, Zhongxing Rd.
5	泉水巷	Quanshui Ln., Sec. 1, Zhongxing Rd.
5	致富巷	Zhifu Ln., Sec. 1, Zhongxing Rd.
4	街	1st St., Zhongxing Rd.
3	2段	Sec. 2, Zhongxing Rd.
5	光榮巷	Guangrong Ln., Sec. 2, Zhongxing Rd.
5	志良巷	Zhiliang Ln., Sec. 2, Zhongxing Rd.
5	日新2巷	Rixin 2nd Ln., Sec. 2, Zhongxing Rd.
7	3巷	Rixin 3rd Ln., Sec. 2, Zhongxing Rd.
7	6巷	Rixin 6th Ln., Sec. 2, Zhongxing Rd.
7	巷	Rixin Ln., Sec. 2, Zhongxing Rd.
5	祥興1巷	Xiangxing 1st Ln., Sec. 2, Zhongxing Rd.
7	2巷	Xiangxing 2nd Ln., Sec. 2, Zhongxing Rd.
7	3巷	Xiangxing 3rd Ln., Sec. 2, Zhongxing Rd.
4	街	2nd St., Zhongxing Rd.
3	3段	Sec. 3, Zhongxing Rd.
5	環山1巷	Huanshan 1st Ln., Sec. 3, Zhongxing Rd.
7	2巷	Huanshan 2nd Ln., Sec. 3, Zhongxing Rd.
7	3巷	Huanshan 3rd Ln., Sec. 3, Zhongxing Rd.
3	4段	Sec. 4, Zhongxing Rd.
5	松東巷	Songdong Ln., Sec. 4, Zhongxing Rd.
5	林道巷	Lindao Ln., Sec. 4, Zhongxing Rd.
5	河流巷	Heliu Ln., Sec. 4, Zhongxing Rd.
3	5段	Sec. 5, Zhongxing Rd.
3	6段	Sec. 6, Zhongxing Rd.
3	中1巷	Central 1st Ln., Zhongxing Rd.
4	2巷	Central 2nd Ln., Zhongxing Rd.
4	興1巷	Zhongxing 1st Ln., Zhongxing Rd.
5	2巷	Zhongxing 2nd Ln., Zhongxing Rd.
5	3巷	Zhongxing 3rd Ln., Zhongxing Rd.
5	4巷	Zhongxing 4th Ln., Zhongxing Rd.
5	5巷	Zhongxing 5th Ln., Zhongxing Rd.
5	6巷	Zhongxing 6th Ln., Zhongxing Rd.
5	7巷	Zhongxing 7th Ln., Zhongxing Rd.
5	8巷	Zhongxing 8th Ln., Zhongxing Rd.
5	9巷	Zhongxing 9th Ln., Zhongxing Rd.
5	十巷	Zhongxing 10th Ln., Zhongxing Rd.
5	巷	Zhongxing Ln., Zhongxing Rd.
3	九龍段	Sec. Jiulong, Zhongxing Rd.
3	今日市場	Jinri Market, Zhongxing Rd.
3	平鎮段	Sec. Pingzhen, Zhongxing Rd.
3	田園二村	Tianyuan 2nd Vil., Zhongxing Rd.
2	里	Zhongxing Vil.
3	光華路	Guanghua Rd., Zhongxing Vil.
3		Zhongxing Vil.
1	航路1段	Sec. 1, Zhonghang Rd.
3	2段	Sec. 2, Zhonghang Rd.
3	3段	Sec. 3, Zhonghang Rd.
1	船一村	Zhongchuan 1st Vil.
2	二村	Zhongchuan 2nd Vil.
2	路	Zhongchuan Rd.
2	里	Zhongchuan Vil.
1	芸2路	Zhongyun 2nd Rd.
2	3路	Zhongyun 3rd Rd.
2	村	Zhongyun Vil.
2	路	Zhongyun Rd.
1	苗商場	Zhongmiao Market
2	里	Zhongmiau Vil.
1	英	Zhongying
2	里	Zhongying Vil.
1	華1巷	Zhonghua 1st Ln.
3	街	Zhonghua 1st St.
3	路	Zhonghua 1st Rd.
2	2街	Zhonghua 2nd St.
3	路	Zhonghua 2nd Rd.
2	3街	Zhonghua 3rd St.
3	路	Zhonghua 3rd Rd.
2	4路	Zhonghua 4th Rd.
2	5路	Zhonghua 5th Rd.
2	北巷	Zhonghua N. Ln.
3	街	Zhonghua N. St.
3	路	Zhonghua N. Rd.
4	1段	Sec. 1, Zhonghua N. Rd.
4	2段	Sec. 2, Zhonghua N. Rd.
2	南路	Zhonghua S. Rd.
4	1段	Sec. 1, Zhonghua S. Rd.
4	2段	Sec. 2, Zhonghua S. Rd.
2	巷	Zhonghua Ln.
2	市場	Zhonghua Market
2	村	Zhonghua Vil.
2	東街	Zhonghua E. St.
3	路	Zhonghua E. Rd.
4	1段	Sec. 1, Zhonghua E. Rd.
4	2段	Sec. 2, Zhonghua E. Rd.
4	3段	Sec. 3, Zhonghua E. Rd.
2	橫4巷	Zhonghua 4th Side Ln.
3	巷	Zhonghua Side Ln.
3	路	Zhonghuaheng Rd.
2	街	Zhonghua St.
3	1段	Sec. 1, Zhonghua St.
2	西1街	Zhonghua W. 1st St.
3	3街	Zhonghua W. 3rd St.
3	街	Zhonghua W. St.
3	路	Zhonghua W. Rd.
4	1段	Sec. 1, Zhonghua W. Rd.
4	2段	Sec. 2, Zhonghua W. Rd.
2	路	Zhonghua Rd.
3	1段	Sec. 1, Zhonghua Rd.
5	陸橋南巷	Luqiao S. Ln., Sec. 1, Zhonghua Rd.
3	2段	Sec. 2, Zhonghua Rd.
3	3段	Sec. 3, Zhonghua Rd.
3	4段	Sec. 4, Zhonghua Rd.
3	5段	Sec. 5, Zhonghua Rd.
3	6段	Sec. 6, Zhonghua Rd.
3	國小巷	Guoxiao Ln., Zhonghua Rd.
3	市場巷	Shichang Ln., Zhonghua Rd.
3	明新巷	Mingxin Ln., Zhonghua Rd.
3	永昌巷	Yongchang Ln., Zhonghua Rd.
3	泰安巷	Tai'an Ln., Zhonghua Rd.
3	站前巷	Zhanqian Ln., Zhonghua Rd.
3	自助巷	Zizhu Ln., Zhonghua Rd.
4	強巷	Ziqiang Ln., Zhonghua Rd.
3	莊敬巷	Zhuangjing Ln., Zhonghua Rd.
3	農安巷	Nong'an Ln., Zhonghua Rd.
4	田巷	Nongtian Ln., Zhonghua Rd.
2	里	Zhonghua Vil.
1	蔗路	Zhongzhe Rd.
1	蘭	Zhonglan
1	行里	Zhongxing Vil.
1	街巷	Zhongjie Ln.
2	路	Zhongjie Rd.
2	里	Zhongjie Vil.
3		Zhongjie Vil.
1	西1巷	Zhongxi 1st Ln.
3	路	Zhongxi 1st Rd.
2	2路	West Central 2nd Rd.
2	3路	Zhongxi 3rd Rd.
2	巷	Zhongxi Ln.
2	村	Zhongxi Vil.
2	路	Zhongxi Rd.
3	1段	Sec. 1, Zhongxi Rd.
3	2段	Sec. 2, Zhongxi Rd.
2	里	Zhongxi Vil.
1	觀路1段	Sec. 1, Zhongguan Rd.
3	2段	Sec. 2, Zhongguan Rd.
1	誠街	Zhongcheng St.
2	里	Zhongcheng Vil.
1	豐北路	Zhongfeng N. Rd.
4	1段	Sec. 1, Zhongfeng N. Rd.
4	2段	Sec. 2, Zhongfeng N. Rd.
2	新路	Zhongfengxin Rd.
2	路	Zhongfeng Rd.
3	1段	Sec. 1, Zhongfeng Rd.
3	2段	Sec. 2, Zhongfeng Rd.
3	3段	Sec. 3, Zhongfeng Rd.
3	上林段	Sec. Shanglin, Zhongfeng Rd.
3	中山段	Sec. Zhongshan, Zhongfong Rd.
3	南勢1段	Nanshi Sec. １, Zhongfeng Rd.
5	2段	Nanshi Sec. 2, Zhongfeng Rd.
3	山頂段	Sec. Shanding, Zhongfeng Rd.
6	興峰巷	Xingfeng Ln., Sec. Shanding, Zhongfeng Rd.
3	莊敬段	Sec. Zhuangjing, Zhongfeng Rd.
3	高平段	Sec. Gaoping, Zhongfeng Rd.
1	貫路	Zhongguan Rd.
1	貴路	Zhonggui Rd.
1	賢村	Zhongxian Vil.
1	路	Central Rd.
2	北街	Zhonglu N. St.
2	南街	Zhonglu S. St.
2	巷	Zhonglu Ln.
2	村	Zhonglu Vil.
2	街	Zhonglu St.
2	里	Zhonglu Vil.
1	車路	Zhongche Rd.
1	農路	Zhongnong Rd.
1	通巷	Zhongtong Ln.
2	路	Zhongtong Rd.
1	運路	Zhongyun Rd.
1	道街	Zhongdao St.
1	達街	Zhongda St.
2	里	Zhongda Vil.
1	都街	Zhongdu St.
1	里巷	Zhongli Ln.
2	村	Zhongli Vil.
2	路	Zhongli Rd.
1	鋼路	Zhonggang Rd.
1	長路	Zhongchang Rd.
1	門村	Zhongmen Vil.
2	路	Zhongmen Rd.
1	間	Zhongjian
2	巷	Zhongjian Ln.
2	路	Zhongjian Rd.
1	陽東街	Zhongyang E. St.
2	街	Zhongyang St.
2	路	Zhongyang Rd.
2	里	Zhongyang Vil.
1	隆1路	Zhonglong 1st Rd.
2	2路	Zhonglong 2nd Rd.
2	3路	Zhonglong 3rd Rd.
2	里	Zhonglong Vil.
1	隘里	Zhong'ai Vil.
1	集2街	Zhongji 2nd St.
2	路	Zhongji Rd.
1	音里	Zhongyin Vil.
1	順街	Zhongshun St.
1	頭里	Zhongtou Vil.
1	高遶	Zhonggaorao
1	鶯里	Zhongying Vil.
1	鹿場路	Zhongluchang Rd.
1	龍岡	Zhonglonggang
2	街	Zhonglong St.
2	里	Zhonglong Vil.
3	中南街	Zhongnan St., Zhonglong Vil.
4	正路	Zhongzheng Rd., Zhonglong Vil.
3	館前街	Guanqian St., Zhonglong Vil.
0	串空湖	Chuankonghu
0	丸山	Wanshan
2	1路	Wanshan 1st Rd.
2	2路	Wanshan 2nd Rd.
2	3路	Wanshan 3rd Rd.
2	5路	Wanshan 5th Rd.
2	6路	Wanshan 6th Rd.
2	村	Wanshan Vil.
2	路	Wanshan Rd.
0	丹山1路	Danshan 1st Rd.
2	2路	Danshan 2nd Rd.
2	3路	Danshan 3rd Rd.
2	4路	Danshan 4th Rd.
1	林	Danlin
2	村	Danlin Vil.
1	榮路	Danrong Rd.
1	裡街	Danli St.
1	路1巷	Danlu 1st Ln.
2	2巷	Danlu 2nd Ln.
2	4巷	Danlu 4th Ln.
2	村	Danlu Vil.
1	陽街	Danyang St.
1	鳳街	Danfeng St.
2	里	Danfeng Vil.
0	主信里	Zhuxin Vil.
1	儉里	Zhujian Vil.
1	力里	Zhuli Vil.
1	動里	Zhudong Vil.
1	勤里	Zhuqin Vil.
1	和路	Zhuhe Rd.
2	里	Zhuhe Vil.
1	商里	Zhushang Vil.
1	學里	Zhuxue Vil.
1	工里	Zhugong Vil.
1	幹里	Zhugan Vil.
1	政里	Zhuzheng Vil.
1	權街	Zhuquan St.
2	里	Zhuquan Vil.
1	睦里	Zhumu Vil.
1	義里	Zhuyi Vil.
1	計里	Zhuji Vil.
1	農里	Zhunong Vil.
0	久和路	Jiuhe Rd.
1	堂村	Jiutang Vil.
2	路	Jiutang Rd.
3	博愛巷	Bo'ai Ln., Jiutang Rd.
3	城隍巷	Chenghuang Ln., Jiutang Rd.
3	湖底1巷	Hudi 1st Ln., Jiutang Rd.
5	2巷	Hudi 2nd Ln., Jiutang Rd.
5	3巷	Hudi 3rd Ln., Jiutang Rd.
3	自強巷	Ziqiang Ln., Jiutang Rd.
3	鐵路巷	Railway Ln., Jiutang Rd.
1	安1街	Jiu'an 1st St.
2	2街	Jiu'an 2nd St.
2	3街	Jiu'an 3rd St.
2	5街	Jiu'an 5th St.
2	6街	Jiu'an 6th St.
2	7街	Jiu'an 7th St.
2	中路	Jiu'an Central Rd.
2	北路	Jiu'an N. Rd.
2	南路	Jiu'an S. Rd.
2	東路	Jiu'an E. Rd.
2	西路	Jiu'an W. Rd.
2	路	Jiu'an Rd.
2	里	Jiu'an Vil.
1	富	Jiufu
1	居街	Jiuju St.
1	康街	Jiukang St.
1	愛村	Jiu'ai Vil.
1	新里	Jiuxin Vil.
1	昌街	Jiuchang St.
2	里	Jiuchang Vil.
1	福街	Jiufu St.
1	采	Jiucai
1	龍街	Jiulong St.
0	九井路	Jiujing Rd.
3	2段	Sec. 2, Jiujing Rd.
1	份	Jiufen
2	子大道	Jiufenzi Blvd.
2	寮	Jiufenliao
2	路	Jiufen Rd.
1	分1路	Jiufen 1st Rd.
2	2路	Jiufen 2nd Rd.
2	3路	Jiufen 3rd Rd.
2	子	Jiufenzi
2	街	Jiufen St.
2	路	Jiufen Rd.
1	和1街	Jiuhe 1st St.
2	2街	Jiuhe 2nd St.
2	3街	Jiuhe 3rd St.
2	5街	Jiuhe 5th St.
2	6街	Jiuhe 6th St.
2	路	Jiuhe Rd.
1	塊村	Jiukuai Vil.
2	里	Jiukuai Vil.
1	大路	Jiuda Rd.
3	河濱1巷	Hebin 1st Ln., Jiuda Rd.
5	2巷	Hebin 2nd Ln., Jiuda Rd.
1	如1街	Jiuru 1st St.
3	路	Jiuru 1st Rd.
2	2街	Jiuru 2nd St.
3	路	Jiuru 2nd Rd.
2	3街	Jiuru 3rd St.
3	路	Jiuru 3rd Rd.
2	4路	Jiuru 4th Rd.
2	巷	Jiuru Ln.
2	街	Jiuru St.
2	路	Jiuru Rd.
3	1段	Sec. 1, Jiuru Rd.
3	2段	Sec. 2, Jiuru Rd.
3	3段	Sec. 3, Jiuru Rd.
2	里	Jiuru Vil.
1	寮子埔	Jiuliaozipu
1	層嶺	Jiucengling
2	村	Jiuceng Vil.
2	林巷	Jiucenglin Ln.
1	座寮	Jiuzuoliao
1	德村	Jiude Vil.
2	街	Jiude St.
1	成街	Jiucheng St.
1	房巷	Jiufang Ln.
2	村	Jiufang Vil.
1	斗	Jiudou
2	村	Jiudou Vil.
1	明村	Jiuming Vil.
2	街	Jiuming St.
1	曲村	Jiuqu Vil.
2	路	Jiuqu Rd.
3	北極巷	Beiji Ln., Jiuqu Rd.
1	東路	Jiudong Rd.
1	棚村	Jiupeng Vil.
2	路	Jiupeng Rd.
3	大愛巷	Da'ai Ln., Jiupeng Rd.
1	江街	Jiujiang St.
1	洲路	Jiuzhou Rd.
1	清村	Jiuqing Vil.
2	街	Jiuqing St.
1	湖	Jiuhu
2	1街	Jiuhu 1st St.
2	2街	Jiuhu 2nd St.
2	3街	Jiuhu 3rd St.
2	村	Jiuhu Vil.
1	甲1巷	Jiujia 1st Ln.
3	路	Jiujia 1st Rd.
2	2巷	Jiujia 2nd Ln.
3	路	Jiujia 2nd Rd.
2	3路	Jiujia 3rd Rd.
2	5路	Jiujia 5th Rd.
2	6路	Jiujia 6th Rd.
2	7路	Jiujia 7th Rd.
2	巷	Jiujia Ln.
2	路	Jiujia Rd.
1	芎坑	Jiuqiongkeng
2	坪	Jiuqiongping
2	村	Jiuqiong Vil.
2	林	Jiuqionglin
3	街	Jiuqionglin St.
2	根	Jiuqionggen
2	橋路	Jiuqiongqiao Rd.
2	湖	Jiuqionghu
2	街	Jiuqiong St.
2	路	Jiuqiong Rd.
2	里	Jiuqiong Vil.
1	讚頭	Jiuzantou
1	車籠	Jiuchelong
1	里路	Jiuli Rd.
1	重橋	Jiuchong Bridge
1	隆	Jiulong
2	里	Jiulong Vil.
1	龍1街	Jiulong 1st St.
2	2街	Jiulong 2nd St.
2	3街	Jiulong 3rd St.
2	6街	Jiulong 6th St.
2	村	Jiulong Vil.
2	東街	Jiulong E. St.
2	橫巷	Jiulong Side Ln.
2	街	Jiulong St.
2	路	Jiulong Rd.
2	里	Jiulong Vil.
0	乳姑山	Rugushan
0	乾坑	Gankeng
1	溝村	Gangou Vil.
1	溪	Ganxi
2	東路	Ganxi E. Rd.
2	路	Ganxi Rd.
1	興路	Ganxing Rd.
1	華村	Ganhua Vil.
0	二仁路1段	Sec. 1, Erren Rd.
3	2段	Sec. 2, Erren Rd.
1	份街	Erfen St.
1	儀街	Eryi St.
1	十份	Ershifen
2	分	Ershifen
2	張路	Ershizhang Rd.
1	和村	Erhe Vil.
2	街	Erhe St.
1	圳路	Erzun Rd.
1	坑	Erkeng
1	坡	Erpo
1	坪	Erping
2	仔	Erpingzai
2	巷	Erping Ln.
2	村	Erping Vil.
2	路	Erping Rd.
2	頂	Erpingding
1	城巷	Ercheng Ln.
2	路	Ercheng Rd.
2	里	Ercheng Vil.
1	埔	Erpu
1	塹路	Erqian Rd.
1	寮	Erliao
2	坑	Erliaokeng
2	村	Erliau Vil.
1	崁	Erkan
2	1路	Erkan 1st Rd.
2	村	Erkan Vil.
2	路	Erkan Rd.
1	崙村	Erlun Vil.
1	市場	2nd Market
1	庄	Erzhuang
1	成街	Ercheng St.
1	房	Erfang
1	抱路1段	Sec. 1, Erbao Rd.
3	2段	Sec. 2, Erbao Rd.
3	3段	Sec. 3, Erbao Rd.
3	4段	Sec. 4, Erbao Rd.
1	擔	Erdan
1	本松	Erbensong
1	林巷	Erlin Ln.
1	格路	Erge Rd.
1	橋	Erqiao
2	新村	Erqiao New Vil.
2	街	Erqiao St.
2	里	Erqiao Vil.
1	水村	Ershui Vil.
1	油路	Eryou Rd.
1	港巷	Ergang Ln.
2	村	Ergang Vil.
1	湖	Erhu
2	村	Erhu Vil.
2	路	Erhu Rd.
1	溪村	Erxi Vil.
2	路1巷	1st Ln., Erxi Rd.
4	段	Sec. 1, Erxi Rd.
5	湖西巷	Huxi Ln., Sec. 1, Erxi Rd.
5	田中巷	Tianzhong Ln., Sec. 1, Erxi Rd.
3	2巷	2nd Ln., Erxi Rd.
4	段	Sec. 2, Erxi Rd.
5	北勢1巷	Beishi 1st Ln., Sec. 2, Erxi Rd.
7	2巷	Beishi 2nd Ln., Sec. 2, Erxi Rd.
7	3巷	Beishi 3rd Ln., Sec. 2, Erxi Rd.
7	4巷	Beishi 4th Ln., Sec. 2, Erxi Rd.
5	橋北巷	Qiaobei Ln., Sec. 2, Erxi Rd.
6	南巷	Qiaonan Ln., Sec. 2, Erxi Rd.
5	車店東巷	Chedian E. Ln., Sec. 2, Erxi Rd.
3	3段	Sec. 3, Erxi Rd.
3	6段	Sec. 6, Erxi Rd.
3	7段	Sec. 7, Erxi Rd.
3	大突巷	Datu Ln., Erxi Rd.
3	湖西巷	Huxi Ln., Erxi Rd.
3	草1段	Cao Sec. 1, Erxi Rd.
4	2段	Cao Sec. 2, Erxi Rd.
1	潭村	Ertan Vil.
1	灣	Erwan
1	王路	Erwang Rd.
2	里	Erwang Vil.
1	甲	Erjia
2	1街	Erjia 1st St.
2	2街	Erjia 2nd St.
2	3街	Erjia 3rd St.
2	村	Erjia Vil.
2	路	Erjia Rd.
3	中心巷	Zhongxin Ln., Erjia Rd.
3	佳美巷	Jiamei Ln., Erjia Rd.
2	里	Erjia Vil.
1	空2街	Erkong 2nd St.
2	路	Erkong Rd.
1	結村	Erjie Vil.
2	路	Erjie Rd.
1	美街	Ermei St.
1	聖1巷	Ersheng 1st Ln.
3	街	Ersheng 1st St.
3	路	Ersheng 1st Rd.
2	2巷	Ersheng 2nd Ln.
3	街	Ersheng 2nd St.
3	路	Ersheng 2nd Rd.
2	3巷	Ersheng 3rd Ln.
3	街	Ersheng 3rd St.
2	街	Ersheng St.
2	路	Ersheng Rd.
1	苓路	Erling Rd.
2	里	Erling Vil.
1	萬平	Erwanping
1	行1路	Erxing 1st Rd.
2	村	Erxing Vil.
1	部路	Erbu Rd.
1	重村	Erchong Vil.
2	港	Erchonggang
2	溝	Erchonggou
2	溪	Erchongxi
2	里	Erchong Vil.
1	鎮	Erzhen
2	村	Erzhen Vil.
1	高路	Ergao Rd.
1	鬮路	Erjiu Rd.
2	里	Erjiu Vil.
1	龍村	Erlong Vil.
0	互助1街	Huzhu 1st St.
2	2街	Huzhu 2nd St.
2	3街	Huzhu 3rd St.
2	村	Huzhu Vil.
2	社區	Huzhu Community
2	街	Huzhu St.
1	愛巷	Hu'ai Ln.
2	街	Hu'ai St.
1	榮巷	Hurong Ln.
0	五中巷	Wuzhong Ln.
1	仙路1段	Sec. 1, Wuxian Rd.
3	2段	Sec. 2, Wuxian Rd.
1	伯巷	Wubo Ln.
2	村	Wubo Vil.
1	俊村	Wujun Vil.
3	中正巷	Zhongzheng Ln., Wujun Vil.
3	新生巷	Xinsheng Ln., Wujun Vil.
1	光1街	Wuguang 1st St.
2	2街	Wuguang 2nd St.
2	3街	Wuguang 3rd St.
2	南1街	Wuguang S. 1st St.
3	2街	Wuguang S. 2nd St.
2	村	Wuguang Vil.
2	路	Wuguang Rd.
3	五中巷	Wuzhong Ln., Wuguang Rd.
4	堂巷	Wutang Ln., Wuguang Rd.
3	復光1巷	Fuguang 1st Ln., Wuguang Rd.
5	2巷	Fuguang 2nd Ln., Wuguang Rd.
5	3巷	Fuguang 3rd Ln., Wuguang Rd.
5	4巷	Fuguang 4th Ln., Wuguang Rd.
5	5巷	Fuguang 5th Ln., Wuguang Rd.
5	6巷	Fuguang 6th Ln., Wuguang Rd.
1	全里	Wuquan Vil.
1	公路	Wugong Rd.
1	分	Wufen
2	寮	Wufenliao
2	街	Wufen St.
2	路1段	Sec. 1, Wufen Rd.
3	2段	Sec. 2, Wufen Rd.
3	3段	Sec. 3, Wufen Rd.
2	里	Wufen Vil.
1	北	Wubei
2	里	Wubei Vil.
3	中山路	Zhongshan Rd., Wubei Vil.
1	區	Wuqu
1	十戶路	Wushihu Rd.
1	南	Wunan
2	里	Wunan Vil.
3	中山路	Zhongshan Rd., Wunan Vil.
1	厝村	Wucuo Vil.
1	原路	Wuyuan Rd.
1	叉溝	Wuchagou
1	合	Wuhe
1	和村	Wuhe Vil.
2	街	Wuhe St.
2	路	Wuhe Rd.
1	哩巷	Wuli Ln.
1	城巷	Wucheng Ln.
2	村	Wucheng Vil.
1	埔里	Wupu Vil.
1	堂巷	Wutang Ln.
1	塊村	Wukuai Vil.
1	妃街	Wufei St.
2	里	Wufei Vil.
1	守街	Wushou St.
1	寮	Wuliao
2	巷	Wuliao Ln.
2	里	Wuliau Vil.
1	峰	Wufeng
2	路	Wufeng Rd.
1	工1路	Wugong 1st Rd.
2	2路	Wugong 2nd Rd.
2	3路	Wugong 3rd Rd.
2	5路	Wugong 5th Rd.
2	6路	Wugong 6th Rd.
2	路	Wugong Rd.
1	常	Wuchang
2	1街	Wuchang 1st St.
2	巷	Wuchang Ln.
2	街	Wuchang St.
2	里	Wuchang Vil.
1	平街	Wuping St.
1	庄村	Wuzhuang Vil.
1	座屋	Wuzuowu
1	廊街	Wulang St.
1	德路	Wude Rd.
2	里	Wude Vil.
1	心路	Wuxin Rd.
1	慧街	Wuhui St.
1	成街	Wucheng St.
1	房村	Wufang Vil.
2	路	Wufang Rd.
1	族2街	Wuzu 2nd St.
2	3街	Wuzu 3rd St.
2	街	Wuzu St.
1	智街	Wuzhi St.
1	林路	Wulin Rd.
3	惠明巷	Huiming Ln., Wulin Rd.
1	條寮街	Wutiaoliao St.
1	榔	Wulang
2	村	Wulang Vil.
1	橋	Wuqiao
1	權1街	Wuquan 1st St.
3	路	Wuquan 1st Rd.
2	2街	Wuquan 2nd St.
3	路	Wuquan 2nd Rd.
2	3街	Wuquan 3rd St.
3	路	Wuquan 3rd Rd.
2	4街	Wuquan 4th St.
2	5街	Wuquan 5th St.
3	路	Wuquan 5th Rd.
2	6街	Wuquan 6th St.
3	路	Wuquan 6th Rd.
2	7街	Wuquan 7th St.
3	路	Wuquan 7th Rd.
2	8街	Wuquan 8th St.
3	路	Wuquan 8th Rd.
2	南1街	Wuquan S. 1st St.
4	路	Wuquan S. 1st Rd.
3	路	Wuquan S. Rd.
2	新1巷	Wuquan New 1st Ln.
3	2巷	Wuquan New 2nd Ln.
2	村	Wuquan Vil.
2	東路	Wuquan E. Rd.
2	街	Wuquan St.
2	西1街	Wuquan W. 1st St.
3	2街	Wuquan W. 2nd St.
3	3街	Wuquan W. 3rd St.
3	4街	Wuquan W. 4th St.
3	5街	Wuquan W. 5th St.
3	6街	Wuquan W. 6th St.
3	路1段	Sec. 1, Wuquan W. Rd.
4	2段	Sec. 2, Wuquan W. Rd.
4	3段	Sec. 3, Wuquan W. Rd.
2	路	Wuquan Rd.
2	里	Wuquan Vil.
1	汴巷	Wubian Ln.
2	村	Wubian Vil.
2	頭	Wubiantou
1	油路	Wuyou Rd.
1	港村	Wugang Vil.
2	路	Wugang Rd.
1	湖村	Wuhu Vil.
2	街	Wuhu St.
1	溝村	Wugou Vil.
1	濱路1段	Sec. 1, Wubin Rd.
3	2段	Sec. 2, Wubin Rd.
1	爪崙	Wuzhualun
1	王里	Wuwang Vil.
1	甲1路	Wujia 1st Rd.
2	2路	Wujia 2nd Rd.
4	臨1巷	Lin 1st Ln., Wujia 2nd Rd.
2	3路	Wujia 3rd Rd.
2	勢	Wujiashi
2	北路	Wujia N. Rd.
2	南路	Wujia S. Rd.
2	村	Wujia Vil.
2	路	Wujia Rd.
3	南成3巷	Nancheng 3rd Ln., Wujia Rd.
1	百恩仔	Wubai'enzai
1	福11街	Wufu 11th St.
3	3街	Wufu 13th St.
3	街	Wufu 1st St.
3	路	Wufu 1st Rd.
2	2街	Wufu 2nd St.
3	路	Wufu 2nd Rd.
2	3街	Wufu 3rd St.
3	路	Wufu 3rd Rd.
2	4街	Wufu 4th St.
3	路	Wufu 4th Rd.
2	5街	Wufu 5th St.
2	6路	Wufu 6th Rd.
2	7街	Wufu 7th St.
2	9街	Wufu 9th St.
2	巷	Wufu Ln.
2	新村	Wufu New Vil.
2	村	Wufu Vil.
2	街	Wufu St.
2	西路	Wufu W. Rd.
2	路	Wufu Rd.
3	1段	Sec. 1, Wufu Rd.
3	2段	Sec. 2, Wufu Rd.
3	十股巷	Shigu Ln., Wufu Rd.
2	里	Wufu Vil.
1	穀街	Wugu St.
2	路	Wugu Rd.
1	結中路	Wujie Central Rd.
4	1段	Sec. 1, Wujie Central Rd.
4	2段	Sec. 2, Wujie Central Rd.
4	3段	Sec. 3, Wujie Central Rd.
2	北路	Wujie N. Rd.
2	村	Wujie Vil.
2	路	Wujie Rd.
3	1段	Sec. 1, Wujie Rd.
3	2段	Sec. 2, Wujie Rd.
3	3段	Sec. 3, Wujie Rd.
1	經巷	Wujing Ln.
1	線	Wuxian
1	美路	Wumei Rd.
1	義街	Wuyi St.
2	路	Wuyi Rd.
1	聖路	Wusheng Rd.
1	股村	Wugu Vil.
2	林	Wugulin
1	腳松	Wujiaosong
1	興路	Wuxing Rd.
2	里	Wuxing Vil.
1	華村	Wuhua Vil.
2	街	Wuhua St.
2	里	Wuhua Vil.
1	虎寮	Wuhuliao
1	谷	Wugu
2	1路	Wugu 1st Rd.
2	2路	Wugu 2nd Rd.
2	村	Wugu Vil.
2	王	Wuguwang
3	北街	Wuguwang N. St.
3	南街	Wuguwang S. St.
2	街	Wugu St.
2	路	Wugu Rd.
2	里	Wugu Vil.
1	豐	Wufeng
2	1路	Wufeng 1st Rd.
2	2路	Wufeng 2nd Rd.
2	3路	Wufeng 3rd Rd.
2	九莊	Wufeng 9th Vil.
2	八莊	Wufeng 8th Vil.
2	街	Wufeng St.
2	里	Wufeng Vil.
1	賢路	Wuxian Rd.
1	軍營	Wujunying
1	通北路	Wutong N. Rd.
2	南路	Wutong S. Rd.
2	西路	Wutong W. Rd.
1	里	5th Vil.
2	牌北	Wulipaibei
3	南	Wulipainan
2	路	Wuli Rd.
1	間	Wujian
2	厝	Wujiancuo
2	巷	Wujian Ln.
1	青路	Wuqing Rd.
1	順街	Wushun St.
2	里	Wushun Vil.
1	顯街	Wuxian St.
1	馬巷	Wuma Ln.
1	魁1巷	Wukui 1st Ln.
2	村	Wukui Vil.
2	路	Wukui Rd.
2	里	Wukui Vil.
1	龍村	Wulong Vil.
2	街	Wulong St.
0	井仔巷	Jingzai Ln.
2	頭	Jingzaitou
1	北街	Jingbei St.
1	南街	Jingnan St.
1	垵里	Jing'an Vil.
1	子垵	Jingzi'an
2	腳	Jingzijiao
1	新街	Jingxin St.
1	泉街	Jingquan St.
1	腳村	Jingjiau Vil.
2	路	Jingjiao Rd.
1	頭巷	Jingtou Ln.
2	里	Jingtou Vil.
0	亞太路	Yatai Rd.
1	洲街	Yazhou St.
2	路	Yazhou Rd.
1	航街	Yahang St.
0	交力坪	Jiaoliping
0	享平里	Xiangping Vil.
0	京中1街	Jingzhong 1st St.
2	2街	Jingzhong 2nd St.
2	3街	Jingzhong 3rd St.
2	4街	Jingzhong 4th St.
2	5街	Jingzhong 5th St.
1	吉1路	Jingji 1st Rd.
2	2路	Jingji 2nd Rd.
2	3路	Jingji 3rd Rd.
2	5路	Jingji 5th Rd.
2	6路	Jingji 6th Rd.
2	7路	Jingji 7th Rd.
1	學街	Jingxue St.
1	富路	Jingfu Rd.
1	展街	Jingzhan St.
1	文街	Jingwen St.
1	都街	Jingdu St.
0	亭東里	Tingdong Vil.
0	人和11路	Renhe 11th Rd.
3	2路	Renhe 12th Rd.
3	街	Renhe 1st St.
3	路	Renhe 1st Rd.
2	2街	Renhe 2nd St.
3	路	Renhe 2nd Rd.
2	3街	Renhe 3rd St.
3	路	Renhe 3rd Rd.
2	5路	Renhe 5th Rd.
2	6路	Renhe 6th Rd.
2	7路	Renhe 7th Rd.
2	8路	Renhe 8th Rd.
2	9路	Renhe 9th Rd.
2	中路	Renhe Central Rd.
2	巷	Renhe Ln.
2	村	Renhe Vil.
2	路	Renhe Rd.
2	里	Renhe Vil.
1	壽巷	Renshou Ln.
1	才巷	Rencai Ln.
1	文巷	Renwen Ln.
1	福巷	Renfu Ln.
0	什乃	Shinai
2	里	Shinai Vil.
1	泉街	Shiquan St.
1	股11街	Shigu 11th St.
3	街	Shigu 1st St.
2	2街	Shigu 2nd St.
2	3街	Shigu 3rd St.
2	5街	Shigu 5th St.
2	6街	Shigu 6th St.
2	7街	Shigu 7th St.
2	8街	Shigu 8th St.
2	9街	Shigu 9th St.
2	十街	Shigu 10th St.
2	村	Shigu Vil.
2	路	Shigu Rd.
0	仁1街	Ren 1st St.
2	路	Ren 1st Rd.
1	2街	Ren 2nd St.
2	路	Ren 2nd Rd.
1	3街	Ren 3rd St.
2	路	Ren 3rd Rd.
1	4街	Ren 4th St.
2	路	Ren 4th Rd.
1	5街	Ren 5th St.
2	路	Ren 5th Rd.
3	1段	Sec. 1, Ren 5th Rd.
3	2段	Sec. 2, Ren 5th Rd.
3	3段	Sec. 3, Ren 5th Rd.
1	6街	Ren 6th St.
2	路	Ren 6th Rd.
1	7街	Ren 7th St.
2	路	Ren 7th Rd.
1	8街	Ren 8th St.
1	中1街	Renzhong 1st St.
2	2街	Renzhong 2nd St.
2	3街	Renzhong 3rd St.
2	5街	Renzhong 5th St.
2	6街	Renzhong 6th St.
2	7街	Renzhong 7th St.
2	8街	Renzhong 8th St.
2	巷	Renzhong Ln.
2	街	Renzhong St.
1	仰路	Renyang Rd.
1	保路	Renbao Rd.
1	信巷	Renxin Ln.
2	街	Renxin St.
1	光	Renguang
2	巷	Renguang Ln.
2	路	Renguang Rd.
1	利街	Renli St.
1	前巷	Renqian Ln.
1	勇東巷	Renyong E. Ln.
2	街	Renyong St.
2	西巷	Renyong W. Ln.
2	路	Renyong Rd.
2	里	Renyong Vil.
1	勢村	Renshi Vil.
1	化商場	Renhua Market
2	工12路	Renhuagong 12th Rd.
4	6路	Renhuagong 16th Rd.
4	8路	Renhuagong 18th Rd.
4	9路	Renhuagong 19th Rd.
4	路	Renhuagong 1st Rd.
3	2路	Renhuagong 2nd Rd.
3	3路	Renhuagong 3rd Rd.
3	5路	Renhuagong 5th Rd.
3	6路	Renhuagong 6th Rd.
3	8路	Renhuagong 8th Rd.
3	十路	Renhuagong 10th Rd.
2	村	Renhua Vil.
2	街	Renhua St.
2	路	Renhua Rd.
2	里	Renhua Vil.
1	北路	Renbei Rd.
1	協巷	Renxie Ln.
1	南1街	Rennan 1st St.
2	2街	Rennan 2nd St.
2	3街	Rennan 3rd St.
2	4街	Rennan 4th St.
2	街	Rennan St.
1	厚街	Renhou St.
1	友巷	Renyou Ln.
1	和	Renhe
2	1街	Renhe 1st St.
3	路	Renhe 1st Rd.
2	2街	Renhe 2nd St.
3	路	Renhe 2nd Rd.
2	3街	Renhe 3rd St.
2	5街	Renhe 5th St.
2	6街	Renhe 6th St.
2	7街	Renhe 7th St.
2	8街	Renhe 8th St.
2	9街	Renhe 9th St.
2	北路	Renhe N. Rd.
2	南街	Renhe S. St.
2	巷	Renhe Ln.
2	新村	Renhe New Vil.
2	村	Renhe Vil.
2	東街	Renhe E. St.
2	街	Renhe St.
2	西街	Renhe W. St.
2	路	Renhe Rd.
3	1段	Sec. 1, Renhe Rd.
3	2段	Sec. 2, Renhe Rd.
3	南巷	S. Ln., Renhe Rd.
2	里	Renhe Vil.
1	善1街	Renshan 1st St.
2	2街	Renshan 2nd St.
2	3街	Renshan 3rd St.
2	5街	Renshan 5th St.
2	6街	Renshan 6th St.
2	7街	Renshan 7th St.
2	街	Renshan St.
2	里	Renshan Vil.
1	城路	Rencheng Rd.
1	堤1街	Renti 1st St.
2	2街	Renti 2nd St.
2	路	Renti Rd.
1	壽南路	Renshou S. Rd.
2	巷	Renshou Ln.
2	村	Renshou Vil.
2	街	Renshou St.
2	路	Renshou Rd.
3	忠勤新村	Zhongqin New Vil., Renshou Rd.
2	里	Renshou Vil.
1	孝街	Renxiao St.
2	路	Renxiao Rd.
1	宇路	Renyu Rd.
1	安	Ren'an
2	1巷	Ren'an 1st Ln.
3	街	Ren'an 1st St.
2	2巷	Ren'an 2nd Ln.
3	街	Ren'an 2nd St.
2	3巷	Ren'an 3rd Ln.
2	4街	Ren'an 4th St.
2	6街	Ren'an 6th St.
2	8街	Ren'an 8th St.
2	巷	Ren'an Ln.
2	村	Ren'an Vil.
2	街	Ren'an St.
2	路	Ren'an Rd.
2	里	Ren'an Vil.
1	屋1街	Renwu 1st St.
2	2街	Renwu 2nd St.
1	山1街	Renshan 1st St.
2	2街	Renshan 2nd St.
2	巷	Renshan Ln.
2	街	Renshan St.
1	川路	Renchuan Rd.
1	巷	Ren Ln.
2	村	Renxiang Vil.
1	平巷	Renping Ln.
2	街	Renping St.
2	路	Renping Rd.
1	後巷	Renhou Ln.
1	得里	Rende Vil.
1	復里	Renfu Vil.
1	德11街	Rende 11th St.
3	街	Rende 1st St.
3	路	Rende 1st Rd.
2	2街	Rende 2nd St.
3	路	Rende 2nd Rd.
2	3街	Rende 3rd St.
3	路	Rende 3rd Rd.
2	4街	Rende 4th St.
2	5街	Rende 5th St.
3	路	Rende 5th Rd.
2	6街	Rende 6th St.
2	7街	Rende 7th St.
2	8街	Rende 8th St.
2	9街	Rende 9th St.
2	北街	Rende N. St.
2	十街	Rende 10th St.
2	南街	Rende S. St.
2	巷	Rende Ln.
2	新村	Rende New Vil.
2	村	Rende Vil.
2	東路	Rende E. Rd.
2	街	Rende St.
2	西路1段	Sec. 1, Rende W. Rd.
4	2段	Sec. 2, Rende W. Rd.
6	吉來巷	Jilai Ln., Sec. 2, Rende W. Rd.
2	路	Rende Rd.
3	1段	Sec. 1, Rende Rd.
2	里	Rende Vil.
1	心街	Renxin St.
2	路	Renxin Rd.
3	博愛巷	Bo'ai Ln., Renxin Rd.
1	忠1街	Renzhong 1st St.
2	2街	Renzhong 2nd St.
2	3街	Renzhong 3rd St.
2	4街	Renzhong 4th St.
2	5街	Renzhong 5th St.
2	6街	Renzhong 6th St.
2	7街	Renzhong 7th St.
2	8街	Renzhong 8th St.
2	十街	Renzhong 10th St.
2	街	Renzhong St.
2	路	Renzhong Rd.
2	里	Renzhong Vil.
1	怡1街	Renyi 1st St.
2	2街	Renyi 2nd St.
2	街	Renyi St.
1	愛	Ren'ai
2	12街	Ren'ai 12th St.
3	6街	Ren'ai 16th St.
3	巷	Ren'ai 1st Ln.
3	街	Ren'ai 1st St.
3	路	Ren'ai 1st Rd.
2	2街	Ren'ai 2nd St.
3	路	Ren'ai 2nd Rd.
2	3街	Ren'ai 3rd St.
3	路	Ren'ai 3rd Rd.
2	4街	Ren'ai 4th St.
2	5街	Ren'ai 5th St.
2	6街	Ren'ai 6th St.
2	8街	Ren'ai 8th St.
2	北街	Ren'ai N. St.
3	路	Ren'ai N. Rd.
2	十街	Ren'ai 10th St.
2	南街	Ren'ai S. St.
3	路	Ren'ai S. Rd.
2	商城	Ren'ai Shangcheng
2	巷	Ren'ai Ln.
2	新屯	Ren'ai New Vil.
3	村	Ren'ai New Vil.
2	村	Ren'ai Vil.
2	東街	Ren'ai E. St.
2	街	Ren'ai St.
3	1段	Sec. 1, Ren'ai St.
3	育德巷	Yude Ln., Ren'ai St.
2	西路	Ren'ai W. Rd.
2	路	Ren'ai Rd.
3	1段	Sec. 1, Ren'ai Rd.
3	2段	Sec. 2, Ren'ai Rd.
3	3段	Sec. 3, Ren'ai Rd.
3	4段	Sec. 4, Ren'ai Rd.
3	必信巷	Bixin Ln., Ren'ai Rd.
3	福德巷	Fude Ln., Ren'ai Rd.
3	長安巷	Chang'an Ln., Ren'ai Rd.
2	里	Ren'ai Vil.
1	慈1街	Renci 1st St.
2	2街	Renci 2nd St.
2	3街	Renci 3rd St.
2	4街	Renci 4th St.
2	5街	Renci 5th St.
2	6街	Renci 6th St.
2	7街	Renci 7th St.
2	8街	Renci 8th St.
2	村	Renci Vil.
2	街	Renci St.
2	路	Renci Rd.
2	里	Renci Vil.
1	政街	Renzheng St.
2	路	Renzheng Rd.
2	里	Renzheng Vil.
1	文街	Renwen St.
2	里	Renwen Vil.
1	新巷	Renxin Ln.
1	昌街	Renchang St.
2	路	Renchang Rd.
2	里	Renchang Vil.
1	春巷	Renchun Ln.
2	街	Renchun St.
1	智街	Renzhi St.
2	路	Renzhi Rd.
2	里	Renzhi Vil.
1	望路	Renwang Rd.
1	東街	Rendong St.
1	林路	Renlin Rd.
1	樂街	Renle St.
2	路	Renle Rd.
1	樹街	Renshu St.
1	正里	Renzheng Vil.
1	武村	Renwu Vil.
2	街	Renwu St.
2	里	Renwu Vil.
1	民街	Renmin St.
2	路	Renmin Rd.
1	洲街	Renzhou St.
1	澤山莊	Renze Villa
2	路	Renze Rd.
1	發1路	Renfa 1st Rd.
2	2路	Renfa 2nd Rd.
2	3路	Renfa 3rd Rd.
2	5路	Renfa 5th Rd.
2	6路	Renfa 6th Rd.
1	盛路	Rensheng Rd.
1	祥街	Renxiang St.
2	里	Renxiang Vil.
1	福1街	Renfu 1st St.
2	2街	Renfu 2nd St.
2	3街	Renfu 3rd St.
2	4街	Renfu 4th St.
2	5街	Renfu 5th St.
2	巷	Renfu Ln.
2	村	Renfu Vil.
2	街	Renfu St.
2	里	Renfu Vil.
1	禮巷	Renli Ln.
2	街	Renli St.
2	里	Renli Vil.
1	立街	Renli St.
1	美	Renmei
2	11巷	Renmei 11th Ln.
3	2巷	Renmei 12th Ln.
3	街	Renmei 1st St.
2	2街	Renmei 2nd St.
2	3巷	Renmei 3rd Ln.
2	4街	Renmei 4th St.
2	9巷	Renmei 9th Ln.
2	十巷	Renmei 10th Ln.
2	巷	Renmei Ln.
2	新村	Renmei New Vil.
2	村	Renmei Vil.
2	街	Renmei St.
2	路	Renmei Rd.
2	里	Renmei Vil.
1	義	Renyi
2	1街	Renyi 1st St.
2	2街	Renyi 2nd St.
2	3街	Renyi 3rd St.
2	4街	Renyi 4th St.
2	5街	Renyi 5th St.
2	6街	Renyi 6th St.
2	北路	Renyi N. Rd.
2	南路	Renyi S. Rd.
2	巷	Renyi Ln.
2	新村	Renyi New Vil.
2	村	Renyi Vil.
2	街	Renyi St.
2	路	Renyi Rd.
3	仁德巷	Rende Ln., Renyi Rd.
2	里	Renyi Vil.
1	翠里	Rencui Vil.
1	聖路	Rensheng Rd.
1	聲里	Rensheng Vil.
1	興巷	Renxing Ln.
2	街	Renxing St.
2	路	Renxing Rd.
1	華街	Renhua St.
2	路	Renhua Rd.
2	里	Renhua Vil.
1	裕里	Renyu Vil.
1	親路	Renqin Rd.
1	豐路	Renfeng Rd.
1	貴巷	Rengui Ln.
1	賢街	Renxian St.
1	里12街	Renli 12th St.
3	3街	Renli 13th St.
3	4街	Renli 14th St.
3	街	Renli 1st St.
2	2街	Renli 2nd St.
2	3街	Renli 3rd St.
2	4街	Renli 4th St.
2	5街	Renli 5th St.
2	6街	Renli 6th St.
2	7街	Renli 7th St.
2	8街	Renli 8th St.
2	9街	Renli 9th St.
2	文化	Renliwenhua
2	村	Renli Vil.
2	板	Renliban
2	街	Renli St.
2	路	Renli Rd.
1	隆	Renlong
2	村	Renlong Vil.
2	街	Renlong St.
1	雄舊街	Renxiongjiu St.
2	路	Renxiong Rd.
1	雅巷	Renya Ln.
2	村	Renya Vil.
2	街	Renya St.
1	風路	Renfeng Rd.
0	介仁街	Jieren St.
1	壽1巷	Jieshou 1st Ln.
3	街	Jieshou 1st St.
3	路	Jieshou 1st Rd.
2	2街	Jieshou 2nd St.
2	3街	Jieshou 3rd St.
2	4街	Jieshou 4th St.
2	5街	Jieshou 5th St.
2	北路	Jieshou N. Rd.
2	南路	Jieshou S. Rd.
2	巷	Jieshou Ln.
2	新村	Jieshou New Vil.
2	村	Jieshou Vil.
2	東路	Jieshou E. Rd.
2	街	Jieshou St.
2	西路	Jieshou W. Rd.
4	西首	Xishou, Jieshou W. Rd.
2	路	Jieshou Rd.
3	1段	Sec. 1, Jieshou Rd.
3	2段	Sec. 2, Jieshou Rd.
5	富順巷	Fushun Ln., Sec. 2, Jieshou Rd.
3	3段	Sec. 3, Jieshou Rd.
3	慈恩廿五村	Ci'en 25th Vil., Jieshou Rd.
2	里	Jieshou Vil.
1	新街	Jiexin St.
1	智街	Jiezhi St.
1	林2街	Jielin 2nd St.
2	3街	Jielin 3rd St.
2	4街	Jielin 4th St.
2	5街	Jielin 5th St.
2	6街	Jielin 6th St.
2	7街	Jielin 7th St.
2	8街	Jielin 8th St.
2	9街	Jielin 9th St.
1	禮街	Jieli St.
1	義街	Jieyi St.
0	仔巷	Zai Ln.
0	仕元村	Shiyuan Vil.
2	路右邊巷	Youbian Ln., Shiyuan Rd.
3	左邊巷	Zuobian Ln., Shiyuan Rd.
1	和村	Shihe Vil.
1	安村	Shi'an Vil.
1	正路	Shizheng Rd.
1	田路右邊巷	Youbian Ln., Shitian Rd.
3	左邊巷	Zuobian Ln., Shitian Rd.
1	絨村	Shirong Vil.
2	路	Shirong Rd.
1	豐南路	Shifeng S. Rd.
4	仕豐北巷	Shifeng N. Ln., Shifeng S. Rd.
5	龍南巷	Shilong S. Ln., Shifeng S. Rd.
6	巷	Shilong Ln., Shifeng S. Rd.
6	東巷	Shilong E. Ln., Shifeng S. Rd.
6	西巷	Shilong W. Ln., Shifeng S. Rd.
4	大同巷	Datong Ln., Shifeng S. Rd.
5	崎巷	Daqi Ln., Shifeng S. Rd.
5	義巷	Dayi Ln., Shifeng S. Rd.
2	村	Shifeng Vil.
2	路	Shifeng Rd.
3	五常巷	Wuchang Ln., Shifeng Rd.
4	福巷	Wufu Ln., Shifeng Rd.
3	仁愛巷	Ren'ai Ln., Shifeng Rd.
3	信義巷	Xinyi Ln., Shifeng Rd.
3	公館巷	Gongguan Ln., Shifeng Rd.
3	六合巷	Liuhe Ln., Shifeng Rd.
3	博愛巷	Bo'ai Ln., Shifeng Rd.
3	和平巷	Heping Ln., Shifeng Rd.
3	四維巷	Siwei Ln., Shifeng Rd.
3	大同巷	Datong Ln., Shifeng Rd.
4	崎巷	Daqi Ln., Shifeng Rd.
3	忠孝巷	Zhongxiao Ln., Shifeng Rd.
3	成功巷	Chenggong Ln., Shifeng Rd.
3	文武巷	Wenwu Ln., Shifeng Rd.
3	永吉1巷	Yongji 1st Ln., Shifeng Rd.
5	2巷	Yongji 2nd Ln., Shifeng Rd.
3	溝尾巷	Gouwei Ln., Shifeng Rd.
3	神農巷	Shennong Ln., Shifeng Rd.
3	長記巷	Changji Ln., Shifeng Rd.
1	隆北巷	Shilong N. Ln.
2	南路	Shilong S. Rd.
2	村	Shilong Vil.
2	路	Shilong Rd.
3	公館1巷	Gongguan 1st Ln., Shilong Rd.
5	2巷	Gongguan 2nd Ln., Shilong Rd.
3	博愛巷	Bo'ai Ln., Shilong Rd.
3	曾營巷	Zengying Ln., Shilong Rd.
3	李厝巷	Licuo Ln., Shilong Rd.
3	林厝巷	Lincuo Ln., Shilong Rd.
3	校邊巷	Xiaobian Ln., Shilong Rd.
3	正心巷	Zhengxin Ln., Shilong Rd.
3	進校巷	Jinxiao Ln., Shilong Rd.
3	陳厝巷	Chencuo Ln., Shilong Rd.
3	馬厝巷	Macuo Ln., Shilong Rd.
1	龍北巷	Shilong N. Ln.
2	南巷	Shilong S. Ln.
2	東巷	Shilong E. Ln.
2	西巷	Shilong W. Ln.
0	仙公巷	Xiangong Ln.
2	路	Xiangong Rd.
1	吉村	Xianji Vil.
3	市場巷	Shichang Ln., Xianji Vil.
2	路	Xianji Rd.
1	塘坪巷	Xiantangping Ln.
1	宮里	Xiangong Vil.
1	山	Xianshan
1	岩路	Xianyan Rd.
1	峰巷	Xianfeng Ln.
2	村	Xianfeng Vil.
1	林巷	Xianlin Ln.
2	路	Xianlin Rd.
1	水里	Xianshui Vil.
1	洞巷	Xiandong Ln.
2	街	Xiandong St.
2	里	Xiandong Vil.
1	爺路	Xianye Rd.
1	草	Xiancao
2	里	Xiancao Vil.
1	隆路	Xianlong Rd.
1	鯉路	Xianli Rd.
1	鹿巷	Xianlu Ln.
0	代安街	Dai'an St.
1	巡巷	Daixun Ln.
1	德1街	Daide 1st St.
2	2街	Daide 2nd St.
2	3街	Daide 3rd St.
0	以春街	Yichun St.
0	仰山莊	Yang Villa
1	德大道1段	Sec. 1, Yangde Blvd.
4	2段	Sec. 2, Yangde Blvd.
4	3段	Sec. 3, Yangde Blvd.
4	4段	Sec. 4, Yangde Blvd.
2	巷	Yangde Ln.
2	街	Yangde St.
2	路	Yangde Rd.
1	聖里	Yangsheng Vil.
0	仲生路	Zhongsheng Rd.
0	份尾1路	Fenwei 1st Rd.
2	2路	Fenwei 2nd Rd.
2	3路	Fenwei 3rd Rd.
0	伊寧街	Yining St.
1	犁街	Yili St.
1	通街	Yitong St.
1	達邵路	Ita Thao Rd.
0	伍伯巷	Wubo Ln.
0	伏波巷	Fupo Ln.
0	休閒街	Xiuxian St.
0	伯公坑	Bogongkeng
2	坪	Bogongping
2	峎	Bogonglang
2	巷	Bogong Ln.
1	爵街	Bojue St.
1	玉路	Boyu Rd.
3	1段	Sec. 1, Boyu Rd.
3	2段	Sec. 2, Boyu Rd.
3	3段	Sec. 3, Boyu Rd.
3	4段	Sec. 4, Boyu Rd.
0	佃北8街	Dianbei 8th St.
1	東里	Diandong Vil.
1	西1街	Dianxi 1st St.
2	2街	Dianxi 2nd St.
2	路	Dianxi Rd.
2	里	Dianxi Vil.
0	住安里	Zhu'an Vil.
0	佐倉村	Zuocang Vil.
2	街	Zuocang St.
0	佑民街	Youmin St.
2	路	Youmin Rd.
0	何仁里	Heren Vil.
1	南里	Henan Vil.
1	厝	Hecuo
2	南巷	Hecuo S. Ln.
2	東1街	Hecuo E. 1st St.
3	2街	Hecuo E. 2nd St.
2	街	Hecuo St.
2	里	Hecuo Vil.
1	安2巷	He'an 2nd Ln.
2	里	He'an Vil.
1	德里	Hede Vil.
1	斗里	Hedou Vil.
1	浦村	Hepu Vil.
1	源里	Heyuan Vil.
0	余厝巷	Yucuo Ln.
0	佛中路	Fozhong Rd.
1	佑路	Foyou Rd.
1	光路	Foguang Rd.
1	公路	Fogong Rd.
1	南街	Fonan St.
1	堂巷	Fotang Ln.
1	壇里	Fotan Vil.
1	宗街	Fozong St.
1	山路	Foshan Rd.
1	廟巷	Fomiao Ln.
1	德街	Fode St.
1	東路	Fodong Rd.
1	祖街	Fozu St.
1	神路	Foshen Rd.
1	西街	Foxi St.
1	道路	Fodao Rd.
0	佳人山	Jiarenshan
1	佐村	Jiazuo Vil.
1	冬村	Jiadong Vil.
1	化1街	Jiahua 1st St.
2	2街	Jiahua 2nd St.
2	3街	Jiahua 3rd St.
2	5街	Jiahua 5th St.
2	6街	Jiahua 6th St.
2	7街	Jiahua 7th St.
2	里	Jiahua Vil.
1	北1街	Jiabei 1st St.
2	2街	Jiabei 2nd St.
2	3街	Jiabei 3rd St.
2	路	Jiabei Rd.
1	南路	Jianan Rd.
1	和村	Jiahe Vil.
2	路	Jiahe Rd.
2	里	Jiahe Vil.
1	園路	Jiayuan Rd.
3	1段	Sec. 1, Jiayuan Rd.
3	2段	Sec. 2, Jiayuan Rd.
3	3段	Sec. 3, Jiayuan Rd.
1	安中街	Jia'an Central St.
2	北街	Jia'an N. St.
2	南路	Jia'an S. Rd.
2	村	Jia'an Vil.
2	東路	Jia'an E. Rd.
2	西路	Jia'an W. Rd.
2	路	Jia'an Rd.
1	崙	Jialun
1	平巷	Jiaping Ln.
2	村	Jiaping Vil.
1	志	Jiazhi
1	昌路	Jiachang Rd.
1	暮村	Jiamu Vil.
1	東路	Jiadong Rd.
1	林	Jialin
2	村	Jialin Vil.
2	路	Jialin Rd.
1	民	Jiamin
2	村	Jiamin Vil.
1	祥巷	Jiaxiang Ln.
1	福路	Jiafu Rd.
1	禾里	Jiahe Vil.
1	美巷	Jiamei Ln.
1	義村	Jiayi Vil.
1	興	Jiaxing
2	1街	Jiaxing 1st St.
2	2街	Jiaxing 2nd St.
2	3街	Jiaxing 3rd St.
2	5街	Jiaxing 5th St.
2	6街	Jiaxing 6th St.
2	7街	Jiaxing 7th St.
2	村	Jiaxing Vil.
2	路	Jiaxing Rd.
1	西路	Jiaxi Rd.
1	豐路	Jiafeng Rd.
1	農街	Jianong St.
1	運巷	Jiayun Ln.
1	里興	Jialixing
1	陽巷	Jiayang Ln.
2	新巷	Jiayang New Ln.
1	隆街	Jialong St.
1	青路1段	Sec. 1, Jiaqing Rd.
0	來吉	Laiji
2	村	Laiji Vil.
1	惠村	Laihui Vil.
1	新路	Laixin Rd.
1	義	Laiyi
2	大橋巷	Laiyidaqiao Ln.
2	村	Laiyi Vil.
1	興街	Laixing St.
0	依仁1街	Yiren 1st St.
2	2街	Yiren 2nd St.
2	巷	Yiren Ln.
2	路	Yiren Rd.
2	里	Yiren Vil.
0	侯伯村	Houbo Vil.
1	硐路	Houtong Rd.
2	里	Houtong Vil.
0	俊仁路	Junren Rd.
1	保路	Junbao Rd.
1	勇路	Junyong Rd.
1	安街	Jun'an St.
1	德街	Junde St.
1	智路	Junzhi Rd.
1	興街	Junxing St.
1	英街	Junying St.
1	賢街	Junxian St.
2	路	Junxian Rd.
0	保1街	Bao 1st St.
1	仁1街	Baoren 1st St.
2	2街	Baoren 2nd St.
2	3街	Baoren 3rd St.
2	街	Baoren St.
2	路	Baoren Rd.
1	佑里	Bauyou Vil.
1	信街	Baoxin St.
2	路	Baoxin Rd.
1	健街	Baojian St.
2	路	Baojian Rd.
1	儀路	Baoyi Rd.
1	力村	Bauli Vil.
2	路	Baoli Rd.
3	清河巷	Qinghe Ln., Baoli Rd.
1	北路	Baobei Rd.
1	南1路	Baonan 1st Rd.
2	2路	Baonan 2nd Rd.
1	吉村	Bauji Vil.
2	路	Baoji Rd.
1	同巷	Bautong Ln.
1	和街	Baohe St.
2	里	Bauhe Vil.
1	大路1段	Sec. 1, Baoda Rd.
3	2段	Sec. 2, Baoda Rd.
3	3段	Sec. 3, Baoda Rd.
1	孝街	Baoxiao St.
1	學1街	Baoxue 1st St.
2	2街	Baoxue 2nd St.
2	路	Baoxue Rd.
1	安1街	Bao'an 1st St.
3	路	Bao'an 1st Rd.
2	2街	Bao'an 2nd St.
3	路	Bao'an 2nd Rd.
2	3街	Bao'an 3rd St.
2	4路	Bao'an 4th Rd.
2	5街	Bao'an 5th St.
2	6街	Bao'an 6th St.
2	7街	Bao'an 7th St.
2	8街	Bao'an 8th St.
2	9街	Bao'an 9th St.
2	十街	Bao'an 10th St.
2	巷	Bau'an Ln.
2	市場	Bao'an Market
2	村	Bau'an Vil.
2	林	Bao'anlin
2	街	Bao'an St.
3	1段	Sec. 1, Bao'an St.
3	2段	Sec. 2, Bao'an St.
3	3段	Sec. 3, Bao'an St.
3	烽火巷	Fenghuo Ln., Bao'an St.
3	銅山2巷	Tongshan 2nd Ln., Bao'an St.
2	路	Bao'an Rd.
3	1段	Sec. 1, Bao'an Rd.
3	2段	Sec. 2, Bao'an Rd.
3	3段	Sec. 3, Bao'an Rd.
2	里	Bau'an Vil.
1	定1街	Baoding 1st St.
2	2街	Baoding 2nd St.
2	3街	Baoding 3rd St.
2	5街	Baoding 5th St.
2	6街	Baoding 6th St.
2	村	Bauding Vil.
2	街	Baoding St.
2	路	Baoding Rd.
2	里	Bauding Vil.
1	寧北街	Baoning N. St.
2	村	Bauning Vil.
2	路	Baoning Rd.
1	平路	Baoping Rd.
2	里	Bauping Vil.
1	庄里	Bauzhuang Vil.
1	康街	Baokang St.
2	路	Baokang Rd.
1	建街	Baojian St.
1	德街	Baode St.
2	里	Baude Vil.
1	忠1街	Baozhong 1st St.
2	2街	Baozhong 2nd St.
2	3街	Baozhong 3rd St.
2	街	Baozhong St.
1	惠街	Baohui St.
1	愛1街	Bao'ai 1st St.
2	2街	Bao'ai 2nd St.
2	3街	Bao'ai 3rd St.
2	街	Bao'ai St.
1	慶巷	Bauqing Ln.
2	街	Baoqing St.
1	成1街	Baocheng 1st St.
3	路	Baocheng 1st Rd.
2	2街	Baocheng 2nd St.
3	路	Baocheng 2nd Rd.
2	5街	Baocheng 5th St.
2	6街	Baocheng 6th St.
2	7街	Baocheng 7th St.
2	8街	Baocheng 8th St.
2	路	Baocheng Rd.
1	新街	Baoxin St.
2	路	Baoxin Rd.
2	里	Bauxin Vil.
1	東1街	Baodong 1st St.
2	2街	Baodong 2nd St.
2	路	Baodong Rd.
1	榮街	Baorong St.
1	正街	Baozheng St.
1	民巷	Baomin Ln.
2	路	Baomin Rd.
2	里	Baumin Vil.
1	水路	Baoshui Rd.
1	泰1街	Baotai 1st St.
2	2街	Baotai 2nd St.
2	3路	Baotai 3rd Rd.
2	5路	Baotai 5th Rd.
2	6路	Baotai 6th Rd.
2	路	Baotai Rd.
1	源1街	Baoyuan 1st St.
2	2街	Baoyuan 2nd St.
2	3街	Baoyuan 3rd St.
2	6街	Baoyuan 6th St.
2	村	Bauyuan Vil.
1	生1街	Baosheng 1st St.
2	2街	Baosheng 2nd St.
2	3街	Baosheng 3rd St.
2	5街	Baosheng 5th St.
2	6路	Baosheng 6th Rd.
2	7街	Baosheng 7th St.
2	8街	Baosheng 8th St.
2	9街	Baosheng 9th St.
2	十街	Baosheng 10th St.
2	巷	Bausheng Ln.
2	新村	Baosheng New Vil.
2	村	Bausheng Vil.
2	東路	Baosheng E. Rd.
2	社區	Baosheng Community
2	街	Baosheng St.
2	路	Baosheng Rd.
2	里	Bausheng Vil.
1	甲路	Baojia Rd.
1	社村	Baushe Vil.
1	福1路	Baofu 1st Rd.
2	街	Baofu St.
2	路	Baofu Rd.
3	1段	Sec. 1, Baofu Rd.
3	2段	Sec. 2, Baofu Rd.
3	3段	Sec. 3, Baofu Rd.
1	竹	Baozhu
1	糖街	Baotang St.
1	羅街	Baoluo St.
1	義街	Baoyi St.
2	路	Baoyi Rd.
1	興1街	Baoxing 1st St.
3	路	Baoxing 1st Rd.
2	2街	Baoxing 2nd St.
3	路	Baoxing 2nd Rd.
2	3路	Baoxing 3rd Rd.
2	街	Baoxing St.
2	路1段	Sec. 1, Baoxing Rd.
3	2段	Sec. 2, Baoxing Rd.
3	3段	Sec. 3, Baoxing Rd.
3	4段	Sec. 4, Baoxing Rd.
1	舍甲路	Baoshejia Rd.
1	良里	Bauliang Vil.
1	華1路	Baohua 1st Rd.
2	2路	Baohua 2nd Rd.
2	路	Baohua Rd.
1	西村	Bauxi Vil.
2	里	Bauxi Vil.
1	鄉里	Bauxiang Vil.
1	金巷	Baujin Ln.
1	鎮街	Baozhen St.
1	鐵12路	Baotie 12th Rd.
3	6街	Baotie 16th St.
3	路2段	Sec. 2, Baotie 1st Rd.
4	3段	Sec. 3, Baotie 1st Rd.
2	7路	Baotie 7th Rd.
1	長厝街	Baozhangcuo St.
2	湖	Baozhanghu
2	路	Baozhang Rd.
2	里	Bauchang Vil.
1	隆巷	Baulong Ln.
1	障1路	Baozhang 1st Rd.
2	2路	Baozhang 2nd Rd.
2	3路	Baozhang 3rd Rd.
2	5路	Baozhang 5th Rd.
2	6路	Baozhang 6th Rd.
2	村	Bauzhang Vil.
2	路	Baozhang Rd.
1	雅路	Baoya Rd.
1	靖街	Baojing St.
1	順1街	Baoshun 1st St.
2	2街	Baoshun 2nd St.
2	3街	Baoshun 3rd St.
2	5街	Baoshun 5th St.
2	6街	Baoshun 6th St.
2	街	Baoshun St.
2	路	Baoshun Rd.
3	1段	Sec. 1, Baoshun Rd.
3	2段	Sec. 2, Baoshun Rd.
2	里	Baushun Vil.
1	香路	Baoxiang Rd.
0	信1街	Xin 1st St.
2	路	Xin 1st Rd.
1	2街	Xin 2nd St.
2	路	Xin 2nd Rd.
1	3街	Xin 3rd St.
2	路	Xin 3rd Rd.
1	4路	Xin 4th Rd.
1	5路	Xin 5th Rd.
1	6街	Xin 6th St.
2	路	Xin 6th Rd.
1	7路	Xin 7th Rd.
1	中街	Xinzhong St.
2	路	Xinzhong Rd.
1	光路	Xinguang Rd.
2	里	Xinguang Vil.
1	全街	Xinquan St.
1	勢村	Xinshi Vil.
1	和巷	Xinhe Ln.
2	街	Xinhe St.
2	路	Xinhe Rd.
2	里	Xinhe Vil.
1	善街	Xinshan St.
1	國	Xinguo
2	路	Xinguo Rd.
1	守街	Xinshou St.
1	安街	Xin'an St.
2	路	Xin'an Rd.
2	里	Xin'an Vil.
1	富街	Xinfu St.
1	實路	Xinshi Rd.
1	寧路	Xinning Rd.
1	居街	Xinju St.
1	平路	Xinping Rd.
1	強街	Xinqiang St.
1	德巷	Xinde Ln.
2	新村	Xinde New Vil.
2	街	Xinde St.
2	路	Xinde Rd.
2	里	Xinde Vil.
1	忠里	Xinzhong Vil.
1	愛街	Xin'ai St.
2	里	Xin'ai Vil.
1	敏路	Xinmin Rd.
1	昌1街	Xinchang 1st St.
2	2街	Xinchang 2nd St.
2	3街	Xinchang 3rd St.
2	5街	Xinchang 5th St.
2	6街	Xinchang 6th St.
2	7街	Xinchang 7th St.
2	8街	Xinchang 8th St.
2	9街	Xinchang 9th St.
2	街	Xinchang St.
1	望里	Xinwang Vil.
1	東街	Xindong St.
2	路	Xindong Rd.
3	2段	Sec. 2, Xindong Rd.
1	泰	Xintai
1	洋東街	Xinyang E. St.
2	街	Xinyang St.
1	湖路	Xinhu Rd.
1	福路	Xinfu Rd.
1	筆巷	Xinbi Ln.
3	信和產業道	Xinhe Rd. of Transport, Xinbi Ln.
3	筆石	Bishi, Xinbi Ln.
1	綠里	Xinlu Vil.
1	維巷	Xinwei Ln.
1	美11路	Xinmei 11th Rd.
3	2路	Xinmei 12th Rd.
3	路	Xinmei 1st Rd.
2	2路	Xinmei 2nd Rd.
2	3路	Xinmei 3rd Rd.
2	5路	Xinmei 5th Rd.
2	6路	Xinmei 6th Rd.
2	7路	Xinmei 7th Rd.
2	8路	Xinmei 8th Rd.
2	9路	Xinmei 9th Rd.
2	十路	Xinmei 10th Rd.
1	義1巷	Xinyi 1st Ln.
3	街	Xinyi 1st St.
2	2巷	Xinyi 2nd Ln.
3	街	Xinyi 2nd St.
3	路	Xinyi 2nd Rd.
2	3巷	Xinyi 3rd Ln.
3	街	Xinyi 3rd St.
3	路	Xinyi 3rd Rd.
2	4巷	Xinyi 4th Ln.
2	5巷	Xinyi 5th Ln.
3	街	Xinyi 5th St.
2	6巷	Xinyi 6th Ln.
2	北路	Xinyi N. Rd.
2	南街	Xinyi S. St.
3	路	Xinyi S. Rd.
2	巷	Xinyi Ln.
2	新村	Xinyi New Vil.
4	行政大樓	Administration Bldg., Xinyi New Vil.
2	村	Xinyi Vil.
2	橋	Xinyi Bridge
2	街	Xinyi St.
3	1段	Sec. 1, Xinyi St.
3	2段	Sec. 2, Xinyi St.
2	西街	Xinyi W. St.
2	路	Xinyi Rd.
3	1段	Sec. 1, Xinyi Rd.
3	2段	Sec. 2, Xinyi Rd.
3	3段	Sec. 3, Xinyi Rd.
3	4段	Sec. 4, Xinyi Rd.
3	5段	Sec. 5, Xinyi Rd.
3	6段	Sec. 6, Xinyi Rd.
3	合泰巷	Hetai Ln., Xinyi Rd.
3	柑子巷	Ganzi Ln., Xinyi Rd.
3	義字巷	Yizi Ln., Xinyi Rd.
3	農場巷	Nongchang Ln., Xinyi Rd.
3	陽明巷	Yangming Ln., Xinyi Rd.
2	里	Xinyi Vil.
1	興1路	Xinxing 1st Rd.
2	2路	Xinxing 2nd Rd.
2	巷	Xinxing Ln.
2	街	Xinxing St.
2	路	Xinxing Rd.
1	華1街	Xinhua 1st St.
2	2街	Xinhua 2nd St.
2	3街	Xinhua 3rd St.
2	5街	Xinhua 5th St.
2	6街	Xinhua 6th St.
2	8街	Xinhua 8th St.
1	蚵村	Xinke Vil.
1	誼路	Xinyi Rd.
1	賢村	Xinxian Vil.
2	街	Xinxian St.
1	銘街	Xinming St.
1	陵路	Xinling Rd.
1	陽街	Xinyang St.
1	隆街	Xinlong St.
1	龍街	Xinlong St.
0	修仁村	Xiuren Vil.
2	路	Xiuren Rd.
1	安街	Xiu'an St.
1	德巷	Xiude Ln.
2	街	Xiude St.
1	心路	Xiuxin Rd.
1	成南街	Xiucheng S. St.
2	街	Xiucheng St.
1	文1街	Xiuwen 1st St.
2	街	Xiuwen St.
2	路	Xiuwen Rd.
1	明街	Xiuming St.
1	正巷	Xiuzheng Ln.
1	武街	Xiuwu St.
1	齊巷	Xiuqi Ln.
2	街	Xiuqi St.
0	倉前路	Cangqian Rd.
1	北巷	Cangbei Ln.
1	後巷	Canghou Ln.
2	街	Canghou St.
0	倒別牛	Daobieniu
1	厝子	Daocuozi
1	照湖	Daozhaohu
1	茄苳	Daojiadong
0	倡和巷	Changhe Ln.
2	村	Changhe Vil.
2	街	Changhe St.
2	路	Changhe Rd.
0	倫理街	Lunli St.
1	等街	Lundeng St.
2	里	Lundeng Vil.
1	華街	Lunhua St.
0	偉功里	Weigong Vil.
1	成街	Weicheng St.
1	糖巷	Weitang Ln.
0	健中路	Jianzhong Rd.
1	安街	Jian'an St.
1	富路1段	Sec. 1, Jianfu Rd.
3	2段	Sec. 2, Jianfu Rd.
1	康11街	Jiankang 11th St.
3	2路	Jiankang 12th Rd.
3	3路	Jiankang 13th Rd.
3	5街	Jiankang 15th St.
3	6街	Jiankang 16th St.
3	7街	Jiankang 17th St.
3	8街	Jiankang 18th St.
3	街	Jiankang 1st St.
2	2街	Jiankang 2nd St.
3	路	Jiankang 2nd Rd.
2	3街	Jiankang 3rd St.
3	路	Jiankang 3rd Rd.
2	4街	Jiankang 4th St.
2	5街	Jiankang 5th St.
2	6路	Jiankang 6th Rd.
2	7街	Jiankang 7th St.
2	8街	Jiankang 8th St.
2	9路	Jiankang 9th Rd.
2	十街	Jiankang 10th St.
2	新村1街	1st St., Jiankang New Vil.
4	2街	2nd St., Jiankang New Vil.
4	3街	3rd St., Jiankang New Vil.
4	4街	4th St., Jiankang New Vil.
4	5街	5th St., Jiankang New Vil.
4	6街	6th St., Jiankang New Vil.
3	路	Jiankangxin Rd.
2	街	Jiankang St.
2	路	Jiankang Rd.
3	1段	Sec. 1, Jiankang Rd.
3	2段	Sec. 2, Jiankang Rd.
3	3段	Sec. 3, Jiankang Rd.
2	里	Jiankang Vil.
1	東1街	Jiandong 1st St.
2	2街	Jiandong 2nd St.
2	路	Jiandong Rd.
1	民村	Jianmin Vil.
2	街	Jianmin St.
2	路	Jianmin Rd.
3	山腳巷	Shanjiao Ln., Jianmin Rd.
2	里	Jianmin Vil.
1	福街	Jianfu St.
1	興路	Jianxing Rd.
1	行北1路	Jianxing N. 1st Rd.
3	路	Jianxing N. Rd.
2	南1路	Jianxing S. 1st Rd.
3	路	Jianxing S. Rd.
2	巷	Jianxing Ln.
2	新村	Jianxing New Vil.
2	路	Jianxing Rd.
2	里	Jianxing Vil.
1	軍里	Jianjun Vil.
1	鷹南路	Jianying S. Rd.
0	傑魚里	Jieyu Vil.
0	備內街	Beinei St.
1	前街	Beiqian St.
0	傳廣路	Chuanguang Rd.
1	芳村	Chuanfang Vil.
1	藝路1段	Sec. 1, Chuanyi Rd.
3	2段	Sec. 2, Chuanyi Rd.
3	3段	Sec. 3, Chuanyi Rd.
0	僅那鹿角	Kinanoka
0	僑中1街	Qiaozhong 1st St.
2	2街	Qiaozhong 2nd St.
2	3街	Qiaozhong 3rd St.
2	里	Qiaozhong Vil.
1	仁街	Qiaoren St.
2	路	Qiaoren Rd.
1	信街	Qiaoxin St.
2	路	Qiaoxin Rd.
1	光街	Qiaoguang St.
2	路	Qiaoguang Rd.
1	和街	Qiaohe St.
1	嘉1街	Qiaojia 1st St.
2	2街	Qiaojia 2nd St.
2	3街	Qiaojia 3rd St.
1	大1街	Qiaoda 1st St.
2	2街	Qiaoda 2nd St.
2	3街	Qiaoda 3rd St.
2	6路	Qiaoda 6th Rd.
2	路	Qiaoda Rd.
1	孝街	Qiaoxiao St.
1	安街	Qiao'an St.
2	里	Qiao'an Vil.
1	德路	Qiaode Rd.
1	愛1街	Qiao'ai 1st St.
3	路	Qiao'ai 1st Rd.
2	2路	Qiao'ai 2nd Rd.
2	3路	Qiao'ai 3rd Rd.
2	4路	Qiao'ai 4th Rd.
2	5路	Qiao'ai 5th Rd.
2	6路	Qiao'ai 6th Rd.
2	7路	Qiao'ai 7th Rd.
2	8路	Qiao'ai 8th Rd.
2	9路	Qiao'ai 9th Rd.
2	巷	Qiao'ai Ln.
2	里	Qiao'ai Vil.
1	榮路	Qiaorong Rd.
1	真南街	Qiaozhen S. St.
2	街	Qiaozhen St.
1	義路	Qiaoyi Rd.
1	育北街	Qiaoyu N. St.
2	街	Qiaoyu St.
1	興1街	Qiaoxing 1st St.
2	路	Qiaoxing Rd.
1	豐街	Qiaofeng St.
0	儀東路	Yidong Rd.
0	億興街	Yixing St.
1	載里	Yizai Vil.
0	儉德巷	Jiande Ln.
0	儒林街	Rulin St.
2	路	Rulin Rd.
3	1段	Sec. 1, Rulin Rd.
3	2段	Sec. 2, Rulin Rd.
0	優美街	Youmei St.
0	儲蓄路	Chuxu Rd.
1	運路	Chuyun Rd.
0	允文街	Yunwen St.
0	元中村	Yuanzhong Vil.
3	外中街	Waizhong St., Yuanzhong Vil.
3	復興路	Fuxing Rd., Yuanzhong Vil.
2	路	Yuanzhong Rd.
1	亨街	Yuanheng St.
2	里	Yuanheng Vil.
1	信1街	Yuanxin 1st St.
2	2街	Yuanxin 2nd St.
2	3街	Yuanxin 3rd St.
1	化街	Yuanhua St.
2	路	Yuanhua Rd.
3	2段	Sec. 2, Yuanhua Rd.
1	北路	Yuanbei Rd.
1	南路	Yuannan Rd.
1	和里	Yuanhe Vil.
1	埔村	Yuanpu Vil.
1	培街	Yuanpei St.
1	堤路2段	Sec. 2, Yuanti Rd.
1	安里	Yuan'an Vil.
1	富1街	Yuanfu 1st St.
2	2街	Yuanfu 2nd St.
1	市街	Yuanshi St.
1	帝路	Yuandi Rd.
1	德巷	Yuande Ln.
1	昌街	Yuanchang St.
1	智街	Yuanzhi St.
1	會里	Yuanhui Vil.
1	東路	Yuandong Rd.
1	正路	Yuanzheng Rd.
1	泰街	Yuantai St.
1	生1街	Yuansheng 1st St.
2	2街	Yuansheng 2nd St.
2	3街	Yuansheng 3rd St.
1	興路	Yuanxing Rd.
1	西路	Yuanxi Rd.
1	通路	Yuantong Rd.
1	龍里	Yuanlong Vil.
0	充龍街	Chonglong St.
0	兆豐路	Zhaofeng Rd.
1	連里	Zhaolian Vil.
1	進	Zhaojin
0	先勝路	Xiansheng Rd.
1	鋒路	Xianfeng Rd.
0	光1路	Guang 1st Rd.
1	2路	Guang 2nd Rd.
1	一橫巷	Guang 1st Side Ln.
1	中路	Guangzhong Rd.
2	里	Guangzhong Vil.
1	二橫巷	Guang 2nd Side Ln.
1	仁巷	Guangren Ln.
2	街	Guangren St.
2	里	Guangren Vil.
1	信巷	Guangxin Ln.
2	里	Guangxin Vil.
1	前巷	Guangqian Ln.
2	街	Guangqian St.
2	路	Guangqian Rd.
2	里	Guangqian Vil.
1	勳巷	Guangxun Ln.
1	化1巷	Guanghua 1st Ln.
2	2巷	Guanghua 2nd Ln.
2	村	Guanghua Vil.
2	里	Guanghua Vil.
1	南里	Guangnan Vil.
1	原里	Guangyuan Vil.
1	和	Guanghe
2	北路	Guanghe N. Rd.
2	村	Guanghe Vil.
2	街	Guanghe St.
2	路	Guanghe Rd.
2	里	Guanghe Vil.
1	啟路	Guangqi Rd.
1	城路	Guangcheng Rd.
1	大1巷	Guangda 1st Ln.
2	2巷	Guangda 2nd Ln.
2	3巷	Guangda 3rd Ln.
2	4巷	Guangda 4th Ln.
2	5巷	Guangda 5th Ln.
2	寮	Guangdaliao
2	巷	Guangda Ln.
2	街	Guangda St.
2	路	Guangda Rd.
2	里	Guangda Vil.
1	天路	Guangtian Rd.
1	宇1路	Guangyu 1st Rd.
2	2路	Guangyu 2nd Rd.
2	3路	Guangyu 3rd Rd.
2	大道	Guangyu Blvd.
1	安街	Guang'an St.
2	里	Guang'an Vil.
1	定村	Guangding Vil.
1	富路	Guangfu Rd.
1	山	Guangshan
2	街	Guangshan St.
1	峰路	Guangfeng Rd.
3	千禧新城	Qianxi Xincheng, Guangfeng Rd.
3	龍田1巷	Longtian 1st Ln., Guangfeng Rd.
5	2巷	Longtian 2nd Ln., Guangfeng Rd.
5	3巷	Longtian 3rd Ln., Guangfeng Rd.
1	州1街	Guangzhou 1st St.
2	2街	Guangzhou 2nd St.
2	3街	Guangzhou 3rd St.
2	4街	Guangzhou 4th St.
2	5街	Guangzhou 5th St.
2	6街	Guangzhou 6th St.
2	7街	Guangzhou 7th St.
2	8街	Guangzhou 8th St.
2	路	Guangzhou Rd.
1	平街	Guangping St.
2	里	Guangping Vil.
1	彩街	Guangcai St.
1	復	Guangfu
2	1街	Guangfu 1st St.
3	路	Guangfu 1st Rd.
2	2街	Guangfu 2nd St.
3	路	Guangfu 2nd Rd.
2	3街	Guangfu 3rd St.
3	路	Guangfu 3rd Rd.
2	4路	Guangfu 4th Rd.
2	5路	Guangfu 5th Rd.
2	北街	Guangfu N. St.
3	路	Guangfu N. Rd.
2	南路	Guangfu S. Rd.
2	巷	Guangfu Ln.
3	雙龍林道	Shuanglong Boulevard, Guangfu Ln.
2	新路	Guangfuxin Rd.
2	東路	Guangfu E. Rd.
2	街	Guangfu St.
3	新生巷	Xinsheng Ln., Guangfu St.
2	西路	Guangfu W. Rd.
2	路	Guangfu Rd.
3	1段	Sec. 1, Guangfu Rd.
3	2段	Sec. 2, Guangfu Rd.
5	清大東院	Qingda Dongyuan, Sec. 2, Guangfu Rd.
7	西院	Qingda Xiyuan, Sec. 2, Guangfu Rd.
3	3段	Sec. 3, Guangfu Rd.
3	4段	Sec. 4, Guangfu Rd.
3	合作大樓	Hezuo Bldg., Guangfu Rd.
3	民生巷	Minsheng Ln., Guangfu Rd.
3	義昌巷	Yichang Ln., Guangfu Rd.
3	臺電新村	Taidian New Vil., Guangfu Rd.
2	里	Guangfu Vil.
3		Guangfu Vil.
1	德路	Guangde Rd.
2	里	Guangde Vil.
1	心巷	Guangxin Ln.
1	文街	Guangwen St.
2	路	Guangwen Rd.
2	里	Guangwen Vil.
1	日路	Guangri Rd.
1	昌路	Guangchang Rd.
1	明	Guangming
2	11路	Guangming 11th Rd.
3	2街	Guangming 12th St.
3	3街	Guangming 13th St.
3	4街	Guangming 14th St.
3	5街	Guangming 15th St.
3	8街	Guangming 18th St.
3	巷	Guangming 1st Ln.
3	街	Guangming 1st St.
3	路	Guangming 1st Rd.
2	2巷	Guangming 2nd Ln.
3	街	Guangming 2nd St.
3	路	Guangming 2nd Rd.
2	3巷	Guangming 3rd Ln.
3	街	Guangming 3rd St.
3	路	Guangming 3rd Rd.
2	4巷	Guangming 4th Ln.
3	街	Guangming 4th St.
3	路	Guangming 4th Rd.
2	5巷	Guangming 5th Ln.
3	街	Guangming 5th St.
3	路	Guangming 5th Rd.
2	6巷	Guangming 6th Ln.
3	街	Guangming 6th St.
3	路	Guangming 6th Rd.
4	東1段	Dong Sec. 1, Guangming 6th Rd.
5	2段	Dong Sec. 2, Guangming 6th Rd.
2	7巷	Guangming 7th Ln.
3	街	Guangming 7th St.
2	8巷	Guangming 8th Ln.
3	街	Guangming 8th St.
2	9巷	Guangming 9th Ln.
3	路	Guangming 9th Rd.
2	中巷	Guangming Central Ln.
2	北巷	Guangming N. Ln.
2	十巷	Guangming 10th Ln.
3	街	Guangming 10th St.
4	1段	Sec. 1, Guangming 10th St.
2	南巷	Guangming S. Ln.
3	街	Guangming S. St.
3	路	Guangming S. Rd.
2	巷	Guangming Ln.
2	市場巷	Guangming Market Ln.
2	新村	Guangming New Vil.
2	村	Guangming Vil.
2	東街	Guangming E. St.
3	路	Guangming E. Rd.
2	街	Guangming St.
2	西路	Guangming W. Rd.
2	路	Guangming Rd.
3	1段	Sec. 1, Guangming Rd.
3	2段	Sec. 2, Guangming Rd.
5	光明巷	Guangming Ln., Sec. 2, Guangming Rd.
3	3段	Sec. 3, Guangming Rd.
3	九層坪巷	Jiucengping Ln., Guangming Rd.
3	勤農巷	Qinnong Ln., Guangming Rd.
3	市場巷	Shichang Ln., Guangming Rd.
3	廣福巷	Guangfu Ln., Guangming Rd.
3	新吉巷	Xinji Ln., Guangming Rd.
4	庄巷	Xinzhuang Ln., Guangming Rd.
4	生巷	Xinsheng Ln., Guangming Rd.
4	田巷	Xintian Ln., Guangming Rd.
3	景新巷	Jingxin Ln., Guangming Rd.
3	永基巷	Yongji Ln., Guangming Rd.
3	溪北巷	Xibei Ln., Guangming Rd.
3	竹田巷	Zhutian Ln., Guangming Rd.
3	耳空龜巷	Erkonggui Ln., Guangming Rd.
3	頂紙寮坑巷	Dingzhiliaokeng Ln., Guangming Rd.
2	里	Guangming Vil.
1	春路	Guangchun Rd.
3	富國巷	Fuguo Ln., Guangchun Rd.
2	里	Guangchun Vil.
1	智巷	Guangzhi Ln.
2	里	Guangzhi Vil.
1	東巷	Guangdong Ln.
1	林巷	Guanglin Ln.
2	村	Guanglin Vil.
2	路	Guanglin Rd.
1	榮1街	Guangrong 1st St.
2	2街	Guangrong 2nd St.
2	3街	Guangrong 3rd St.
2	4街	Guangrong 4th St.
2	5街	Guangrong 5th St.
2	北路	Guangrong N. Rd.
4	1街	1st St., Guangrong N. Rd.
4	2街	2nd St., Guangrong N. Rd.
4	3街	3rd St., Guangrong N. Rd.
4	4街	4th St., Guangrong N. Rd.
4	5街	5th St., Guangrong N. Rd.
4	6街	6th St., Guangrong N. Rd.
4	7街	7th St., Guangrong N. Rd.
2	南街	Guangrong S. St.
3	路	Guangrong S. Rd.
4	1街	1st St., Guangrong S. Rd.
4	2街	2nd St., Guangrong S. Rd.
4	3街	3rd St., Guangrong S. Rd.
4	4街	4th St., Guangrong S. Rd.
2	巷	Guangrong Ln.
2	村	Guangrong Vil.
2	東路	Guangrong E. Rd.
4	1街	1st St., Guangrong E. Rd.
4	2街	2nd St., Guangrong E. Rd.
2	街	Guangrong St.
2	西路	Guangrong W. Rd.
4	1街	1st St., Guangrong W. Rd.
2	路	Guangrong Rd.
3	1段	Sec. 1, Guangrong Rd.
3	2段	Sec. 2, Guangrong Rd.
3	3段	Sec. 3, Guangrong Rd.
2	里	Guangrong Vil.
1	正巷	Guangzheng Ln.
2	街	Guangzheng St.
2	路	Guangzheng Rd.
2	里	Guangzheng Vil.
1	武1巷	Guangwu 1st Ln.
2	2巷	Guangwu 2nd Ln.
2	3巷	Guangwu 3rd Ln.
2	4巷	Guangwu 4th Ln.
2	巷	Guangwu Ln.
2	村	Guangwu Vil.
2	街	Guangwu St.
2	路	Guangwu Rd.
2	里	Guangwu Vil.
1	民路	Guangmin Rd.
2	里	Guangmin Vil.
1	潭村	Guangtan Vil.
2	路	Guangtan Rd.
1	澤巷	Guangze Ln.
1	照巷	Guangzhao Ln.
2	街	Guangzhao St.
1	環路1段	Sec. 1, Guanghuan Rd.
3	2段	Sec. 2, Guanghuan Rd.
1	田里	Guangtian Vil.
1	盛街	Guangsheng St.
1	福1街	Guangfu 1st St.
2	2街	Guangfu 2nd St.
2	3街	Guangfu 3rd St.
2	4街	Guangfu 4th St.
2	5街	Guangfu 5th St.
2	6街	Guangfu 6th St.
2	7街	Guangfu 7th St.
2	8街	Guangfu 8th St.
2	9街	Guangfu 9th St.
2	村	Guangfu Vil.
1	美街	Guangmei St.
1	義巷	Guangyi Ln.
1	耀街	Guangyao St.
2	里	Guangyao Vil.
1	聖巷	Guangsheng Ln.
2	路	Guangsheng Rd.
1	能里	Guangneng Vil.
1	興巷	Guangxing Ln.
2	村	Guangxing Vil.
2	街	Guangxing St.
2	路	Guangxing Rd.
3	中南巷	Zhongnan Ln., Guangxing Rd.
3	內湖巷	Neihu Ln., Guangxing Rd.
2	里	Guangxing Vil.
1	華	Guanghua
2	1巷	Guanghua 1st Ln.
3	街	Guanghua 1st St.
3	路	Guanghua 1st Rd.
2	2巷	Guanghua 2nd Ln.
3	街	Guanghua 2nd St.
3	路	Guanghua 2nd Rd.
4	1街	1st St., Guanghua 2nd Rd.
4	2街	2nd St., Guanghua 2nd Rd.
2	3巷	Guanghua 3rd Ln.
3	街	Guanghua 3rd St.
3	路	Guanghua 3rd Rd.
2	4巷	Guanghua 4th Ln.
3	路	Guanghua 4th Rd.
4	1街	1st St., Guanghua 4th Rd.
2	5街	Guanghua 5th St.
3	路	Guanghua 5th Rd.
2	6街	Guanghua 6th St.
3	路	Guanghua 6th Rd.
2	7街	Guanghua 7th St.
3	路	Guanghua 7th Rd.
2	8街	Guanghua 8th St.
2	9街	Guanghua 9th St.
2	北巷	Guanghua N. Ln.
3	街	Guanghua N. St.
3	路	Guanghua N. Rd.
2	十街	Guanghua 10th St.
3	路	Guanghua 10th Rd.
2	南街	Guanghua S. St.
3	路	Guanghua S. Rd.
2	巷	Guanghua Ln.
2	新村	Guanghua New Vil.
3	路	Guanghuaxin Rd.
2	村	Guanghua Vil.
2	東1街	Guanghua E. 1st St.
3	巷	Guanghua E. Ln.
3	街	Guanghua E. St.
3	路	Guanghua E. Rd.
2	街	Guanghua St.
3	仁愛巷	Ren'ai Ln., Guanghua St.
3	合園1巷	Heyuan 1st Ln., Guanghua St.
5	2巷	Heyuan 2nd Ln., Guanghua St.
5	3巷	Heyuan 3rd Ln., Guanghua St.
2	西巷	Guanghua W. Ln.
3	街	Guanghua W. St.
2	路	Guanghua Rd.
3	1段	Sec. 1, Guanghua Rd.
3	2段	Sec. 2, Guanghua Rd.
3	東巷	E. Ln., Guanghua Rd.
2	農場	Guanghua Farm
2	里	Guanghua Vil.
1	裕北街	Guangyu N. St.
2	南街	Guangyu S. St.
2	路	Guangyu Rd.
2	里	Guangyu Vil.
1	西巷	Guangxi Ln.
1	豐路	Guangfeng Rd.
1	賢街	Guangxian St.
2	里	Guangxian Vil.
1	路	Guang Rd.
2	里	Guanglu Vil.
1	輝1街	Guanghui 1st St.
2	2街	Guanghui 2nd St.
2	3街	Guanghui 3rd St.
2	5街	Guanghui 5th St.
2	巷	Guanghui Ln.
2	街	Guanghui St.
2	路	Guanghui Rd.
2	里	Guanghui Vil.
1	輪1巷	Guanglun 1st Ln.
2	2巷	Guanglun 2nd Ln.
2	3巷	Guanglun 3rd Ln.
2	5巷	Guanglun 5th Ln.
2	路	Guanglun Rd.
1	進1巷	Guangjin 1st Ln.
2	2巷	Guangjin 2nd Ln.
2	3巷	Guangjin 3rd Ln.
2	里	Guangjin Vil.
1	遠1街	Guangyuan 1st St.
2	2街	Guangyuan 2nd St.
2	3街	Guangyuan 3rd St.
2	4街	Guangyuan 4th St.
2	東路	Guangyuan E. Rd.
2	路	Guangyuan Rd.
1	鎮里	Guangzhen Vil.
1	陽街	Guangyang St.
2	里	Guangyang Vil.
1	隆村	Guanglong Vil.
2	街	Guanglong St.
2	里	Guanglong Vil.
1	雲巷	Guangyun Ln.
2	村	Guangyun Vil.
1	音里	Guangyin Vil.
1	麗新城	Guangli Xincheng
0	克來寶	Kelaibao
1	尼布東路	Kenibu E. Rd.
1	強路	Keqiang Rd.
1	東路	Kedong Rd.
1	武路	Kewu Rd.
1	難村	Kenan Vil.
0	兔坑村	Tukeng Vil.
2	路	Tukeng Rd.
1	子坑	Tuzikeng
0	入船路	Ruchuan Rd.
2	里	Ruchuan Vil.
0	內中福	Neizhongfu
1	元路	Neiyuan Rd.
1	分子	Neifenzi
1	南村	Neinan Vil.
2	里	Neinan Vil.
1	厝	Neicuo
2	11路	Neicuo 11th Rd.
2	2路	Neicuo 2nd Rd.
2	3路	Neicuo 3rd Rd.
2	5路	Neicuo 5th Rd.
2	6路	Neicuo 6th Rd.
2	8路	Neicuo 8th Rd.
2	十路	Neicuo 10th Rd.
2	巷	Neicuo Ln.
2	村	Neicuo Vil.
2	街	Neicuo St.
2	路	Neicuo Rd.
2	里	Neicuo Vil.
1	坑	Neikeng
2	村	Neikeng Vil.
2	路	Neikeng Rd.
1	垵	Nei'an
2	村	Nei'an Vil.
1	城巷	Neicheng Ln.
2	村	Neicheng Vil.
2	路	Neicheng Rd.
1	埔	Neipu
2	仔	Neipuzai
2	市場	Neipu Market
2	村	Neipu Vil.
3	崁腳	Kanjiao, Neipu Vil.
3	過坑	Guokeng, Neipu Vil.
2	路	Neipu Rd.
1	埤路	Neipi Rd.
1	壢里	Neili Vil.
1	大坪	Neidaping
2	溪路	Neidaxi Rd.
1	奎輝	Neikuihui
1	安	Nei'an
2	里	Nei'an Vil.
1	定11街	Neiding 11th St.
3	2街	Neiding 12th St.
3	3街	Neiding 13th St.
3	6街	Neiding 16th St.
3	8街	Neiding 18th St.
3	街	Neiding 1st St.
2	22街	Neiding 22nd St.
3	街	Neiding 2nd St.
2	3街	Neiding 3rd St.
2	5街	Neiding 5th St.
2	6街	Neiding 6th St.
2	7街	Neiding 7th St.
2	8街	Neiding 8th St.
2	9街	Neiding 9th St.
2	二十街	Neiding 20th St.
2	十街	Neiding 10th St.
2	里	Neiding Vil.
1	寮	Neiliao
2	1路	Neiliao 1st Rd.
2	2路	Neiliao 2nd Rd.
2	3路	Neiliao 3rd Rd.
2	巷	Neiliao Ln.
2	村	Neiliau Vil.
2	街	Neiliao St.
2	路	Neiliao Rd.
2	里	Neiliau Vil.
1	島	Neidao
2	里	Neidau Vil.
3	中山路	Zhongshan Rd., Neidao Vil.
1	崁	Neikan
1	崎內	Neiqinei
1	平林	Neipinglin
1	庄	Neizhuang
2	巷	Neizhuang Ln.
2	村	Neizhuang Vil.
1	思路	Neisi Rd.
1	惟路	Neiwei Rd.
2	里	Neiwei Vil.
1	挖	Neiwa
1	文1巷	Neiwen 1st Ln.
2	2巷	Neiwen 2nd Ln.
2	村	Neiwen Vil.
1	新村	Neixin Vil.
2	街	Neixin St.
3	頂庄巷	Dingzhuang Ln., Neixin St.
2	路	Neixin Rd.
2	里	Neixin Vil.
1	曾路	Neizeng Rd.
1	東村	Neidong Vil.
2	路	Neidong Rd.
3	廣利巷	Guangli Ln., Neidong Rd.
4	成巷	Guangcheng Ln., Neidong Rd.
4	益巷	Guangyi Ln., Neidong Rd.
3	萬聖巷	Wansheng Ln., Neidong Rd.
1	枋林	Neifanglin
1	林	Neilin
2	路	Neilin Rd.
2	里	Neilin Vil.
1	柑宅	Neiganzhai
2	腳	Neiganjiao
1	柵路1段	Sec. 1, Neizha Rd.
3	2段	Sec. 2, Neizha Rd.
1	楒仔腳	Neisizaijiao
1	江村	Neijiang Vil.
2	街	Neijiang St.
1	洋	Neiyang
1	海墘	Neihaiqian
2	村	Neihai Vil.
2	路	Neihai Rd.
1	湖	Neihu
2	1路	Neihu 1st Rd.
2	島村	Neihudau Vil.
2	巷	Neihu Ln.
2	村	Neihu Vil.
2	路	Neihu Rd.
3	1段	Sec. 1, Neihu Rd.
3	2段	Sec. 2, Neihu Rd.
3	3段	Sec. 3, Neihu Rd.
2	里	Neihu Vil.
1	溝里	Neigou Vil.
1	溪1巷	Neixi 1st Ln.
2	2巷	Neixi 2nd Ln.
2	巷	Neixi Ln.
2	村	Neixi Vil.
2	洲	Neixizhou
2	路	Neixi Rd.
3	內溪巷	Neixi Ln., Neixi Rd.
3	自強巷	Ziqiang Ln., Neixi Rd.
1	潭子	Neitanzi
1	灣	Neiwan
2	仔	Neiwanzai
2	村	Neiwan Vil.
2	路	Neiwan Rd.
2	里	Neiwan Vil.
1	獅巷	Neishi Ln.
2	村	Neishi Vil.
1	環北路	Neihuan N. Rd.
2	南路	Neihuan S. Rd.
2	東路	Neihuan E. Rd.
2	西路	Neihuan W. Rd.
2	路	Neihuan Rd.
1	甕村	Neiweng Vil.
3	瓦厝仔	Wacuozai, Neiweng Vil.
3	過溪仔	Guoxizai, Neiweng Vil.
1	田	Neitian
2	村	Neitian Vil.
1	石門	Neishimen
1	立坑街	Neilikeng St.
2	里	Neili Vil.
1	興村	Neixing Vil.
2	路	Neixing Rd.
2	里	Neixing Vil.
1	草湖	Neicaohu
1	葉翅	Neiyechi
1	角	Neijiao
2	里	Neijiau Vil.
1	豊村	Neili Vil.
1	郭村	Neiguo Vil.
1	門	Neimen
2	村	Neimen Vil.
1	阿里磅	Nei'alibang
1	隆林街	Neilonglin St.
1	雙坑	Neishuangkeng
1	館	Neiguan
2	路	Neiguan Rd.
0	全仔社	Quanzaishe
1	天路	Quantian Rd.
1	安里	Quan'an Vil.
1	家福	Quanjiafu
3	新村	Quanjiafu New Vil.
1	德里	Quande Vil.
1	民街	Quanmin St.
1	泰里	Quantai Vil.
1	祿街	Quanlu St.
1	福山莊	Quanfu Villa
2	巷	Quanfu Ln.
2	街	Quanfu St.
2	路	Quanfu Rd.
1	興村	Quanxing Vil.
2	路	Quanxing Rd.
3	全福巷	Quanfu Ln., Quanxing Rd.
2	里	Quanxing Vil.
0	兩座屋	Liangzuowu
1	湖村	Lianghu Vil.
1	溪村	Liangxi Vil.
1	界巷	Liangjie Ln.
0	八中里	Bazhong Vil.
1	五山	Bawushan
1	仙1路	Baxian 1st Rd.
2	2路	Baxian 2nd Rd.
2	3路	Baxian 3rd Rd.
2	5路	Baxian 5th Rd.
2	村	Baxian Vil.
2	洞	Baxiandong
2	路	Baxian Rd.
2	里	Baxian Vil.
1	份	Bafen
2	村	Bafen Vil.
1	分寮	Bafenliao
3	路	Bafenliao Rd.
1	勢1街	Bashi 1st St.
2	2街	Bashi 2nd St.
2	路	Bashi Rd.
3	1段	Sec. 1, Bashi Rd.
2	里	Bashi Vil.
1	北里	Babei Vil.
1	十分	Bashifen
2	尺橋	Bashichi Bridge
1	南里	Banan Vil.
1	卦力	Baguali
2	村	Bagua Vil.
2	路	Bagua Rd.
1	堵路	Badu Rd.
2	里	Badu Vil.
1	寮	Baliao
2	灣	Baliaowan
1	寶寮	Babaoliao
2	村	Babau Vil.
2	路	Babao Rd.
1	張1街	Bazhang 1st St.
2	2街	Bazhang 2nd St.
2	巷	Bazhang Ln.
2	犁	Bazhangli
2	街	Bazhang St.
2	里	Bazhang Vil.
1	德1街	Bade 1st St.
3	路	Bade 1st Rd.
2	2街	Bade 2nd St.
3	路	Bade 2nd Rd.
2	3街	Bade 3rd St.
2	4街	Bade 4th St.
2	5街	Bade 5th St.
2	6街	Bade 6th St.
2	中路	Bade Central Rd.
2	北路	Bade N. Rd.
2	南路	Bade S. Rd.
2	巷	Bade Ln.
2	村	Bade Vil.
2	東路	Bade E. Rd.
2	橫巷	Bade Side Ln.
2	街	Bade St.
2	西路	Bade W. Rd.
2	路	Bade Rd.
3	1段	Sec. 1, Bade Rd.
3	2段	Sec. 2, Bade Rd.
3	3段	Sec. 3, Bade Rd.
3	4段	Sec. 4, Bade Rd.
3	九如巷	Jiuru Ln., Bade Rd.
2	里	Bade Vil.
1	成街	Bacheng St.
1	斗	Badou
2	街	Badou St.
2	里	Badou Vil.
1	東里	Badong Vil.
1	桑安	Basang'an
1	櫃	Bagui
1	煙	Bayan
1	爺里	Baye Vil.
1	瑤路	Bayao Rd.
1	田路1段	Sec. 1, Batian Rd.
3	2段	Sec. 2, Batian Rd.
3	3段	Sec. 3, Batian Rd.
5	堤岸巷	Ti'an Ln., Sec. 3, Batian Rd.
5	櫻花巷	Yinghua Ln., Sec. 3, Batian Rd.
5	水廠巷	Shuichang Ln., Sec. 3, Batian Rd.
5	電廠巷	Dianchang Ln., Sec. 3, Batian Rd.
5	香榭巷	Xiangxie Ln., Sec. 3, Batian Rd.
3	4段	Sec. 4, Batian Rd.
1	甲	Bajia
2	村	Bajia Vil.
2	路	Bajia Rd.
1	翁村	Baweng Vil.
1	老爺	Balaoye
1	股	Bagu
2	路	Bagu Rd.
3	館前1巷	Guanqian 1st Ln., Bagu Rd.
5	2巷	Guanqian 2nd Ln., Bagu Rd.
5	3巷	Guanqian 3rd Ln., Bagu Rd.
5	5巷	Guanqian 5th Ln., Bagu Rd.
5	6巷	Guanqian 6th Ln., Bagu Rd.
5	7巷	Guanqian 7th Ln., Bagu Rd.
5	8巷	Guanqian 8th Ln., Bagu Rd.
5	9巷	Guanqian 9th Ln., Bagu Rd.
1	西里	Baxi Vil.
1	角坑	Bajiaokeng
2	林	Bajiaolin
1	賢村	Baxian Vil.
1	連溪	Balianxi
3	頭	Balianxitou
2	路1段	Sec. 1, Balian Rd.
3	2段	Sec. 2, Balian Rd.
3	3段	Sec. 3, Balian Rd.
2	里	Balian Vil.
1	里堆	Balidui
2	大道	Bali Blvd.
1	間路	Bajian Rd.
1	青1路	Baqing 1st Rd.
2	2路	Baqing 2nd Rd.
2	3路	Baqing 3rd Rd.
2	路	Baqing Rd.
1	龍路	Balong Rd.
0	公6街	Gong 6th St.
1	勇路	Gongyong Rd.
1	勤1街	Gongqin 1st St.
2	2街	Gongqin 2nd St.
2	街	Gongqin St.
1	北1路	Gongbei 1st Rd.
2	2路	Gongbei 2nd Rd.
2	3路	Gongbei 3rd Rd.
1	厝北路	Gongcuo N. Rd.
2	巷	Gongcuo Ln.
1	司寮	Gongsiliao
1	園	Gongyuan
2	1巷	Gongyuan 1st Ln.
3	街	Gongyuan 1st St.
3	路	Gongyuan 1st Rd.
2	2巷	Gongyuan 2nd Ln.
3	街	Gongyuan 2nd St.
3	路	Gongyuan 2nd Rd.
2	3街	Gongyuan 3rd St.
3	路	Gongyuan 3rd Rd.
2	5街	Gongyuan 5th St.
3	路	Gongyuan 5th Rd.
2	6街	Gongyuan 6th St.
3	路	Gongyuan 6th Rd.
2	7街	Gongyuan 7th St.
2	8街	Gongyuan 8th St.
2	北街	Gongyuan N. St.
3	路	Gongyuan N. Rd.
2	十街	Gongyuan 10th St.
2	南街	Gongyuan S. St.
3	路	Gongyuan S. Rd.
2	巷	Gongyuan Ln.
2	東街	Gongyuan E. St.
3	路	Gongyuan E. Rd.
2	街	Gongyuan St.
2	西街	Gongyuan W. St.
3	路	Gongyuan W. Rd.
4	2段	Sec. 2, Gongyuan W. Rd.
4	3段	Sec. 3, Gongyuan W. Rd.
2	路	Gongyuan Rd.
3	1段	Sec. 1, Gongyuan Rd.
3	2段	Sec. 2, Gongyuan Rd.
4	街	2nd St., Gongyuan Rd.
3	3段	Sec. 3, Gongyuan Rd.
3	商場	Market, Gongyuan Rd.
3	大溪巷	Daxi Ln., Gongyuan Rd.
3	牧場巷	Muchang Ln., Gongyuan Rd.
2	里	Gongyuan Vil.
1	地	Gongdi
1	埔子	Gongpuzi
2	巷	Gongpu Ln.
2	路	Gongpu Rd.
3	2段	Sec. 2, Gongpu Rd.
1	塭2街	Gongwen 2nd St.
2	6街	Gongwen 6th St.
1	學路1段	Sec. 1, Gongxue Rd.
3	2段	Sec. 2, Gongxue Rd.
3	3段	Sec. 3, Gongxue Rd.
3	4段	Sec. 4, Gongxue Rd.
3	5段	Sec. 5, Gongxue Rd.
3	6段	Sec. 6, Gongxue Rd.
3	7段	Sec. 7, Gongxue Rd.
1	安街	Gong'an St.
2	路	Gong'an Rd.
3	1段	Sec. 1, Gong'an Rd.
2	里	Gong'an Vil.
1	崎巷	Gongqi Ln.
1	崙里	Gonglun Vil.
1	平巷	Gongping Ln.
2	街	Gongping St.
2	路	Gongping Rd.
1	廳巷	Gongting Ln.
1	德1街	Gongde 1st St.
2	2街	Gongde 2nd St.
2	街	Gongde St.
1	忠2街	Gongzhong 2nd St.
1	成路	Gongcheng Rd.
1	所街	Gongsuo St.
2	西巷	Gongsuo W. Ln.
2	路	Gongsuo Rd.
1	教街	Gongjiao St.
2	路	Gongjiao Rd.
1	明巷	Gongming Ln.
2	街	Gongming St.
2	路	Gongming Rd.
2	里	Gongming Vil.
1	有市場	Public Market
1	村	Gong Vil.
1	樂街	Gongle St.
1	正1街	Gongzheng 1st St.
3	路	Gongzheng 1st Rd.
2	2街	Gongzheng 2nd St.
2	3街	Gongzheng 3rd St.
2	4街	Gongzheng 4th St.
2	巷	Gongzheng Ln.
2	新村	Gongzheng New Vil.
2	東街	Gongzheng E. St.
2	街	Gongzheng St.
3	3段	Sec. 3, Gongzheng St.
2	路	Gongzheng Rd.
2	里	Gongzheng Vil.
1	民街	Gongmin St.
2	路	Gongmin Rd.
2	里	Gongmin Vil.
1	治1街	Gongzhi 1st St.
2	街	Gongzhi St.
1	泰山	Gongtai Mountain
1	理街	Gongli St.
2	路	Gongli Rd.
1	田	Gongtian
2	村	Gongtian Vil.
1	界街	Gongjie St.
1	益北街	Gongyi N. St.
2	巷	Gongyi Ln.
2	街	Gongyi St.
2	路	Gongyi Rd.
3	2段	Sec. 2, Gongyi Rd.
2	里	Gongyi Vil.
1	義街	Gongyi St.
2	路	Gongyi Rd.
2	里	Gongyi Vil.
1	興村	Gongxing Vil.
2	路	Gongxing Rd.
1	英1街	Gongying 1st St.
2	2街	Gongying 2nd St.
2	3街	Gongying 3rd St.
2	4街	Gongying 4th St.
2	5街	Gongying 5th St.
2	6街	Gongying 6th St.
2	7街	Gongying 7th St.
1	華坑	Gonghuakeng
2	街	Gonghua St.
1	裕街	Gongyu St.
1	西村	Gongxi Vil.
2	街	Gongxi St.
1	親寮	Gongqinliao
2	里	Gongqin Vil.
1	誠1街	Gongcheng 1st St.
2	2街	Gongcheng 2nd St.
2	3街	Gongcheng 3rd St.
2	5街	Gongcheng 5th St.
2	6街	Gongcheng 6th St.
2	新村	Gongcheng New Vil.
2	街	Gongcheng St.
2	路	Gongcheng Rd.
1	論路	Gonglun Rd.
1	路1巷	Gonglu 1st Ln.
2	巷	Gonglu Ln.
2	新村	Highway New Vil.
1	道3路	Gongdao 3rd Rd.
2	5路2段	Sec. 2, Gongdao 5th Rd.
4	3段	Sec. 3, Gongdao 5th Rd.
4	4段	Sec. 4, Gongdao 5th Rd.
4	5段	Sec. 5, Gongdao 5th Rd.
2	路	Gongdao Rd.
1	里	Gong Vil.
1	館	Gongguan
2	1巷	Gongguan 1st Ln.
2	2巷	Gongguan 2nd Ln.
2	3巷	Gongguan 3rd Ln.
2	仔	Gongguanzai
2	崙	Gongguanlun
2	巷	Gongguan Ln.
2	後	Gongguanhou
2	村	Gongguan Vil.
3	東平路	Dongping Rd., Gongguan Vil.
2	街	Gongguan St.
2	路	Gongguan Rd.
2	農場	Gongguan Farm
2	里	Gongguan Vil.
0	六份	Liufen
1	分	Liufen
2	寮	Liufenliao
2	村	Liufen Vil.
2	路	Liufen Rd.
3	七支巷	Qizhi Ln., Liufen Rd.
3	中興巷	Zhongxing Ln., Liufen Rd.
3	六支巷	Liuzhi Ln., Liufen Rd.
2	里	Liufen Vil.
1	十甲路	Liushijia Rd.
2	石山	Liushishi Mountain
1	南村	Liunan Vil.
1	合1街	Liuhe 1st St.
3	路	Liuhe 1st Rd.
2	2街	Liuhe 2nd St.
3	路	Liuhe 2nd Rd.
2	3街	Liuhe 3rd St.
2	二村	Liuhe 2nd Vil.
2	北路	Liuhe N. Rd.
2	巷	Liuhe Ln.
2	村	Liuhe Vil.
2	街	Liuhe St.
2	路	Liuhe Rd.
2	里	Liuhe Vil.
1	和街	Liuhe St.
2	路	Liuhe Rd.
1	嘉村	Liujia Vil.
1	堵1街	Liudu 1st St.
2	2街	Liudu 2nd St.
2	里	Liudu Vil.
1	塊厝	Liukuaicuo
2	寮	Liukuailiao
1	安	Liu'an
2	街	Liu'an St.
2	里	Liu'an Vil.
1	家1路1段	Sec. 1, Liujia 1st Rd.
4	2段	Sec. 2, Liujia 1st Rd.
2	2街	Liujia 2nd St.
2	3街	Liujia 3rd St.
2	5路1段	Sec. 1, Liujia 5th Rd.
4	2段	Sec. 2, Liujia 5th Rd.
2	6街	Liujia 6th St.
2	7路	Liujia 7th Rd.
2	8街	Liujia 8th St.
1	寮	Liuliao
1	寶村	Liubau Vil.
1	張犁巷	Liuzhangli Ln.
2	街	Liuzhang St.
2	路	Liuzhang Rd.
1	德里	Liude Vil.
1	戈路	Liuge Rd.
1	成街	Liucheng St.
1	戶巷	Liuhu Ln.
1	支巷	Liuzhi Ln.
1	斗子	Liudouzi
2	尾	Liudouwei
2	村	Liudou Vil.
1	晉路	Liujin Rd.
3	東陽巷	Dongyang Ln., Liujin Rd.
1	根村	Liugen Vil.
1	桂1路	Liugui 1st Rd.
2	2路	Liugui 2nd Rd.
2	村	Liugui Vil.
2	路	Liugui Rd.
1	棟寮	Liudongliao
1	槓寮	Liugangliao
3	路	Liugangliao Rd.
1	法街	Liufa St.
1	溪里	Liuxi Vil.
1	火灶	Liuhuozao
1	甲1街	Liujia 1st St.
2	2街	Liujia 2nd St.
2	3街	Liujia 3rd St.
2	6街	Liujia 6th St.
2	8街	Liujia 8th St.
2	巷	Liujia Ln.
2	村	Liujia Vil.
2	路	Liujia Rd.
2	里	Liujia Vil.
1	畜	Liuxu
1	福1路	Liufu 1st Rd.
2	巷	Liufu Ln.
2	村	Liufu Vil.
2	路	Liufu Rd.
2	里	Liufu Vil.
1	米街	Liumi St.
1	結村	Liujie Vil.
2	路	Liujie Rd.
1	股	Liugu
2	排路	Liugupai Rd.
2	村	Liugu Vil.
2	林口	Liugu Linkou
2	路	Liugu Rd.
1	腳	Liujiao
2	村	Liujiau Vil.
1	苓里	Liuling Vil.
1	藝里	Liuyi Vil.
1	重溪	Liuchongxi
1	陽巷	Liuyang Ln.
1	隘寮	Liu'ailiao
1	雅街	Liuya St.
1	雙	Liushuang
1	順路	Liushun Rd.
1	館里	Liuguan Vil.
1	龜村	Liugui Vil.
0	共和巷	Gonghe Ln.
2	村	Gonghe Vil.
2	街	Gonghe St.
2	路	Gonghe Rd.
2	里	Gonghe Vil.
1	存巷	Gongcun Ln.
1	榮巷	Gongrong Ln.
2	村	Gongrong Vil.
2	里	Gongrong Vil.
1	生里	Gongsheng Vil.
1	興1街	Gongxing 1st St.
2	2街	Gongxing 2nd St.
1	進里	Gongjin Vil.
0	其子瓦	Qiziwa
1	明街	Qiming St.
1	美街	Qimei St.
0	典寶村	Dianbau Vil.
1	昌路	Dianchang Rd.
0	再發路	Zaifa Rd.
1	興	Zaixing
2	街	Zaixing St.
2	路	Zaixing Rd.
2	里	Zaixing Vil.
1	連路	Zailian Rd.
0	冠穗里	Guansui Vil.
1	華巷	Guanhua Ln.
0	冬山村	Dongshan Vil.
2	路	Dongshan Rd.
3	1段	Sec. 1, Dongshan Rd.
3	2段	Sec. 2, Dongshan Rd.
3	3段	Sec. 3, Dongshan Rd.
3	5段	Sec. 5, Dongshan Rd.
1	根路	Donggen Rd.
0	冷水路	Lengshui Rd.
1	泉路	Lengquan Rd.
1	飯坑	Lengfankeng
0	凌雲二村	Lingyun 2nd Vil.
2	巷	Lingyun Ln.
2	村	Lingyun Vil.
2	街	Lingyun St.
2	路	Lingyun Rd.
3	1段	Sec. 1, Lingyun Rd.
3	2段	Sec. 2, Lingyun Rd.
3	3段	Sec. 3, Lingyun Rd.
5	田埔巷	Tianpu Ln., Sec. 3, Lingyun Rd.
2	里	Lingyun Vil.
1	霄里	Lingxiao Vil.
0	凍子腳	Dongzijiao
1	腳	Dongjiao
1	頂巷	Dongding Ln.
0	凱國路	Kaiguo Rd.
1	得街	Kaide St.
1	悅	Kaiyue
1	旋1街	Kaixuan 1st St.
3	路	Kaixuan 1st Rd.
2	2路	Kaixuan 2nd Rd.
2	3路	Kaixuan 3rd Rd.
2	4路	Kaixuan 4th Rd.
2	市場巷	Kaixuan Shichang Ln.
2	街	Kaixuan St.
2	路	Kaixuan Rd.
3	1段	Sec. 1, Kaixuan Rd.
3	2段	Sec. 2, Kaixuan Rd.
3	3段	Sec. 3, Kaixuan Rd.
2	里	Kaixuan Vil.
1	旺街	Kaiwang St.
1	歌路	Kaige Rd.
1	興街	Kaixing St.
1	達格蘭大道	Ketagalan Blvd.
0	凸湖	Tuhu
0	凹子腳	Aozijiao
0	出林虎巷	Chulinhu Ln.
3	路1段	Sec. 1, Chulinhu Rd.
4	2段	Sec. 2, Chulinhu Rd.
1	水	Chushui
2	坑	Chushuikeng
2	巷	Chushui Ln.
2	村	Chushui Vil.
2	街	Chushui St.
2	里	Chushui Vil.
1	礦村	Chugong Vil.
1	雲巷	Chuyun Ln.
0	刀石坑	Daoshikeng
0	分子尾街	Fenziwei St.
1	校巷	Fenxiao Ln.
1	水崙	Fenshuilun
0	初中1街	Chuzhong 1st St.
2	2街	Chuzhong 2nd St.
2	巷	Chuzhong Ln.
2	街	Chuzhong St.
2	路	Chuzhong Rd.
1	來	Chulai
1	鄉村	Chuxiang Vil.
1	陽里	Chuyang Vil.
1	鹿1街	Chulu 1st St.
2	2街	Chulu 2nd St.
2	3街	Chulu 3rd St.
2	村	Chulu Vil.
0	利南街	Linan St.
1	吉村	Liji Vil.
2	路	Liji Rd.
1	嘉村	Lijia Vil.
2	路	Lijia Rd.
1	寧路	Lining Rd.
1	寶路	Libao Rd.
1	屋路	Liwu Rd.
1	工1路1段	Sec. 1, Ligong 1st Rd.
4	2段	Sec. 2, Ligong 1st Rd.
2	2路	Ligong 2nd Rd.
2	3路	Ligong 3rd Rd.
4	2段	Sec. 2, Ligong 3rd Rd.
1	成路1段	Sec. 1, Licheng Rd.
3	2段	Sec. 2, Licheng Rd.
1	昌街	Lichang St.
1	東街	Lidong St.
1	民街	Limin St.
2	路	Limin Rd.
2	里	Limin Vil.
1	澤南路	Lize S. Rd.
2	村	Lize Vil.
2	東路	Lize E. Rd.
2	西路	Lize W. Rd.
2	路	Lize Rd.
1	濟街	Liji St.
1	稻村	Lidau Vil.
1	臺街	Litai St.
1	興2路	Lixing 2nd Rd.
2	3路	Lixing 3rd Rd.
1	里武街	Liliwu St.
0	到交山	Daojiaoshan
0	刺子崙	Cizilun
0	前厝	Qiancuo
2	路	Qiancuo Rd.
1	口巷	Qiankou Ln.
1	和路	Qianhe Rd.
1	園街	Qianyuan St.
1	埔	Qianpu
1	大埔	Qiandapu
1	寮	Qianliao
2	路	Qianliao Rd.
2	里	Qianliau Vil.
1	山巷	Qianshan Ln.
2	橫巷	Qianshan Side Ln.
2	路1段	Sec. 1, Qianshan Rd.
5	鹽埕巷	Yancheng Ln., Sec. 1, Qianshan Rd.
3	2段	Sec. 2, Qianshan Rd.
3	橫巷	Side Ln., Qianshan Rd.
2	門	Qianshanmen
1	峰路	Qianfeng Rd.
2	里	Qianfeng Vil.
1	崩山	Qianbengshan
1	巷	Front Ln.
1	庄巷	Qianzhuang Ln.
2	村	Qianzhuang Vil.
2	路	Qianzhuang Rd.
1	村東路	Qiancun E. Rd.
2	路	Qiancun Rd.
1	水頭	Qianshuitou
1	洲子	Qianzhouzi
1	港街	Qiangang St.
2	路	Qiangang Rd.
2	里	Qiangang Vil.
1	溪巷	Qianxi Ln.
2	里	Qianxi Vil.
1	潭	Qiantan
2	里	Qiantan Vil.
1	班	Qianban
1	盤村	Qianpan Vil.
1	程街	Qiancheng St.
1	竹村	Qianzhu Vil.
1	菁寮	Qianjingliao
1	街	Qian St.
1	進	Qianjin
2	1路	Qianjin 1st Rd.
2	2路	Qianjin 2nd Rd.
2	路	Qianjin Rd.
2	里	Qianjin Vil.
1	過山	Qianguoshan
1	金1街	Qianjin 1st St.
2	2街	Qianjin 2nd St.
1	鋒路	Qianfeng Rd.
2	里	Qianfeng Vil.
1	鎮1巷	Qianzhen 1st Ln.
2	2巷	Qianzhen 2nd Ln.
2	加工出口區	Qianzhen Processing Export Zone
2	巷	Qianzhen Ln.
2	第一公有臨時市場	1st Public Temp. Market, Qianzhen
2	街	Qianzhen St.
2	里	Qianzhen Vil.
1	龍街	Qianlong St.
0	剛勇里	Gangyong Vil.
0	副瀨	Fulai
2	村	Fulai Vil.
0	創意北路	Chuangyi N. Rd.
2	南路	Chuangyi S. Rd.
1	新1街	Chuangxin 1st St.
3	路	Chuangxin 1st Rd.
2	2路	Chuangxin 2nd Rd.
2	3路	Chuangxin 3rd Rd.
2	路	Chuangxin Rd.
1	業路	Chuangye Rd.
1	造巷	Chuangzao Ln.
0	劉厝	Liucuo
2	巷	Liucuo Ln.
2	村	Liucuo Vil.
2	路	Liucuo Rd.
2	里	Liucuo Vil.
1	家村	Liujia Vil.
1	富街	Liufu St.
1	澳	Liu'ao
1	竹仔腳	Liuzhuzaijiao
1	銘傳路	Liumingchuan Rd.
1	陳	Liuchen
0	劍南路	Jiannan Rd.
1	潭街	Jiantan St.
2	路	Jiantan Rd.
2	里	Jiantan Vil.
1	窗里	Jianchuang Vil.
1	門坑	Jianmenkeng
0	力天路	Litian Rd.
1	學路	Lixue Rd.
1	新路	Lixin Rd.
1	社村	Lishe Vil.
2	路	Lishe Rd.
1	行1巷	Lixing 1st Ln.
3	街	Lixing 1st St.
3	路	Lixing 1st Rd.
2	2巷	Lixing 2nd Ln.
3	街	Lixing 2nd St.
3	路	Lixing 2nd Rd.
2	3巷	Lixing 3rd Ln.
3	街	Lixing 3rd St.
3	路	Lixing 3rd Rd.
2	4路	Lixing 4th Rd.
2	5街	Lixing 5th St.
3	路	Lixing 5th Rd.
2	6路	Lixing 6th Rd.
2	7路	Lixing 7th Rd.
2	北街	Lixing N. St.
2	巷	Lixing Ln.
2	村	Lixing Vil.
2	街	Lixing St.
2	路	Lixing Rd.
3	1段	Sec. 1, Lixing Rd.
3	2段	Sec. 2, Lixing Rd.
2	里	Lixing Vil.
1	里村	Lili Vil.
1	霸街	Liba St.
0	功利里	Gongli Vil.
1	勞村	Gonglau Vil.
2	路	Gonglao Rd.
1	學2街	Gongxue 2nd St.
2	社新村	Gongxueshe New Vil.
2	路	Gongxue Rd.
1	安1街	Gong'an 1st St.
2	2街	Gong'an 2nd St.
2	3街	Gong'an 3rd St.
2	4街	Gong'an 4th St.
1	明巷	Gongming Ln.
2	街	Gongming St.
1	湖北路1段	Sec. 1, Gonghu N. Rd.
4	2段	Sec. 2, Gonghu N. Rd.
2	路	Gonghu Rd.
3	文津段	Sec. Wenjin, Gonghu Rd.
3	王功段	Sec. Wanggong, Gonghu Rd.
3	草湖段	Sec. Caohu, Gonghu Rd.
1	科里	Gongke Vil.
0	加仁路	Jiaren Rd.
1	典	Jiadian
1	勇路	Jiayong Rd.
1	南	Jianan
1	和	Jiahe
1	宏路	Jiahong Rd.
1	平	Jiaping
1	拉班街	Jialaban St.
1	拿村	Jiana Vil.
1	旗巷	Jiaqi Ln.
1	昌路	Jiachang Rd.
3	六十九橫巷	69th Side Ln., Jiachang Rd.
2	里	Jiachang Vil.
1	明路	Jiaming Rd.
1	智路	Jiazhi Rd.
1	樂	Jiale
1	正1巷	Jiazheng 1st Ln.
2	2巷	Jiazheng 2nd Ln.
2	3巷	Jiazheng 3rd Ln.
2	4巷	Jiazheng 4th Ln.
2	巷	Jiazheng Ln.
1	津林	Jiajinlin
1	灣	Jiawan
1	發路	Jiafa Rd.
1	社路	Jiashe Rd.
1	祿	Jialu
2	村	Jialu Vil.
1	福路	Jiafu Rd.
1	羅板	Jialuoban
1	老南路	Jialao S. Rd.
2	東路	Jialao E. Rd.
2	路	Jialao Rd.
2	里	Jialau Vil.
1	興村	Jiaxing Vil.
2	路	Jiaxing Rd.
1	輦邦	Jianianbang
1	錫1巷	Jiaxi 1st Ln.
2	2巷	Jiaxi 2nd Ln.
2	3巷	Jiaxi 3rd Ln.
2	村	Jiaxi Vil.
0	助人街	Zhuren St.
0	勇1街	Yong 1st St.
1	全路	Yongquan Rd.
1	善里	Yongshan Vil.
1	志街	Yongzhi St.
1	昌街	Yongchang St.
0	勝中路	Shengzhong Rd.
1	光路	Shengguang Rd.
1	利	Shengli
2	11街	Shengli 11th St.
4	路	Shengli 11th Rd.
3	2街	Shengli 12th St.
3	3街	Shengli 13th St.
3	5街	Shengli 15th St.
3	街	Shengli 1st St.
3	路	Shengli 1st Rd.
2	2街	Shengli 2nd St.
3	路	Shengli 2nd Rd.
2	3街	Shengli 3rd St.
2	5街	Shengli 5th St.
3	路	Shengli 5th Rd.
2	6街	Shengli 6th St.
2	7街	Shengli 7th St.
4	1段	Sec. 1, Shengli 7th St.
4	2段	Sec. 2, Shengli 7th St.
2	8街	Shengli 8th St.
4	1段	Sec. 1, Shengli 8th St.
4	2段	Sec. 2, Shengli 8th St.
2	9街	Shengli 9th St.
2	十街	Shengli 10th St.
2	南路	Shengli S. Rd.
2	巷	Shengli Ln.
2	東路	Shengli E. Rd.
2	街	Shengli St.
2	路	Shengli Rd.
3	1段	Sec. 1, Shengli Rd.
3	2段	Sec. 2, Shengli Rd.
3	南巷	S. Ln., Shengli Rd.
3	顯惠1巷	Xianhui 1st Ln., Shengli Rd.
5	2巷	Xianhui 2nd Ln., Shengli Rd.
2	里	Shengli Vil.
3	楊屋	Yangwu, Shengli Vil.
1	功巷	Shenggong Ln.
1	和街	Shenghe St.
1	國街	Shengguo St.
1	學路	Shengxue Rd.
1	安1街	Sheng'an 1st St.
2	2街	Sheng'an 2nd St.
2	3街	Sheng'an 3rd St.
2	4街	Sheng'an 4th St.
2	村	Sheng'an Vil.
2	街	Sheng'an St.
2	里	Sheng'an Vil.
1	平	Shengping
1	得里	Shengde Vil.
1	德路	Shengde Rd.
1	愛街	Sheng'ai St.
1	校巷	Shengxiao Ln.
1	民路	Shengmin Rd.
1	源	Shengyuan
1	義巷	Shengyi Ln.
1	興	Shengxing
2	村	Shengxing Vil.
2	街	Shengxing St.
1	華街	Shenghua St.
2	路	Shenghua Rd.
1	豐里	Shengfeng Vil.
0	勢北村	Shibei Vil.
1	南村	Shinan Vil.
1	林街	Shilin St.
0	勤儉巷	Qinjian Ln.
2	街	Qinjian St.
1	和村	Qinhe Vil.
1	富街	Qinfu St.
1	興街	Qinxing St.
1	英路	Qinying Rd.
1	農巷	Qinnong Ln.
1	進路	Qinjin Rd.
0	勵志1街	Lizhi 1st St.
2	2街	Lizhi 2nd St.
3	路	Lizhi 2nd Rd.
2	3街	Lizhi 3rd St.
2	一村	Lizhi 1st Vil.
2	中街	Lizhi Central St.
2	二村	Lizhi 2nd Vil.
2	新村	Lizhi New Vil.
2	街	Lizhi St.
2	路	Lizhi Rd.
1	行街	Lixing St.
2	里	Lixing Vil.
0	包公巷	Baogong Ln.
0	匏子園	Paoziyuan
2	寮	Paoziliao
1	崙村	Paulun Vil.
1	杓崙路	Paoshaolun Rd.
4	華美巷	Huamei Ln., Paoshaolun Rd.
4	蘭陽3巷	Lanyang 3rd Ln., Paoshaolun Rd.
0	化人公	Huarengong
1	仁村	Huaren Vil.
1	成路	Huacheng Rd.
3	臺貿二村	Taimao 2nd Vil., Huacheng Rd.
2	里	Huacheng Vil.
1	日路	Huari Rd.
1	道路	Huadao Rd.
1	龍街	Hualong St.
0	北1路	N. 1st Rd.
1	2路	N. 2nd Rd.
1	3路	N. 3rd Rd.
1	4路	N. 4th Rd.
1	5路	N. 5th Rd.
1	6路	N. 6th Rd.
1	三棧	Beisanzhan
1	中1街	Beizhong 1st St.
2	2街	Beizhong 2nd St.
2	3街	Beizhong 3rd St.
2	4街	Beizhong 4th St.
2	5街	Beizhong 5th St.
2	6街	Beizhong 6th St.
2	7街	Beizhong 7th St.
2	巷	Beizhong Ln.
2	東街	Beizhong E. St.
2	路	Beizhong Rd.
1	仁街	Beiren St.
1	保1街	Beibao 1st St.
2	2街	Beibao 2nd St.
2	3街	Beibao 3rd St.
2	4街	Beibao 4th St.
2	東路	Beibao E. Rd.
2	路	Beibao Rd.
1	元巷	Beiyuan Ln.
1	內環東路	Beineihuan E. Rd.
1	勢	Beishi
2	1巷	Beishi 1st Ln.
2	2巷	Beishi 2nd Ln.
3	街	Beishi 2nd St.
2	3街	Beishi 3rd St.
2	5街	Beishi 5th St.
2	6街	Beishi 6th St.
2	7街	Beishi 7th St.
2	坑	Beishikeng
3	街	Beishikeng St.
2	子	Beishizi
2	寮	Beishiliao
3	路	Beishiliao Rd.
2	巷	Beishi Ln.
2	村	Beishi Vil.
2	東路	Beishi E. Rd.
4	翠華巷	Cuihua Ln., Beishi E. Rd.
2	洲	Beishizhou
2	窩北	Beishiwobei
3	南	Beishiwonan
3	路	Beishiwo Rd.
2	街	Beishi St.
2	路	Beishi Rd.
2	里	Beishi Vil.
1	原路	Beiyuan Rd.
1	口村	Beikou Vil.
1	和村	Beihe Vil.
2	街	Beihe St.
1	嘉	Beijia
2	村	Beijia Vil.
1	回	Beihui
1	園1路	Beiyuan 1st Rd.
2	2路	Beiyuan 2nd Rd.
2	3路	Beiyuan 3rd Rd.
2	5路	Beiyuan 5th Rd.
2	街	Beiyuan St.
2	路	Beiyuan Rd.
2	里	Beiyuan Vil.
1	圳巷	Beizun Ln.
1	坑	Beikeng
2	巷	Beikeng Ln.
2	村	Beikeng Vil.
2	街	Beikeng St.
2	路	Beikeng Rd.
1	垣里	Beiyuan Vil.
1	城里	Beicheng Vil.
1	埔	Beipu
2	村	Beipu Vil.
2	街	Beipu St.
2	路	Beipu Rd.
2	里	Beipu Vil.
1	基村	Beiji Vil.
1	堂路	Beitang Rd.
1	堤東路	Beiti E. Rd.
2	街	Beiti St.
2	西路	Beiti W. Rd.
2	路	Beiti Rd.
1	大路	Beida Rd.
3	東巷	E. Ln., Beida Rd.
3	西1巷	W. 1st Ln., Beida Rd.
4	2巷	W. 2nd Ln., Beida Rd.
4	3巷	W. 3rd Ln., Beida Rd.
3	路頂巷	Luding Ln., Beida Rd.
1	太麻里	Beitaimali
1	子店	Beizidian
1	安1街	Bei'an 1st St.
2	2街	Bei'an 2nd St.
2	3街	Bei'an 3rd St.
2	街	Bei'an St.
2	路	Bei'an Rd.
3	1段	Sec. 1, Bei'an Rd.
3	2段	Sec. 2, Bei'an Rd.
3	3段	Sec. 3, Bei'an Rd.
3	4段	Sec. 4, Bei'an Rd.
2	里	Bei'an Vil.
1	宛	Beiwan
1	宜街	Beiyi St.
2	路1段	Sec. 1, Beiyi Rd.
3	2段	Sec. 2, Beiyi Rd.
3	3段	Sec. 3, Beiyi Rd.
3	4段	Sec. 4, Beiyi Rd.
5	栳寮巷	Laoliao Ln., Sec. 4, Beiyi Rd.
3	5段	Sec. 5, Beiyi Rd.
5	五郎寮巷	Wulangliao Ln., Sec. 5, Beiyi Rd.
5	十股寮巷	Shiguliao Ln., Sec. 5, Beiyi Rd.
5	土巷	Tu Ln., Sec. 5, Beiyi Rd.
5	坑內巷	Kengnei Ln., Sec. 5, Beiyi Rd.
5	大湖巷	Dahu Ln., Sec. 5, Beiyi Rd.
5	崙尾寮巷	Lunweiliao Ln., Sec. 5, Beiyi Rd.
5	潭腰巷	Tanyao Ln., Sec. 5, Beiyi Rd.
5	濕水子巷	Shishuizi Ln., Sec. 5, Beiyi Rd.
5	火燒樟巷	Huoshaozhang Ln., Sec. 5, Beiyi Rd.
5	竹坑巷	Zhukeng Ln., Sec. 5, Beiyi Rd.
5	雷公坡巷	Leigongpo Ln., Sec. 5, Beiyi Rd.
3	6段十三股巷	Shisangu Ln., Sec. 6, Beiyi Rd.
5	塗潭巷	Tutan Ln., Sec. 6, Beiyi Rd.
5	小金瓜寮巷	Xiaojingualiao Ln., Sec. 6, Beiyi Rd.
5	柑腳巷	Ganjiao Ln., Sec. 6, Beiyi Rd.
5	水底寮巷	Shuidiliao Ln., Sec. 6, Beiyi Rd.
5	獅仔頭坑巷	Shizaitoukeng Ln., Sec. 6, Beiyi Rd.
5	直潭巷	Zhitan Ln., Sec. 6, Beiyi Rd.
3	7段	Sec. 7, Beiyi Rd.
3	8段	Sec. 8, Beiyi Rd.
3	9段	Sec. 9, Beiyi Rd.
1	富村	Beifu Vil.
2	里	Beifu Vil.
1	寧街	Beining St.
2	路	Beining Rd.
3	2段	Sec. 2, Beining Rd.
2	里	Beining Vil.
1	寮	Beiliao
2	村	Beiliau Vil.
2	街	Beiliao St.
1	屋5街	Beiwu 5th St.
2	6街	Beiwu 6th St.
2	北街	Beiwu N. St.
2	南街	Beiwu S. St.
1	屯路	Beitun Rd.
3	中映巷	Zhongying Ln., Beitun Rd.
3	大成巷	Dacheng Ln., Beitun Rd.
2	里	Beitun Vil.
1	山	Beishan
2	巷	Beishan Ln.
2	村	Beishan Vil.
2	路	Beishan Rd.
2	里	Beishan Vil.
1	岸	Bei'an
2	路	Bei'an Rd.
1	峰里	Beifeng Vil.
1	崙村	Beilun Vil.
1	嶺1路	Beiling 1st Rd.
2	2路	Beiling 2nd Rd.
2	3路	Beiling 3rd Rd.
2	5路	Beiling 5th Rd.
2	6路	Beiling 6th Rd.
2	村	Beiling Vil.
1	川路	Beichuan Rd.
1	州路	Beizhou Rd.
1	巴巷	Beiba Ln.
1	巷	N. Ln.
1	市場	N. Market
1	平	Beiping
2	1街	Beiping 1st St.
2	2街	Beiping 2nd St.
2	3街	Beiping 3rd St.
2	4街	Beiping 4th St.
2	巷	Beiping Ln.
2	村	Beiping Vil.
2	東路	Beiping E. Rd.
2	街	Beiping St.
2	西路	Beiping W. Rd.
2	路	Beiping Rd.
3	1段	Sec. 1, Beiping Rd.
3	2段	Sec. 2, Beiping Rd.
3	3段	Sec. 3, Beiping Rd.
3	4段	Sec. 4, Beiping Rd.
2	里	Beiping Vil.
3	文明巷	Wenming Ln., Beiping Vil.
1	庄	Beizhuang
2	村	Beizhuang Vil.
2	路	Beizhuang Rd.
1	庭路	Beiting Rd.
1	忠街	Beizhong St.
1	成路	Beicheng Rd.
3	1段	Sec. 1, Beicheng Rd.
3	2段	Sec. 2, Beicheng Rd.
2	里	Beicheng Vil.
1	戶	Beihu
1	房	Beifang
2	里	Beifang Vil.
1	打鐵坑	Beidatiekeng
1	投子	Beitouzi
2	巷	Beitou Ln.
2	街	Beitou St.
2	路	Beitou Rd.
3	1段	Sec. 1, Beitou Rd.
3	2段	Sec. 2, Beitou Rd.
3	大眾巷	Dazhong Ln., Beitou Rd.
3	文教巷	Wenjiao Ln., Beitou Rd.
3	朝陽巷	Chaoyang Ln., Beitou Rd.
2	里	Beitou Vil.
1	文街	Beiwen St.
1	斗村	Beidou Vil.
2	街	Beidou St.
2	里	Beidou Vil.
3		Beidou Vil.
1	新1街	Beixin 1st St.
2	2街	Beixin 2nd St.
2	巷	Beixin Ln.
2	庄	Beixinzhuang
2	街	Beixin St.
2	路	Beixin Rd.
3	1段	Sec. 1, Beixin Rd.
3	2段	Sec. 2, Beixin Rd.
3	3段	Sec. 3, Beixin Rd.
2	里	Beixin Vil.
1	昌1街	Beichang 1st St.
2	2街	Beichang 2nd St.
2	3街	Beichang 3rd St.
2	4街	Beichang 4th St.
2	5街	Beichang 5th St.
2	村	Beichang Vil.
2	街	Beichang St.
2	路	Beichang Rd.
1	明街	Beiming St.
2	路	Beiming Rd.
1	曾村	Beizeng Vil.
1	杏里	Beixing Vil.
1	村	N. Vil.
2	路	Beicun Rd.
1	東河	Beidonghe
1	林路	Beilin Rd.
2	里	Beilin Vil.
1	柳村	Beiliu Vil.
1	梅里	Beimei Vil.
1	椗	Beiding
1	極巷	Beiji Ln.
2	街	Beiji St.
1	榮街	Beirong St.
2	里	Beirong Vil.
1	樂街	Beile St.
1	橋	Beiqiao
1	機里	Beiji Vil.
1	橫11路	Beiheng 11th Rd.
3	2路	Beiheng 12th Rd.
3	5路	Beiheng 15th Rd.
2	3路	Beiheng 3rd Rd.
2	4路	Beiheng 4th Rd.
2	6路	Beiheng 6th Rd.
2	7路	Beiheng 7th Rd.
2	9路	Beiheng 9th Rd.
1	水	Beishui
1	汕2路	Beishan 2nd Rd.
2	尾1路	Beishanwei 1st Rd.
3	2路	Beishanwei 2nd Rd.
3	3巷	Beishanwei 3rd Ln.
4	路	Beishanwei 3rd Rd.
3	4巷	Beishanwei 4th Ln.
3	5巷	Beishanwei 5th Ln.
3	6巷	Beishanwei 6th Ln.
3	8巷	Beishanwei 8th Ln.
3	巷	Beishanwei Ln.
2	巷	Beishan Ln.
2	村	Beishan Vil.
2	路	Beishan Rd.
2	里	Beishan Vil.
1	江街	Beijiang St.
1	河	Beihe
2	村	Beihe Vil.
1	油一區	Beiyou 1st Dist.
1	津路	Beijin Rd.
2	里	Beijin Vil.
1	海路2段	Sec. 2, Beihai Rd.
1	深路1段	Sec. 1, Beishen Rd.
3	2段	Sec. 2, Beishen Rd.
3	3段	Sec. 3, Beishen Rd.
1	清路	Beiqing Rd.
1	港子	Beigangzi
2	村	Beigang Vil.
2	路	Beigang Rd.
3	2段	Sec. 2, Beigang Rd.
2	里	Beigang Vil.
1	湖街	Beihu St.
2	路	Beihu Rd.
2	里	Beihu Vil.
1	湳里	Beinan Vil.
1	源	Beiyuan
2	巷	Beiyuan Ln.
2	村	Beiyuan Vil.
1	溪	Beixi
2	路	Beixi Rd.
2	里	Beixi Vil.
1	澤巷	Beize Ln.
2	街	Beize St.
1	濱街	Beibin St.
1	灣	Beiwan
2	里	Beiwan Vil.
1	玄街	Beixuan St.
1	環1巷	Beihuan 1st Ln.
2	2巷	Beihuan 2nd Ln.
2	3巷	Beihuan 3rd Ln.
2	東路	Beihuan E. Rd.
2	西路	Beihuan W. Rd.
2	路	Beihuan Rd.
1	田街	Beitian St.
2	路	Beitian Rd.
3	中坑巷	Zhongkeng Ln., Beitian Rd.
1	界西路	Beijie W. Rd.
1	盛街	Beisheng St.
1	社尾	Beishewei
3	路	Beishewei Rd.
2	路	Beishe Rd.
1	祥街	Beixiang St.
1	科路	Beike Rd.
1	窩	Beiwo
2	村	Beiwo Vil.
2	路	Beiwo Rd.
1	端街	Beiduan St.
2	里	Beiduan Vil.
1	糖1街	Beitang 1st St.
2	2街	Beitang 2nd St.
2	3街	Beitang 3rd St.
2	4街	Beitang 4th St.
2	5街	Beitang 5th St.
2	6街	Beitang 6th St.
1	維街	Beiwei St.
1	美街	Beimei St.
2	路	Beimei Rd.
1	聖路	Beisheng Rd.
1	興	Beixing
2	1街	Beixing 1st St.
2	巷	Beixing Ln.
2	街	Beixing St.
3	1段	Sec. 1, Beixing St.
3	2段	Sec. 2, Beixing St.
2	路	Beixing Rd.
3	1段	Sec. 1, Beixing Rd.
3	2段	Sec. 2, Beixing Rd.
3	3段	Sec. 3, Beixing Rd.
2	里	Beixing Vil.
1	花村	Beihua Vil.
1	芳巷	Beifang Ln.
1	苑	Beiyuan
1	苗	Beimiao
2	市場	Beimiao Market
2	里	Beimiau Vil.
1	英路	Beiying Rd.
1	華村	Beihua Vil.
2	街	Beihua St.
2	路	Beihua Rd.
2	里	Beihua Vil.
1	葉村	Beiye Vil.
1	角	Beijiao
1	豐路	Beifeng Rd.
1	貴里	Beigui Vil.
1	賢街	Beixian St.
1	路里	Beilu Vil.
1	辰1街	Beichen 1st St.
2	2街	Beichen 2nd St.
2	街	Beichen St.
3	1段	Sec. 1, Beichen St.
2	路	Beichen Rd.
2	里	Beichen Vil.
1	通路	Beitong Rd.
1	連路	Beilian Rd.
1	進巷	Beijin Ln.
1	還路	Beihai Rd.
1	郡界	Beijunjie
1	郭路	Beiguo Rd.
1	里	Beili
2	巷	Beili Ln.
2	村	Beili Vil.
1	金里	Beijin Vil.
1	銘里	Beiming Vil.
1	鎮村	Beizhen Vil.
2	街	Beizhen St.
1	門	Beimen
2	2街	Beimen 2nd St.
2	3街	Beimen 3rd St.
2	口	Beimenkou
3	光復新村1街	Guangfu New Vil. 1st St., Beimenkou
7	2街	Guangfu New Vil. 2nd St., Beimenkou
2	巷	Beimen Ln.
2	村	Beimen Vil.
2	街	Beimen St.
2	路	Beimen Rd.
3	1段	Sec. 1, Beimen Rd.
3	2段	Sec. 2, Beimen Rd.
3	3段	Sec. 3, Beimen Rd.
2	里	Beimen Vil.
1	關里	Beiguan Vil.
1	陽1街	Beiyang 1st St.
2	2街	Beiyang 2nd St.
2	3街	Beiyang 3rd St.
2	巷	Beiyang Ln.
2	路	Beiyang Rd.
2	里	Beiyang Vil.
1	隆街	Beilong St.
1	順路	Beishun Rd.
1	頭巷	Beitou Ln.
2	里	Beitou Vil.
1	館街	Beiguan St.
1	馬	Beima
1	鶯里	Beiying Vil.
1	龍岡	Beilonggang
2	路	Beilong Rd.
2	里	Beilong Vil.
3	中正路	Zhongzheng Rd., Beilong Vil.
3	館前街	Guanqian St., Beilong Vil.
0	匠寮前巷	Jiangliao Front Ln.
2	巷	Jiangliau Ln.
2	後巷	Jiangliao Back Ln.
0	區東路	Qudong Rd.
1	界東路	Qujie E. Rd.
2	西路	Qujie W. Rd.
1	運路	Quyun Rd.
0	十一份四	Shiyifensi
2	分	Shiyifen
3	路	Shiyifen Rd.
2	指厝	Shiyizhicuo
2	股	Shiyigu
1	三分	Shisanfen
2	北路	Shisan N. Rd.
2	南路	Shisan S. Rd.
2	層	Shisanceng
2	張路	Shisanzhang Rd.
2	東路	Shisan E. Rd.
2	甲	Shisanjia
2	股路	Shisangu Rd.
2	行路	Shisanxing Rd.
2	里	13th Vil.
1	九份	Shijiufen
2	結路	Shijiujie Rd.
1	二佃路	Shi'erdian Rd.
2	寮	Shi'erliao
1	五寮	Shiwuliao
2	村	15th Vil.
2	間	Shiwujian
3	尾	Shiwujianwei
1	份	Shifen
2	村	Shifen Vil.
1	全1街	Shiquan 1st St.
3	路	Shiquan 1st Rd.
2	2路	Shiquan 2nd Rd.
2	3路	Shiquan 3rd Rd.
2	東街	Shiquan E. St.
2	街	Shiquan St.
2	西街	Shiquan W. St.
2	路	Shiquan Rd.
2	里	Shiquan Vil.
1	八份	Shibafen
2	甲路	Shibajia Rd.
2	重溪	Shibachongxi
1	六張	Shiliuzhang
2	甲	Shiliujia
2	結路	Shiliujie Rd.
4	三城巷	Sancheng Ln., Shiliujie Rd.
2	股大道	Shiliugu Blvd.
1	分寮	Shifenliao
2	村	Shifen Vil.
2	街	Shifen St.
1	勇街	Shiyong St.
1	四寮	Shisiliao
2	張路	Shisizhang Rd.
2	甲	Shisijia
1	塊厝	Shikuaicuo
1	字村	Shizi Vil.
2	路	Shizi Rd.
1	寮	Shiliao
2	坑	Shiliaokeng
1	張仔巷	Shizhangzai Ln.
2	巷	Shizhang Ln.
1	文巷	Shiwen Ln.
1	智街	Shizhi St.
1	班坑	Shibankeng
1	甲北1街	Shijia N. 1st St.
3	2街	Shijia N. 2nd St.
3	街	Shijia N. St.
2	巷	Shijia Ln.
2	東1街	Shijia E. 1st St.
3	2街	Shijia E. 2nd St.
3	巷	Shijia E. Ln.
3	路	Shijia E. Rd.
2	路	Shijia Rd.
2	里	Shijia Vil.
1	美街	Shimei St.
2	路	Shimei Rd.
2	里	Shimei Vil.
1	股	Shigu
2	寮	Shiguliao
2	巷	Shigu Ln.
2	路	Shigu Rd.
1	興1街	Shixing 1st St.
2	2街	Shixing 2nd St.
2	3街	Shixing 3rd St.
2	5街	Shixing 5th St.
2	路	Shixing Rd.
3	1段	Sec. 1, Shixing Rd.
3	2段	Sec. 2, Shixing Rd.
2	里	Shixing Vil.
1	茂路	Shimao Rd.
1	號路	Shihao Rd.
1	足路	Shizu Rd.
0	千光路	Qianguang Rd.
1	北里	Qianbei Vil.
1	南里	Qiannan Vil.
1	壽路	Qianshou Rd.
1	富街	Qianfu St.
1	歲巷	Qiansui Ln.
2	街	Qiansui St.
2	路	Qiansui Rd.
2	里	Qiansui Vil.
1	湖路	Qianhu Rd.
1	甲路	Qianjia Rd.
2	里	Qianjia Vil.
1	禧街	Qianxi St.
2	路	Qianxi Rd.
1	秋路	Qianqiu Rd.
2	里	Qianqiu Vil.
0	升學1街	Shengxue 1st St.
2	2街	Shengxue 2nd St.
2	路	Shengxue Rd.
0	午日節湖	Wurijiehu
1	沙村	Wusha Vil.
0	半天寮	Bantianliao
2	村	Bantian Vil.
1	屏山後巷	Back Ln., Banpingshan
1	山街	Banshan St.
2	雅	Banshanya
1	嶺	Banling
2	路	Banling Rd.
1	月	Banyue
1	路店	Banludian
1	部路	Banbu Rd.
0	卑南里	Beinan Vil.
0	卓厝巷	Zhuocuo Ln.
1	坪路	Zhuoping Rd.
1	樂	Zhuole
1	清村	Zhuoqing Vil.
1	溪	Zhuoxi
2	村	Zhuoxi Vil.
1	猴	Zhuohou
1	越路	Zhuoyue Rd.
1	運村	Zhuoyun Vil.
0	協中街	Xiezhong St.
1	仁街	Xieren St.
1	元里	Xieyuan Vil.
1	力巷	Xieli Ln.
2	街	Xieli St.
1	北巷	Xiebei Ln.
1	同2街	Xietong 2nd St.
2	街	Xietong St.
1	和中路	Xiehe Central Rd.
2	北巷	Xiehe N. Ln.
2	南巷	Xiehe S. Ln.
2	巷	Xiehe Ln.
2	村	Xiehe Vil.
2	東路	Xiehe E. Rd.
2	街	Xiehe St.
2	路	Xiehe Rd.
2	里	Xiehe Vil.
1	天路	Xietian Rd.
1	安路	Xie'an Rd.
1	德街	Xiede St.
1	心巷	Xiexin Ln.
1	成村	Xiecheng Vil.
1	昌路	Xiechang Rd.
1	松路	Xiesong Rd.
1	榮路	Xierong Rd.
2	里	Xierong Vil.
1	福路	Xiefu Rd.
1	興街	Xiexing St.
2	里	Xiexing Vil.
1	進市場	Xiejin Market
2	街	Xiejin St.
2	路	Xiejin Rd.
2	里	Xiejin Vil.
0	南1巷	S. 1st Ln.
2	街	S. 1st St.
2	路	S. 1st Rd.
1	2巷	S. 2nd Ln.
2	街	S. 2nd St.
2	路	S. 2nd Rd.
1	3街	S. 3rd St.
2	路	S. 3rd Rd.
1	4路	S. 4th Rd.
1	5路	S. 5th Rd.
1	6路	S. 6th Rd.
1	7街	S. 7th St.
2	路	S. 7th Rd.
1	一橫巷	S. 1st Side Ln.
1	丁路	Nanding Rd.
1	三棧	Nansanzhan
1	上村	Nanshang Vil.
2	路	Nanshang Rd.
1	世1巷	Nanshi 1st Ln.
2	村	Nanshi Vil.
1	中街	Nanzhong St.
1	九甲巷	Nanjiujia Ln.
1	二橫巷	S. 2nd Side Ln.
1	亞新村	Nanya New Vil.
2	街	Nanya St.
1	京1街	Nanjing 1st St.
2	2街	Nanjing 2nd St.
2	3街	Nanjing 3rd St.
2	4街	Nanjing 4th St.
2	5街	Nanjing 5th St.
2	6街	Nanjing 6th St.
2	東街	Nanjing E. St.
3	路1段	Sec. 1, Nanjing E. Rd.
4	2段	Sec. 2, Nanjing E. Rd.
4	3段	Sec. 3, Nanjing E. Rd.
4	4段	Sec. 4, Nanjing E. Rd.
4	5段	Sec. 5, Nanjing E. Rd.
4	6段	Sec. 6, Nanjing E. Rd.
2	街	Nanjing St.
2	西路	Nanjing W. Rd.
2	路	Nanjing Rd.
3	南段	Sec. S., Nanjing Rd.
2	里	Nanjing Vil.
1	仁路	Nanren Rd.
1	仟巷	Nanqian Ln.
1	佃里	Nandian Vil.
1	保村	Nanbau Vil.
1	信街	Nanxin St.
1	僑巷	Nanqiao Ln.
1	元路	Nanyuan Rd.
1	充路	Nanchong Rd.
1	光	Nanguang
2	巷	Nanguang Ln.
2	村	Nanguang Vil.
2	街	Nanguang St.
2	路	Nanguang Rd.
3	安生巷	Ansheng Ln., Nanguang Rd.
2	里	Nanguang Vil.
3		Nanguang Vil.
1	八里	Nanbali
1	功街	Nangong St.
1	勝里	Nansheng Vil.
1	勢	Nanshi
2	12街	Nanshi 12th St.
3	街	Nanshi 1st St.
2	2街	Nanshi 2nd St.
2	3街	Nanshi 3rd St.
2	4街	Nanshi 4th St.
2	5街	Nanshi 5th St.
2	6街	Nanshi 6th St.
2	7街	Nanshi 7th St.
2	8街	Nanshi 8th St.
2	十街	Nanshi 10th St.
2	厝路	Nanshicuo Rd.
2	坑	Nanshikeng
3	街	Nanshikeng St.
2	埔	Nanshipu
2	山	Nanshishan
2	崗	Nanshigang
2	巷	Nanshi Ln.
2	庄	Nanshizhuang
2	村	Nanshi Vil.
2	林里	Nanshilin Vil.
2	湖	Nanshihu
2	竹	Nanshizhu
2	街	Nanshi St.
2	西路	Nanshi W. Rd.
2	里	Nanshi Vil.
1	化	Nanhua
2	村	Nanhua Vil.
1	北11路	Nanbei 11th Rd.
3	2路	Nanbei 12th Rd.
3	路	Nanbei 1st Rd.
2	2路	Nanbei 2nd Rd.
2	3路	Nanbei 3rd Rd.
2	4路	Nanbei 4th Rd.
2	5路	Nanbei 5th Rd.
2	6路	Nanbei 6th Rd.
2	7路	Nanbei 7th Rd.
2	8路	Nanbei 8th Rd.
2	9路	Nanbei 9th Rd.
2	坑	Nanbeikeng
2	巷	Nanbei Ln.
2	街	Nanbei St.
2	路	Nanbei Rd.
3	1段	Sec. 1, Nanbei Rd.
3	2段	Sec. 2, Nanbei Rd.
3	3段	Sec. 3, Nanbei Rd.
3	廟後巷	Miaohou Ln., Nanbei Rd.
1	口村	Nankou Vil.
1	和	Nanhe
2	1街	Nanhe 1st St.
3	路	Nanhe 1st Rd.
2	2街	Nanhe 2nd St.
2	巷	Nanhe Ln.
2	村	Nanhe Vil.
2	街	Nanhe St.
2	路	Nanhe Rd.
3	1段	Sec. 1, Nanhe Rd.
3	2段	Sec. 2, Nanhe Rd.
3	3段	Sec. 3, Nanhe Rd.
2	里	Nanhe Vil.
1	國街	Nanguo St.
1	園2路	Nanyuan 2nd Rd.
2	街	Nanyuan St.
2	路	Nanyuan Rd.
2	里	Nanyuan Vil.
1	坑	Nankeng
2	巷	Nankeng Ln.
2	村	Nankeng Vil.
2	路	Nankeng Rd.
1	坪巷	Nanping Ln.
2	角	Nanpingjiao
2	路	Nanping Rd.
3	下城1巷	Xiacheng 1st Ln., Nanping Rd.
5	2巷	Xiacheng 2nd Ln., Nanping Rd.
1	垵	Nan'an
1	城街	Nancheng St.
1	埔	Nanpu
2	11街	Nanpu 11th St.
3	2街	Nanpu 12th St.
3	3街	Nanpu 13th St.
3	5街	Nanpu 15th St.
3	6街	Nanpu 16th St.
3	街	Nanpu 1st St.
2	2街	Nanpu 2nd St.
2	4街	Nanpu 4th St.
2	5街	Nanpu 5th St.
2	7街	Nanpu 7th St.
2	8街	Nanpu 8th St.
2	9街	Nanpu 9th St.
2	十街	Nanpu 10th St.
2	巷	Nanpu Ln.
2	新村	Nanpu New Vil.
2	村	Nanpu Vil.
2	路	Nanpu Rd.
2	里	Nanpu Vil.
1	埤路	Nanpi Rd.
1	堤	Nanti
2	路	Nanti Rd.
3	2段	Sec. 2, Nanti Rd.
3	3段	Sec. 3, Nanti Rd.
3	4段	Sec. 4, Nanti Rd.
1	塘	Nantang
1	夏瑯路	Nanxialang Rd.
1	外街	Nanwai St.
2	里	Nanwai Vil.
1	大村	Nanda Vil.
2	路	Nanda Rd.
2	里	Nanda Vil.
1	天母路	Nantianmu Rd.
2	街	Nantian St.
1	太路	Nantai Rd.
1	妙街	Nanmiao St.
1	安	Nan'an
2	巷	Nan'an Ln.
2	村	Nan'an Vil.
2	街	Nan'an St.
2	路	Nan'an Rd.
2	里	Nan'an Vil.
1	宜1路	Nanyi 1st Rd.
2	2路	Nanyi 2nd Rd.
2	4路	Nanyi 4th Rd.
1	宮路	Nangong Rd.
1	富村	Nanfu Vil.
3	四灣	Siwan, Nanfu Vil.
2	街	Nanfu St.
1	寧街	Nanning St.
2	路	Nanning Rd.
2	里	Nanning Vil.
1	寮	Nanliao
2	巷	Nanliao Ln.
2	村	Nanliau Vil.
2	橫巷	Nanliao Side Ln.
2	街	Nanliao St.
2	路	Nanliao Rd.
3	中山巷	Zhongshan Ln., Nanliao Rd.
3	光明巷	Guangming Ln., Nanliao Rd.
4	華1巷	Guanghua 1st Ln., Nanliao Rd.
5	2巷	Guanghua 2nd Ln., Nanliao Rd.
5	3巷	Guanghua 3rd Ln., Nanliao Rd.
5	4巷	Guanghua 4th Ln., Nanliao Rd.
5	5巷	Guanghua 5th Ln., Nanliao Rd.
5	中巷	Guanghua Central Ln., Nanliao Rd.
5	北巷	Guanghua N. Ln., Nanliao Rd.
5	巷	Guanghua Ln., Nanliao Rd.
5	西巷	Guanghua W. Ln., Nanliao Rd.
3	山下巷	Shanxia Ln., Nanliao Rd.
2	里	Nanliau Vil.
1	寶街	Nanbao St.
1	屏路	Nanping Rd.
1	屯路1段	Sec. 1, Nantun Rd.
3	2段	Sec. 2, Nantun Rd.
2	里	Nantun Vil.
1	山	S. Hill
2	1街	Nanshan 1st St.
2	2街	Nanshan 2nd St.
2	3街	Nanshan 3rd St.
2	4街	Nanshan 4th St.
2	5街	Nanshan 5th St.
2	6街	Nanshan 6th St.
2	北路1段	Sec. 1, Nanshan N. Rd.
4	2段	Sec. 2, Nanshan N. Rd.
2	坪	Nanshanping
2	新村	Nanshan New Vil.
2	村	Nanshan Vil.
2	街	Nanshan St.
2	路	Nanshan Rd.
3	1段	Sec. 1, Nanshan Rd.
3	2段	Sec. 2, Nanshan Rd.
3	3段	Sec. 3, Nanshan Rd.
2	里	Nanshan Vil.
1	岸巷	Nan'an Ln.
1	島大道	Nandao Blvd.
1	崁下	Nankanxia
2	後街	Nankanhou St.
2	村	Nankan Vil.
2	路	Nankan Rd.
3	1段	Sec. 1, Nankan Rd.
3	2段	Sec. 2, Nankan Rd.
3	南興巷	Nanxing Ln., Nankan Rd.
2	頂	Nankanding
1	崗1路	Nangang 1st Rd.
2	2路	Nangang 2nd Rd.
2	3路	Nangang 3rd Rd.
1	崙村	Nanlun Vil.
1	嵩里	Nansong Vil.
1	州村	Nanzhou Vil.
2	路	Nanzhou Rd.
3	橋邊巷	Qiaobian Ln., Nanzhou Rd.
1	工街	Nangong St.
2	路	Nangong Rd.
3	1段	Sec. 1, Nangong Rd.
5	南工巷	Nangong Ln., Sec. 1, Nangong Rd.
3	2段	Sec. 2, Nangong Rd.
1	巷	S. Ln.
1	市	Nanshi
2	場	S. Market
2	里	Nanshi Vil.
1	平	Nanping
2	1巷	Nanping 1st Ln.
3	街	Nanping 1st St.
2	2街	Nanping 2nd St.
2	3街	Nanping 3rd St.
2	4街	Nanping 4th St.
2	5街	Nanping 5th St.
2	巷	Nanping Ln.
2	東街	Nanping E. St.
2	街	Nanping St.
2	西街	Nanping W. St.
2	路	Nanping Rd.
3	2段	Sec. 2, Nanping Rd.
2	里	Nanping Vil.
1	庄	Nanzhuang
2	村	Nanzhuang Vil.
1	庭街	Nanting St.
1	廟路	Nanmiao Rd.
1	建里	Nanjian Vil.
1	強路	Nanqiang Rd.
2	里	Nanqiang Vil.
1	慶街	Nanqing St.
1	成街	Nancheng St.
2	里	Nancheng Vil.
1	房	Nanfang
2	里	Nanfang Vil.
1	投里	Nantou Vil.
1	揚街	Nanyang St.
1	斗路	Nandou Rd.
1	新巷	Nanxin Ln.
2	庄	Nanxinzhuang
2	村	Nanxin Vil.
2	街	Nanxin St.
2	路	Nanxin Rd.
3	變電巷	Biandian Ln., Nanxin Rd.
2	里	Nanxin Vil.
1	方1巷	Nanfang 1st Ln.
2	2巷	Nanfang 2nd Ln.
2	3巷	Nanfang 3rd Ln.
2	巷	Nanfang Ln.
1	昌	Nanchang
2	北路	Nanchang N. Rd.
2	南路	Nanchang S. Rd.
2	巷	Nanchang Ln.
2	新村	Nanchang New Vil.
2	村	Nanchang Vil.
2	東街	Nanchang E. St.
3	路	Nanchang E. Rd.
2	街	Nanchang St.
2	西街	Nanchang W. St.
3	路	Nanchang W. Rd.
2	路	Nanchang Rd.
3	1段	Sec. 1, Nanchang Rd.
3	2段	Sec. 2, Nanchang Rd.
3	下庄巷	Xiazhuang Ln., Nanchang Rd.
3	公厝巷	Gongcuo Ln., Nanchang Rd.
3	富民巷	Fumin Ln., Nanchang Rd.
3	民安巷	Min'an Ln., Nanchang Rd.
4	康巷	Minkang Ln., Nanchang Rd.
3	護安巷	Hu'an Ln., Nanchang Rd.
3	陽明巷	Yangming Ln., Nanchang Rd.
2	里	Nanchang Vil.
1	明街	Nanming St.
1	星路	Nanxing Rd.
1	曾村	Nanzeng Vil.
1	村	S. Vil.
2	1巷	Nancun 1st Ln.
2	2巷	Nancun 2nd Ln.
2	3巷	Nancun 3rd Ln.
2	路	Nancun Rd.
2	里	Nancun Vil.
1	東河	Nandonghe
2	路	Nandong Rd.
2	里	Nandong Vil.
1	松路	Nansong Rd.
1	林路	Nanlin Rd.
1	柳村	Nanliu Vil.
1	校街	Nanxiao St.
1	榮村	Nanrong Vil.
2	街	Nanrong St.
2	路	Nanrong Rd.
2	里	Nanrong Vil.
1	樂街	Nanle St.
1	橋1路	Nanqiao 1st Rd.
2	2路	Nanqiao 2nd Rd.
2	3路	Nanqiao 3rd Rd.
2	巷	Nanqiao Ln.
2	街	Nanqiao St.
2	路	Nanqiao Rd.
2	里	Nanqiao Vil.
1	機路	Nanji Rd.
1	橫1路	Nanheng 1st Rd.
2	2路	Nanheng 2nd Rd.
2	公路3段	Sec. 3, Nanheng Highway
6	勤和巷	Qinhe Ln., Sec. 3, Nanheng Highway
6	平臺巷	Pingtai Ln., Sec. 3, Nanheng Highway
6	東莊巷	Dongzhuang Ln., Sec. 3, Nanheng Highway
4	4段	Sec. 4, Nanheng Highway
4	5段	Sec. 5, Nanheng Highway
2	路	Nanheng Rd.
1	正1路	Nanzheng 1st Rd.
2	2路	Nanzheng 2nd Rd.
2	里	Nanzheng Vil.
1	汕巷	Nanshan Ln.
2	里	Nanshan Vil.
1	江	Nanjiang
2	村	Nanjiang Vil.
3	東江	Dongjiang, Nanjiang Vil.
2	街	Nanjiang St.
1	沙	Nansha
1	河	Nanhe
2	村	Nanhe Vil.
2	里	Nanhe Vil.
1	泰路	Nantai Rd.
1	津路	Nanjin Rd.
2	里	Nanjin Vil.
1	洲	Nanzhou
2	村	Nanzhou Vil.
2	街	Nanzhou St.
2	里	Nanzhou Vil.
1	海11街	Nanhai 11th St.
3	2街	Nanhai 12th St.
3	3街	Nanhai 13th St.
3	街	Nanhai 1st St.
2	2街	Nanhai 2nd St.
2	3街	Nanhai 3rd St.
2	4街	Nanhai 4th St.
2	5街	Nanhai 5th St.
2	6街	Nanhai 6th St.
2	7街	Nanhai 7th St.
2	8街	Nanhai 8th St.
2	9街	Nanhai 9th St.
2	十街	Nanhai 10th St.
2	埔	Nanhaipu
2	村	Nanhai Vil.
2	街	Nanhai St.
2	路	Nanhai Rd.
1	深路	Nanshen Rd.
1	清街	Nanqing St.
1	港	Nangang
2	村	Nangang Vil.
2	街	Nangang St.
2	路	Nangang Rd.
3	1段	Sec. 1, Nangang Rd.
3	2段	Sec. 2, Nangang Rd.
3	3段	Sec. 3, Nangang Rd.
2	里	Nangang Vil.
1	湖	Nanhu
2	1路	Nanhu 1st Rd.
2	2路	Nanhu 2nd Rd.
2	3路	Nanhu 3rd Rd.
2	坑	Nanhukeng
2	村	Nanhu Vil.
2	路	Nanhu Rd.
1	溝北巷	Nangou N. Ln.
2	巷	Nangou Ln.
2	路	Nangou Rd.
3	2段	Sec. 2, Nangou Rd.
5	自力1巷	Zili 1st Ln., Sec. 2, Nangou Rd.
7	2巷	Zili 2nd Ln., Sec. 2, Nangou Rd.
3	中溝巷	Zhonggou Ln., Nangou Rd.
4	街巷	Zhongjie Ln., Nangou Rd.
3	唐莊巷	Tangzhuang Ln., Nangou Rd.
3	昌隆巷	Changlong Ln., Nangou Rd.
3	明仁巷	Mingren Ln., Nangou Rd.
4	信巷	Mingxin Ln., Nangou Rd.
4	忠巷	Mingzhong Ln., Nangou Rd.
4	義巷	Mingyi Ln., Nangou Rd.
3	智發巷	Zhifa Ln., Nangou Rd.
3	東南巷	Dongnan Ln., Nangou Rd.
3	義成巷	Yicheng Ln., Nangou Rd.
3	金福1巷	Jinfu 1st Ln., Nangou Rd.
5	2巷	Jinfu 2nd Ln., Nangou Rd.
3	隆興巷	Longxing Ln., Nangou Rd.
2	邊巷	Nangou Side Ln.
1	溪	Nanxi
2	尾	Nanxiwei
2	村	Nanxi Vil.
2	路	Nanxi Rd.
1	滬	Nanhu
2	崎頭	Nanhuqitou
1	潭1街	Nantan 1st St.
2	2街	Nantan 2nd St.
2	3街	Nantan 3rd St.
2	路	Nantan Rd.
1	澳南路	Nan'ao S. Rd.
2	村	Nan'ao Vil.
2	路	Nan'ao Rd.
1	濱路	Nanbin Rd.
3	1段	Sec. 1, Nanbin Rd.
1	灣	Nanwan
2	街	Nanwan St.
2	路	Nanwan Rd.
3	仁愛巷	Ren'ai Ln., Nanwan Rd.
3	信義巷	Xinyi Ln., Nanwan Rd.
3	和平巷	Heping Ln., Nanwan Rd.
3	忠孝巷	Zhongxiao Ln., Nanwan Rd.
3	新營巷	Xinying Ln., Nanwan Rd.
4	生巷	Xinsheng Ln., Nanwan Rd.
3	林森巷	Linsen Ln., Nanwan Rd.
3	柴西巷	Chaixi Ln., Nanwan Rd.
3	金鼎巷	Jinding Ln., Nanwan Rd.
3	鞍山巷	Anshan Ln., Nanwan Rd.
3	魚塭巷	Yuwen Ln., Nanwan Rd.
3	龍鑾巷	Longluan Ln., Nanwan Rd.
2	里	Nanwan Vil.
1	火	Nanhuo
1	燕村	Nanyan Vil.
1	營路	Nanying Rd.
1	片山下	Nanpianshanxia
2	巷	Nanpian Ln.
1	王東街	Nanwang E. St.
2	西街	Nanwang W. St.
2	里	Nanwang Vil.
1	瑤路	Nanyao Rd.
1	環路	Nanhuan Rd.
3	1段	Sec. 1, Nanhuan Rd.
3	2段	Sec. 2, Nanhuan Rd.
3	3段	Sec. 3, Nanhuan Rd.
1	生路	Nansheng Rd.
1	田	Nantian
2	村	Nantian Vil.
2	街	Nantian St.
2	路	Nantian Rd.
2	里	Nantian Vil.
1	盛街	Nansheng St.
1	盟路	Nanmeng Rd.
1	眉巷	Nanmei Ln.
1	石里	Nanshi Vil.
1	社	Nanshe
2	1街	Nanshe 1st St.
2	2街	Nanshe 2nd St.
2	3街	Nanshe 3rd St.
2	路	Nanshe Rd.
3	1段	Sec. 1, Nanshe Rd.
3	2段	Sec. 2, Nanshe Rd.
2	里	Nanshe Vil.
1	祥路	Nanxiang Rd.
1	福村	Nanfu Vil.
2	街	Nanfu St.
2	路	Nanfu Rd.
2	里	Nanfu Vil.
1	科1路	Nanke 1st Rd.
2	2路	Nanke 2nd Rd.
2	3路	Nanke 3rd Rd.
2	5路	Nanke 5th Rd.
2	6路	Nanke 6th Rd.
2	7路	Nanke 7th Rd.
2	8路	Nanke 8th Rd.
2	9路	Nanke 9th Rd.
2	北路	Nanke N. Rd.
2	南路	Nanke S. Rd.
1	窩	Nanwo
2	路	Nanwo Rd.
1	端里	Nanduan Vil.
1	竹湖	Nanzhuhu
2	路	Nanzhu Rd.
3	1段	Sec. 1, Nanzhu Rd.
3	2段	Sec. 2, Nanzhu Rd.
3	3段	Sec. 3, Nanzhu Rd.
3	4段	Sec. 4, Nanzhu Rd.
3	5段	Sec. 5, Nanzhu Rd.
2	里	Nanzhu Vil.
1	簡路	Nanjian Rd.
2	里	Nanjian Vil.
1	紙街	Nanzhi St.
2	里	Nanzhi Vil.
1	美村	Nanmei Vil.
2	街	Nanmei St.
2	里	Nanmei Vil.
1	聖街	Nansheng St.
2	路	Nansheng Rd.
1	臺橫路	Nantaiheng Rd.
2	街	Nantai St.
2	路	Nantai Rd.
1	興	Nanxing
2	1街	Nanxing 1st St.
3	路	Nanxing 1st Rd.
2	2路	Nanxing 2nd Rd.
2	3路	Nanxing 3rd Rd.
2	前街	Nanxingqian St.
2	北1路	Nanxing N. 1st Rd.
3	2路	Nanxing N. 2nd Rd.
3	3路	Nanxing N. 3rd Rd.
2	園路	Nanxingyuan Rd.
2	巷	Nanxing Ln.
2	市場	Nanxing Market
2	後街	Nanxinghou St.
2	村	Nanxing Vil.
2	東1街	Nanxing E. 1st St.
3	2街	Nanxing E. 2nd St.
3	路	Nanxing E. Rd.
2	街	Nanxing St.
2	路	Nanxing Rd.
3	1段	Sec. 1, Nanxing Rd.
3	2段	Sec. 2, Nanxing Rd.
2	里	Nanxing Vil.
1	花村	Nanhua Vil.
1	芳里	Nanfang Vil.
1	苑	Nanyuan
2	2巷	Nanyuan 2nd Ln.
2	3巷	Nanyuan 3rd Ln.
2	巷	Nanyuan Ln.
1	英巷	Nanying Ln.
1	華1街	Nanhua 1st St.
3	路	Nanhua 1st Rd.
2	2街	Nanhua 2nd St.
2	3街	Nanhua 3rd St.
2	4街	Nanhua 4th St.
2	5街	Nanhua 5th St.
2	6街	Nanhua 6th St.
2	7街	Nanhua 7th St.
2	8街	Nanhua 8th St.
2	巷	Nanhua Ln.
2	村	Nanhua Vil.
3	和平巷	Heping Ln., Nanhua Vil.
2	東路	Nanhua E. Rd.
2	橫1路	Nanhuaheng 1st Rd.
3	2路	Nanhuaheng 2nd Rd.
2	街	Nanhua St.
2	路	Nanhua Rd.
3	1段	Sec. 1, Nanhua Rd.
3	2段	Sec. 2, Nanhua Rd.
3	成邦新莊	Chengbang New Vil., Nanhua Rd.
3	東巷	E. Ln., Nanhua Rd.
2	里	Nanhua Vil.
1	蓮村	Nanlian Vil.
1	衙南1巷	Nanya S. 1st Ln.
3	2巷	Nanya S. 2nd Ln.
2	路	Nanya Rd.
3	南1巷	S. 1st Ln., Nanya Rd.
4	2巷	S. 2nd Ln., Nanya Rd.
1	西路	Nanxi Rd.
1	豐1街	Nanfeng 1st St.
2	2街	Nanfeng 2nd St.
2	3街	Nanfeng 3rd St.
2	村	Nanfeng Vil.
2	街	Nanfeng St.
2	路	Nanfeng Rd.
1	豪里	Nanhau Vil.
1	貫路	Nanguan Rd.
1	貴街	Nangui St.
1	路里	Nanlu Vil.
1	軒路	Nanxuan Rd.
1	農街	Nannong St.
1	通	Nantong
2	路	Nantong Rd.
3	1段	Sec. 1, Nantong Rd.
3	2段	Sec. 2, Nantong Rd.
3	3段	Sec. 3, Nantong Rd.
1	進1巷	Nanjin 1st Ln.
3	街	Nanjin 1st St.
2	2巷	Nanjin 2nd Ln.
3	街	Nanjin 2nd St.
2	3街	Nanjin 3rd St.
2	4街	Nanjin 4th St.
2	5街	Nanjin 5th St.
2	6街	Nanjin 6th St.
2	7街	Nanjin 7th St.
2	巷	Nanjin Ln.
2	路	Nanjin Rd.
1	邦寮	Nanbangliao
1	郊里	Nanjiau Vil.
1	部	Nanbu
1	郭路1段	Sec. 1, Nanguo Rd.
1	都里	Nandu Vil.
1	鄉村	Nanxiang Vil.
2	路	Nanxiang Rd.
1	里	S. Vil.
2	村	Nanli Vil.
2	街	Nanli St.
1	鎮村	Nanzhen Vil.
1	門崁下	Nanmenkanxia
2	街	Nanmen St.
2	路	Nanmen Rd.
2	里	Nanmen Vil.
1	關里	Nanguan Vil.
1	阡巷	Nanqian Ln.
1	阿里山	S. Alishan
1	陵路	Nanling Rd.
1	陽	Nanyang
2	巷	Nanyang Ln.
2	村	Nanyang Vil.
2	街	Nanyang St.
2	路	Nanyang Rd.
3	6路	Nanyang Rd. 6th Rd.
3	三角巷	Sanjiao Ln., Nanyang Rd.
3	南陽市場	Nanyang Market, Nanyang Rd.
5	新村	Nanyang New Vil., Nanyang Rd.
3	國民新村	Guomin New Vil., Nanyang Rd.
3	綠山巷	Lushan Ln., Nanyang Rd.
3	育樂新村	Yule New Vil., Nanyang Rd.
3	逸仙莊	Yixian Vil., Nanyang Rd.
2	里	Nanyang Vil.
1	隆街	Nanlong St.
1	隘路1段	Sec. 1, Nan'ai Rd.
3	2段	Sec. 2, Nan'ai Rd.
2	里	Nan'ai Vil.
1	雄	Nanxiong
2	南路	Nanxiong S. Rd.
2	街	Nanxiong St.
2	路1段	Sec. 1, Nanxiong Rd.
3	2段	Sec. 2, Nanxiong Rd.
2	里	Nanxiong Vil.
1	雅南路1段	Sec. 1, Nanya S. Rd.
4	2段	Sec. 2, Nanya S. Rd.
2	村	Nanya Vil.
2	東路	Nanya E. Rd.
2	街	Nanya St.
2	西路1段	Sec. 1, Nanya W. Rd.
4	2段	Sec. 2, Nanya W. Rd.
2	路	Nanya Rd.
2	里	Nanya Vil.
1	雲1路	Nanyun 1st Rd.
2	路	Nanyun Rd.
1	雷路	Nanlei Rd.
1	青路	Nanqing Rd.
1	靖	Nanjing
2	厝	Nanjingcuo
2	寮	Nanjingliao
2	糖廠	Nanjing Sugar Refinery
2	車站	Nanjing Station
2	農場	Nanjing Farm
2	里	Nanjing Vil.
1	順1街	Nanshun 1st St.
2	2街	Nanshun 2nd St.
2	4街	Nanshun 4th St.
2	5街	Nanshun 5th St.
2	6街	Nanshun 6th St.
2	7街	Nanshun 7th St.
2	8街	Nanshun 8th St.
2	巷	Nanshun Ln.
1	館街	Nanguan St.
1	香路	Nanxiang Rd.
1	鶯里	Nanying Vil.
1	麂	Nanji
1	龍岡	Nanlonggang
2	村	Nanlong Vil.
2	街	Nanlong St.
2	路	Nanlong Rd.
2	里	Nanlong Vil.
3	中南街	Zhongnan St., Nanlong Vil.
4	正路	Zhongzheng Rd., Nanlong Vil.
3	館前街	Guanqian St., Nanlong Vil.
0	博仁巷	Boren Ln.
2	街	Boren St.
2	里	Boren Vil.
1	厚里	Bohou Vil.
1	和路	Bohe Rd.
2	里	Bohe Vil.
1	嘉村	Bojia Vil.
2	里	Bojia Vil.
1	孝里	Boxiao Vil.
1	學街	Boxue St.
2	路	Boxue Rd.
1	惠里	Bohui Vil.
1	愛1街	Bo'ai 1st St.
3	路	Bo'ai 1st Rd.
2	2街	Bo'ai 2nd St.
3	路	Bo'ai 2nd Rd.
2	3路	Bo'ai 3rd Rd.
2	4路	Bo'ai 4th Rd.
2	一橫巷	Bo'ai 1st Side Ln.
2	北2街	Bo'ai N. 2nd St.
3	路	Bo'ai N. Rd.
2	南路	Bo'ai S. Rd.
2	巷	Bo'ai Ln.
2	市場	Bo'ai Market
2	新村	Bo'ai New Vil.
2	村	Bo'ai Vil.
3	仁愛巷	Ren'ai Ln., Bo'ai Vil.
3	新興巷	Xinxing Ln., Bo'ai Vil.
3	海埔	Haipu, Bo'ai Vil.
3	西北巷	Xibei Ln., Bo'ai Vil.
2	東街	Bo'ai E. St.
2	街	Bo'ai St.
2	西路	Bo'ai W. Rd.
2	路	Bo'ai Rd.
3	1段	Sec. 1, Bo'ai Rd.
3	2段	Sec. 2, Bo'ai Rd.
3	南勢巷	Nanshi Ln., Bo'ai Rd.
2	里	Bo'ai Vil.
1	文街	Bowen St.
1	望巷	Bowang Ln.
1	東路	Bodong Rd.
1	松里	Bosong Vil.
1	物館路	Museum Rd.
1	館1街	Boguan 1st St.
2	2街	Boguan 2nd St.
2	3街	Boguan 3rd St.
2	東街	Boguan E. St.
2	路	Boguan Rd.
0	卜溪部落	Busi Tribe
0	占富厝	Zhanfucuo
1	岸路	Zhan'an Rd.
1	梅路	Zhanmei Rd.
0	卡啦	Kala
1	外	Kawai
1	拉模基	Kalamoji
1	普	Kapu
1	義蘭	Kayilan
0	卦山路	Guashan Rd.
2	里	Guashan Vil.
0	卯舍	Maoshe
0	厚北路	Houbei Rd.
1	安街	Hou'an St.
1	德岡坑	Houdegangkeng
2	街	Houde St.
2	路	Houde Rd.
2	里	Houde Vil.
1	殼仔	Houkezai
1	生巷	Housheng Ln.
2	路	Housheng Rd.
2	里	Housheng Vil.
1	義巷	Houyi Ln.
1	裕里	Houyu Vil.
1	里村	Houli Vil.
0	厝仔巷	Cuozai Ln.
1	勝路	Cuosheng Rd.
1	子	Cuozi
1	後巷	Cuohou Ln.
2	路	Cuohou Rd.
1	興路	Cuoxing Rd.
0	原佃5街	Yuandian 5th St.
2	里	Yuandian Vil.
1	勝路	Yuansheng Rd.
1	厝路	Yuancuo Rd.
1	吉仔	Yuanjizai
1	名路	Yuanming Rd.
1	子巷	Yuanzi Ln.
2	街	Yuanzi St.
1	德路	Yuande Rd.
1	斗里	Yuandou Vil.
3	中正巷	Zhongzheng Ln., Yuandou Vil.
3	斗苑路	Douyuan Rd., Yuandou Vil.
3	竹圍巷	Zhuwei Ln., Yuandou Vil.
1	料巷	Yuanliau Ln.
1	新街	Yuanxin St.
1	林里	Yuanlin Vil.
1	竹路	Yuanzhu Rd.
1	興路	Yuanxing Rd.
1	豐村	Yuanfeng Vil.
0	去露村	Qulou Vil.
0	友一里	You 1st Vil.
1	三里	You 3rd Vil.
1	二里	You 2nd Vil.
1	信街	Youxin St.
1	和路	Youhe Rd.
1	孝路	Youxiao Rd.
1	平街	Youping St.
1	忠路	Youzhong Rd.
1	情路	Youqing Rd.
1	愛1街	You'ai 1st St.
2	巷	You'ai Ln.
2	東街	You'ai E. St.
2	街	You'ai St.
2	路	You'ai Rd.
1	成巷	Youcheng Ln.
1	東路	Youdong Rd.
1	直街	Youzhi St.
1	祥街	Youxiang St.
1	竹街	Youzhu St.
1	義街	Youyi St.
2	路	Youyi Rd.
1	聯街	Youlian St.
1	諒街	Youliang St.
1	隆	Youlong
1	順街	Youshun St.
0	反水	Fanshui
0	口公館	Kougongguan
1	厝路	Koucuo Rd.
1	埤	Koupi
1	墻圍	Kouqiangwei
1	寮巷	Kouliao Ln.
1	庄	Kouzhuang
2	街	Kouzhuang St.
2	路	Kouzhuang Rd.
1	湖子	Kouhuzi
2	村	Kouhu Vil.
2	路	Kouhu Rd.
1	社村	Koushe Vil.
0	古中街	Guzhong St.
1	井街	Gujing St.
1	亭	Guting
2	村	Guting Vil.
2	路	Guting Rd.
3	廟後巷	Miaohou Ln., Guting Rd.
3	水庫巷	Shuiku Ln., Guting Rd.
2	里	Guting Vil.
1	區	Guqu
1	合	Guhe
1	坑巷	Gukeng Ln.
2	村	Gukeng Vil.
1	城里	Gucheng Vil.
1	堡街	Gubao St.
1	夷里	Guyi Vil.
1	寧新莊	Guning New Vil.
2	村	Guning Vil.
1	山路	Gushan Rd.
1	崗村	Gugang Vil.
1	嶺路	Guling Rd.
1	庄	Guzhuang
2	村	Guzhuang Vil.
2	路	Guzhuang Rd.
1	月巷	Guyue Ln.
1	松	Gusong
2	巷	Gusong Ln.
2	西巷	Gusong W. Ln.
1	林村	Gulin Vil.
1	楓	Gufeng
1	榕路	Gurong Rd.
2	里	Gurong Vil.
1	樓村	Gulou Vil.
1	民	Gumin
2	村	Gumin Vil.
2	街	Gumin St.
1	笨巷	Guben Ln.
1	結村	Gujie Vil.
2	路	Gujie Rd.
1	義路	Guyi Rd.
1	興路	Guxing Rd.
1	苓巷	Guling Ln.
1	茶柏安街	Guchabo'an St.
1	莊里	Guzhuang Vil.
1	華村	Guhua Vil.
2	路	Guhua Rd.
1	蒼巷	Gucang Ln.
1	賀街	Guhe St.
1	賢	Guxian
2	里	Guxian Vil.
1	車路	Guche Rd.
1	風村	Gufeng Vil.
2	里	Gufeng Vil.
1	魯巷	Gulu Ln.
0	可口街	Kekou St.
1	樂	Kele
1	法街	Kefa St.
0	史港里	Shigang Vil.
1	館路	Shiguan Rd.
3	北勢巷	Beishi Ln., Shiguan Rd.
3	文昌巷	Wenchang Ln., Shiguan Rd.
3	致興巷	Zhixing Ln., Shiguan Rd.
3	集仙巷	Jixian Ln., Shiguan Rd.
0	右昌1巷	Youchang 1st Ln.
2	忠義1巷	Youchangzhongyi 1st Ln.
4	2巷	Youchangzhongyi 2nd Ln.
4	3巷	Youchangzhongyi 3rd Ln.
4	4巷	Youchangzhongyi 4th Ln.
4	5巷	Youchangzhongyi 5th Ln.
4	6巷	Youchangzhongyi 6th Ln.
4	7巷	Youchangzhongyi 7th Ln.
4	8巷	Youchangzhongyi 8th Ln.
4	9巷	Youchangzhongyi 9th Ln.
2	街	Youchang St.
1	邊巷	Youbian Ln.
0	司法新村	Sifa New Vil.
1	馬村	Sima Vil.
3	同安路	Tong'an Rd., Sima Vil.
3	永安路	Yong'an Rd., Sima Vil.
2	路	Sima Rd.
2	限	Simaxian
0	合作1街	Hezuo 1st St.
2	一村	Hezuo 1st Vil.
2	巷	Hezuo Ln.
2	村	Hezuo Vil.
2	街	Hezuo St.
2	路	Hezuo Rd.
2	里	Hezuo Vil.
1	信街	Hexin St.
1	利街	Heli St.
3	1段	Sec. 1, Heli St.
1	和	Hehe
2	1巷	Hehe 1st Ln.
2	2巷	Hehe 2nd Ln.
2	3巷	Hehe 3rd Ln.
2	巷	Hehe Ln.
2	村	Hehe Vil.
2	街	Hehe St.
2	路	Hehe Rd.
2	里	Hehe Vil.
1	圳北路	Hezun N. Rd.
4	2段	Sec. 2, Hezun N. Rd.
4	3段	Sec. 3, Hezun N. Rd.
2	南路	Hezun S. Rd.
1	安1路	He'an 1st Rd.
1	定路	Heding Rd.
1	宜1路	Heyi 1st Rd.
2	路	Heyi Rd.
1	家城	Hejiacheng
1	德新村	Hede New Vil.
1	心路	Hexin Rd.
1	意新村	Heyi New Vil.
1	成巷	Hecheng Ln.
2	里	Hecheng Vil.
1	森巷	Hesen Ln.
1	橫村	Heheng Vil.
1	歡巷	Hehuan Ln.
1	江2路	Hejiang 2nd Rd.
2	街	Hejiang St.
2	路	Hejiang Rd.
1	泰巷	Hetai Ln.
1	流	Heliu
2	坪	Heliuping
1	浦街	Hepu St.
1	溪巷	Hexi Ln.
1	界村	Hejie Vil.
2	頭	Hejietou
1	群新村	Hequn New Vil.
2	里	Hequn Vil.
1	興	Hexing
2	1街	Hexing 1st St.
2	2街	Hexing 2nd St.
2	巷	Hexing Ln.
2	村	Hexing Vil.
2	街	Hexing St.
2	路	Hexing Rd.
2	里	Hexing Vil.
1	記街	Heji St.
1	順街	Heshun St.
1	鳳里	Hefeng Vil.
0	吉井巷	Jijing Ln.
1	仁里	Jiren Vil.
1	利11街	Jili 11th St.
3	2街	Jili 12th St.
3	街	Jili 1st St.
2	2街	Jili 2nd St.
2	3街	Jili 3rd St.
2	4街	Jili 4th St.
2	5街	Jili 5th St.
2	6街	Jili 6th St.
2	7街	Jili 7th St.
2	9街	Jili 9th St.
2	十街	Jili 10th St.
2	街	Jili St.
2	路	Jili Rd.
2	里	Jili Vil.
1	和里	Jihe Vil.
1	善1街	Jishan 1st St.
2	2街	Jishan 2nd St.
2	路	Jishan Rd.
1	城1街	Jicheng 1st St.
2	2街	Jicheng 2nd St.
1	多街	Jiduo St.
1	太街	Jitai St.
1	安	Ji'an
2	1巷	Ji'an 1st Ln.
3	街	Ji'an 1st St.
2	2巷	Ji'an 2nd Ln.
3	街	Ji'an 2nd St.
2	3街	Ji'an 3rd St.
2	村	Ji'an Vil.
2	街	Ji'an St.
2	路	Ji'an Rd.
3	1段	Sec. 1, Ji'an Rd.
3	2段	Sec. 2, Ji'an Rd.
3	3段	Sec. 3, Ji'an Rd.
3	5段	Sec. 5, Ji'an Rd.
3	6段	Sec. 6, Ji'an Rd.
2	里	Ji'an Vil.
1	定村	Jiding Vil.
1	富巷	Jifu Ln.
1	尾巷	Jiwei Ln.
1	山	Jishan
1	峰村	Jifeng Vil.
2	東路	Jifeng E. Rd.
2	西路	Jifeng W. Rd.
2	路	Jifeng Rd.
1	慶街	Jiqing St.
2	路	Jiqing Rd.
2	里	Jiqing Vil.
1	昌1街	Jichang 1st St.
2	2街	Jichang 2nd St.
3	路	Jichang 2nd Rd.
2	3街	Jichang 3rd St.
2	巷	Jichang Ln.
2	街	Jichang St.
1	星新村	Jixing New Vil.
2	路	Jixing Rd.
1	本巷	Jiben Ln.
1	東里	Jidong Vil.
1	林1街	Jilin 1st St.
2	2街	Jilin 2nd St.
3	路	Jilin 2nd Rd.
2	3街	Jilin 3rd St.
3	路	Jilin 3rd Rd.
2	5街	Jilin 5th St.
2	北路	Jilin N. Rd.
2	村	Jilin Vil.
2	街	Jilin St.
2	路	Jilin Rd.
3	1段	Sec. 1, Jilin Rd.
3	2段	Sec. 2, Jilin Rd.
2	里	Jilin Vil.
1	民	Jimin
1	泰路	Jitai Rd.
1	洋街	Jiyang St.
2	里	Jiyang Vil.
1	海路	Jihai Rd.
1	港路	Jigang Rd.
1	潭	Jitan
1	田	Jitian
2	村	Jitian Vil.
2	路	Jitian Rd.
1	祥	Jixiang
2	12街	Jixiang 12th St.
3	巷	Jixiang 1st Ln.
3	街	Jixiang 1st St.
2	2巷	Jixiang 2nd Ln.
3	街	Jixiang 2nd St.
2	3街	Jixiang 3rd St.
2	4街	Jixiang 4th St.
2	5街	Jixiang 5th St.
4	東段	Sec. E., Jixiang 5th St.
4	西段	Sec. W., Jixiang 5th St.
2	6街	Jixiang 6th St.
2	7街	Jixiang 7th St.
2	8街	Jixiang 8th St.
2	9街	Jixiang 9th St.
2	巷	Jixiang Ln.
2	新村	Jixiang New Vil.
2	村	Jixiang Vil.
2	街	Jixiang St.
2	路	Jixiang Rd.
2	里	Jixiang Vil.
1	福路	Jifu Rd.
1	羊路	Jiyang Rd.
1	翠里	Jicui Vil.
1	興1街	Jixing 1st St.
2	2街	Jixing 2nd St.
2	3街	Jixing 3rd St.
2	4街	Jixing 4th St.
2	5街	Jixing 5th St.
2	6街	Jixing 6th St.
2	巷	Jixing Ln.
2	街	Jixing St.
2	路1段	Sec. 1, Jixing Rd.
3	2段	Sec. 2, Jixing Rd.
3	3段	Sec. 3, Jixing Rd.
2	里	Jixing Vil.
1	豐	Jifeng
2	路	Jifeng Rd.
3	1段	Sec. 1, Jifeng Rd.
3	2段	Sec. 2, Jifeng Rd.
3	3段	Sec. 3, Jifeng Rd.
3	5段	Sec. 5, Jifeng Rd.
1	貝	Jibei
2	村	Jibei Vil.
2	耍	Jibeishua
1	長2街	Jichang 2nd St.
2	街	Jichang St.
1	隆街	Jilong St.
2	路	Jilong Rd.
1	露村	Jilou Vil.
1	頂	Jiding
1	龍	Jilong
2	里	Jilong Vil.
0	吊橋	Diaoqiao
1	神牌	Diaoshenpai
0	同仁	Tongren
2	巷	Tongren Ln.
2	村	Tongren Vil.
2	街	Tongren St.
1	利路	Tongli Rd.
1	力街	Tongli St.
1	北路	Tongbei Rd.
1	協路	Tongxie Rd.
1	和巷	Tonghe Ln.
2	路	Tonghe Rd.
1	安	Tong'an
2	北巷	Tong'an N. Ln.
2	南巷	Tong'an S. Ln.
2	寮	Tong'anliao
2	巷	Tong'an Ln.
2	村	Tong'an Vil.
2	東街	Tong'an E. St.
2	街	Tong'an St.
2	西巷	Tong'an W. Ln.
2	路	Tong'an Rd.
3	民生巷	Minsheng Ln., Tong'an Rd.
2	里	Tong'an Vil.
1	富村	Tongfu Vil.
2	街	Tongfu St.
1	平巷	Tongping Ln.
2	東2巷	Tongping E. 2nd Ln.
2	路	Tongping Rd.
1	德11街	Tongde 11th St.
3	2街	Tongde 12th St.
3	街	Tongde 1st St.
2	2街	Tongde 2nd St.
2	3街	Tongde 3rd St.
2	5街	Tongde 5th St.
2	6街	Tongde 6th St.
2	7街	Tongde 7th St.
2	十街	Tongde 10th St.
2	巷	Tongde Ln.
2	街	Tongde St.
2	路	Tongde Rd.
2	里	Tongde Vil.
1	心1路	Tongxin 1st Rd.
2	2路	Tongxin 2nd Rd.
2	街	Tongxin St.
3	協力巷	Xieli Ln., Tongxin St.
2	路	Tongxin Rd.
1	志巷	Tongzhi Ln.
1	愛街	Tong'ai St.
1	慶街	Tongqing St.
2	路	Tongqing Rd.
2	里	Tongqing Vil.
1	新路	Tongxin Rd.
1	昌巷	Tongchang Ln.
1	明街	Tongming St.
1	春1街	Tongchun 1st St.
2	2街	Tongchun 2nd St.
2	3街	Tongchun 3rd St.
1	榮1街	Tongrong 1st St.
2	北街	Tongrong N. St.
2	村	Tongrong Vil.
2	路	Tongrong Rd.
2	里	Tongrong Vil.
1	樂巷	Tongle Ln.
2	村	Tongle Vil.
2	街	Tongle St.
1	正街	Tongzheng St.
1	源路	Tongyuan Rd.
3	1街	1st St., Tongyuan Rd.
3	2街	2nd St., Tongyuan Rd.
3	3街	3rd St., Tongyuan Rd.
3	4街	4th St., Tongyuan Rd.
3	5街	5th St., Tongyuan Rd.
3	6街	6th St., Tongyuan Rd.
3	7街	7th St., Tongyuan Rd.
3	8街	8th St., Tongyuan Rd.
3	9街	9th St., Tongyuan Rd.
3	十街	10th St., Tongyuan Rd.
1	濟街	Tongji St.
1	盟1路	Tongmeng 1st Rd.
2	2路	Tongmeng 2nd Rd.
2	3路	Tongmeng 3rd Rd.
1	福巷	Tongfu Ln.
1	義街	Tongyi St.
1	聲巷	Tongsheng Ln.
2	路	Tongsheng Rd.
2	里	Tongsheng Vil.
1	興	Tongxing
2	村	Tongxing Vil.
2	街	Tongxing St.
2	路	Tongxing Rd.
1	風里	Tongfeng Vil.
0	名人	Mingren
2	街	Mingren St.
1	光街	Mingguang St.
1	勝街	Mingsheng St.
1	園街	Mingyuan St.
1	山1街	Mingshan 1st St.
2	2街	Mingshan 2nd St.
2	3街	Mingshan 3rd St.
2	5街	Mingshan 5th St.
2	6街	Mingshan 6th St.
2	7街	Mingshan 7th St.
2	8街	Mingshan 8th St.
2	9街	Mingshan 9th St.
2	十街	Mingshan 10th St.
2	路	Mingshan Rd.
3	1段	Sec. 1, Mingshan Rd.
3	2段	Sec. 2, Mingshan Rd.
2	里	Mingshan Vil.
1	村巷	Mingcun Ln.
1	松路1段	Sec. 1, Mingsong Rd.
3	2段	Sec. 2, Mingsong Rd.
1	水路1段	Sec. 1, Mingshui Rd.
3	2段	Sec. 2, Mingshui Rd.
3	3段	Sec. 3, Mingshui Rd.
1	流街	Mingliu St.
2	路	Mingliu Rd.
1	湖街	Minghu St.
1	源街	Mingyuan St.
1	福街	Mingfu St.
1	竹路	Mingzhu Rd.
1	進巷	Mingjin Ln.
1	門	Mingmen
2	街	Mingmen St.
0	后井	Houjing
1	南街	Hounan St.
1	園	Houyuan
1	垵村	Hou'an Vil.
1	埒巷	Houle Ln.
1	埔	Houpu
1	壟	Houlong
2	農場	Houlong Farm
1	宅	Houzhai
1	安路	Hou'an Rd.
1	寮路	Houliao Rd.
1	尾一橫巷	Houwei 1st Side Ln.
2	三橫巷	Houwei 3rd Side Ln.
2	二橫巷	Houwei 2nd Side Ln.
2	巷	Houwei Ln.
1	平路	Houping Rd.
1	庄1街	Houzhuang 1st St.
2	2街	Houzhuang 2nd St.
2	3街	Houzhuang 3rd St.
2	5街	Houzhuang 5th St.
2	6街	Houzhuang 6th St.
2	7街	Houzhuang 7th St.
2	北路	Houzhuang N. Rd.
2	路	Houzhuang Rd.
2	里	Houzhuang Vil.
1	水頭	Houshuitou
1	沃村	Houwo Vil.
1	沙	Housha
2	村	Housha Vil.
1	浦頭	Houputou
1	湖	Houhu
2	村	Houhu Vil.
2	路	Houhu Rd.
1	珩	Houheng
1	番子坑	Houfanzikeng
1	盤山	Houpanshan
2	村	Houpan Vil.
1	神路	Houshen Rd.
1	科南路	Houke S. Rd.
2	路1段	Sec. 1, Houke Rd.
3	2段	Sec. 2, Houke Rd.
3	3段	Sec. 3, Houke Rd.
1	螺	Houluo
1	街	Hou St.
1	角巷	Houjiau Ln.
1	里村	Houli Vil.
2	路	Houli Rd.
1	頭	Houtou
2	村	Houtou Vil.
0	向上1街	Xiangshang 1st St.
3	路	Xiangshang 1st Rd.
2	2街	Xiangshang 2nd St.
3	路	Xiangshang 2nd Rd.
2	3路	Xiangshang 3rd Rd.
2	5路	Xiangshang 5th Rd.
2	6路	Xiangshang 6th Rd.
2	北路	Xiangshang N. Rd.
2	南路1段	Sec. 1, Xiangshang S. Rd.
2	市場	Xiangshang Market
2	街	Xiangshang St.
2	路	Xiangshang Rd.
3	1段	Sec. 1, Xiangshang Rd.
3	2段	Sec. 2, Xiangshang Rd.
3	3段	Sec. 3, Xiangshang Rd.
3	4段	Sec. 4, Xiangshang Rd.
3	5段	Sec. 5, Xiangshang Rd.
3	6段	Sec. 6, Xiangshang Rd.
3	7段	Sec. 7, Xiangshang Rd.
3	8段	Sec. 8, Xiangshang Rd.
3	9段	Sec. 9, Xiangshang Rd.
1	北巷	Xiangbei Ln.
1	善1巷	Xiangshan 1st Ln.
2	街	Xiangshan St.
2	路	Xiangshan Rd.
2	里	Xiangshan Vil.
1	天湖	Xiangtianhu
1	學1路	Xiangxue 1st Rd.
2	街	Xiangxue St.
2	路	Xiangxue Rd.
1	川路	Xiangchuan Rd.
1	心南3街	Xiangxin S. 3rd St.
3	路	Xiangxin S. Rd.
2	路	Xiangxin Rd.
1	東牌	Xiangdongpai
1	榮街	Xiangrong St.
2	路	Xiangrong Rd.
1	營里	Xiangying Vil.
1	陽	Xiangyang
2	1街	Xiangyang 1st St.
2	2街	Xiangyang 2nd St.
2	3街	Xiangyang 3rd St.
2	街	Xiangyang St.
2	路	Xiangyang Rd.
2	里	Xiangyang Vil.
0	君毅里	Junyi Vil.
0	吳仔厝	Wuzaicuo
1	全	Wuquan
2	村	Wuquan Vil.
1	厝	Wucuo
2	1街	Wucuo 1st St.
2	2街	Wucuo 2nd St.
2	3街	Wucuo 3rd St.
2	5街	Wucuo 5th St.
2	6街	Wucuo 6th St.
2	巷	Wucuo Ln.
2	窠	Wucuoke
2	街	Wucuo St.
2	路	Wucuo Rd.
2	里	Wucuo Vil.
1	江	Wujiang
2	村	Wujiang Vil.
1	沙村	Wusha Vil.
1	濁流路	Wuzhuoliu Rd.
1	竹子腳	Wuzhuzijiao
2	村	Wuzhu Vil.
2	街	Wuzhu St.
1	興街	Wuxing St.
1	鳳1街	Wufeng 1st St.
2	2街	Wufeng 2nd St.
2	3街	Wufeng 3rd St.
2	北路	Wufeng N. Rd.
2	南路	Wufeng S. Rd.
2	路	Wufeng Rd.
0	吹上	Chuishang
0	呂厝	Lucuo
2	巷	Lucuo Ln.
2	路	Lucuo Rd.
0	呈祥路	Chengxiang Rd.
0	周厝巷	Zhoucuo Ln.
1	廣街	Zhouguang St.
1	武街	Zhouwu St.
0	味王街	Weiwang St.
0	和1路	He 1st Rd.
1	2街	He 2nd St.
2	路	He 2nd Rd.
1	4街	He 4th St.
1	5街	He 5th St.
1	6街	He 6th St.
1	中	Hezhong
1	仁	Heren
2	巷	Heren Ln.
2	街	Heren St.
2	路	Heren Rd.
1	健1街	Hejian 1st St.
2	2街	Hejian 2nd St.
2	路	Hejian Rd.
1	傑巷	Hejie Ln.
1	光街	Heguang St.
2	路	Heguang Rd.
1	利路	Heli Rd.
1	勇街	Heyong St.
1	勳巷	Hexun Ln.
1	北里	Hebei Vil.
1	協村	Hexie Vil.
1	南巷	Henan Ln.
2	里	Henan Vil.
1	卿路	Heqing Rd.
1	厝路1段	Sec. 1, Hecuo Rd.
3	2段	Sec. 2, Hecuo Rd.
1	善東路	Heshan E. Rd.
2	街	Heshan St.
2	路	Heshan Rd.
1	城路1段	Sec. 1, Hecheng Rd.
3	2段	Sec. 2, Hecheng Rd.
1	安巷	He'an Ln.
2	村	He'an Vil.
2	街	He'an St.
2	里	He'an Vil.
1	富巷	Hefu Ln.
1	寧路	Hening Rd.
1	寮里	Heliau Vil.
1	尚巷	Heshang Ln.
1	山村	Heshan Vil.
2	路	Heshan Rd.
1	工2路	Hegong 2nd Rd.
2	3路	Hegong 3rd Rd.
2	4路	Hegong 4th Rd.
2	5路	Hegong 5th Rd.
1	巷	He Ln.
2	村	Hexiang Vil.
1	平	Heping
2	1巷	Heping 1st Ln.
3	街	Heping 1st St.
3	路	Heping 1st Rd.
2	2巷	Heping 2nd Ln.
3	街	Heping 2nd St.
3	路	Heping 2nd Rd.
2	3巷	Heping 3rd Ln.
3	街	Heping 3rd St.
3	路	Heping 3rd Rd.
2	4巷	Heping 4th Ln.
2	5巷	Heping 5th Ln.
3	街	Heping 5th St.
2	中街	Heping Central St.
2	北街	Heping N. St.
2	南街	Heping S. St.
2	巷	Heping Ln.
2	新村	Heping New Vil.
3	路	Hepingxin Rd.
2	村	Heping Vil.
3	新興巷	Xinxing Ln., Heping Vil.
3	海埔	Haipu, Heping Vil.
3	西北巷	Xibei Ln., Heping Vil.
2	東街	Heping E. St.
4	1段	Sec. 1, Heping E. St.
3	路	Heping E. Rd.
4	1段	Sec. 1, Heping E. Rd.
4	2段	Sec. 2, Heping E. Rd.
4	3段	Sec. 3, Heping E. Rd.
4	4段	Sec. 4, Heping E. Rd.
2	橋	Heping Bridge
2	街	Heping St.
3	2段	Sec. 2, Heping St.
3	仁和巷	Renhe Ln., Heping St.
2	西路	Heping W. Rd.
4	1段	Sec. 1, Heping W. Rd.
4	2段	Sec. 2, Heping W. Rd.
4	3段	Sec. 3, Heping W. Rd.
2	路	Heping Rd.
3	1段	Sec. 1, Heping Rd.
3	2段	Sec. 2, Heping Rd.
5	佳陽巷	Jiayang Ln., Sec. 2, Heping Rd.
7	新巷	Jiayangxin Ln., Sec. 2, Heping Rd.
3	3段	Sec. 3, Heping Rd.
3	5段	Sec. 5, Heping Rd.
3	仁德巷	Rende Ln., Heping Rd.
3	和平巷	Heping Ln., Heping Rd.
3	安樂巷	Anle Ln., Heping Rd.
3	建農巷	Jiannong Ln., Heping Rd.
3	明修巷	Mingxiu Ln., Heping Rd.
3	頂僑巷	Dingqiao Ln., Heping Rd.
2	里	Heping Vil.
3	劉厝	Liucuo, Heping Vil.
1	廣1路	Heguang 1st Rd.
2	路	Heguang Rd.
1	強路	Heqiang Rd.
1	德街	Hede St.
2	里	Hede Vil.
1	意路	Heyi Rd.
1	愛街	He'ai St.
2	路	He'ai Rd.
1	憲里	Hexian Vil.
1	成巷	Hecheng Ln.
2	街	Hecheng St.
2	路	Hecheng Rd.
1	新街	Hexin St.
1	旺街	Hewang St.
1	昌巷	Hechang Ln.
2	街	Hechang St.
2	里	Hechang Vil.
1	明里	Heming Vil.
1	智街	Hezhi St.
1	東街	Hedong St.
2	路	Hedong Rd.
2	里	Hedong Vil.
1	林路	Helin Rd.
1	森巷	Hesen Ln.
1	業1路	Heye 1st Rd.
2	2路	Heye 2nd Rd.
2	3路	Heye 3rd Rd.
2	5路	Heye 5th Rd.
2	6路	Heye 6th Rd.
2	8路	Heye 8th Rd.
1	樂路	Hele Rd.
2	里	Hele Vil.
1	正街	Hezheng St.
1	氣巷	Heqi Ln.
2	街	Heqi St.
1	江街	Hejiang St.
1	泰路	Hetai Rd.
1	洋巷	Heyang Ln.
1	清街	Heqing St.
1	港路	Hegang Rd.
1	潭路	Hetan Rd.
1	煦里	Hexu Vil.
1	生路1段	Sec. 1, Hesheng Rd.
3	2段	Sec. 2, Hesheng Rd.
3	3段	Sec. 3, Hesheng Rd.
1	發路	Hefa Rd.
1	盛巷	Hesheng Ln.
2	村	Hesheng Vil.
2	東街	Hesheng E. St.
2	街	Hesheng St.
3	南眉巷	Nanmei Ln., Hesheng St.
3	和盛巷	Hesheng Ln., Hesheng St.
3	營林巷	Yinglin Ln., Hesheng St.
2	西街	Hesheng W. St.
1	真街	Hezhen St.
1	睦村	Hemu Vil.
3	司公部	Sigongbu, Hemu Vil.
2	街	Hemu St.
2	路	Hemu Rd.
3	1段	Sec. 1, Hemu Rd.
3	2段	Sec. 2, Hemu Rd.
3	3段	Sec. 3, Hemu Rd.
3	和睦1巷	Hemu 1st Ln., Hemu Rd.
3	團管區巷	Tuanguanqu Ln., Hemu Rd.
2	里	Hemu Vil.
1	祥1街	Hexiang 1st St.
2	2街	Hexiang 2nd St.
2	3街	Hexiang 3rd St.
2	5街	Hexiang 5th St.
2	6街	Hexiang 6th St.
2	7街	Hexiang 7th St.
2	街	Hexiang St.
2	路1段	Sec. 1, Hexiang Rd.
1	福街	Hefu St.
2	路	Hefu Rd.
1	線路	Hexian Rd.
1	緯路1段	Sec. 1, Hewei Rd.
3	2段	Sec. 2, Hewei Rd.
3	3段	Sec. 3, Hewei Rd.
3	4段	Sec. 4, Hewei Rd.
3	5段	Sec. 5, Hewei Rd.
1	美巷	Hemei Ln.
2	村	Hemei Vil.
3	司公部	Sigongbu, Hemei Vil.
2	街	Hemei St.
2	路	Hemei Rd.
1	義1街	Heyi 1st St.
2	2街	Heyi 2nd St.
2	街	Heyi St.
1	育1巷	Heyu 1st Ln.
2	巷	Heyu Ln.
1	興	Hexing
2	1街	Hexing 1st St.
2	2街	Hexing 2nd St.
2	3街	Hexing 3rd St.
2	巷	Hexing Ln.
2	村	Hexing Vil.
2	街	Hexing St.
2	路	Hexing Rd.
2	里	Hexing Vil.
1	蓮村	Helian Vil.
1	西里	Hexi Vil.
1	誠街	Hecheng St.
1	調里	Hediau Vil.
1	豊村	Heli Vil.
1	豐	Hefeng
2	巷	Hefeng Ln.
2	村	Hefeng Vil.
2	街	Hefeng St.
2	路	Hefeng Rd.
1	運街	Heyun St.
1	隆街	Helong St.
1	雅村	Heya Vil.
1	靖路	Hejing Rd.
1	順1街	Heshun 1st St.
2	2路	Heshun 2nd Rd.
2	3街	Heshun 3rd St.
2	巷	Heshun Ln.
2	街	Heshun St.
2	路	Heshun Rd.
3	1段	Sec. 1, Heshun Rd.
3	2段	Sec. 2, Heshun Rd.
2	里	Heshun Vil.
1	頭路	Hetou Rd.
1	風巷	Hefeng Ln.
1	龍里	Helong Vil.
0	咖啡巷	Kafei Ln.
0	咬仔竹	Yaozaizhu
0	咯內路	Genei Rd.
0	咸陽街	Xianyang St.
0	品牌路	Pinpai Rd.
0	哆囉嘕	Duoluoxian
0	哈嘎灣	Hagawan
1	密街	Hami St.
1	爾濱街	Ha'erbin St.
0	員仁村	Yuanren Vil.
2	里	Yuanren Vil.
1	信村	Yuanxin Vil.
2	里	Yuanxin Vil.
1	南路	Yuannan Rd.
1	埔路	Yuanpu Rd.
1	大路	Yuanda Rd.
3	1段	Sec. 1, Yuanda Rd.
3	2段	Sec. 2, Yuanda Rd.
1	安路	Yuan'an Rd.
1	富里	Yuanfu Vil.
1	山	Yuanshan
2	子	Yuanshanzi
3	路	Yuanshanzi Rd.
4	員山巷	Yuanshan Ln., Yuanshanzi Rd.
2	村	Yuanshan Vil.
2	路	Yuanshan Rd.
3	1段	Sec. 1, Yuanshan Rd.
3	2段	Sec. 2, Yuanshan Rd.
3	3段	Sec. 3, Yuanshan Rd.
2	里	Yuanshan Vil.
1	崠子	Yuandongzi
2	里	Yuandong Vil.
1	德路	Yuande Rd.
1	本路	Yuanben Rd.
2	里	Yuanben Vil.
1	東路	Yuandong Rd.
3	1段	Sec. 1, Yuandong Rd.
5	浮圳南巷	Fuzun S. Ln., Sec. 1, Yuandong Rd.
3	2段	Sec. 2, Yuandong Rd.
5	仁愛巷	Ren'ai Ln., Sec. 2, Yuandong Rd.
1	林坑	Yuanlinkeng
3	路	Yuanlinkeng Rd.
2	大道1段	Sec. 1, Yuanlin Blvd.
4	2段	Sec. 2, Yuanlin Blvd.
4	3段	Sec. 3, Yuanlin Blvd.
4	4段	Sec. 4, Yuanlin Blvd.
4	5段	Sec. 5, Yuanlin Blvd.
4	6段	Sec. 6, Yuanlin Blvd.
4	7段	Sec. 7, Yuanlin Blvd.
2	村	Yuanlin Vil.
2	街	Yuanlin St.
2	路1段	Sec. 1, Yuanlin Rd.
3	2段	Sec. 2, Yuanlin Rd.
3	3段	Sec. 3, Yuanlin Rd.
2	里	Yuanlin Vil.
1	樹林	Yuanshulin
1	水路1段	Sec. 1, Yuanshui Rd.
3	2段	Sec. 2, Yuanshui Rd.
1	潭	Yuantan
2	子坑	Yuantanzikeng
2	里	Yuantan Vil.
1	福村	Yuanfu Vil.
2	街	Yuanfu St.
2	里	Yuanfu Vil.
1	笨	Yuanben
1	草路	Yuancao Rd.
3	1段	Sec. 1, Yuancao Rd.
3	2段	Sec. 2, Yuancao Rd.
1	貝	Yuanbei
2	村	Yuanbei Vil.
1	農街	Yuannong St.
1	集路	Yuanji Rd.
3	1段	Sec. 1, Yuanji Rd.
3	2段	Sec. 2, Yuanji Rd.
3	3段	Sec. 3, Yuanji Rd.
3	4段	Sec. 4, Yuanji Rd.
3	5段	Sec. 5, Yuanji Rd.
1	鹿路	Yuanlu Rd.
3	1段	Sec. 1, Yuanlu Rd.
3	2段	Sec. 2, Yuanlu Rd.
3	3段	Sec. 3, Yuanlu Rd.
3	4段	Sec. 4, Yuanlu Rd.
5	角樹巷	Jiaoshu Ln., Sec. 4, Yuanlu Rd.
5	鳳厝巷	Fengcuo Ln., Sec. 4, Yuanlu Rd.
3	5段	Sec. 5, Yuanlu Rd.
3	後溪巷	Houxi Ln., Yuanlu Rd.
3	湖東巷	Hudong Ln., Yuanlu Rd.
3	西寮巷	Xiliao Ln., Yuanlu Rd.
0	哨船街	Shaochuan St.
2	頭里	Shauchuantou Vil.
0	哩咾路	Lilao Rd.
0	唐山街	Tangshan St.
1	華路	Tanghua Rd.
0	唪口	Fengkou
2	里	Fengkou Vil.
0	商協村	Shangxie Vil.
2	福利路	Shangxiefuli Rd.
2	路	Shangxie Rd.
1	工路	Shanggong Rd.
1	校街	Shangxiao St.
1	港1路	Shanggang 1st Rd.
2	2路	Shanggang 2nd Rd.
2	3路	Shanggang 3rd Rd.
2	5路	Shanggang 5th Rd.
2	6路	Shanggang 6th Rd.
2	7路	Shanggang 7th Rd.
2	8路	Shanggang 8th Rd.
2	9路	Shanggang 9th Rd.
2	街	Shanggang St.
2	路	Shanggang Rd.
1	華街	Shanghua St.
2	里	Shanghua Vil.
0	啞口	Yakou
0	啟南路	Qinan Rd.
1	文巷	Qiwen Ln.
2	路	Qiwen Rd.
3	1段	Sec. 1, Qiwen Rd.
3	2段	Sec. 2, Qiwen Rd.
3	3段	Sec. 3, Qiwen Rd.
1	新路	Qixin Rd.
1	昌街	Qichang St.
1	明街	Qiming St.
2	路	Qiming Rd.
2	里	Qiming Vil.
1	智街	Qizhi St.
2	里	Qizhi Vil.
1	東路	Qidong Rd.
1	業里	Qiye Vil.
1	模里	Qimo Vil.
1	聖街	Qisheng St.
1	航2路	Qihang 2nd Rd.
1	賢街	Qixian St.
0	啦卡路	Laka Rd.
1	里吧	Larepaq
0	善化路	Shanhua Rd.
1	和街	Shanhe St.
1	士街	Shanshi St.
1	德巷	Shande Ln.
2	街	Shande St.
1	志街	Shanzhi St.
1	政街	Shanzheng St.
1	新大道	Shanxin Blvd.
2	西路	Shanxin W. Rd.
1	福1街	Shanfu 1st St.
2	2路	Shanfu 2nd Rd.
2	大道	Shanfu Blvd.
1	美2街	Shanmei 2nd St.
2	3街	Shanmei 3rd St.
2	大道	Shanmei Blvd.
2	路	Shanmei Rd.
2	里	Shanmei Vil.
1	解路	Shanjie Rd.
1	餘村	Shanyu Vil.
0	喜元街	Xiyuan St.
1	北里	Xibei Vil.
1	南里	Xinan Vil.
1	峰街	Xifeng St.
1	明街	Ximing St.
1	東里	Xidong Vil.
1	樂路	Xile Rd.
1	樹路	Xishu Rd.
1	西里	Xixi Vil.
1	龍	Xilong
2	路	Xilong Rd.
0	喬城1街	Qiaocheng 1st St.
2	2街	Qiaocheng 2nd St.
2	3街	Qiaocheng 3rd St.
2	路	Qiaocheng Rd.
0	單座1巷	Danzuo 1st Ln.
2	2巷	Danzuo 2nd Ln.
0	嗊哩村	Hongli Vil.
0	嗚頭村	Wutou Vil.
0	嘉1路	Jia 1st Rd.
1	2路	Jia 2nd Rd.
1	3街	Jia 3rd St.
1	中新村	Jiazhong New Vil.
2	街	Jiazhong St.
1	人巷	Jiaren Ln.
1	仁村	Jiaren Vil.
2	街	Jiaren St.
2	里	Jiaren Vil.
1	佃路	Jiadian Rd.
1	保路	Jiabao Rd.
1	勝路	Jiasheng Rd.
1	勤北路	Jiaqin N. Rd.
2	南路	Jiaqin S. Rd.
1	北1街	Jiabei 1st St.
2	2街	Jiabei 2nd St.
2	街	Jiabei St.
2	路	Jiabei Rd.
2	里	Jiabei Vil.
1	南	Jianan
2	1街	Jianan 1st St.
2	村	Jianan Vil.
2	街	Jianan St.
2	路	Jianan Rd.
2	里	Jianan Vil.
1	卿路	Jiaqing Rd.
3	1段	Sec. 1, Jiaqing Rd.
3	2段	Sec. 2, Jiaqing Rd.
3	3段	Sec. 3, Jiaqing Rd.
1	和	Jiahe
2	1路	Jiahe 1st Rd.
2	2路	Jiahe 2nd Rd.
2	3巷	Jiahe 3rd Ln.
2	北路	Jiahe N. Rd.
2	街	Jiahe St.
2	路	Jiahe Rd.
2	里	Jiahe Vil.
1	善街	Jiashan St.
1	墘街	Jiaqian St.
1	太工業區中興路	Zhongxing Rd., Jiatai Industrial Park
5	光復路	Guangfu Rd., Jiatai Industrial Park
5	和順路	Heshun Rd., Jiatai Industrial Park
5	嘉太路	Jiatai Rd., Jiatai Industrial Park
5	建工路	Jiangong Rd., Jiatai Industrial Park
5	興業路	Xingye Rd., Jiatai Industrial Park
2	路	Jiatai Rd.
1	女新村	Jianu New Vil.
1	好路	Jiahao Rd.
3	惠民巷	Huimin Ln., Jiahao Rd.
1	安1街	Jia'an 1st St.
2	2街	Jia'an 2nd St.
2	3街	Jia'an 3rd St.
2	5街	Jia'an 5th St.
2	6街	Jia'an 6th St.
2	7街	Jia'an 7th St.
2	8街	Jia'an 8th St.
2	村	Jia'an Vil.
1	定村	Jiading Vil.
1	富路	Jiafu Rd.
1	寶村	Jiabau Vil.
2	里	Jiabau Vil.
1	展路	Jiazhan Rd.
3	文宏1巷	Wenhong 1st Ln., Jiazhan Rd.
5	2巷	Wenhong 2nd Ln., Jiazhan Rd.
1	峰路	Jiafeng Rd.
2	里	Jiafeng Vil.
1	工新村	Jiagong New Vil.
2	街	Jiagong St.
1	德街	Jiade St.
1	惠	Jiahui
2	二村	Jiahui 2nd Vil.
1	慶	Jiaqing
2	街	Jiaqing St.
2	里	Jiaqing Vil.
1	應路	Jiaying Rd.
3	北1巷	N. 1st Ln., Jiaying Rd.
4	2巷	N. 2nd Ln., Jiaying Rd.
4	3巷	N. 3rd Ln., Jiaying Rd.
3	南巷	S. Ln., Jiaying Rd.
3	西巷	W. Ln., Jiaying Rd.
1	政1街	Jiazheng 1st St.
2	2街	Jiazheng 2nd St.
2	3街	Jiazheng 3rd St.
2	5街	Jiazheng 5th St.
2	6街	Jiazheng 6th St.
2	7街	Jiazheng 7th St.
2	8街	Jiazheng 8th St.
2	9街	Jiazheng 9th St.
2	十街	Jiazheng 10th St.
1	新	Jiaxin
2	1街	Jiaxin 1st St.
3	路	Jiaxin 1st Rd.
2	2街	Jiaxin 2nd St.
3	路	Jiaxin 2nd Rd.
2	3路	Jiaxin 3rd Rd.
2	6路	Jiaxin 6th Rd.
2	巷	Jiaxin Ln.
2	村	Jiaxin Vil.
2	東路	Jiaxin E. Rd.
4	2段	Sec. 2, Jiaxin E. Rd.
2	街	Jiaxin St.
2	西路	Jiaxin W. Rd.
2	路	Jiaxin Rd.
3	1段	Sec. 1, Jiaxin Rd.
3	2段	Sec. 2, Jiaxin Rd.
2	里	Jiaxin Vil.
1	昌村	Jiachang Vil.
1	明	Jiaming
1	朴東路1段	Sec. 1, Jiapu E. Rd.
2	路	Jiapu Rd.
3	西段	Sec. W., Jiapu Rd.
1	東中路	Jiadong Central Rd.
2	北路	Jiadong N. Rd.
2	南路	Jiadong S. Rd.
2	街	Jiadong St.
2	里	Jiadong Vil.
1	榮巷	Jiarong Ln.
2	路	Jiarong Rd.
1	樂	Jiale
2	村	Jiale Vil.
1	武	Jiawu
1	民北路	Jiamin N. Rd.
2	村	Jiamin Vil.
2	路	Jiamin Rd.
1	泰村	Jiatai Vil.
1	添	Jiatian
2	里	Jiatian Vil.
1	溪雅坑	Jiaxiyakeng
1	漁街	Jiayu St.
1	濱路	Jiabin Rd.
1	為街	Jiawei St.
1	犁里	Jiali Vil.
1	田村	Jiatian Vil.
1	盛	Jiasheng
2	巷	Jiasheng Ln.
2	街	Jiasheng St.
2	里	Jiasheng Vil.
1	祥1街	Jiaxiang 1st St.
2	2街	Jiaxiang 2nd St.
2	3街	Jiaxiang 3rd St.
2	5路	Jiaxiang 5th Rd.
2	6街	Jiaxiang 6th St.
2	7街	Jiaxiang 7th St.
1	祿街	Jialu St.
2	路	Jialu Rd.
1	福村	Jiafu Vil.
2	街	Jiafu St.
2	里	Jiafu Vil.
1	禾里	Jiahe Vil.
1	科1路	Jiake 1st Rd.
2	5路	Jiake 5th Rd.
1	稅一村	Jiashui 1st Vil.
1	穗村	Jiasui Vil.
2	里	Jiasui Vil.
1	竹北路	Jiazhu N. Rd.
2	南路	Jiazhu S. Rd.
2	路	Jiazhu Rd.
1	興	Jiaxing
2	1街	Jiaxing 1st St.
2	2街	Jiaxing 2nd St.
2	3街	Jiaxing 3rd St.
2	5街	Jiaxing 5th St.
2	7街	Jiaxing 7th St.
2	北巷	Jiaxing N. Ln.
2	村	Jiaxing Vil.
2	東路	Jiaxing E. Rd.
2	街	Jiaxing St.
2	路	Jiaxing Rd.
3	1段	Sec. 1, Jiaxing Rd.
3	2段	Sec. 2, Jiaxing Rd.
3	普善巷	Pushan Ln., Jiaxing Rd.
3	蓮華巷	Lianhua Ln., Jiaxing Rd.
2	里	Jiaxing Vil.
1	芳北路	Jiafang N. Rd.
2	南路	Jiafang S. Rd.
2	街	Jiafang St.
2	里	Jiafang Vil.
1	苳村	Jiadong Vil.
1	華路	Jiahua Rd.
1	蓮路	Jialian Rd.
2	里	Jialian Vil.
1	蘭	Jialan
2	村	Jialan Vil.
1	誠村	Jiacheng Vil.
2	路	Jiacheng Rd.
1	警新村	Jiajing New Vil.
1	豐11路1段	Sec. 1, Jiafeng 11th Rd.
5	2段	Sec. 2, Jiafeng 11th Rd.
3	街	Jiafeng 1st St.
2	2街1段	Sec. 1, Jiafeng 2nd St.
4	2段	Sec. 2, Jiafeng 2nd St.
2	3街	Jiafeng 3rd St.
2	5路1段	Sec. 1, Jiafeng 5th Rd.
4	2段	Sec. 2, Jiafeng 5th Rd.
2	6路1段	Sec. 1, Jiafeng 6th Rd.
4	2段	Sec. 2, Jiafeng 6th Rd.
2	7街	Jiafeng 7th St.
2	8街	Jiafeng 8th St.
2	9路	Jiafeng 9th Rd.
2	北路	Jiafeng N. Rd.
2	十路	Jiafeng 10th Rd.
2	南路1段	Sec. 1, Jiafeng S. Rd.
4	2段	Sec. 2, Jiafeng S. Rd.
2	村	Jiafeng Vil.
3	和平路	Heping Rd., Jiafeng Vil.
2	路	Jiafeng Rd.
1	賜村	Jiasi Vil.
1	農新村	Jianong New Vil.
2	路	Jianong Rd.
1	運1路	Jiayun 1st Rd.
2	2路	Jiayun 2nd Rd.
1	里1街	Jiali 1st St.
3	路	Jiali 1st Rd.
2	2街	Jiali 2nd St.
3	路	Jiali 2nd Rd.
2	3街	Jiali 3rd St.
3	路	Jiali 3rd Rd.
2	4路	Jiali 4th Rd.
2	村	Jiali Vil.
2	路	Jiali Rd.
3	機場	Jichang, Jiali Rd.
1	鐵路	Jiatie Rd.
1	陵街	Jialing St.
1	隆村	Jialong Vil.
2	路	Jialong Rd.
1	雲巷	Jiayun Ln.
0	嘎拉賀	Galahe
1	色鬧	Gasenao
0	嚨口	Longkou
0	四二份	Si'erfen
1	份	Sifen
2	仔	Sifenzai
3	路	Sifenzai Rd.
2	巷	Sifen Ln.
1	健會	4'H Club
1	分子	Sifenzi
3	路小粗坑巷	Xiaocukeng Ln., Sifenzi Rd.
2	里	Sifen Vil.
1	區	Siqu
1	十二份	Sishi'erfen
1	合村	Sihe Vil.
1	埔村	Sipu Vil.
1	塊路	Sikuai Rd.
1	季村	Siji Vil.
1	安街	Si'an St.
2	路	Si'an Rd.
1	寮	Siliao
2	坪	Siliaoping
1	川1街	Sichuan 1st St.
2	2街	Sichuan 2nd St.
2	3街	Sichuan 3rd St.
2	5街	Sichuan 5th St.
2	東街	Sichuan E. St.
2	西1街	Sichuan W. 1st St.
3	2街	Sichuan W. 2nd St.
2	路	Sichuan Rd.
3	1段	Sec. 1, Sichuan Rd.
3	2段	Sec. 2, Sichuan Rd.
5	橋頭	Qiaotou, Sec. 2, Sichuan Rd.
1	平街	Siping St.
3	新平巷	Xinping Ln., Siping St.
3	美仁巷	Meiren Ln., Siping St.
2	路	Siping Rd.
3	聯邦巷	Lianbang Ln., Siping Rd.
1	座屋	Sizuowu
2	里	Sizuo Vil.
1	張里	Sizhang Vil.
1	德北路	Side N. Rd.
2	南路	Side S. Rd.
2	巷	Side Ln.
2	村	Side Vil.
2	街	Side St.
2	路	Side Rd.
3	品凱巷	Pinkai Ln., Side Rd.
3	大富巷	Dafu Ln., Side Rd.
1	方林巷	Sifanglin Ln.
1	春1巷	Sichun 1st Ln.
2	路	Sichun Rd.
2	里	Sichun Vil.
1	月路	Siyue Rd.
3	五哩巷	Wuli Ln., Siyue Rd.
3	四平巷	Siping Ln., Siyue Rd.
1	村路	Sicun Rd.
1	林村	Silin Vil.
2	路	Silin Rd.
1	棧橋	Sizhan Bridge
1	民里	Simin Vil.
1	海街	Sihai St.
2	路1段	Sec. 1, Sihai Rd.
3	2段	Sec. 2, Sihai Rd.
1	湖	Sihu
2	村	Sihu Vil.
1	湳路	Sinan Rd.
1	溝路	Sigou Rd.
3	興西巷	Xingxi Ln., Sigou Rd.
2	里	Sigou Vil.
1	環路	Sihuan Rd.
1	福路	Sifu Rd.
1	稜	Sileng
1	竹路	Sizhu Rd.
1	結	Sijie
2	村	Sijie Vil.
1	維	Siwei
2	1街	Siwei 1st St.
3	路	Siwei 1st Rd.
2	2街	Siwei 2nd St.
3	路	Siwei 2nd Rd.
2	3街	Siwei 3rd St.
3	路	Siwei 3rd Rd.
2	4路	Siwei 4th Rd.
2	中路	Siwei Central Rd.
2	北路	Siwei N. Rd.
2	南路	Siwei S. Rd.
2	巷	Siwei Ln.
2	新路	Siweixin Rd.
2	村	Siwei Vil.
2	東路	Siwei E. Rd.
2	街	Siwei St.
2	西路	Siwei W. Rd.
2	路	Siwei Rd.
3	1段	Sec. 1, Siwei Rd.
3	2段	Sec. 2, Siwei Rd.
3	3段	Sec. 3, Siwei Rd.
3	自強巷	Ziqiang Ln., Siwei Rd.
2	里	Siwei Vil.
1	美村	Simei Vil.
2	路	Simei Rd.
1	股	Sigu
2	路	Sigu Rd.
1	育街	Siyu St.
2	路	Siyu Rd.
2	里	Siyu Vil.
1	腳亭坑路	Sijiaotingkeng Rd.
3	埔路	Sijiaotingpu Rd.
1	芳村	Sifang Vil.
1	草大道	Sicao Blvd.
2	里	Sicao Vil.
0	回嗂新村	Huiyao New Vil.
2	街	Huiyao St.
1	歸村	Huigui Vil.
1	窯路	Huiyao Rd.
0	國中1路	Guozhong 1st Rd.
2	2路	Guozhong 2nd Rd.
2	巷	Guozhong Ln.
2	街	Guozhong St.
2	路	Guozhong Rd.
3	十股巷	Shigu Ln., Guozhong Rd.
3	竹圍巷	Zhuwei Ln., Guozhong Rd.
1	信街	Guoxin St.
1	光1巷	Guoguang 1st Ln.
3	街	Guoguang 1st St.
2	2巷	Guoguang 2nd Ln.
3	街	Guoguang 2nd St.
2	3街	Guoguang 3rd St.
2	5街	Guoguang 5th St.
2	6街	Guoguang 6th St.
2	7街	Guoguang 7th St.
2	8街	Guoguang 8th St.
2	北路	Guoguang N. Rd.
2	南路	Guoguang S. Rd.
2	巷	Guoguang Ln.
2	新城	Guoguang Xincheng
3	村	Guoguang New Vil.
2	村	Guoguang Vil.
2	街	Guoguang St.
2	路	Guoguang Rd.
3	1段	Sec. 1, Guoguang Rd.
3	2段	Sec. 2, Guoguang Rd.
2	里	Guoguang Vil.
1	全巷	Guoquan Ln.
1	公路	Guogong Rd.
1	凱街	Guokai St.
1	勇巷	Guoyong Ln.
1	勝路	Guosheng Rd.
1	北街	Guobei St.
1	園1街	Guoyuan 1st St.
2	3街	Guoyuan 3rd St.
2	5街	Guoyuan 5th St.
2	街	Guoyuan St.
1	城1街	Guocheng 1st St.
2	2街	Guocheng 2nd St.
2	3街	Guocheng 3rd St.
2	4街	Guocheng 4th St.
1	姓村	Guoxing Vil.
2	路	Guoxing Rd.
2	里	Guoxing Vil.
1	威里	Guowei Vil.
1	學街	Guoxue St.
1	宅	Civil House
2	巷	Guozhai Ln.
2	街	Guozhai St.
2	路	Guozhai Rd.
2	里	Guozhai Vil.
1	安1街	Guo'an 1st St.
3	路	Guo'an 1st Rd.
2	2街	Guo'an 2nd St.
3	路	Guo'an 2nd Rd.
2	3街	Guo'an 3rd St.
2	街	Guo'an St.
2	路	Guo'an Rd.
2	里	Guo'an Vil.
1	富	Guofu
2	11街	Guofu 11th St.
3	2街	Guofu 12th St.
3	3街	Guofu 13th St.
3	4街	Guofu 14th St.
3	5街	Guofu 15th St.
3	6街	Guofu 16th St.
3	7街	Guofu 17th St.
3	8街	Guofu 18th St.
3	9街	Guofu 19th St.
3	街	Guofu 1st St.
2	21街	Guofu 21st St.
3	2街	Guofu 22nd St.
3	3街	Guofu 23rd St.
3	4街	Guofu 24th St.
3	5街	Guofu 25th St.
3	6街	Guofu 26th St.
3	7街	Guofu 27th St.
3	8街	Guofu 28th St.
3	街	Guofu 2nd St.
2	3街	Guofu 3rd St.
2	5街	Guofu 5th St.
2	6街	Guofu 6th St.
2	7街	Guofu 7th St.
2	8街	Guofu 8th St.
2	9街	Guofu 9th St.
2	二十街	Guofu 20th St.
2	十街	Guofu 10th St.
2	路	Guofu Rd.
2	里	Guofu Vil.
1	寶街	Guobao St.
1	小巷	Guoxiao Ln.
1	平北路	Guoping N. Rd.
2	南路	Guoping S. Rd.
2	東路	Guoping E. Rd.
2	西路	Guoping W. Rd.
2	路	Guoping Rd.
2	里	Guoping Vil.
1	建1路	Guojian 1st Rd.
2	2路	Guojian 2nd Rd.
2	3路	Guojian 3rd Rd.
1	強11街	Guoqiang 11th St.
3	2街	Guoqiang 12th St.
3	3街	Guoqiang 13th St.
3	街	Guoqiang 1st St.
2	2街	Guoqiang 2nd St.
2	6街	Guoqiang 6th St.
2	7街	Guoqiang 7th St.
2	8街	Guoqiang 8th St.
2	十街	Guoqiang 10th St.
2	街	Guoqiang St.
2	里	Guoqiang Vil.
1	慶11街	Guoqing 11th St.
3	2街	Guoqing 12th St.
3	街	Guoqing 1st St.
2	2街	Guoqing 2nd St.
2	3街	Guoqing 3rd St.
2	5街	Guoqing 5th St.
2	6街	Guoqing 6th St.
2	7街	Guoqing 7th St.
2	8街	Guoqing 8th St.
2	9街	Guoqing 9th St.
2	十街	Guoqing 10th St.
2	街	Guoqing St.
2	路	Guoqing Rd.
2	里	Guoqing Vil.
1	成街	Guocheng St.
1	揚1街	Guoyang 1st St.
2	2街	Guoyang 2nd St.
2	3街	Guoyang 3rd St.
2	4街	Guoyang 4th St.
2	5街	Guoyang 5th St.
1	昌1街	Guochang 1st St.
2	2街	Guochang 2nd St.
2	3街	Guochang 3rd St.
2	5街	Guochang 5th St.
2	街	Guochang St.
2	路	Guochang Rd.
2	里	Guochang Vil.
1	校前	Guoxiaoqian
2	巷	Guoxiao Ln.
2	新村	Guoxiao New Vil.
2	街	Guoxiao St.
2	路	Guoxiao Rd.
2	里	Guoxiao Vil.
1	業里	Guoye Vil.
1	榮路	Guorong Rd.
1	權里	Guoquan Vil.
1	武里	Guowu Vil.
1	殷里	Guoyin Vil.
1	民	Guomin
2	11街	Guomin 11th St.
3	2街	Guomin 12th St.
3	街	Guomin 1st St.
2	2街	Guomin 2nd St.
2	3街	Guomin 3rd St.
2	4街	Guomin 4th St.
2	5街	Guomin 5th St.
2	6街	Guomin 6th St.
2	7街	Guomin 7th St.
2	8街	Guomin 8th St.
2	9街	Guomin 9th St.
2	中路	Guomin Central Rd.
2	十街	Guomin 10th St.
2	南路	Guomin S. Rd.
2	街	Guomin St.
2	路	Guomin Rd.
2	里	Guomin Vil.
1	治街	Guozhi St.
2	路	Guozhi Rd.
2	里	Guozhi Vil.
1	泰巷	Guotai Ln.
2	新村	Guotai New Vil.
2	街	Guotai St.
2	路	Guotai Rd.
3	1段	Sec. 1, Guotai Rd.
3	2段	Sec. 2, Guotai Rd.
2	里	Guotai Vil.
1	瑞街	Guorui St.
2	路	Guorui Rd.
1	盛1街	Guosheng 1st St.
2	2街	Guosheng 2nd St.
2	3街	Guosheng 3rd St.
2	4街	Guosheng 4th St.
2	5街	Guosheng 5th St.
2	6街	Guosheng 6th St.
2	7街	Guosheng 7th St.
2	8街	Guosheng 8th St.
2	街	Guosheng St.
2	里	Guosheng Vil.
1	祥街	Guoxiang St.
1	福	Guofu
2	街	Guofu St.
2	路	Guofu Rd.
2	里	Guofu Vil.
1	義路	Guoyi Rd.
1	聖1街	Guosheng 1st St.
2	2街	Guosheng 2nd St.
2	3街	Guosheng 3rd St.
2	4街	Guosheng 4th St.
2	5街	Guosheng 5th St.
2	6街	Guosheng 6th St.
2	埔	Guoshengpu
2	街	Guosheng St.
2	路	Guosheng Rd.
2	里	Guosheng Vil.
1	聯1路	Guolian 1st Rd.
2	2路	Guolian 2nd Rd.
2	3路	Guolian 3rd Rd.
2	4路	Guolian 4th Rd.
2	5路	Guolian 5th Rd.
2	街	Guolian St.
2	里	Guolian Vil.
1	興1街	Guoxing 1st St.
2	2街	Guoxing 2nd St.
2	3街	Guoxing 3rd St.
2	4街	Guoxing 4th St.
2	5街	Guoxing 5th St.
2	6街	Guoxing 6th St.
2	街	Guoxing St.
2	路	Guoxing Rd.
2	里	Guoxing Vil.
1	華1巷	Guohua 1st Ln.
3	街	Guohua 1st St.
2	2巷	Guohua 2nd Ln.
3	街	Guohua 2nd St.
2	巷	Guohua Ln.
2	新村	Guohua New Vil.
2	街	Guohua St.
3	1段	Sec. 1, Guohua St.
3	2段	Sec. 2, Guohua St.
3	3段	Sec. 3, Guohua St.
3	4段	Sec. 4, Guohua St.
2	路	Guohua Rd.
2	里	Guohua Vil.
1	裕里	Guoyu Vil.
1	計里	Guoji Vil.
1	豐1街	Guofeng 1st St.
2	2街	Guofeng 2nd St.
2	3街	Guofeng 3rd St.
2	5街	Guofeng 5th St.
2	6街	Guofeng 6th St.
2	7街	Guofeng 7th St.
2	8街	Guofeng 8th St.
2	十街	Guofeng 10th St.
2	街	Guofeng St.
2	路	Guofeng Rd.
3	1段	Sec. 1, Guofeng Rd.
3	2段	Sec. 2, Guofeng Rd.
3	3段	Sec. 3, Guofeng Rd.
2	里	Guofeng Vil.
1	賢1街	Guoxian 1st St.
2	2街	Guoxian 2nd St.
2	3街	Guoxian 3rd St.
1	軒路	Guoxuan Rd.
1	道路1段	Sec. 1, Guodao Rd.
3	2段	Sec. 2, Guodao Rd.
3	3段	Sec. 3, Guodao Rd.
1	采街	Guocai St.
1	防里	Guofang Vil.
1	隆路	Guolong Rd.
2	里	Guolong Vil.
1	際1巷	Guoji 1st Ln.
3	街	Guoji 1st St.
3	路	Guoji 1st Rd.
2	2巷	Guoji 2nd Ln.
3	街	Guoji 2nd St.
3	路	Guoji 2nd Rd.
2	城	Guojicheng
2	街	Guoji St.
2	路	Guoji Rd.
3	1段	Sec. 1, Guoji Rd.
3	2段	Sec. 2, Guoji Rd.
3	3段	Sec. 3, Guoji Rd.
2	里	Guoji Vil.
1	順街	Guoshun St.
2	里	Guoshun Vil.
1	風	Guofeng
2	街	Guofeng St.
2	里	Guofeng Vil.
1	馨	Guoxin
1	魂里	Guohun Vil.
1	鼎1街	Guoding 1st St.
2	2街	Guoding 2nd St.
0	圍上里	Weishang Vil.
1	下里	Weixia Vil.
1	內	Weinei
2	村	Weinei Vil.
1	子內	Weizinei
1	潭村	Weitan Vil.
0	園1街	Yuan 1st St.
1	2街	Yuan 2nd St.
1	3街	Yuan 3rd St.
1	4街	Yuan 4th St.
1	5街	Yuan 5th St.
1	6街	Yuan 6th St.
1	7街	Yuan 7th St.
1	8街	Yuan 8th St.
1	9街	Yuan 9th St.
1	中街	Yuanzhong St.
2	路	Yuanzhong Rd.
1	北路	Yuanbei Rd.
1	區1路	Yuanqu 1st Rd.
2	2路	Yuanqu 2nd Rd.
2	3路	Yuanqu 3rd Rd.
2	5路	Yuanqu 5th Rd.
2	北路	Yuanqu N. Rd.
2	街	Yuanqu St.
2	路	Yuanqu Rd.
1	十街	Yuan 10th St.
1	南1路	Yuannan 1st Rd.
2	2路	Yuannan 2nd Rd.
2	3路	Yuannan 3rd Rd.
2	4路	Yuannan 4th Rd.
2	路	Yuannan Rd.
1	墘路	Yuanqian Rd.
1	子	Yuanzi
1	學路	Yuanxue Rd.
1	寮村	Yuanliau Vil.
1	後街	Yuanhou St.
1	東1街	Yuandong 1st St.
2	2街	Yuandong 2nd St.
2	街	Yuandong St.
1	林大街	Yuanlinda St.
1	盛路	Yuansheng Rd.
1	科路	Yuanke Rd.
1	航路	Yuanhang Rd.
1	茂路	Yuanmao Rd.
1	藝巷	Yuanyi Ln.
1	西1路	Yuanxi 1st Rd.
2	2路	Yuanxi 2nd Rd.
2	街	Yuanxi St.
0	圓光1路	Yuanguang 1st Rd.
2	路	Yuanguang Rd.
3	1段	Sec. 1, Yuanguang Rd.
3	2段	Sec. 2, Yuanguang Rd.
1	墩	Yuandun
1	富里	Yuanfu Vil.
1	山	Yuanshan
2	北路	Yuanshan N. Rd.
2	子	Yuanshanzi
2	巷	Yuanshan Ln.
2	村	Yuanshan Vil.
2	街	Yuanshan St.
2	路	Yuanshan Rd.
2	里	Yuanshan Vil.
1	樓前街	Yuanlouqian St.
2	街	Yuanlou St.
1	潭	Yuantan
1	環北路1段	Sec. 1, Yuanhuan N. Rd.
4	2段	Sec. 2, Yuanhuan N. Rd.
2	南路	Yuanhuan S. Rd.
2	東路	Yuanhuan E. Rd.
2	街	Yuanhuan St.
2	西路	Yuanhuan W. Rd.
2	路	Yuanhuan Rd.
1	福街	Yuanfu St.
1	通南路	Yuantong S. Rd.
2	路	Yuantong Rd.
0	圖書里	Tushu Vil.
0	土厝村	Tucuo Vil.
1	圍村	Tuwei Vil.
2	路	Tuwei Rd.
1	地公前	Tudigongqian
3	坑	Tudigongkeng
3	埔	Tudigongpu
3	山	Earth god Mountain
3	嶺街	Tudigongling St.
3	後	Tudigonghou
1	城中路	Tucheng Central Rd.
2	北村	Tucheng N. Vil.
3	路	Tucheng N. Rd.
2	南村	Tucheng S. Vil.
3	路	Tucheng S. Rd.
2	巷	Tucheng Ln.
2	村	Tucheng Vil.
2	東路	Tucheng E. Rd.
2	西路	Tucheng W. Rd.
2	路	Tucheng Rd.
2	里	Tucheng Vil.
1	場巷	Tuchang Ln.
1	壟	Tulong
1	崎	Tuqi
2	村	Tuqi Vil.
1	巷	Tu Ln.
1	庫	Tuku
2	1街	Tuku 1st St.
3	路	Tuku 1st Rd.
2	2街	Tuku 2nd St.
3	路	Tuku 2nd Rd.
2	3街	Tuku 3rd St.
3	路	Tuku 3rd Rd.
2	5街	Tuku 5th St.
3	路	Tuku 5th Rd.
2	6街	Tuku 6th St.
3	路	Tuku 6th Rd.
2	7街	Tuku 7th St.
2	8街	Tuku 8th St.
2	北巷	Tuku N. Ln.
3	路	Tuku N. Rd.
2	南巷	Tuku S. Ln.
2	子	Tukuzi
2	尖路	Tukujian Rd.
2	村	Tuku Vil.
2	路	Tuku Rd.
2	里	Tuku Vil.
1	村	Tu Vil.
1	板	Tuban
2	路	Tuban Rd.
1	浦街	Tupu St.
1	溝	Tugou
2	村	Tugou Vil.
1	牛	Tuniu
2	村	Tuniu Vil.
2	溝	Tuniugou
2	里	Tuniu Vil.
1	葛路	Tuge Rd.
1	角巷	Tujiao Ln.
1	豆寮	Tudouliao
0	圪仔內	Yizainei
2	路	Yizai Rd.
0	地利村	Dili Vil.
2	路	Dili Rd.
1	政1街	Dizheng 1st St.
2	2巷	Dizheng 2nd Ln.
3	街	Dizheng 2nd St.
2	3街	Dizheng 3rd St.
2	東路	Dizheng E. Rd.
2	街	Dizheng St.
2	路	Dizheng Rd.
1	潭里	Ditan Vil.
0	圳中巷	Zunzhong Ln.
1	仔巷	Zunzai Ln.
1	佳路	Zunjia Rd.
1	前村	Zunqian Vil.
2	路	Zunqian Rd.
1	北巷	Zunbei Ln.
2	村	Zunbei Vil.
1	南村	Zunnan Vil.
2	路	Zunnan Rd.
1	堵村	Zundu Vil.
1	墘村	Zunqian Vil.
1	安里	Zun'an Vil.
1	寮	Zunliao
2	巷	Zunliau Ln.
2	村	Zunliau Vil.
3	中橫巷	Zhongheng Ln., Zunliao Vil.
2	路	Zunliao Rd.
3	仁愛新村	Ren'ai New Vil., Zunliao Rd.
3	慈德巷	Cide Ln., Zunliao Rd.
2	里	Zunliau Vil.
1	尾巷	Zunwei Ln.
1	岸巷	Zun'an Ln.
2	街	Zun'an St.
2	路	Zun'an Rd.
1	民里	Zunmin Vil.
1	溝	Zungou
2	墘	Zungouqian
1	生里	Zunsheng Vil.
1	福里	Zunfu Vil.
1	禾路	Zunhe Rd.
1	股頭	Zungutou
1	腳巷	Zunjiao Ln.
1	西巷	Zunxi Ln.
1	頭	Zuntou
2	坑	Zuntoukeng
2	巷	Zuntou Ln.
2	村	Zuntou Vil.
2	路	Zuntou Rd.
2	里	Zuntou Vil.
0	均安街	Jun'an St.
0	坐駕	Zuojia
2	里	Zuojia Vil.
0	坑仔內	Kengzainei
2	坪	Kengzaiping
2	平	Kengzaiping
1	內巷	Kengnei Ln.
2	村	Kengnei Vil.
2	路	Kengnei Rd.
1	厝村	Kengcuo Vil.
3	蔡厝路	Caicuo Rd., Kengcuo Vil.
1	口	Kengkou
2	巷	Kengkou Ln.
2	村	Kengkou Vil.
1	子內	Kengzinei
3	路	Kengzinei Rd.
2	口	Kengzikou
2	村	Kengzi Vil.
2	背	Kengzibei
1	尾	Kengwei
2	1路	Kengwei 1st Rd.
2	2路	Kengwei 2nd Rd.
2	巷	Kengwei Ln.
2	村	Kengwei Vil.
1	巷	Keng Ln.
1	底	Kengdi
2	路	Kengdi Rd.
1	果路	Kengguo Rd.
1	美寮	Kengmeiliao
1	頭	Kengtou
2	村	Kengtou Vil.
0	坡仔頭	Pozaitou
1	內里	Ponei Vil.
1	南	Ponan
1	城路	Pocheng Rd.
1	堵	Podu
1	塘下	Potangxia
2	尾	Potangwei
2	巷	Potang Ln.
1	姜巷	Pojiang Ln.
1	子頭	Pozitou
1	寮村	Poliau Vil.
1	雅路	Poya Rd.
2	頭	Poyatou
1	頭村	Potou Vil.
2	背	Potoubei
0	坤慶1街	Kunqing 1st St.
2	2街	Kunqing 2nd St.
2	路	Kunqing Rd.
1	成街	Kuncheng St.
1	明街	Kunming St.
1	溪	Kunxi
0	坪埔	Pingpu
1	子頂	Pingziding
1	山巷	Pingshan Ln.
1	峰巷	Pingfeng Ln.
1	林	Pinglin
2	巷	Pinglin Ln.
2	村	Pinglin Vil.
2	路	Pinglin Rd.
2	里	Pinglin Vil.
1	潭	Pingtan
1	碇路	Pingding Rd.
1	腳巷	Pingjiao Ln.
1	路	Ping Rd.
1	雙路1段	Sec. 1, Pingshuang Rd.
3	2段	Sec. 2, Pingshuang Rd.
3	3段	Sec. 3, Pingshuang Rd.
1	頂	Pingding
2	1街	Pingding 1st St.
2	2街	Pingding 2nd St.
2	3街	Pingding 3rd St.
2	中	Pingdingzhong
2	巷	Pingding Ln.
2	村	Pingding Vil.
2	東	Pingdingdong
2	西	Pingdingxi
2	路	Pingding Rd.
2	里	Pingding Vil.
0	垂楊路	Chuiyang Rd.
2	里	Chuiyang Vil.
1	統街	Chuitong St.
0	型厝寮	Xingcuoliao
2	村	Xingcuo Vil.
0	垵湖村	Anhu Vil.
1	里	An Vil.
0	垹坡	Bangpo
0	城中1街	Chengzhong 1st St.
2	2街	Chengzhong 2nd St.
2	3街	Chengzhong 3rd St.
2	4街	Chengzhong 4th St.
2	5街	Chengzhong 5th St.
2	北街	Chengzhong N. St.
2	巷	Chengzhong Ln.
2	村	Chengzhong Vil.
2	街	Chengzhong St.
2	路	Chengzhong Rd.
2	里	Chengzhong Vil.
1	仔街	Chengzai St.
1	內	Chengnei
2	巷	Chengnei Ln.
2	村	Chengnei Vil.
1	前	Chengqian
2	村	Chengqian Vil.
1	北	Chengbei
2	村	Chengbei Vil.
2	街	Chengbei St.
2	路	Chengbei Rd.
2	里	Chengbei Vil.
1	南	Chengnan
2	1街	Chengnan 1st St.
2	2街	Chengnan 2nd St.
2	3街	Chengnan 3rd St.
2	4街	Chengnan 4th St.
2	5街	Chengnan 5th St.
2	6街	Chengnan 6th St.
2	7街	Chengnan 7th St.
2	8街	Chengnan 8th St.
2	9街	Chengnan 9th St.
2	十街	Chengnan 10th St.
2	路	Chengnan Rd.
2	里	Chengnan Vil.
1	外	Chengwai
1	子埔	Chengzipu
1	安1街	Cheng'an 1st St.
2	2街	Cheng'an 2nd St.
2	3街	Cheng'an 3rd St.
2	東街	Cheng'an E. St.
2	街	Cheng'an St.
2	西街	Cheng'an W. St.
2	路	Cheng'an Rd.
1	山	Chengshan
1	峰路	Chengfeng Rd.
1	平路	Chengping Rd.
1	朔里	Chengshuo Vil.
1	東1街	Chengdong 1st St.
2	2街	Chengdong 2nd St.
2	3街	Chengdong 3rd St.
2	4街	Chengdong 4th St.
2	5街	Chengdong 5th St.
2	6街	Chengdong 6th St.
2	7街	Chengdong 7th St.
2	8街	Chengdong 8th St.
2	街	Chengdong St.
2	路	Chengdong Rd.
2	里	Chengdong Vil.
1	林路	Chenglin Rd.
1	樂街	Chengle St.
1	福街	Chengfu St.
1	興街	Chengxing St.
1	西1巷	Chengxi 1st Ln.
3	街	Chengxi 1st St.
2	2街	Chengxi 2nd St.
2	3街	Chengxi 3rd St.
2	4街	Chengxi 4th St.
2	5街	Chengxi 5th St.
2	6街	Chengxi 6th St.
2	巷	Chengxi Ln.
2	街	Chengxi St.
3	1段	Sec. 1, Chengxi St.
3	2段	Sec. 2, Chengxi St.
3	3段	Sec. 3, Chengxi St.
2	里	Chengxi Vil.
1	門街	Chengmen St.
2	里	Chengmen Vil.
1	隍巷	Chenghuang Ln.
2	街	Chenghuang St.
2	里	Chenghuang Vil.
1	頂街	Chengding St.
0	埒內	Lenei
2	里	Lenei Vil.
0	埔中1街	Puzhong 1st St.
2	2街	Puzhong 2nd St.
2	3街	Puzhong 3rd St.
2	巷	Puzhong Ln.
2	村	Puzhong Vil.
2	路	Puzhong Rd.
1	仁街	Puren St.
2	路	Puren Rd.
1	仔厝	Puzaicuo
2	頂	Puzaiding
1	內	Punei
2	街	Punei St.
1	前路	Puqian Rd.
2	里	Puqian Vil.
1	北村	Pubei Vil.
2	街	Pubei St.
1	南巷	Punan Ln.
2	村	Punan Vil.
2	街	Punan St.
1	和1路	Puhe 1st Rd.
2	2路	Puhe 2nd Rd.
2	3路	Puhe 3rd Rd.
2	5路	Puhe 5th Rd.
2	村	Puhe Vil.
2	路	Puhe Rd.
1	園1路	Puyuan 1st Rd.
2	街	Puyuan St.
2	里	Puyuan Vil.
1	圳巷	Puzun Ln.
1	坪村	Puping Vil.
1	墘	Puqian
2	村	Puqian Vil.
2	路	Puqian Rd.
2	里	Puqian Vil.
1	姜村	Pujiang Vil.
2	街	Pujiang St.
1	子	Puzi
2	村	Puzi Vil.
2	里	Puzi Vil.
2	頂	Puziding
1	孝街	Puxiao St.
1	安街	Pu'an St.
1	尾	Puwei
2	巷	Puwei Ln.
2	村	Puwei Vil.
2	路	Puwei Rd.
1	崙村	Pulun Vil.
2	里	Pulun Vil.
1	工1路	Pugong 1st Rd.
2	路	Pugong Rd.
1	市街	Pushi St.
1	後	Puhou
1	心	Puxin
2	1路	Puxin 1st Rd.
2	6路	Puxin 6th Rd.
2	仔	Puxinzai
2	村	Puxin Vil.
2	街	Puxin St.
2	路	Puxin Rd.
2	里	Puxin Vil.
3	廟後	Miaohou, Puxin Vil.
1	忠街	Puzhong St.
1	愛街	Pu'ai St.
1	打路	Puda Rd.
1	新2街	Puxin 2nd St.
2	3街	Puxin 3rd St.
2	村	Puxin Vil.
2	街	Puxin St.
2	路	Puxin Rd.
1	智街	Puzhi St.
1	村	Pu Vil.
1	東街	Pudong St.
1	江街	Pujiang St.
1	港路	Pugang Rd.
1	羌坑	Puqiangkeng
1	聖街	Pusheng St.
1	腳巷	Pujiao Ln.
1	興路	Puxing Rd.
1	航路	Puhang Rd.
1	菜路	Pucai Rd.
1	西街	Puxi St.
1	邊	Pubian
1	陽街	Puyang St.
1	頂	Puding
2	1街	Puding 1st St.
3	路	Puding 1st Rd.
2	2街	Puding 2nd St.
3	路	Puding 2nd Rd.
2	3街	Puding 3rd St.
3	路	Puding 3rd Rd.
2	5街	Puding 5th St.
2	6街	Puding 6th St.
2	7街	Puding 7th St.
2	8街	Puding 8th St.
2	村	Puding Vil.
2	街	Puding St.
2	路	Puding Rd.
3	1段	Sec. 1, Puding Rd.
3	2段	Sec. 2, Puding Rd.
2	里	Puding Vil.
3	中心路	Zhongxin Rd., Puding Vil.
1	頭	Putou
2	坑	Putoukeng
2	村	Putou Vil.
2	街	Putou St.
2	路	Putou Rd.
1	鹽村	Puyan Vil.
1	鹿街	Pulu St.
0	埕村	Cheng Vil.
0	埤內巷	Pinei Ln.
1	前1路	Piqian 1st Rd.
2	村	Piqian Vil.
1	北路	Pibei Rd.
2	里	Pibei Vil.
1	南巷	Pinan Ln.
2	里	Pinan Vil.
1	口路	Pikou Rd.
1	周路	Pizhou Rd.
1	圳北路	Pizun N. Rd.
2	南路	Pizun S. Rd.
1	堂	Pitang
1	塘村	Pitang Vil.
2	里	Pitang Vil.
1	墘1路	Piqian 1st Rd.
2	村	Piqian Vil.
2	路	Piqian Rd.
2	里	Piqian Vil.
1	子	Pizi
2	尾	Piziwei
2	村	Pizi Vil.
2	頭	Pizitou
3	街	Pizitou St.
3	路	Pizitou Rd.
1	寮	Piliao
2	路	Piliao Rd.
2	里	Piliau Vil.
1	尾	Piwei
2	路	Piwei Rd.
1	岸路	Pi'an Rd.
1	島	Pidao
2	里	Pidau Vil.
1	底巷	Pidi Ln.
1	後	Pihou
1	斗子	Pidouzi
2	村	Pidou Vil.
1	村	Pi Vil.
1	東里	Pidong Vil.
1	林村	Pilin Vil.
2	里	Pilin Vil.
1	竹路	Pizhu Rd.
1	腳	Pijiao
2	街	Pijiao St.
2	里	Pijiau Vil.
1	西巷	Pixi Ln.
2	里	Pixi Vil.
1	角	Pijiao
1	鄉里	Pixiang Vil.
1	霞村	Pixia Vil.
1	頂	Piding
2	街	Piding St.
2	里	Piding Vil.
1	頭	Pitou
2	1街	Pitou 1st St.
2	2街	Pitou 2nd St.
2	北路	Pitou N. Rd.
2	南路	Pitou S. Rd.
2	巷	Pitou Ln.
2	村	Pitou Vil.
2	路	Pitou Rd.
2	里	Pitou Vil.
2	面	Pitoumian
1	麻	Pima
2	腳	Pimajiao
3	農場	Pimajiao Farm
2	里	Pima Vil.
0	執信1街	Zhixin 1st St.
2	2街	Zhixin 2nd St.
0	培元里	Peiyuan Vil.
1	安2街	Pei'an 2nd St.
2	4街	Pei'an 4th St.
2	路	Pei'an Rd.
1	德新屯	Peide New Vil.
2	街	Peide St.
2	路	Peide Rd.
2	里	Peide Vil.
1	育路	Peiyu Rd.
1	英1街	Peiying 1st St.
2	2街	Peiying 2nd St.
2	3街	Peiying 3rd St.
2	5街	Peiying 5th St.
2	6街	Peiying 6th St.
2	巷	Peiying Ln.
2	街	Peiying St.
2	路	Peiying Rd.
2	里	Peiying Vil.
0	基國派	Jiguopai
3	路	Jiguopai Rd.
1	山街	Jishan St.
2	里	Jishan Vil.
1	河路	Jihe Rd.
1	泰商場	Jitai Market
1	湖路	Jihu Rd.
1	翬路	Jihui Rd.
1	金1路	Jijin 1st Rd.
2	2路	Jijin 2nd Rd.
2	3路	Jijin 3rd Rd.
1	隆嶼	Keelung Islet
2	路1段	Sec. 1, Keelung Rd.
3	2段	Sec. 2, Keelung Rd.
3	3段	Sec. 3, Keelung Rd.
3	4段	Sec. 4, Keelung Rd.
0	堀子頭	Kuzitou
1	尺嶺	Kuchiling
1	江街	Kujiang St.
2	里	Juejiang Vil.
1	邊巷	Kubian Ln.
1	頭	Kutou
2	里	Juetou Vil.
0	堂內巷	Tangnei Ln.
1	春里	Tangchun Vil.
0	堅如路	Jianru Rd.
0	堤南路	Tinan Rd.
1	塘南路	Titang S. Rd.
2	港路	Titanggang Rd.
1	外	Tiwai
1	苑里	Tiyuan Vil.
1	防	Tifang
2	1巷	Tifang 1st Ln.
2	巷	Tifang Ln.
2	路	Tifang Rd.
1	頂1街	Tiding 1st St.
2	大道1段	Sec. 1, Tiding Blvd.
4	2段	Sec. 2, Tiding Blvd.
2	街	Tiding St.
0	堯山街	Yaoshan St.
1	舜街	Yaoshun St.
0	堰堤巷	Yanti Ln.
0	堵北里	Dubei Vil.
1	南街	Dunan St.
2	里	Dunan Vil.
0	塔后	Tahou
1	城街	Tacheng St.
1	塔加	Tataka
1	子腳	Tazijiao
1	悠路	Tayou Rd.
1	樓村	Talou Vil.
2	路	Talou Rd.
1	腳1路	Tajiao 1st Rd.
2	2路	Tajiao 2nd Rd.
2	村	Tajiau Vil.
2	路	Tajiao Rd.
0	塗厝里	Tucuo Vil.
1	城村	Tucheng Vil.
2	路	Tucheng Rd.
2	里	Tucheng Vil.
1	墩巷	Tudun Ln.
1	師村	Tushi Vil.
1	溝村	Tugou Vil.
1	潭里	Tutan Vil.
0	塘下寮	Tangxialiao
1	尾	Tangwei
1	岐村	Tangqi Vil.
1	湖	Tanghu
1	背	Tangbei
1	興村	Tangxing Vil.
3	坪頂	Pingding, Tangxing Vil.
1	頭	Tangtou
0	塭仔村	Wenzai Vil.
2	路	Wenzai Rd.
2	頭	Wenzaitou
1	內	Wennei
1	北里	Wenbei Vil.
1	子	Wenzi
2	內	Wenzinei
1	底	Wendi
2	村	Wendi Vil.
2	路	Wendi Rd.
1	港	Wengang
2	村	Wengang Vil.
1	田路	Wentian Rd.
1	豐村	Wenfeng Vil.
0	境安1路	Jing'an 1st Rd.
2	2路	Jing'an 2nd Rd.
2	路	Jing'an Rd.
1	福街	Jingfu St.
2	里	Jingfu Vil.
0	墘溪1巷	Qianxi 1st Ln.
2	2巷	Qianxi 2nd Ln.
2	路	Qianxi Rd.
0	增產路	Zengchan Rd.
1	進巷	Zengjin Ln.
0	墨林村	Molin Vil.
0	墩北村	Dunbei Vil.
1	南村	Dunnan Vil.
1	子腳	Dunzijiao
1	惠巷	Dunhui Ln.
1	東村	Dundong Vil.
1	煌路1段	Sec. 1, Dunhuang Rd.
3	2段	Sec. 2, Dunhuang Rd.
3	3段	Sec. 3, Dunhuang Rd.
3	4段	Sec. 4, Dunhuang Rd.
1	西村	Dunxi Vil.
1	豐路	Dunfeng Rd.
0	墾丁路	Kending Rd.
3	佛光巷	Foguang Ln., Kending Rd.
3	和平巷	Heping Ln., Kending Rd.
3	文化巷	Wenhua Ln., Kending Rd.
3	海濱巷	Haibin Ln., Kending Rd.
3	潭仔巷	Tanzai Ln., Kending Rd.
3	牧場巷	Muchang Ln., Kending Rd.
3	石牛巷	Shiniu Ln., Kending Rd.
3	興南巷	Xingnan Ln., Kending Rd.
3	通海巷	Tonghai Ln., Kending Rd.
2	里	Kending Vil.
1	地	Kendi
2	里	Kendi Vil.
0	壟勾路	Longgou Rd.
0	士商路	Shishang Rd.
1	宏新村	Shihong New Vil.
1	文村	Shiwen Vil.
2	路	Shiwen Rd.
1	東街	Shidong St.
2	路	Shidong Rd.
1	林1街	Shilin 1st St.
2	2街	Shilin 2nd St.
2	北路	Shilin N. Rd.
2	村	Shilin Vil.
2	東路	Shilin E. Rd.
2	街	Shilin St.
2	西路	Shilin W. Rd.
2	里	Shilin Vil.
1	校路	Shixiao Rd.
1	科路	Shike Rd.
1	良街	Shiliang St.
1	賢街	Shixian St.
1	香街	Shixiang St.
0	壯11路	Zhuang 11th Rd.
2	2路	Zhuang 12th Rd.
2	3路	Zhuang 13th Rd.
2	5路	Zhuang 15th Rd.
2	6路	Zhuang 16th Rd.
2	7路	Zhuang 17th Rd.
2	8路	Zhuang 18th Rd.
2	9路	Zhuang 19th Rd.
1	2路	Zhuang 2nd Rd.
1	5路	Zhuang 5th Rd.
1	6路	Zhuang 6th Rd.
1	五村	Zhuangwu Vil.
1	六村	Zhuangliu Vil.
1	勇里	Zhuangyong Vil.
1	四村	Zhuangsi Vil.
1	志路	Zhuangzhi Rd.
1	濱路1段	Sec. 1, Zhuangbin Rd.
3	2段	Sec. 2, Zhuangbin Rd.
3	3段	Sec. 3, Zhuangbin Rd.
3	4段	Sec. 4, Zhuangbin Rd.
3	5段	Sec. 5, Zhuangbin Rd.
3	6段	Sec. 6, Zhuangbin Rd.
0	壹山街	Yishan St.
0	壽亭巷	Shouting Ln.
1	元村	Shouyuan Vil.
2	路	Shouyuan Rd.
1	全路	Shouquan Rd.
1	南里	Shounan Vil.
1	卡	Shouka
2	路	Shouka Rd.
1	喜巷	Shouxi Ln.
2	街	Shouxi St.
1	埤巷	Shoupi Ln.
1	天路	Shoutian Rd.
2	里	Shoutian Vil.
1	富街	Shoufu St.
1	山巷	Shoushan Ln.
2	街	Shoushan St.
2	路	Shoushan Rd.
3	仁壽巷	Renshou Ln., Shoushan Rd.
4	德巷	Rende Ln., Shoushan Rd.
4	福巷	Renfu Ln., Shoushan Rd.
2	里	Shoushan Vil.
1	峰里	Shoufeng Vil.
1	德村	Shoude Vil.
2	街	Shoude St.
2	里	Shoude Vil.
1	文路	Shouwen Rd.
1	昌街	Shouchang St.
2	路	Shouchang Rd.
2	里	Shouchang Vil.
1	星巷	Shouxing Ln.
2	街	Shouxing St.
2	路	Shouxing Rd.
2	里	Shouxing Vil.
1	比路	Shoubi Rd.
1	民路	Shoumin Rd.
1	生里	Shousheng Vil.
1	祿街	Shoulu St.
1	福街	Shoufu St.
2	路	Shoufu Rd.
1	興街	Shouxing St.
1	華路	Shouhua Rd.
1	豐村	Shoufeng Vil.
2	路	Shoufeng Rd.
3	1段	Sec. 1, Shoufeng Rd.
3	2段	Sec. 2, Shoufeng Rd.
1	農	Shounong
0	夏元路	Xiayuan Rd.
1	墅	Xiashu
1	林路	Xialin Rd.
1	梅林	Xiameilin
1	田村	Xiatian Vil.
2	路	Xiatian Rd.
2	里	Xiatian Vil.
1	綠地街	Xialudi St.
1	興	Xiaxing
0	夕泉1巷	Xiquan 1st Ln.
2	2巷	Xiquan 2nd Ln.
0	外中村	Waizhong Vil.
3	外中街	Waizhong St., Waizhong Vil.
2	街	Waizhong St.
1	六寮	Wailiuliao
1	南村	Wainan Vil.
2	里	Wainan Vil.
1	坪村	Waiping Vil.
1	垵	Wai'an
2	村	Wai'an Vil.
1	城巷	Waicheng Ln.
1	埔	Waipu
2	巷	Waipu Ln.
2	村	Waipu Vil.
3	復興路	Fuxing Rd., Waipu Vil.
2	路	Waipu Rd.
2	里	Waipu Vil.
1	埤	Waipi
1	大坪	Waidaping
2	溪路	Waidaxi Rd.
1	安	Wai'an
1	寮	Wailiao
2	路	Wailiao Rd.
2	里	Wailiau Vil.
1	崎內	Waiqinei
1	平林	Waipinglin
3	康福家園	Kangfujiayuan, Waipinglin
1	庄	Waizhuang
1	按	Wai'an
1	林街	Wailin St.
1	柑村	Waigan Vil.
2	腳	Waiganjiao
1	楒仔腳	Waisizaijiao
1	渡頭	Waidutou
1	湖	Waihu
1	溪洲	Waixizhou
1	澳路	Wai'ao Rd.
2	里	Wai'ao Vil.
1	環西路	Waihuan W. Rd.
2	路	Waihuan Rd.
1	社村	Waishe Vil.
2	街	Waishe St.
1	竹里	Waizhu Vil.
1	西巷	Waixi Ln.
1	角	Waijiao
2	里	Waijiau Vil.
1	隆林街	Wailonglin St.
0	多望巷	Duowang Ln.
1	福街	Duofu St.
2	路	Duofu Rd.
1	納巷	Duona Ln.
2	村	Duona Vil.
1	良	Duoliang
2	村	Duoliang Vil.
3	瀧	Long, Duoliang Vil.
0	夢湖路	Menghu Rd.
1	祥巷	Mengxiang Ln.
1	裡南巷	Mengli S. Ln.
2	村	Mengli Vil.
2	東巷	Mengli E. Ln.
2	西巷	Mengli W. Ln.
2	路	Mengli Rd.
0	大丘園	Daqiuyuan
2	村	Daqiu Vil.
2	田	Daqiutian
1	中1街	Dazhong 1st St.
3	路	Dazhong 1st Rd.
2	2路	Dazhong 2nd Rd.
2	寮	Dazhongliao
2	山	Dazhongshan
2	街	Dazhong St.
2	路	Dazhong Rd.
1	二村	Da'er Vil.
1	井	Dajing
2	巷	Dajing Ln.
1	亨街	Daheng St.
2	路	Daheng Rd.
1	享街	Daxiang St.
3	1段	Sec. 1, Daxiang St.
2	路	Daxiang Rd.
1	仁1街	Daren 1st St.
2	2街	Daren 2nd St.
2	3街	Daren 3rd St.
2	4街	Daren 4th St.
2	5街	Daren 5th St.
2	6街	Daren 6th St.
2	7街	Daren 7th St.
2	8街	Daren 8th St.
2	9街	Daren 9th St.
2	北路	Daren N. Rd.
2	十街	Daren 10th St.
2	南街	Daren S. St.
3	路	Daren S. Rd.
2	巷	Daren Ln.
2	東街	Daren E. St.
3	路	Daren E. Rd.
2	街	Daren St.
2	西街	Daren W. St.
2	路	Daren Rd.
3	1段	Sec. 1, Daren Rd.
3	2段	Sec. 2, Daren Rd.
3	4段	Sec. 4, Daren Rd.
2	里	Daren Vil.
1	份田	Dafentian
1	佃路	Dadian Rd.
1	佳街	Dajia St.
2	里	Dajia Vil.
1	信巷	Daxin Ln.
2	街	Daxin St.
2	路	Daxin Rd.
2	里	Daxin Vil.
1	俱來	Dajulai
1	倉	Dacang
2	村	Dacang Vil.
1	倫巷	Dalun Ln.
2	路	Dalun Rd.
1	元村	Dayuan Vil.
2	路	Dayuan Rd.
2	里	Dayuan Vil.
1	光1街	Daguang 1st St.
2	2街	Daguang 2nd St.
2	巷	Daguang Ln.
2	街	Daguang St.
2	路	Daguang Rd.
2	里	Daguang Vil.
1	內村	Danei Vil.
1	全1巷	Daquan 1st Ln.
2	2巷	Daquan 2nd Ln.
2	巷	Daquan Ln.
2	村	Daquan Vil.
2	街	Daquan St.
1	公12街	Dagong 12th St.
3	3街	Dagong 13th St.
3	4街	Dagong 14th St.
3	5街	Dagong 15th St.
3	6街	Dagong 16th St.
3	7街	Dagong 17th St.
3	8街	Dagong 18th St.
3	9街	Dagong 19th St.
2	21街	Dagong 21st St.
2	3街	Dagong 3rd St.
2	5街	Dagong 5th St.
2	6街	Dagong 6th St.
2	7街	Dagong 7th St.
2	8街	Dagong 8th St.
2	二十街	Dagong 20th St.
2	十街	Dagong 10th St.
2	街	Dagong St.
2	路	Dagong Rd.
2	里	Dagong Vil.
1	分林	Dafenlin
1	利1路	Dali 1st Rd.
2	2路	Dali 2nd Rd.
2	3路	Dali 3rd Rd.
2	幹	Daligan
2	新村	Dali New Vil.
2	街	Dali St.
2	路	Dali Rd.
3	1段	Sec. 1, Dali Rd.
3	2段	Sec. 2, Dali Rd.
3	3段	Sec. 3, Dali Rd.
1	功街	Dagong St.
2	路	Dagong Rd.
1	勇1街	Dayong 1st St.
2	2街	Dayong 2nd St.
3	路	Dayong 2nd Rd.
2	3街	Dayong 3rd St.
2	4街	Dayong 4th St.
2	北路	Dayong N. Rd.
2	南路	Dayong S. Rd.
2	巷	Dayong Ln.
2	市場	Dayong Market
2	街	Dayong St.
3	1段	Sec. 1, Dayong St.
3	仁愛巷	Ren'ai Ln., Dayong St.
3	信義巷	Xinyi Ln., Dayong St.
3	勤儉巷	Qinjian Ln., Dayong St.
3	和平巷	Heping Ln., Dayong St.
3	孝順巷	Xiaoshun Ln., Dayong St.
3	忠勇巷	Zhongyong Ln., Dayong St.
3	禮節巷	Lijie Ln., Dayong St.
2	路	Dayong Rd.
2	里	Dayong Vil.
1	勝巷	Dasheng Ln.
2	街	Dasheng St.
1	勢里	Dashi Vil.
1	勤街	Daqin St.
1	北	Dabei
2	勢	Dabeishi
2	坑	Dabeikeng
3	街	Dabeikeng St.
4	1段	Sec. 1, Dabeikeng St.
2	路	Dabei Rd.
2	里	Dabei Vil.
1	區巷	Daqu Ln.
1	千里	Daqian Vil.
1	南勢	Dananshi
2	坑	Danankeng
2	埔	Dananpu
2	巷	Danan Ln.
2	村	Danan Vil.
3	茅仔埔	Maozaipu, Danan Vil.
2	路	Danan Rd.
2	里	Danan Vil.
1	博巷	Dabo Ln.
1	占巷	Dazhan Ln.
1	厝	Dacuo
2	巷	Dacuo Ln.
2	里	Dacuo Vil.
1	原路	Dayuan Rd.
1	古崗	Dagugang
2	路	Dagu Rd.
1	吉1街	Daji 1st St.
3	路	Daji 1st Rd.
2	2街	Daji 2nd St.
3	路	Daji 2nd Rd.
2	3路	Daji 3rd Rd.
2	5路	Daji 5th Rd.
2	村	Daji Vil.
2	街	Daji St.
2	路	Daji Rd.
1	同	Datong
2	11街	Datong 11th St.
3	2街	Datong 12th St.
3	3街	Datong 13th St.
3	5街	Datong 15th St.
3	7街	Datong 17th St.
3	9街	Datong 19th St.
3	巷	Datong 1st Ln.
3	街	Datong 1st St.
3	路	Datong 1st Rd.
2	2巷	Datong 2nd Ln.
3	街	Datong 2nd St.
3	路	Datong 2nd Rd.
2	3街	Datong 3rd St.
2	4街	Datong 4th St.
2	5街	Datong 5th St.
2	6街	Datong 6th St.
2	7街	Datong 7th St.
2	8街	Datong 8th St.
2	9街	Datong 9th St.
2	北路	Datong N. Rd.
2	十街	Datong 10th St.
2	南巷	Datong S. Ln.
3	街	Datong S. St.
3	路	Datong S. Rd.
2	巷	Datong Ln.
2	新城	Datong Xincheng
3	村	Datong New Vil.
2	村	Datong Vil.
2	東巷	Datong E. Ln.
3	路	Datong E. Rd.
2	莊	Datong Vil.
2	街	Datong St.
3	明光巷	Mingguang Ln., Datong St.
3	賢德巷	Xiande Ln., Datong St.
2	西巷	Datong W. Ln.
3	路	Datong W. Rd.
2	路	Datong Rd.
3	1段	Sec. 1, Datong Rd.
3	2段	Sec. 2, Datong Rd.
5	南1巷	S. 1st Ln., Sec. 2, Datong Rd.
6	2巷	S. 2nd Ln., Sec. 2, Datong Rd.
5	東興巷	Dongxing Ln., Sec. 2, Datong Rd.
5	福泉巷	Fuquan Ln., Sec. 2, Datong Rd.
3	3段	Sec. 3, Datong Rd.
5	榮和巷	Ronghe Ln., Sec. 3, Datong Rd.
3	4段	Sec. 4, Datong Rd.
5	東金巷	Dongjin Ln., Sec. 4, Datong Rd.
3	5段	Sec. 5, Datong Rd.
3	世居巷	Shiju Ln., Datong Rd.
3	和平巷	Heping Ln., Datong Rd.
3	地下商場	Underground Shopping Mall, Datong Rd.
3	大榮巷	Darong Ln., Datong Rd.
3	學府巷	Xuefu Ln., Datong Rd.
3	安南巷	Annan Ln., Datong Rd.
3	市場巷	Shichang Ln., Datong Rd.
3	東巷	E. Ln., Datong Rd.
3	立峰巷	Lifeng Ln., Datong Rd.
3	竹林巷	Zhulin Ln., Datong Rd.
3	裕農巷	Yunong Ln., Datong Rd.
3	雅園巷	Yayuan Ln., Datong Rd.
3	館華巷	Guanhua Ln., Datong Rd.
2	農場	Datong Farm
2	里	Datong Vil.
1	和	Dahe
2	巷	Dahe Ln.
2	街	Dahe St.
2	路	Dahe Rd.
2	里	Dahe Vil.
1	唐	Datang
2	里	Datang Vil.
1	園	Dayuan
2	巷	Dayuan Ln.
2	村	Dayuan Vil.
2	街	Dayuan St.
2	路	Dayuan Rd.
2	里	Dayuan Vil.
3	廟後	Miaohou, Dayuan Vil.
1	圓尾	Dayuanwei
1	地	Dadi
2	街	Dadi St.
1	圳巷	Dazun Ln.
2	路	Dazun Rd.
3	1段	Sec. 1, Dazun Rd.
3	2段	Sec. 2, Dazun Rd.
3	3段	Sec. 3, Dazun Rd.
1	坑	Dakeng
2	1路	Dakeng 1st Rd.
2	2路	Dakeng 2nd Rd.
2	3路	Dakeng 3rd Rd.
2	5路	Dakeng 5th Rd.
2	6路	Dakeng 6th Rd.
2	墘巷	Dakengqian Ln.
2	尾	Dakengwei
2	巷	Dakeng Ln.
2	村	Dakeng Vil.
2	街	Dakeng St.
2	路	Dakeng Rd.
3	1段	Sec. 1, Dakeng Rd.
3	2段	Sec. 2, Dakeng Rd.
3	3段	Sec. 3, Dakeng Rd.
2	里	Dakeng Vil.
1	坡	Dapo
2	塘	Dapotang
2	村	Dapo Vil.
2	路	Dapo Rd.
3	1段	Sec. 1, Dapo Rd.
3	2段	Sec. 2, Dapo Rd.
1	坪	Daping
2	1路	Daping 1st Rd.
2	2街	Daping 2nd St.
2	3街	Daping 3rd St.
2	5街	Daping 5th St.
2	巷	Daping Ln.
2	村	Daping Vil.
2	林	Dapinglin
2	營	Dapingying
2	街	Daping St.
2	路	Daping Rd.
2	里	Daping Vil.
2	頂	Dapingding
3	村	Dapingding Vil.
1	坵園	Daqiuyuan
2	村	Daqiu Vil.
2	路	Daqiu Rd.
1	城北	Dachengbei
2	巷	Dacheng Ln.
2	村	Dacheng Vil.
3	東勢路	Dongshi Rd., Dacheng Vil.
4	平路	Dongping Rd., Dacheng Vil.
3	西平路	Xiping Rd., Dacheng Vil.
2	路	Dacheng Rd.
2	里	Dacheng Vil.
1	埔	Dapu
2	1街	Dapu 1st St.
3	路	Dapu 1st Rd.
2	2街	Dapu 2nd St.
3	路	Dapu 2nd Rd.
2	3街	Dapu 3rd St.
3	路	Dapu 3rd Rd.
2	5街	Dapu 5th St.
3	路	Dapu 5th Rd.
2	6街	Dapu 6th St.
3	路	Dapu 6th Rd.
2	7街	Dapu 7th St.
3	路	Dapu 7th Rd.
2	8街	Dapu 8th St.
2	9街	Dapu 9th St.
2	中路	Dapu Central Rd.
2	十街	Dapu 10th St.
2	口	Dapukou
2	園	Dapuyuan
2	巷	Dapu Ln.
2	村	Dapu Vil.
3	和興路	Hexing Rd., Dapu Vil.
3	永安路	Yong'an Rd., Dapu Vil.
4	樂巷	Yongle Ln., Dapu Vil.
4	豐巷	Yongfeng Ln., Dapu Vil.
2	美	Dapumei
3	園區11路	Dapumeiyuanqu 11th Rd.
6	2路	Dapumeiyuanqu 12th Rd.
6	6路	Dapumeiyuanqu 16th Rd.
6	8路	Dapumeiyuanqu 18th Rd.
6	路	Dapumeiyuanqu 1st Rd.
5	2路	Dapumeiyuanqu 2nd Rd.
5	3路	Dapumeiyuanqu 3rd Rd.
5	5路	Dapumeiyuanqu 5th Rd.
7	北段	Sec. N., Dapumeiyuanqu 5th Rd.
5	6路	Dapumeiyuanqu 6th Rd.
5	7路	Dapumeiyuanqu 7th Rd.
7	北段	Sec. N., Dapumeiyuanqu 7th Rd.
5	8路	Dapumeiyuanqu 8th Rd.
5	9路	Dapumeiyuanqu 9th Rd.
5	二十路	Dapumeiyuanqu 20th Rd.
2	自強巷	Dapuziqiang Ln.
2	街	Dapu St.
2	路	Dapu Rd.
3	1段	Sec. 1, Dapu Rd.
3	2段	Sec. 2, Dapu Rd.
3	吉慶公園城	Jiqing Gongyuancheng, Dapu Rd.
3	國宅新村	Guozhai New Vil., Dapu Rd.
3	慶安新村	Qing'an New Vil., Dapu Rd.
3	有勝一村	Yousheng 1st Vil., Dapu Rd.
5	二村	Yousheng 2nd Vil., Dapu Rd.
5	新村	Yousheng New Vil., Dapu Rd.
3	東泰新村	Dongtai New Vil., Dapu Rd.
3	臺北新城	Taibei Xincheng, Dapu Rd.
3	錢龍新城	Qianlong Xincheng, Dapu Rd.
3	頂埔巷	Dingpu Ln., Dapu Rd.
2	里	Dapu Vil.
2	頂	Dapuding
1	埕	Dacheng
2	村	Dacheng Vil.
2	街	Dacheng St.
2	里	Dacheng Vil.
1	埤	Dapi
2	1路	Dapi 1st Rd.
2	2路	Dapi 2nd Rd.
2	5路	Dapi 5th Rd.
2	南路	Dapi S. Rd.
2	墘	Dapiqian
2	寮	Dapiliao
2	村	Dapi Vil.
2	腳	Dapijiao
2	街	Dapi St.
2	路	Dapi Rd.
3	力行巷	Lixing Ln., Dapi Rd.
3	涵碧巷	Hanbi Ln., Dapi Rd.
2	頭	Dapitou
1	堀	Daku
2	尾	Dakuwei
2	村	Dajue Vil.
2	湖	Dakuhu
1	堡	Dabao
1	塗師	Datushi
1	塘街	Datang St.
1	塭寮	Dawenliao
2	路	Dawen Rd.
1	墩11街	Dadun 11th St.
3	2街	Dadun 12th St.
3	3街	Dadun 13th St.
3	4街	Dadun 14th St.
3	5街	Dadun 15th St.
3	6街	Dadun 16th St.
3	7街	Dadun 17th St.
3	8街	Dadun 18th St.
3	9街	Dadun 19th St.
3	街	Dadun 1st St.
2	2街	Dadun 2nd St.
2	3街	Dadun 3rd St.
2	4街	Dadun 4th St.
2	5街	Dadun 5th St.
2	6街	Dadun 6th St.
2	7街	Dadun 7th St.
2	8街	Dadun 8th St.
2	9街	Dadun 9th St.
2	二十街	Dadun 20th St.
2	十街	Dadun 10th St.
2	南1街	Dadun S. 1st St.
3	2街	Dadun S. 2nd St.
3	路	Dadun S. Rd.
2	東街	Dadun E. St.
2	西1街	Dadun W. 1st St.
3	2街	Dadun W. 2nd St.
2	路	Dadun Rd.
2	里	Dadun Vil.
1	孔尾	Dakongwei
1	孝街	Daxiao St.
2	路	Daxiao Rd.
1	學11街	Daxue 11th St.
3	3街	Daxue 13th St.
3	5街	Daxue 15th St.
3	6街	Daxue 16th St.
3	7街	Daxue 17th St.
3	8街	Daxue 18th St.
3	9街	Daxue 19th St.
3	街	Daxue 1st St.
2	21路	Daxue 21st Rd.
3	2街	Daxue 22nd St.
3	3街	Daxue 23rd St.
3	5路	Daxue 25th Rd.
3	6街	Daxue 26th St.
3	7街	Daxue 27th St.
3	8街	Daxue 28th St.
3	9路	Daxue 29th Rd.
3	街	Daxue 2nd St.
2	31街	Daxue 31st St.
3	2街	Daxue 32nd St.
3	3街	Daxue 33rd St.
3	5街	Daxue 35th St.
3	6街	Daxue 36th St.
3	8街	Daxue 38th St.
3	街	Daxue 3rd St.
2	52街	Daxue 52nd St.
3	6街	Daxue 56th St.
3	8街	Daxue 58th St.
3	街	Daxue 5th St.
2	62街	Daxue 62nd St.
3	街	Daxue 6th St.
2	7街	Daxue 7th St.
2	9街	Daxue 9th St.
2	三十街	Daxue 30th St.
2	二十街	Daxue 20th St.
2	五十街	Daxue 50th St.
2	六十街	Daxue 60th St.
2	十街	Daxue 10th St.
2	南路	Daxue S. Rd.
2	東路	Daxue E. Rd.
2	街	Daxue St.
2	西路	Daxue W. Rd.
2	路	Daxue Rd.
3	1段	Sec. 1, University Road
3	2段	Sec. 2, University Road
3	3段	Sec. 3, University Road
3	西段	Sec. W., Daxue Rd.
2	里	Daxue Vil.
1	宅仔	Dazhaizai
2	北街	Dazhai N. St.
2	巷	Dazhai Ln.
2	街	Dazhai St.
1	安	Da'an
2	1街	Da'an 1st St.
3	路	Da'an 1st Rd.
2	2路	Da'an 2nd Rd.
2	3街	Da'an 3rd St.
2	5街	Da'an 5th St.
2	6街	Da'an 6th St.
2	8街	Da'an 8th St.
2	村	Da'an Vil.
2	港路	Da'angang Rd.
2	街	Da'an St.
2	西街	Da'an W. St.
2	路	Da'an Rd.
3	1段	Sec. 1, Da'an Rd.
3	2段	Sec. 2, Da'an Rd.
3	3段	Sec. 3, Da'an Rd.
2	里	Da'an Vil.
1	宏里	Dahong Vil.
1	定村	Dading Vil.
1	客	Dake
2	村	Dake Vil.
1	容東1街	Darong E. 1st St.
3	街	Darong E. St.
2	西街	Darong W. St.
1	富1街	Dafu 1st St.
3	路	Dafu 1st Rd.
2	2街	Dafu 2nd St.
2	3街	Dafu 3rd St.
2	4街	Dafu 4th St.
2	5街	Dafu 5th St.
2	村	Dafu Vil.
2	東街	Dafu E. St.
2	街	Dafu St.
2	西街	Dafu W. St.
2	路	Dafu Rd.
3	1段	Sec. 1, Dafu Rd.
3	2段	Sec. 2, Dafu Rd.
3	3段	Sec. 3, Dafu Rd.
5	大富巷	Dafu Ln., Sec. 3, Dafu Rd.
1	寮	Daliao
2	村	Daliau Vil.
2	路	Daliao Rd.
3	瑞芳工業區	Ruifang Industrial Park, Daliao Rd.
1	寶街	Dabao St.
1	屋坑	Dawukeng
1	展路	Dazhan Rd.
1	屯	Datun
2	寮	Datunliao
2	村	Datun Vil.
2	路	Datun Rd.
3	光華1巷	Guanghua 1st Ln., Datun Rd.
5	2巷	Guanghua 2nd Ln., Datun Rd.
5	3巷	Guanghua 3rd Ln., Datun Rd.
5	4巷	Guanghua 4th Ln., Datun Rd.
2	里	Datun Vil.
1	山	Dashan
2	1路	Dashan 1st Rd.
2	2路	Dashan 2nd Rd.
2	巷	Dashan Ln.
2	村	Dashan Vil.
2	背	Dashanbei
2	腳	Dashanjiao
2	街	Dashan St.
2	路	Dashan Rd.
2	里	Dashan Vil.
1	岩巷	Dayan Ln.
1	岸巷	Da'an Ln.
1	峰峰	Dafengfeng
2	巷	Dafeng Ln.
2	路	Dafeng Rd.
1	崁1街	Dakan 1st St.
2	2街	Dakan 2nd St.
2	3街	Dakan 3rd St.
2	村	Dakan Vil.
2	腳	Dakanjiao
1	崎	Daqi
2	1路	Daqi 1st Rd.
2	巷	Daqi Ln.
2	村	Daqi Vil.
2	腳	Daqijiao
2	路	Daqi Rd.
2	頭	Daqitou
1	崗村	Dagang Vil.
1	崙	Dalun
2	1巷	Dalun 1st Ln.
2	2巷	Dalun 2nd Ln.
2	尾	Dalunwei
2	巷	Dalun Ln.
2	村	Dalun Vil.
2	腳	Dalunjiao
2	街	Dalun St.
2	路	Dalun Rd.
2	里	Dalun Vil.
1	嶺巷	Daling Ln.
1	巃頂	Dalongding
1	川巷	Dachuan Ln.
2	街	Dachuan St.
1	工路	Dagong Rd.
1	平	Daping
2	地	Dapingdi
2	巷	Daping Ln.
2	村	Daping Vil.
2	窩	Dapingwo
2	街	Daping St.
2	路	Daping Rd.
2	里	Daping Vil.
1	庄	Dazhuang
2	村	Dazhuang Vil.
3	中山巷	Zhongshan Ln., Dazhuang Vil.
4	橫巷	Zhongheng Ln., Dazhuang Vil.
3	庄尾巷	Zhuangwei Ln., Dazhuang Vil.
3	新生巷	Xinsheng Ln., Dazhuang Vil.
2	路	Dazhuang Rd.
2	里	Dazhuang Vil.
1	度路	Dadu Rd.
3	3段	Sec. 3, Dadu Rd.
3	怡和巷	Yihe Ln., Dadu Rd.
1	庭	Dating
2	路	Dating Rd.
2	里	Dating Vil.
1	康榔	Dakanglang
1	廈巷	Daxia Ln.
2	街	Daxia St.
1	廟1街	Damiao 1st St.
2	2街	Damiao 2nd St.
2	3街	Damiao 3rd St.
2	5街	Damiao 5th St.
2	6街	Damiao 6th St.
2	村	Damiau Vil.
2	里	Damiau Vil.
1	弘1街	Dahong 1st St.
2	2街	Dahong 2nd St.
2	3街	Dahong 3rd St.
2	4街	Dahong 4th St.
2	5街	Dahong 5th St.
2	6街	Dahong 6th St.
2	街	Dahong St.
1	強里	Daqiang Vil.
1	彰路	Dazhang Rd.
3	1段	Sec. 1, Dazhang Rd.
3	2段	Sec. 2, Dazhang Rd.
3	3段	Sec. 3, Dazhang Rd.
3	4段	Sec. 4, Dazhang Rd.
3	5段	Sec. 5, Dazhang Rd.
1	後	Dahou
1	復街	Dafu St.
1	德	Dade
2	1街	Dade 1st St.
3	路	Dade 1st Rd.
4	2段	Sec. 2, Dade 1st Rd.
2	2街	Dade 2nd St.
3	路	Dade 2nd Rd.
2	3街	Dade 3rd St.
3	路	Dade 3rd Rd.
2	4街	Dade 4th St.
2	5街	Dade 5th St.
2	6街	Dade 6th St.
2	7街	Dade 7th St.
2	中路	Dade Central Rd.
2	北路	Dade N. Rd.
2	南路	Dade S. Rd.
2	巷	Dade Ln.
2	新路	Dadexin Rd.
2	村	Dade Vil.
2	街	Dade St.
2	路	Dade Rd.
3	1段	Sec. 1, Dade Rd.
3	2段	Sec. 2, Dade Rd.
3	3段	Sec. 3, Dade Rd.
2	里	Dade Vil.
1	忠1路	Dazhong 1st Rd.
2	2路	Dazhong 2nd Rd.
2	南街	Dazhong S. St.
2	村	Dazhong Vil.
2	街	Dazhong St.
2	路	Dazhong Rd.
2	里	Dazhong Vil.
1	恩街	Da'en St.
2	里	Da'en Vil.
1	愛街	Da'ai St.
2	路	Da'ai Rd.
1	慶街	Daqing St.
3	1段	Sec. 1, Daqing St.
3	2段	Sec. 2, Daqing St.
2	路	Daqing Rd.
2	里	Daqing Vil.
1	憲街	Daxian St.
1	成11街	Dacheng 11th St.
3	2街	Dacheng 12th St.
3	3街	Dacheng 13th St.
3	4街	Dacheng 14th St.
3	5街	Dacheng 15th St.
3	6街	Dacheng 16th St.
3	7街	Dacheng 17th St.
3	8街	Dacheng 18th St.
3	9街	Dacheng 19th St.
3	巷	Dacheng 1st Ln.
3	街	Dacheng 1st St.
2	2巷	Dacheng 2nd Ln.
3	街	Dacheng 2nd St.
2	3巷	Dacheng 3rd Ln.
3	街	Dacheng 3rd St.
2	5巷	Dacheng 5th Ln.
3	街	Dacheng 5th St.
2	6街	Dacheng 6th St.
2	7街	Dacheng 7th St.
2	8街	Dacheng 8th St.
2	9街	Dacheng 9th St.
2	十街	Dacheng 10th St.
2	南路	Dacheng S. Rd.
2	巷	Dacheng Ln.
2	市場	Dacheng Market
2	街	Dacheng St.
2	路	Dacheng Rd.
3	1段	Sec. 1, Dacheng Rd.
3	2段	Sec. 2, Dacheng Rd.
3	安南巷	Annan Ln., Dacheng Rd.
2	里	Dacheng Vil.
1	房路	Dafang Rd.
1	振街	Dazhen St.
1	排	Dapai
2	1路1段	Sec. 1, Dapai 1st Rd.
4	2段	Sec. 2, Dapai 1st Rd.
2	2路1段	Sec. 1, Dapai 2nd Rd.
4	2段	Sec. 2, Dapai 2nd Rd.
2	3路	Dapai 3rd Rd.
2	5路	Dapai 5th Rd.
2	6路1段	Sec. 1, Dapai 6th Rd.
4	2段	Sec. 2, Dapai 6th Rd.
2	7路1段	Sec. 1, Dapai 7th Rd.
4	2段	Sec. 2, Dapai 7th Rd.
2	巷	Dapai Ln.
2	竹	Dapaizhu
2	路	Dapai Rd.
1	政1街	Dazheng 1st St.
2	3街	Dazheng 3rd St.
2	5街	Dazheng 5th St.
2	7街	Dazheng 7th St.
2	街	Dazheng St.
1	新	Daxin
2	1巷	Daxin 1st Ln.
3	街	Daxin 1st St.
2	2巷	Daxin 2nd Ln.
3	街	Daxin 2nd St.
2	3街	Daxin 3rd St.
2	4街	Daxin 4th St.
2	5街	Daxin 5th St.
2	巷	Daxin Ln.
2	村	Daxin Vil.
2	街	Daxin St.
2	路	Daxin Rd.
3	大展巷	Dazhan Ln., Daxin Rd.
2	里	Daxin Vil.
1	方新村	Dafang New Vil.
2	街	Dafang St.
1	旋巷	Daxuan Ln.
1	旗村	Daqi Vil.
1	旱坑	Dahankeng
1	旺路	Dawang Rd.
1	昌1路	Dachang 1st Rd.
2	2路	Dachang 2nd Rd.
2	街	Dachang St.
2	路	Dachang Rd.
3	1段	Sec. 1, Dachang Rd.
3	2段	Sec. 2, Dachang Rd.
3	三和巷	Sanhe Ln., Dachang Rd.
3	大德巷	Dade Ln., Dachang Rd.
2	里	Dachang Vil.
1	明1街	Daming 1st St.
3	路	Daming 1st Rd.
2	2街	Daming 2nd St.
3	路	Daming 2nd Rd.
2	3街	Daming 3rd St.
3	路	Daming 3rd Rd.
2	4街	Daming 4th St.
2	5街	Daming 5th St.
2	巷	Daming Ln.
2	街	Daming St.
3	第五市場	5th Market, Daming St.
2	路	Daming Rd.
2	里	Daming Vil.
1	春1街	Dachun 1st St.
2	2街	Dachun 2nd St.
2	3街	Dachun 3rd St.
2	街	Dachun St.
2	路	Dachun Rd.
1	景1街	Dajing 1st St.
2	2街	Dajing 2nd St.
1	智1街	Dazhi 1st St.
2	2街	Dazhi 2nd St.
2	3街	Dazhi 3rd St.
2	5街	Dazhi 5th St.
2	7街	Dazhi 7th St.
2	北1街	Dazhi N. 1st St.
3	路	Dazhi N. Rd.
2	巷	Dazhi Ln.
2	街	Dazhi St.
3	后角巷	Houjiao Ln., Dazhi St.
2	路	Dazhi Rd.
3	1段	Sec. 1, Dazhi Rd.
3	2段	Sec. 2, Dazhi Rd.
2	里	Dazhi Vil.
1	暖坑	Danuankeng
2	路	Danuan Rd.
1	有	Dayou
2	1街	Dayou 1st St.
2	2街	Dayou 2nd St.
2	3街	Dayou 3rd St.
2	4街	Dayou 4th St.
2	5街	Dayou 5th St.
2	村	Dayou Vil.
2	東街	Dayou E. St.
2	街	Dayou St.
2	西街	Dayou W. St.
2	路	Dayou Rd.
2	里	Dayou Vil.
1	村村	Dacun Vil.
2	里	Dacun Vil.
1	東	Dadong
2	1路	Dadong 1st Rd.
2	2路	Dadong 2nd Rd.
2	勢	Dadongshi
2	坑	Dadongkeng
2	家	Dadongjia
2	村	Dadong Vil.
2	街	Dadong St.
2	路	Dadong Rd.
2	里	Dadong Vil.
1	松	Dasong
2	腳	Dasongjiao
1	林巷	Dalin Ln.
2	村	Dalin Vil.
2	街	Dalin St.
2	路	Dalin Rd.
2	里	Dalin Vil.
1	果葉	Daguoye
1	格門	Dagemen
1	案山	Da'anshan
1	梅路	Damei Rd.
1	棟山路	Dadongshan Rd.
1	森巷	Dasen Ln.
1	楊北街	Dayang N. St.
2	南街	Dayang S. St.
1	業1路	Daye 1st Rd.
2	北路	Daye N. Rd.
2	南路	Daye S. Rd.
2	街	Daye St.
2	路	Daye Rd.
3	1段	Sec. 1, Daye Rd.
3	2段	Sec. 2, Daye Rd.
2	里	Daye Vil.
1	榮1路	Darong 1st Rd.
2	2路	Darong 2nd Rd.
2	3路	Darong 3rd Rd.
2	4路	Darong 4th Rd.
2	5路	Darong 5th Rd.
2	巷	Darong Ln.
2	街	Darong St.
2	路	Darong Rd.
2	里	Darong Vil.
1	模街	Damo St.
1	樹北巷	Dashu N. Ln.
2	南巷	Dashu S. Ln.
2	村	Dashu Vil.
2	腳	Dashujiao
2	路	Dashu Rd.
3	北巷	N. Ln., Dashu Rd.
3	南巷	S. Ln., Dashu Rd.
3	新榮巷	Xinrong Ln., Dashu Rd.
1	橋	Daqiao
2	1街	Daqiao 1st St.
2	2街	Daqiao 2nd St.
2	3街	Daqiao 3rd St.
2	5街	Daqiao 5th St.
2	南路	Daqiao S. Rd.
2	新村	Daqiao New Vil.
2	村	Daqiao Vil.
2	路	Daqiao Rd.
2	里	Daqiao Vil.
2	頭	Daqiaotou
1	欄村	Dalan Vil.
1	正1街	Dazheng 1st St.
2	2街	Dazheng 2nd St.
2	3街	Dazheng 3rd St.
2	4街	Dazheng 4th St.
2	5街	Dazheng 5th St.
2	街	Dazheng St.
2	路	Dazheng Rd.
2	里	Dazheng Vil.
1	武1巷	Dawu 1st Ln.
2	2巷	Dawu 2nd Ln.
2	山1街	Dawushan 1st St.
3	2街	Dawushan 2nd St.
3	3街	Dawushan 3rd St.
3	4街	Dawushan 4th St.
3	5街	Dawushan 5th St.
3	6街	Dawushan 6th St.
3	7街	Dawushan 7th St.
2	巷	Dawu Ln.
2	村	Dawu Vil.
2	街	Dawu St.
3	保安巷	Bao'an Ln., Dawu St.
2	路	Dawu Rd.
3	1段	Sec. 1, Dawu Rd.
3	2段	Sec. 2, Dawu Rd.
3	3段	Sec. 3, Dawu Rd.
2	里	Dawu Vil.
1	民北路	Damin N. Rd.
2	街	Damin St.
1	水堀	Dashuiku
2	湳路	Dashuinan Rd.
2	窟	Dashuiku
1	永路	Dayong Rd.
2	里	Dayong Vil.
1	池村	Dachi Vil.
2	角	Dachijiao
1	河1巷	Dahe 1st Ln.
2	2巷	Dahe 2nd Ln.
2	村	Dahe Vil.
2	街	Dahe St.
2	里	Dahe Vil.
1	洋	Dayang
2	巷	Dayang Ln.
2	街	Dayang St.
2	里	Dayang Vil.
1	津	Dajin
2	村	Dajin Vil.
1	洲	Dazhou
2	1路	Dazhou 1st Rd.
2	2路	Dazhou 2nd Rd.
2	原路	Dazhouyuan Rd.
2	村	Dazhou Vil.
2	街	Dazhou St.
2	路	Dazhou Rd.
2	里	Dazhou Vil.
1	海村	Dahai Vil.
1	涼路	Daliang Rd.
2	里	Daliang Vil.
1	清水	Daqingshui
1	港口	Dagangkou
2	街	Dagang St.
2	里	Dagang Vil.
1	湖	Dahu
2	12路	Dahu 12th Rd.
3	6路	Dahu 16th Rd.
3	8路	Dahu 18th Rd.
3	路	Dahu 1st Rd.
2	22路	Dahu 22nd Rd.
3	路	Dahu 2nd Rd.
2	3路	Dahu 3rd Rd.
2	5路	Dahu 5th Rd.
2	6路	Dahu 6th Rd.
2	7路	Dahu 7th Rd.
2	8路	Dahu 8th Rd.
2	二十路	Dahu 20th Rd.
2	內	Dahunei
2	十路	Dahu 10th Rd.
2	口	Dahukou
2	山1路	Dahushan 1st Rd.
3	莊街	Dahu Shanzhuang St.
2	巷	Dahu Ln.
2	底	Dahudi
2	村	Dahu Vil.
2	東路	Dahu E. Rd.
2	格	Dahuge
2	街	Dahu St.
2	角	Dahujiao
2	路	Dahu Rd.
3	1段	Sec. 1, Dahu Rd.
3	2段	Sec. 2, Dahu Rd.
3	余厝巷	Yucuo Ln., Dahu Rd.
3	金包珠巷	Jinbaozhu Ln., Dahu Rd.
2	農場	Dahu Farm
2	里	Dahu Vil.
2	頂	Dahuding
1	湳	Danan
2	1街	Danan 1st St.
2	2街	Danan 2nd St.
2	3街	Danan 3rd St.
2	5街	Danan 5th St.
2	6街	Danan 6th St.
2	7街	Danan 7th St.
2	8街	Danan 8th St.
2	巷	Danan Ln.
2	街	Danan St.
2	路	Danan Rd.
2	里	Danan Vil.
1	源11街	Dayuan 11th St.
3	2街	Dayuan 12th St.
3	3街	Dayuan 13th St.
3	4街	Dayuan 14th St.
3	5街	Dayuan 15th St.
3	6街	Dayuan 16th St.
3	7街	Dayuan 17th St.
3	8街	Dayuan 18th St.
3	9街	Dayuan 19th St.
3	街	Dayuan 1st St.
2	2街	Dayuan 2nd St.
3	路	Dayuan 2nd Rd.
2	3街	Dayuan 3rd St.
2	4街	Dayuan 4th St.
2	5街	Dayuan 5th St.
2	6街	Dayuan 6th St.
2	7街	Dayuan 7th St.
2	8街	Dayuan 8th St.
2	9街	Dayuan 9th St.
2	三十街	Dayuan 30th St.
2	二十街	Dayuan 20th St.
2	十街	Dayuan 10th St.
2	路	Dayuan Rd.
1	溝巷	Dagou Ln.
2	村	Dagou Vil.
2	路	Dagou Rd.
2	里	Dagou Vil.
1	溪	Daxi
2	1街	Daxi 1st St.
2	2街	Daxi 2nd St.
2	3街	Daxi 3rd St.
2	5街	Daxi 5th St.
2	6街	Daxi 6th St.
2	7街	Daxi 7th St.
2	8街	Daxi 8th St.
2	9街	Daxi 9th St.
2	十街	Daxi 10th St.
2	厝	Daxicuo
2	坪	Daxiping
2	墘	Daxiqian
2	巷	Daxi Ln.
2	市場	Daxi Market
2	路	Daxi Rd.
3	1段	Sec. 1, Daxi Rd.
5	李厝巷	Licuo Ln., Sec. 1, Daxi Rd.
3	2段	Sec. 2, Daxi Rd.
3	3段	Sec. 3, Daxi Rd.
3	青宅巷	Qingzhai Ln., Daxi Rd.
2	里	Daxi Vil.
1	滾水	Dagunshui
3	巷	Dagunshui Ln.
1	漢村	Dahan Vil.
2	街	Dahan St.
2	路	Dahan Rd.
1	潭	Datan
2	1街	Datan 1st St.
2	2街	Datan 2nd St.
2	3路	Datan 3rd Rd.
2	5路	Datan 5th Rd.
2	6街	Datan 6th St.
2	北路	Datan N. Rd.
2	南路	Datan S. Rd.
2	村	Datan Vil.
2	路	Datan Rd.
2	里	Datan Vil.
1	澳街	Da'ao St.
1	瀨	Dalai
1	灣	Dawan
2	1街	Dawan 1st St.
2	2街	Dawan 2nd St.
2	3街	Dawan 3rd St.
2	5街	Dawan 5th St.
2	6街	Dawan 6th St.
2	7街	Dawan 7th St.
2	坪	Dawanping
2	村	Dawan Vil.
2	東路	Dawan E. Rd.
2	街	Dawan St.
2	路	Dawan Rd.
2	里	Dawan Vil.
1	火房街	Dahuofang St.
1	為街	Dawei St.
1	營	Daying
2	村	Daying Vil.
2	路	Daying Rd.
1	片田	Dapiantian
3	尾	Dapian Tianwei
2	頭	Dapiantou
1	牛欄	Daniulan
2	稠	Daniuchou
1	王村	Dawang Vil.
2	路	Dawang Rd.
1	理街	Dali St.
1	生路	Dasheng Rd.
1	田村	Datian Vil.
1	甲村	Dajia Vil.
2	街	Dajia St.
2	里	Dajia Vil.
1	發街	Dafa St.
2	路	Dafa Rd.
2	里	Dafa Vil.
1	白沙	Dabaisha
1	益街	Dayi St.
1	目降大道	Damujiang Blvd.
1	直街	Dazhi St.
2	里	Dazhi Vil.
1	眉	Damei
2	村	Damei Vil.
2	里	Damei Vil.
1	眾1街	Dazhong 1st St.
3	路	Dazhong 1st Rd.
2	2街	Dazhong 2nd St.
3	路	Dazhong 2nd Rd.
2	3街	Dazhong 3rd St.
3	路	Dazhong 3rd Rd.
2	5街	Dazhong 5th St.
3	路	Dazhong 5th Rd.
2	6街	Dazhong 6th St.
3	路	Dazhong 6th Rd.
2	北路	Dazhong N. Rd.
2	巷	Dazhong Ln.
2	東路	Dazhong E. Rd.
2	路	Dazhong Rd.
2	里	Dazhong Vil.
1	石1巷	Dashi 1st Ln.
2	2巷	Dashi 2nd Ln.
2	3巷	Dashi 3rd Ln.
2	4巷	Dashi 4th Ln.
2	5巷	Dashi 5th Ln.
2	6巷	Dashi 6th Ln.
2	巷	Dashi Ln.
2	村	Dashi Vil.
2	里	Dashi Vil.
1	社	Dashe
2	南路	Dashe S. Rd.
2	村	Dashe Vil.
2	街	Dashe St.
2	路	Dashe Rd.
3	1段	Sec. 1, Dashe Rd.
3	2段	Sec. 2, Dashe Rd.
3	3段	Sec. 3, Dashe Rd.
2	里	Dashe Vil.
1	祥街	Daxiang St.
1	福巷	Dafu Ln.
2	村	Dafu Vil.
2	街	Dafu St.
2	路	Dafu Rd.
3	1段	Sec. 1, Dafu Rd.
3	2段	Sec. 2, Dafu Rd.
3	3段	Sec. 3, Dafu Rd.
2	里	Dafu Vil.
1	禮街	Dali St.
2	路	Dali Rd.
1	禹	Dayu
2	嶺	Dayuling
2	街	Dayu St.
2	里	Dayu Vil.
1	科1路	Dake 1st Rd.
2	村	Dake Vil.
2	路	Dake Rd.
2	里	Dake Vil.
1	程巷	Dacheng Ln.
1	突巷	Datu Ln.
2	里	Datu Vil.
1	窩	Dawo
2	路	Dawo Rd.
1	竹	Dazhu
2	1街	Dazhu 1st St.
2	2街	Dazhu 2nd St.
2	北路	Dazhu N. Rd.
2	南路	Dazhu S. Rd.
2	圍	Dazhuwei
3	路	Dazhuwei Rd.
2	坑	Dazhukeng
2	村	Dazhu Vil.
2	林	Dazhulin
2	路	Dazhu Rd.
3	國中巷	Guozhong Ln., Dazhu Rd.
3	水坑巷	Shuikeng Ln., Dazhu Rd.
2	里	Dazhu Vil.
1	管巷	Daguan Ln.
1	粗坑	Dacukeng
1	糖里	Datang Vil.
1	統路	Datong Rd.
1	綸	Dalun
1	羅蘭	Daluolan
1	美	Damei
2	村	Damei Vil.
2	里	Damei Vil.
1	義1路	Dayi 1st Rd.
2	2路	Dayi 2nd Rd.
2	3路	Dayi 3rd Rd.
2	5路	Dayi 5th Rd.
2	6路	Dayi 6th Rd.
2	7路	Dayi 7th Rd.
2	8路	Dayi 8th Rd.
2	巷	Dayi Ln.
2	村	Dayi Vil.
2	街	Dayi St.
2	路	Dayi Rd.
2	里	Dayi Vil.
1	翔街	Daxiang St.
1	老巷	Dalao Ln.
1	聖1街	Dasheng 1st St.
2	2街	Dasheng 2nd St.
2	3街	Dasheng 3rd St.
2	4街	Dasheng 4th St.
2	北街	Dasheng N. St.
2	南街	Dasheng S. St.
2	街	Dasheng St.
2	路	Dasheng Rd.
1	肚	Dadu
2	村	Dadu Vil.
2	街	Dadu St.
1	腳腿	Dajiaotui
1	膽	Dadan
1	興	Daxing
2	11街	Daxing 11th St.
3	2街	Daxing 12th St.
3	3街	Daxing 13th St.
3	4街	Daxing 14th St.
3	5街	Daxing 15th St.
3	6街	Daxing 16th St.
3	7街	Daxing 17th St.
3	9街	Daxing 19th St.
3	街	Daxing 1st St.
2	2街	Daxing 2nd St.
2	3街	Daxing 3rd St.
2	4街	Daxing 4th St.
2	5街	Daxing 5th St.
2	6街	Daxing 6th St.
2	7街	Daxing 7th St.
2	8街	Daxing 8th St.
2	9街	Daxing 9th St.
2	十街	Daxing 10th St.
2	商場	Dasing Market
2	巷	Daxing Ln.
2	村	Daxing Vil.
2	窩	Daxingwo
2	街	Daxing St.
2	西路1段	Sec. 1, Daxing W. Rd.
4	2段	Sec. 2, Daxing W. Rd.
4	3段	Sec. 3, Daxing W. Rd.
2	路	Daxing Rd.
3	西段	Sec. W., Daxing Rd.
2	里	Daxing Vil.
1	舌湖	Dashehu
1	舍北路	Dashe N. Rd.
2	南路	Dashe S. Rd.
2	村	Dashe Vil.
2	東路	Dashe E. Rd.
4	公厝巷	Gongcuo Ln., Dashe E. Rd.
4	聖公巷	Shenggong Ln., Dashe E. Rd.
2	西路	Dashe W. Rd.
1	舜巷	Dashun Ln.
1	芳街	Dafang St.
1	苓里	Daling Vil.
1	英街	Daying St.
2	西1街	Daying W. 1st St.
3	2街	Daying W. 2nd St.
1	茂巷	Damao Ln.
1	茅埔	Damaopu
1	草埔	Dacaopu
1	荖	Dalao
2	里	Dalau Vil.
1	莊	Dazhuang
2	巷	Dazhuang Ln.
2	路	Dazhuang Rd.
2	里	Dazhuang Vil.
1	華1街	Dahua 1st St.
3	路	Dahua 1st Rd.
2	2街	Dahua 2nd St.
3	路	Dahua 2nd Rd.
2	3街	Dahua 3rd St.
3	路	Dahua 3rd Rd.
2	5街	Dahua 5th St.
2	6街	Dahua 6th St.
2	7街	Dahua 7th St.
2	8街	Dahua 8th St.
2	9街	Dahua 9th St.
2	北街	Dahua N. St.
2	村	Dahua Vil.
2	街	Dahua St.
3	居安巷	Ju'an Ln., Dahua St.
2	路	Dahua Rd.
2	里	Dahua Vil.
1	葛里	Dage Vil.
1	行街	Daxing St.
1	街路	Dajie Rd.
3	觀音巷	Guanyin Ln., Dajie Rd.
2	里	Dajie Vil.
1	衛1街	Dawei 1st St.
2	路	Dawei Rd.
1	裕1街	Dayu 1st St.
2	街	Dayu St.
2	路	Dayu Rd.
1	裡街	Dali St.
1	西1街	Daxi 1st St.
2	2街	Daxi 2nd St.
2	村	Daxi Vil.
2	路	Daxi Rd.
1	覺路	Dajue Rd.
1	觀巷	Daguan Ln.
2	街	Daguan St.
2	路	Daguan Rd.
3	1段	Sec. 1, Daguan Rd.
3	2段	Sec. 2, Daguan Rd.
3	3段	Sec. 3, Daguan Rd.
3	4段	Sec. 4, Daguan Rd.
2	里	Daguan Vil.
1	誠街	Dacheng St.
2	路	Dacheng Rd.
1	豊村	Dali Vil.
1	豐	Dafeng
2	1街	Dafeng 1st St.
3	路	Dafeng 1st Rd.
2	2街	Dafeng 2nd St.
3	路	Dafeng 2nd Rd.
2	3街	Dafeng 3rd St.
2	4街	Dafeng 4th St.
2	北街	Dafeng N. St.
2	村	Dafeng Vil.
2	東1街	Dafeng E. 1st St.
3	2街	Dafeng E. 2nd St.
2	街	Dafeng St.
2	路	Dafeng Rd.
3	1段	Sec. 1, Dafeng Rd.
3	2段	Sec. 2, Dafeng Rd.
3	3段	Sec. 3, Dafeng Rd.
3	4段	Sec. 4, Dafeng Rd.
3	5段	Sec. 5, Dafeng Rd.
2	里	Dafeng Vil.
1	貴路	Dagui Rd.
1	賢街	Daxian St.
2	路	Daxian Rd.
1	赤崁	Dachikan
1	路仔	Daluzai
2	墘	Daluqian
1	農村	Danong Vil.
2	路	Danong Rd.
1	通1街	Datong 1st St.
2	街	Datong St.
2	路	Datong Rd.
1	連1街	Dalian 1st St.
2	2街	Dalian 2nd St.
2	3街	Dalian 3rd St.
2	4街	Dalian 4th St.
2	北街	Dalian N. St.
2	街	Dalian St.
2	西路	Dalian W. Rd.
2	路	Dalian Rd.
3	1段	Sec. 1, Dalian Rd.
3	2段	Sec. 2, Dalian Rd.
3	3段	Sec. 3, Dalian Rd.
2	里	Dalian Vil.
1	進11路	Dajin 11th Rd.
3	路	Dajin 1st Rd.
2	2路	Dajin 2nd Rd.
2	3路	Dajin 3rd Rd.
2	5路	Dajin 5th Rd.
2	6路	Dajin 6th Rd.
2	7路	Dajin 7th Rd.
2	8路	Dajin 8th Rd.
2	9路	Dajin 9th Rd.
2	十路	Dajin 10th Rd.
2	村	Dajin Vil.
2	東街	Dajin E. St.
2	街	Dajin St.
2	西街	Dajin W. St.
2	路	Dajin Rd.
3	四方林巷	Sifanglin Ln., Dajin Rd.
1	道街	Dadao St.
2	路	Dadao Rd.
2	里	Dadau Vil.
1	遼1路	Daliao 1st Rd.
2	2路	Daliao 2nd Rd.
2	3路	Daliao 3rd Rd.
2	4路	Daliao 4th Rd.
2	5路	Daliao 5th Rd.
2	6路	Daliao 6th Rd.
2	7路	Daliao 7th Rd.
2	路	Daliao Rd.
2	里	Daliau Vil.
1	邱路	Daqiu Rd.
1	部	Dabu
1	鄉	Daxiang
2	里	Daxiang Vil.
1	里	Da Vil.
2	1街	Dali 1st St.
2	2街	Dali 2nd St.
2	村	Dali Vil.
2	網	Daliwang
2	街	Dali St.
2	路	Dali Rd.
3	中里巷	Zhongli Ln., Dali Rd.
3	西里巷	Xili Ln., Dali Rd.
2	里	Dali Vil.
1	銅鑼圈	Datongluoquan
1	銑櫃	Daxiangui
1	長路	Dachang Rd.
1	門巷	Damen Ln.
1	關巷	Daguan Ln.
2	路	Daguan Rd.
1	隆路	Dalong Rd.
1	隘	Da'ai
2	村	Da'ai Vil.
1	隱11路	Dayin 11th Rd.
3	2路	Dayin 12th Rd.
3	3路	Dayin 13th Rd.
3	5路	Dayin 15th Rd.
3	6路	Dayin 16th Rd.
3	路	Dayin 1st Rd.
2	2路	Dayin 2nd Rd.
2	3路	Dayin 3rd Rd.
2	5路	Dayin 5th Rd.
2	6路	Dayin 6th Rd.
2	7路	Dayin 7th Rd.
2	8路	Dayin 8th Rd.
2	中路	Dayin Central Rd.
2	村	Dayin Vil.
1	雁巷	Dayan Ln.
2	村	Dayan Vil.
1	雅1街	Daya 1st St.
2	2街	Daya 2nd St.
2	3街	Daya 3rd St.
2	村	Daya Vil.
2	街	Daya St.
2	路	Daya Rd.
3	1段	Sec. 1, Daya Rd.
3	2段	Sec. 2, Daya Rd.
3	市場巷	Shichang Ln., Daya Rd.
1	霞里	Daxia Vil.
1	青坑	Daqingkeng
1	鞍路	Da'an Rd.
2	里	Da'an Vil.
1	順1街	Dashun 1st St.
3	路	Dashun 1st Rd.
2	2街	Dashun 2nd St.
3	路	Dashun 2nd Rd.
2	3街	Dashun 3rd St.
3	路	Dashun 3rd Rd.
2	5街	Dashun 5th St.
3	路	Dashun 5th Rd.
2	6街	Dashun 6th St.
3	路	Dashun 6th Rd.
2	7路	Dashun 7th Rd.
2	8路	Dashun 8th Rd.
2	9路	Dashun 9th Rd.
2	街	Dashun St.
2	路	Dashun Rd.
1	館	Daguan
1	饒路	Darao Rd.
2	里	Darau Vil.
1	馬	Dama
2	村	Dama Vil.
2	路	Dama Rd.
3	莊內巷	Zhuangnei Ln., Dama Rd.
1	鬮路	Dajiu Rd.
1	魚池巷	Dayuchi Ln.
1	魯閣路	Daluge Rd.
1	鳥	Daniao
2	村	Daniau Vil.
1	鵬3路	Dapeng 3rd Rd.
2	5路	Dapeng 5th Rd.
2	7路	Dapeng 7th Rd.
2	九村	Dapeng 9th Vil.
2	六村	Dapeng 6th Vil.
2	市場1巷	Dapeng Market 1st Ln.
4	2巷	Dapeng Market 2nd Ln.
4	3巷	Dapeng Market 3rd Ln.
4	4巷	Dapeng Market 4th Ln.
4	5巷	Dapeng Market 5th Ln.
2	村	Dapeng Vil.
2	街	Dapeng St.
2	路	Dapeng Rd.
3	市場3巷	Shichang 3rd Ln., Dapeng Rd.
5	4巷	Shichang 4th Ln., Dapeng Rd.
2	里	Dapeng Vil.
1	鶯路	Daying Rd.
1	龍村	Dalong Vil.
2	街	Dalong St.
0	天下路	Tianxia Rd.
1	中里	Tianzhong Vil.
1	主巷	Tianzhu Ln.
1	乙街	Tianyi St.
2	路	Tianyi Rd.
1	仁	Tianren
2	1街	Tianren 1st St.
2	2街	Tianren 2nd St.
2	北街	Tianren N. St.
2	南街	Tianren S. St.
2	東村	Tianrendong Vil.
2	街	Tianren St.
1	保厝	Tianbaocuo
2	街	Tianbao St.
1	倫街	Tianlun St.
1	公巷	Tiangong Ln.
1	助街	Tianzhu St.
1	后街	Tianhou St.
2	路	Tianhou Rd.
2	里	Tianhou Vil.
1	和里	Tianhe Vil.
1	壽里	Tianshou Vil.
1	宮街	Tiangong St.
1	寮巷	Tianliao Ln.
1	寶新村	Tianbao New Vil.
2	街	Tianbao St.
1	山村	Tianshan Vil.
2	路	Tianshan Rd.
2	里	Tianshan Vil.
1	嶺巷	Tianling Ln.
1	府路1段	Sec. 1, Tianfu Rd.
3	2段	Sec. 2, Tianfu Rd.
1	德1路	Tiande 1st Rd.
2	2路	Tiande 2nd Rd.
2	3路	Tiande 3rd Rd.
2	南路	Tiande S. Rd.
2	巷	Tiande Ln.
2	路	Tiande Rd.
1	惠路	Tianhui Rd.
1	成新村	Tiancheng New Vil.
1	摩山	Tianmo Mountain
1	文街	Tianwen St.
2	路	Tianwen Rd.
1	星新村	Tianxing New Vil.
1	時村	Tianshi Vil.
1	望崎	Tianwangqi
1	母北路	Tianmu N. Rd.
2	東路	Tianmu E. Rd.
2	西路	Tianmu W. Rd.
2	里	Tianmu Vil.
1	民路	Tianmin Rd.
1	水中街	Tianshui Central St.
2	東1街	Tianshui E. 1st St.
3	2街	Tianshui E. 2nd St.
3	街	Tianshui E. St.
2	西1街	Tianshui W. 1st St.
3	2街	Tianshui W. 2nd St.
3	3街	Tianshui W. 3rd St.
3	4街	Tianshui W. 4th St.
3	5街	Tianshui W. 5th St.
3	6街	Tianshui W. 6th St.
3	街	Tianshui W. St.
2	路	Tianshui Rd.
1	池街	Tianchi St.
2	路	Tianchi Rd.
2	里	Tianchi Vil.
1	泉1街	Tianquan 1st St.
2	2街	Tianquan 2nd St.
1	津1街	Tianjin 1st St.
2	2街	Tianjin 2nd St.
2	3街	Tianjin 3rd St.
2	4街	Tianjin 4th St.
2	5街	Tianjin 5th St.
2	街	Tianjin St.
2	路	Tianjin Rd.
3	1段	Sec. 1, Tianjin Rd.
3	2段	Sec. 2, Tianjin Rd.
3	3段	Sec. 3, Tianjin Rd.
3	4段	Sec. 4, Tianjin Rd.
1	湖	Tianhu
1	狗	Tiangou
1	玄街	Tianxuan St.
1	玉街	Tianyu St.
2	里	Tianyu Vil.
1	生街	Tiansheng St.
1	盛1路	Tiansheng 1st Rd.
2	2路	Tiansheng 2nd Rd.
2	村	Tiansheng Vil.
2	路	Tiansheng Rd.
1	祐路	Tianyou Rd.
1	祥	Tianxiang
2	1街	Tianxiang 1st St.
3	路	Tianxiang 1st Rd.
2	2街	Tianxiang 2nd St.
3	路	Tianxiang 2nd Rd.
2	3街	Tianxiang 3rd St.
2	4街	Tianxiang 4th St.
2	5街	Tianxiang 5th St.
2	6街	Tianxiang 6th St.
2	7街	Tianxiang 7th St.
2	街	Tianxiang St.
3	1段	Sec. 1, Tianxiang St.
3	2段	Sec. 2, Tianxiang St.
2	路	Tianxiang Rd.
3	1段	Sec. 1, Tianxiang Rd.
1	祿里	Tianlu Vil.
1	福村	Tianfu Vil.
2	里	Tianfu Vil.
1	臺街	Tiantai St.
1	興街	Tianxing St.
2	里	Tianxing Vil.
1	行新村	Tianxing New Vil.
1	赦	Tianshe
1	車	Tianche
1	輪巷	Tianlun Ln.
2	村	Tianlun Vil.
1	雲街	Tianyun St.
1	順街	Tianshun St.
1	香新村	Tianxiang New Vil.
1	龍1巷	Tianlong 1st Ln.
2	2巷	Tianlong 2nd Ln.
2	3巷	Tianlong 3rd Ln.
2	4巷	Tianlong 4th Ln.
2	橋	Tianlong Bridge
0	太乙11街	Taiyi 11th St.
3	2街	Taiyi 12th St.
3	街	Taiyi 1st St.
2	2街	Taiyi 2nd St.
2	3街	Taiyi 3rd St.
2	4街	Taiyi 4th St.
2	5街	Taiyi 5th St.
2	6街	Taiyi 6th St.
2	7街	Taiyi 7th St.
2	8街	Taiyi 8th St.
2	9街	Taiyi 9th St.
2	十街	Taiyi 10th St.
2	路	Taiyi Rd.
1	保	Taibao
2	1路	Taibao 1st Rd.
2	2路	Taibao 2nd Rd.
2	3路	Taibao 3rd Rd.
2	5路	Taibao 5th Rd.
2	農場	Taibao Farm
2	里	Taibau Vil.
1	元街	Taiyuan St.
1	北街	Taibei St.
2	里	Taibei Vil.
1	南里	Tainan Vil.
1	原1街	Taiyuan 1st St.
3	路	Taiyuan 1st Rd.
2	2街	Taiyuan 2nd St.
2	3街	Taiyuan 3rd St.
2	4街	Taiyuan 4th St.
2	5街	Taiyuan 5th St.
2	6街	Taiyuan 6th St.
2	7街	Taiyuan 7th St.
2	8街	Taiyuan 8th St.
2	9街	Taiyuan 9th St.
2	北路	Taiyuan N. Rd.
2	南1街	Taiyuan S. 1st St.
3	2街	Taiyuan S. 2nd St.
3	3街	Taiyuan S. 3rd St.
2	巷	Taiyuan Ln.
2	街	Taiyuan St.
2	路	Taiyuan Rd.
3	1段	Sec. 1, Taiyuan Rd.
3	2段	Sec. 2, Taiyuan Rd.
3	3段	Sec. 3, Taiyuan Rd.
1	和	Taihe
2	1街	Taihe 1st St.
2	2街	Taihe 2nd St.
2	3街	Taihe 3rd St.
2	5街	Taihe 5th St.
2	6街	Taihe 6th St.
2	巷	Taihe Ln.
2	村	Taihe Vil.
2	東街	Taihe E. St.
2	街	Taihe St.
2	路	Taihe Rd.
3	1段	Sec. 1, Taihe Rd.
3	2段	Sec. 2, Taihe Rd.
2	里	Taihe Vil.
1	坑巷	Taikeng Ln.
1	坪	Taiping
1	堤東路	Taiti E. Rd.
2	西路	Taiti W. Rd.
1	子1街	Taizi 1st St.
2	2街	Taizi 2nd St.
2	3街	Taizi 3rd St.
2	4街	Taizi 4th St.
2	5街	Taizi 5th St.
2	北路	Taizi N. Rd.
2	南路	Taizi S. Rd.
2	大道	Taizi Blvd.
2	宅	Taizizhai
2	宮	Taizigong
2	村	Taizi Vil.
2	街	Taizi St.
2	路	Taizi Rd.
1	安1街	Tai'an 1st St.
2	2街	Tai'an 2nd St.
2	中街	Tai'an Central St.
2	路	Tai'an Rd.
1	峰路	Taifeng Rd.
1	平	Taiping
2	11街	Taiping 11th St.
3	2街	Taiping 12th St.
3	3街	Taiping 13th St.
3	5街	Taiping 15th St.
3	6街	Taiping 16th St.
3	7街	Taiping 17th St.
3	8街	Taiping 18th St.
3	9街	Taiping 19th St.
3	巷	Taiping 1st Ln.
3	街	Taiping 1st St.
2	2巷	Taiping 2nd Ln.
2	3巷	Taiping 3rd Ln.
3	街	Taiping 3rd St.
2	4巷	Taiping 4th Ln.
2	5街	Taiping 5th St.
2	6街	Taiping 6th St.
2	7街	Taiping 7th St.
2	8街	Taiping 8th St.
2	9街	Taiping 9th St.
2	二十街	Taiping 20th St.
2	北街	Taiping N. St.
2	十街	Taiping 10th St.
2	山莊	Taiping Villa
2	嶺	Taipingling
2	巷	Taiping Ln.
3	新中橫	Xinzhongheng, Taiping Ln.
3	沙里仙	Shalixian, Taiping Ln.
2	村	Taiping Vil.
3	和平路	Heping Rd., Taiping Vil.
3	民生路	Minsheng Rd., Taiping Vil.
3	茅仔埔	Maozaipu, Taiping Vil.
2	東路	Taiping E. Rd.
2	街	Taiping St.
3	新市巷	Xinshi Ln., Taiping St.
2	西路	Taiping W. Rd.
2	路	Taiping Rd.
3	1段	Sec. 1, Taiping Rd.
3	2段	Sec. 2, Taiping Rd.
3	4段	Sec. 4, Taiping Rd.
3	仁德巷	Rende Ln., Taiping Rd.
3	永興段	Sec. Yongxing, Taiping Rd.
2	里	Taiping Vil.
1	康	Taikang
2	村	Taikang Vil.
2	農場	Taikang Farm
1	成路	Taicheng Rd.
1	文路	Taiwen Rd.
1	新路	Taixin Rd.
1	昌山邊	Taichangshanbian
2	村	Taichang Vil.
2	路	Taichang Rd.
1	明北路	Taiming N. Rd.
2	路	Taiming Rd.
3	成豐巷	Chengfeng Ln., Taiming Rd.
1	東街	Taidong St.
1	極新村	Taiji New Vil.
1	武	Taiwu
2	山	Taiwu Mountain
2	新村	Taiwu New Vil.
2	村	Taiwu Vil.
2	社區	Taiwu Community
2	路	Taiwu Rd.
1	湖	Taihu
2	巷	Taihu Ln.
2	路	Taihu Rd.
3	1段	Sec. 1, Taihu Rd.
3	2段	Sec. 2, Taihu Rd.
3	3段	Sec. 3, Taihu Rd.
1	源村	Taiyuan Vil.
2	路	Taiyuan Rd.
1	爺村	Taiye Vil.
1	白街	Taibai St.
2	里	Taibai Vil.
1	祥1街	Taixiang 1st St.
2	2街	Taixiang 2nd St.
2	3街	Taixiang 3rd St.
2	東街	Taixiang E. St.
2	西街	Taixiang W. St.
2	路	Taixiang Rd.
1	義巷	Taiyi Ln.
1	興	Taixing
2	村	Taixing Vil.
2	路	Taixing Rd.
1	華街	Taihua St.
1	西	Taixi
1	金路	Taijin Rd.
1	順1街	Taishun 1st St.
2	2街	Taishun 2nd St.
2	3街	Taishun 3rd St.
2	5街	Taishun 5th St.
2	東街	Taishun E. St.
2	街	Taishun St.
2	路	Taishun Rd.
2	里	Taishun Vil.
1	麻里街	Tavualje St.
0	央北1路	Yangbei 1st Rd.
2	2路	Yangbei 2nd Rd.
0	奇岩路	Qiyan Rd.
2	里	Qiyan Vil.
1	峰街	Qifeng St.
1	業路	Qiye Rd.
1	立丹路	Qilidan Rd.
1	美	Qimei
2	村	Qimei Vil.
2	路1段	Sec. 1, Qimei Rd.
3	2段	Sec. 2, Qimei Rd.
0	奉化街	Fenghua St.
2	路	Fenghua Rd.
2	里	Fenghua Vil.
1	天路	Fengtian Rd.
1	賢路	Fengxian Rd.
0	奎柔山路	Kuiroushan Rd.
1	輝村	Kuihui Vil.
0	奏捷里	Zoujie Vil.
0	奕壽里	Yishou Vil.
0	奮起湖	Fenqihu
2	里	Fenqi Vil.
0	女中路1段	Sec. 1, Nuzhong Rd.
3	2段	Sec. 2, Nuzhong Rd.
3	3段	Sec. 3, Nuzhong Rd.
0	好來1街	Haolai 1st St.
2	2街	Haolai 2nd St.
2	3街	Haolai 3rd St.
2	5街	Haolai 5th St.
2	6街	Haolai 6th St.
2	7街	Haolai 7th St.
1	修村	Hauxiu Vil.
2	里	Hauxiu Vil.
1	平里	Hauping Vil.
1	收	Haoshou
2	里	Haushou Vil.
1	美里	Haumei Vil.
1	茶村	Haucha Vil.
1	金路	Haojin Rd.
0	如意	Ruyi
2	1街	Ruyi 1st St.
2	2街	Ruyi 2nd St.
2	街	Ruyi St.
2	路	Ruyi Rd.
0	妙壽里	Miaushou Vil.
1	崙村	Miaulun Vil.
0	妮姑庵	Nigu'an
0	姑婆嶼	Gupoyu
1	山村	Gushan Vil.
2	路	Gushan Rd.
1	爺	Guye
2	里	Guye Vil.
0	姓陳寮	Xingchenliao
0	姚厝	Yaocuo
0	姜子寮路	Jiangziliao Rd.
1	安街	Jiang'an St.
1	文街	Jiangwen St.
1	麻坑	Jiangmakeng
0	威虎巷	Weihu Ln.
0	娃娃谷	Wawagu
0	娜娘路	Naniang Rd.
0	媽厝里	Macuo Vil.
1	埔	Mapu
1	廟1街	Mamiao 1st St.
2	2街	Mamiao 2nd St.
2	村	Mamiau Vil.
1	祖1巷	Mazu 1st Ln.
2	3巷	Mazu 3rd Ln.
2	宮1街	Mazugong 1st St.
3	2街	Mazugong 2nd St.
3	3街	Mazugong 3rd St.
3	5街	Mazugong 5th St.
3	路	Mazugong Rd.
2	巷	Mazu Ln.
2	廟街	Mazumiao St.
2	街	Mazu St.
2	路	Mazu Rd.
2	里	Mazu Vil.
0	嫩江街	Nenjiang St.
0	子村	Zi Vil.
1	良廟	Ziliangmiao
1	茂	Zimao
2	村	Zimau Vil.
1	華路	Zihua Rd.
1	里	Zi Vil.
1	龍1街	Zilong 1st St.
2	2街	Zilong 2nd St.
2	3街	Zilong 3rd St.
2	5街	Zilong 5th St.
2	路	Zilong Rd.
2	里	Zilong Vil.
0	孔宅1街	Kongzhai 1st St.
2	2街	Kongzhai 2nd St.
2	3路	Kongzhai 3rd Rd.
2	5街	Kongzhai 5th St.
2	6街	Kongzhai 6th St.
2	7街	Kongzhai 7th St.
2	8路	Kongzhai 8th Rd.
2	十街	Kongzhai 10th St.
2	新路	Kongzhaixin Rd.
2	街	Kongzhai St.
2	里	Kongzhai Vil.
1	明街	Kongming St.
2	路	Kongming Rd.
1	營路	Kongying Rd.
1	祥街	Kongxiang St.
1	聖	Kongsheng
1	門路	Kongmen Rd.
2	里	Kongmen Vil.
1	雀路	Kongqiao Rd.
1	鳳新路	Kongfengxin Rd.
2	路	Kongfeng Rd.
0	字豪巷	Zihau Ln.
0	存中街	Cunzhong St.
1	仁路	Cunren Rd.
2	里	Cunren Vil.
1	善路	Cunshan Rd.
1	德街	Cunde St.
2	路	Cunde Rd.
1	真路	Cunzhen Rd.
1	美路	Cunmei Rd.
0	孝1街	Xiao 1st St.
2	路	Xiao 1st Rd.
1	2街	Xiao 2nd St.
2	路	Xiao 2nd Rd.
1	3街	Xiao 3rd St.
2	路	Xiao 3rd Rd.
1	4街	Xiao 4th St.
2	路	Xiao 4th Rd.
1	5街	Xiao 5th St.
1	6街	Xiao 6th St.
1	7街	Xiao 7th St.
1	倫路	Xiaolun Rd.
1	先街	Xiaoxian St.
1	光路	Xiaoguang Rd.
1	勢村	Xiaoshi Vil.
1	友路	Xiaoyou Rd.
1	基路	Xiaoji Rd.
1	威1路	Xiaowei 1st Rd.
2	2路	Xiaowei 2nd Rd.
2	3路	Xiaowei 3rd Rd.
2	南路	Xiaowei S. Rd.
2	村	Xiaowei Vil.
2	路	Xiaowei Rd.
1	岡里	Xiaogang Vil.
1	廉路	Xiaolian Rd.
2	里	Xiaolian Vil.
1	德街	Xiaode St.
2	路	Xiaode Rd.
2	里	Xiaode Vil.
1	思路	Xiaosi Rd.
1	悌路	Xiaoti Rd.
1	慈路	Xiaoci Rd.
1	文路	Xiaowen Rd.
1	昌路	Xiaochang Rd.
1	東路	Xiaodong Rd.
1	武路	Xiaowu Rd.
1	深里	Xiaoshen Vil.
1	義村	Xiaoyi Vil.
2	路	Xiaoyi Rd.
1	興街	Xiaoxing St.
1	行路	Xiaoxing Rd.
1	賢路	Xiaoxian Rd.
2	里	Xiaoxian Vil.
1	錦路	Xiaojin Rd.
1	順巷	Xiaoshun Ln.
2	街	Xiaoshun St.
2	路	Xiaoshun Rd.
0	孟子路	Mengzi Rd.
1	春里	Mengchun Vil.
0	季新村	Jixin Vil.
1	水北巷	Jishui N. Ln.
2	路	Jishui Rd.
3	北巷	N. Ln., Jishui Rd.
3	清水1巷	Qingshui 1st Ln., Jishui Rd.
5	3巷	Qingshui 3rd Ln., Jishui Rd.
0	孫厝寮	Suncuoliao
2	里	Suncuo Vil.
0	學11街	Xue 11th St.
2	2街	Xue 12th St.
2	3街	Xue 13th St.
2	街	Xue 1st St.
1	2街	Xue 2nd St.
1	3街	Xue 3rd St.
1	4街	Xue 4th St.
1	5街	Xue 5th St.
1	6街	Xue 6th St.
1	7街	Xue 7th St.
1	8街	Xue 8th St.
1	9街	Xue 9th St.
1	享街	Xuexiang St.
1	人路	Xueren Rd.
1	仁街	Xueren St.
1	仔	Xuezai
1	前街	Xueqian St.
2	路	Xueqian Rd.
1	勤路	Xueqin Rd.
1	十街	Xue 10th St.
1	圃里	Xuepu Vil.
1	園街	Xueyuan St.
2	路	Xueyuan Rd.
1	城路1段	Sec. 1, Xuecheng Rd.
1	堂下	Xuetangxia
2	路	Xuetang Rd.
1	士街	Xueshi St.
2	路	Xueshi Rd.
1	子巷	Xuezi Ln.
2	李	Xuezili
1	富路	Xuefu Rd.
1	專路	Xuezhuan Rd.
1	府1街	Xuefu 1st St.
3	路	Xuefu 1st Rd.
2	2巷	Xuefu 2nd Ln.
3	街	Xuefu 2nd St.
3	路	Xuefu 2nd Rd.
2	3街	Xuefu 3rd St.
2	4街	Xuefu 4th St.
2	5街	Xuefu 5th St.
2	6街	Xuefu 6th St.
2	7街	Xuefu 7th St.
2	8街	Xuefu 8th St.
2	9街	Xuefu 9th St.
2	巷	Xuefu Ln.
2	村	Xuefu Vil.
2	東路	Xuefu E. Rd.
2	街	Xuefu St.
2	西路	Xuefu W. Rd.
2	路	Xuefu Rd.
3	1段	Sec. 1, Xuefu Rd.
3	2段	Sec. 2, Xuefu Rd.
3	大勇巷	Dayong Ln., Xuefu Rd.
4	智巷	Dazhi Ln., Xuefu Rd.
2	里	Xuefu Vil.
1	成1街	Xuecheng 1st St.
2	2街	Xuecheng 2nd St.
2	村	Xuecheng Vil.
2	街	Xuecheng St.
2	路	Xuecheng Rd.
2	里	Xuecheng Vil.
1	文1街	Xuewen 1st St.
2	2街	Xuewen 2nd St.
2	路	Xuewen Rd.
1	東路	Xuedong Rd.
2	里	Xuedong Vil.
1	林路	Xuelin Rd.
1	校路	Xuexiao Rd.
1	海街	Xuehai St.
1	源街	Xueyuan St.
1	田村	Xuetian Vil.
2	路	Xuetian Rd.
3	便行巷	Bianxing Ln., Xuetian Rd.
3	山頂巷	Shanding Ln., Xuetian Rd.
3	論子巷	Lunzi Ln., Xuetian Rd.
1	甲寮	Xuejialiao
1	習街	Xuexi St.
1	興路	Xuexing Rd.
1	苑街	Xueyuan St.
1	藝1路	Xueyi 1st Rd.
2	2路	Xueyi 2nd Rd.
2	3路	Xueyi 3rd Rd.
2	路	Xueyi Rd.
1	西里	Xuexi Vil.
1	進1路	Xuejin 1st Rd.
2	2路	Xuejin 2nd Rd.
2	3路	Xuejin 3rd Rd.
0	宅仔	Zhaizai
1	內巷	Zhainei Ln.
2	村	Zhainei Vil.
2	街	Zhainei St.
1	子內	Zhaizinei
2	港	Zhaizigang
1	新2街	Zhaixin 2nd St.
1	港里	Zhaigang Vil.
1	腳嶼	Zhaijiaoyu
1	興1街	Zhaixing 1st St.
2	2街	Zhaixing 2nd St.
0	宇內	Yunei
2	路	Yunei Rd.
1	抬	Yutai
1	老	Yulao
0	守仁街	Shouren St.
1	信巷	Shouxin Ln.
2	街	Shouxin St.
1	分街	Shoufen St.
1	城1巷	Shoucheng 1st Ln.
2	2巷	Shoucheng 2nd Ln.
2	3巷	Shoucheng 3rd Ln.
2	路	Shoucheng Rd.
1	密街	Shoumi St.
1	成街	Shoucheng St.
1	時街	Shoushi St.
1	法巷	Shoufa Ln.
2	街	Shoufa St.
2	路	Shoufa Rd.
3	名人巷	Mingren Ln., Shoufa Rd.
0	安1路	An 1st Rd.
3	1段	Sec. 1, An 1st Rd.
3	2段	Sec. 2, An 1st Rd.
1	4街	An 4th St.
1	7街	An 7th St.
1	8街	An 8th St.
1	中1街	Anzhong 1st St.
2	2街	Anzhong 2nd St.
2	街	Anzhong St.
2	路	Anzhong Rd.
3	1段	Sec. 1, Anzhong Rd.
3	2段	Sec. 2, Anzhong Rd.
3	3段	Sec. 3, Anzhong Rd.
3	4段	Sec. 4, Anzhong Rd.
3	5段	Sec. 5, Anzhong Rd.
3	6段	Sec. 6, Anzhong Rd.
2	里	Anzhong Vil.
1	仁里	Anren Vil.
1	佃11街	Andian 11th St.
2	2街	Andian 2nd St.
2	5街	Andian 5th St.
2	7街	Andian 7th St.
2	8街	Andian 8th St.
2	9街	Andian 9th St.
1	住巷	Anzhu Ln.
2	里	Anzhu Vil.
1	億路	Anyi Rd.
1	光路	Anguang Rd.
1	內里	Annei Vil.
1	全巷	Anquan Ln.
2	路	Anquan Rd.
2	里	Anquan Vil.
1	利巷	Anli Ln.
2	街	Anli St.
1	加村	Anjia Vil.
1	務	Anwu
1	北	Anbei
2	巷	Anbei Ln.
2	路	Anbei Rd.
1	十街	An 10th St.
1	南	Annan
2	2路	Annan 2nd Rd.
2	巷	Annan Ln.
2	村	Annan Vil.
2	路	Annan Rd.
2	里	Annan Vil.
1	厝村	Ancuo Vil.
1	吉街	Anji St.
2	路1段	Sec. 1, Anji Rd.
3	2段	Sec. 2, Anji Rd.
3	3段	Sec. 3, Anji Rd.
2	里	Anji Vil.
1	和1街	Anhe 1st St.
2	2街	Anhe 2nd St.
2	3街	Anhe 3rd St.
2	巷	Anhe Ln.
2	村	Anhe Vil.
2	東路	Anhe E. Rd.
2	街	Anhe St.
2	西路	Anhe W. Rd.
2	路	Anhe Rd.
3	1段	Sec. 1, Anhe Rd.
3	2段	Sec. 2, Anhe Rd.
3	3段	Sec. 3, Anhe Rd.
3	4段	Sec. 4, Anhe Rd.
3	5段	Sec. 5, Anhe Rd.
3	6段	Sec. 6, Anhe Rd.
2	里	Anhe Vil.
1	坑	Ankeng
2	里	Ankeng Vil.
1	坡村	Anpo Vil.
1	外里	Anwai Vil.
1	夜溪路	Anyexi Rd.
1	大路	Anda Rd.
1	子內	Anzinei
1	宅1街	Anzhai 1st St.
2	2街	Anzhai 2nd St.
2	3街	Anzhai 3rd St.
2	4街	Anzhai 4th St.
2	5街	Anzhai 5th St.
2	6街	Anzhai 6th St.
2	7街	Anzhai 7th St.
2	8街	Anzhai 8th St.
2	9街	Anzhai 9th St.
2	十街	Anzhai 10th St.
2	里	Anzhai Vil.
1	定	Anding
2	巷	Anding Ln.
2	村	Anding Vil.
2	東路	Anding E. Rd.
2	街	Anding St.
2	路	Anding Rd.
2	里	Anding Vil.
1	宜里	Anyi Vil.
1	宮路	Angong Rd.
1	家厝	Anjiacuo
2	新屯1街	Anjiaxintun 1st St.
4	2街	Anjiaxintun 2nd St.
4	3街	Anjiaxintun 3rd St.
4	5街	Anjiaxintun 5th St.
4	6街	Anjiaxintun 6th St.
4	7街	Anjiaxintun 7th St.
1	富1街	Anfu 1st St.
2	2街	Anfu 2nd St.
2	街	Anfu St.
2	里	Anfu Vil.
1	寧街	Anning St.
2	路	Anning Rd.
2	里	Anning Vil.
1	寮里	Anliau Vil.
1	居巷	Anju Ln.
2	街	Anju St.
1	山路	Anshan Rd.
1	岐	Anqi
1	平1路	Anping 1st Rd.
2	巷	Anping Ln.
2	村	Anping Vil.
2	街	Anping St.
2	路	Anping Rd.
3	1段	Sec. 1, Anping Rd.
3	2段	Sec. 2, Anping Rd.
3	3段	Sec. 3, Anping Rd.
3	5段	Sec. 5, Anping Rd.
3	廟後巷	Miaohou Ln., Anping Rd.
2	里	Anping Vil.
1	康新村	Ankang New Vil.
2	街	Ankang St.
2	路	Ankang Rd.
3	1段	Sec. 1, Ankang Rd.
3	2段	Sec. 2, Ankang Rd.
3	3段	Sec. 3, Ankang Rd.
2	里	Ankang Vil.
1	德巷	Ande Ln.
2	街	Ande St.
2	里	Ande Vil.
1	心七橫巷	Anxin 7th Side Ln.
2	九橫巷	Anxin 9th Side Ln.
2	五橫巷	Anxin 5th Side Ln.
2	八橫巷	Anxin 8th Side Ln.
2	十一橫巷	Anxin 11th Side Ln.
3	二橫巷	Anxin 12th Side Ln.
3	橫巷	Anxin 10th Side Ln.
2	四橫巷	Anxin 4th Side Ln.
2	巷	Anxin Ln.
1	忠路	Anzhong Rd.
3	振華巷	Zhenhua Ln., Anzhong Rd.
1	慶街	Anqing St.
2	路	Anqing Rd.
2	里	Anqing Vil.
1	成街	Ancheng St.
1	招村	Anzhao Vil.
2	路	Anzhao Rd.
1	新1路	Anxin 1st Rd.
2	2路	Anxin 2nd Rd.
2	5路	Anxin 5th Rd.
2	6路	Anxin 6th Rd.
2	路	Anxin Rd.
2	里	Anxin Vil.
1	昌街	Anchang St.
2	里	Anchang Vil.
1	明路1段	Sec. 1, Anming Rd.
3	2段	Sec. 2, Anming Rd.
3	3段	Sec. 3, Anming Rd.
3	4段	Sec. 4, Anming Rd.
1	朔	Anshuo
2	村	Anshuo Vil.
2	路	Anshuo Rd.
1	村巷	Ancun Ln.
1	東1街	Andong 1st St.
2	2街	Andong 2nd St.
2	3街	Andong 3rd St.
2	巷	Andong Ln.
2	村	Andong Vil.
2	街	Andong St.
2	路	Andong Rd.
2	里	Andong Vil.
1	松里	Ansong Vil.
1	林1街	Anlin 1st St.
2	2街	Anlin 2nd St.
2	3街	Anlin 3rd St.
2	4街	Anlin 4th St.
2	5街	Anlin 5th St.
2	6街	Anlin 6th St.
2	路	Anlin Rd.
1	業	Anye
2	街	Anye St.
2	路	Anye Rd.
2	里	Anye Vil.
1	榮巷	Anrong Ln.
1	樂1街	Anle 1st St.
2	2街	Anle 2nd St.
2	3街	Anle 3rd St.
2	4街	Anle 4th St.
2	園	Anleyuan
2	巷	Anle Ln.
2	村	Anle Vil.
2	東街	Anle E. St.
2	街	Anle St.
2	路	Anle Rd.
3	1段	Sec. 1, Anle Rd.
3	2段	Sec. 2, Anle Rd.
3	北1巷	N. 1st Ln., Anle Rd.
4	2巷	N. 2nd Ln., Anle Rd.
3	南巷	S. Ln., Anle Rd.
2	里	Anle Vil.
1	正路	Anzheng Rd.
2	里	Anzheng Vil.
1	殿巷	Andian Ln.
1	民	Anmin
2	街	Anmin St.
2	里	Anmin Vil.
1	河里	Anhe Vil.
1	泰	Antai
2	街	Antai St.
2	路	Antai Rd.
2	里	Antai Vil.
1	浦村	Anpu Vil.
1	海街	Anhai St.
2	里	Anhai Vil.
1	清路1段	Sec. 1, Anqing Rd.
3	2段	Sec. 2, Anqing Rd.
3	3段	Sec. 3, Anqing Rd.
1	港路	Angang Rd.
1	溪	Anxi
2	寮	Anxiliao
2	村	Anxi Vil.
2	東路	Anxi E. Rd.
2	街	Anxi St.
2	西路	Anxi W. Rd.
2	路	Anxi Rd.
2	里	Anxi Vil.
1	漁路	Anyu Rd.
1	生街	Ansheng St.
2	里	Ansheng Vil.
1	田路	Antian Rd.
1	發里	Anfa Vil.
1	眉路	Anmei Rd.
3	芝柏巷	Zhibo Ln., Anmei Rd.
3	龍門巷	Longmen Ln., Anmei Rd.
1	石街	Anshi St.
1	祥街	Anxiang St.
2	路	Anxiang Rd.
2	里	Anxiang Vil.
1	福街	Anfu St.
2	里	Anfu Vil.
1	穗里	Ansui Vil.
1	經里	Anjing Vil.
1	美村	Anmei Vil.
2	街	Anmei St.
1	義路	Anyi Rd.
1	興	Anxing
2	街	Anxing St.
2	路	Anxing Rd.
2	里	Anxing Vil.
1	船街	Anchuan St.
1	良里	Anliang Vil.
1	華路	Anhua Rd.
1	西	Anxi
2	1街	Anxi 1st St.
2	2街	Anxi 2nd St.
2	街	Anxi St.
2	路	Anxi Rd.
2	里	Anxi Vil.
1	豐1街	Anfeng 1st St.
2	2街	Anfeng 2nd St.
2	3街	Anfeng 3rd St.
2	4街	Anfeng 4th St.
2	5街	Anfeng 5th St.
2	6街	Anfeng 6th St.
2	路	Anfeng Rd.
1	路巷	Anlu Ln.
1	農1路	Annong 1st Rd.
2	2路	Annong 2nd Rd.
2	3路	Annong 3rd Rd.
2	5路	Annong 5th Rd.
2	6路	Annong 6th Rd.
2	7路	Annong 7th Rd.
2	8路	Annong 8th Rd.
2	9路	Annong 9th Rd.
2	北路1段	Sec. 1, Annong N. Rd.
4	2段	Sec. 2, Annong N. Rd.
4	3段	Sec. 3, Annong N. Rd.
4	5段	Sec. 5, Annong N. Rd.
4	6段	Sec. 6, Annong N. Rd.
4	7段	Sec. 7, Annong N. Rd.
2	南路1段	Sec. 1, Annong S. Rd.
4	2段	Sec. 2, Annong S. Rd.
4	3段	Sec. 3, Annong S. Rd.
2	路	Annong Rd.
1	通	Antong
2	1街	Antong 1st St.
2	2街	Antong 2nd St.
2	3街	Antong 3rd St.
2	街	Antong St.
2	路2段	Sec. 2, Antong Rd.
3	3段	Sec. 3, Antong Rd.
3	4段	Sec. 4, Antong Rd.
3	5段	Sec. 5, Antong Rd.
3	6段	Sec. 6, Antong Rd.
1	邦街	Anbang St.
2	里	Anbang Vil.
1	鎮里	Anzhen Vil.
1	隆街	Anlong St.
1	靖村	Anjing Vil.
1	靜街	Anjing St.
1	順1街	Anshun 1st St.
3	路	Anshun 1st Rd.
2	2街	Anshun 2nd St.
3	路	Anshun 2nd Rd.
2	3街	Anshun 3rd St.
2	4街	Anshun 4th St.
2	北1街	Anshun N. 1st St.
3	2街	Anshun N. 2nd St.
2	巷	Anshun Ln.
2	東1街	Anshun E. 1st St.
3	2街	Anshun E. 2nd St.
3	3街	Anshun E. 3rd St.
3	4街	Anshun E. 4th St.
3	5街	Anshun E. 5th St.
3	6街	Anshun E. 6th St.
3	7街	Anshun E. 7th St.
3	8街	Anshun E. 8th St.
3	9街	Anshun E. 9th St.
3	十街	Anshun E. 10th St.
2	街	Anshun St.
2	路	Anshun Rd.
2	里	Anshun Vil.
1	鶴路	Anhe Rd.
1	龍里	Anlong Vil.
0	宋厝巷	Songcuo Ln.
1	屋里	Songwu Vil.
0	完成路	Wancheng Rd.
0	宏中街	Hongzhong St.
1	亮里	Hongliang Vil.
1	仁街	Hongren St.
2	路	Hongren Rd.
1	信街	Hongxin St.
1	偉街	Hongwei St.
1	光街	Hongguang St.
1	南里	Hongnan Vil.
1	和街	Honghe St.
1	國路	Hongguo Rd.
1	宅街	Hongzhai St.
1	安巷	Hong'an Ln.
1	巨巷	Hongju Ln.
1	平路	Hongping Rd.
1	德司法新村	Hongde Judicial New Vil.
2	新村	Hongde New Vil.
2	街	Hongde St.
1	志街	Hongzhi St.
1	忠街	Hongzhong St.
1	恩巷	Hong'en Ln.
1	慶街	Hongqing St.
1	文路	Hongwen Rd.
1	昇街	Hongsheng St.
1	昌11街	Hongchang 11th St.
3	2街	Hongchang 12th St.
3	3街	Hongchang 13th St.
3	街	Hongchang 1st St.
2	2街	Hongchang 2nd St.
2	3街	Hongchang 3rd St.
2	5街	Hongchang 5th St.
2	6街	Hongchang 6th St.
2	7街	Hongchang 7th St.
2	8街	Hongchang 8th St.
2	9街	Hongchang 9th St.
2	十街	Hongchang 10th St.
2	新村	Hongchang New Vil.
2	街	Hongchang St.
2	路	Hongchang Rd.
2	里	Hongchang Vil.
1	智街	Hongzhi St.
1	林街	Honglin St.
1	榮里	Hongrong Vil.
1	毅1路	Hongyi 1st Rd.
4	自強巷	Ziqiang Ln., Hongyi 1st Rd.
2	2路	Hongyi 2nd Rd.
4	北1巷	N. 1st Ln., Hongyi 2nd Rd.
5	2巷	N. 2nd Ln., Hongyi 2nd Rd.
5	3巷	N. 3rd Ln., Hongyi 2nd Rd.
5	4巷	N. 4th Ln., Hongyi 2nd Rd.
5	5巷	N. 5th Ln., Hongyi 2nd Rd.
5	6巷	N. 6th Ln., Hongyi 2nd Rd.
5	7巷	N. 7th Ln., Hongyi 2nd Rd.
5	8巷	N. 8th Ln., Hongyi 2nd Rd.
4	南11巷	S. 11th Ln., Hongyi 2nd Rd.
6	2巷	S. 12th Ln., Hongyi 2nd Rd.
6	巷	S. 1st Ln., Hongyi 2nd Rd.
5	2巷	S. 2nd Ln., Hongyi 2nd Rd.
5	3巷	S. 3rd Ln., Hongyi 2nd Rd.
5	4巷	S. 4th Ln., Hongyi 2nd Rd.
5	5巷	S. 5th Ln., Hongyi 2nd Rd.
5	6巷	S. 6th Ln., Hongyi 2nd Rd.
5	7巷	S. 7th Ln., Hongyi 2nd Rd.
5	8巷	S. 8th Ln., Hongyi 2nd Rd.
5	9巷	S. 9th Ln., Hongyi 2nd Rd.
5	十巷	S. 10th Ln., Hongyi 2nd Rd.
2	3路	Hongyi 3rd Rd.
2	里	Hongyi Vil.
1	泰街	Hongtai St.
2	路	Hongtai Rd.
1	洲街	Hongzhou St.
1	福1巷	Hongfu 1st Ln.
2	2巷	Hongfu 2nd Ln.
2	3巷	Hongfu 3rd Ln.
2	4巷	Hongfu 4th Ln.
2	5巷	Hongfu 5th Ln.
2	巷	Hongfu Ln.
2	路	Hongfu Rd.
1	竹村	Hongzhu Vil.
2	路	Hongzhu Rd.
1	翠里	Hongcui Vil.
1	聲巷	Hongsheng Ln.
1	茂街	Hongmao St.
1	華街	Honghua St.
1	裕街	Hongyu St.
1	運路	Hongyun Rd.
1	遠路	Hongyuan Rd.
1	陽路	Hongyang Rd.
0	宗元街	Zongyuan St.
1	聖街	Zongsheng St.
1	鎮里	Zongzhen Vil.
0	官和村	Guanhe Vil.
1	埔	Guanpu
1	崙街	Guanlun St.
1	嶼里	Guanyu Vil.
1	澳	Guan'ao
1	田	Guantian
2	村	Guantian Vil.
2	營區	Guantian Camp
1	真坑	Guanzhenkeng
2	閂	Guanzhenshuan
1	舍路	Guanshe Rd.
1	裡	Guanli
1	路缺街	Guanluque St.
2	邊	Guanlubian
1	順村	Guanshun Vil.
0	定南路	Dingnan Rd.
1	吉巷	Dingji Ln.
1	國街	Dingguo St.
2	里	Dingguo Vil.
1	安	Ding'an
2	巷	Ding'an Ln.
2	村	Ding'an Vil.
2	路	Ding'an Rd.
1	寧路	Dingning Rd.
1	康路	Dingkang Rd.
1	祥巷	Dingxiang Ln.
1	福	Dingfu
1	興村	Dingxing Vil.
2	路	Dingxing Rd.
2	里	Dingxing Vil.
1	遠	Dingyuan
2	新村	Dingyuan New Vil.
1	邦里	Dingbang Vil.
1	順路	Dingshun Rd.
0	宜3路1段	Sec. 1, Yi 3rd Rd.
3	2段	Sec. 2, Yi 3rd Rd.
1	中路	Yizhong Rd.
1	仁街	Yiren St.
1	佳街	Yijia St.
1	信街	Yixin St.
1	和街	Yihe St.
1	安街	Yi'an St.
2	路	Yi'an Rd.
2	里	Yi'an Vil.
1	居1街	Yiju 1st St.
2	2路	Yiju 2nd Rd.
2	3路	Yiju 3rd Rd.
2	路	Yiju Rd.
1	山路	Yishan Rd.
1	平巷	Yiping Ln.
2	路	Yiping Rd.
1	文街	Yiwen St.
1	昌1街	Yichang 1st St.
2	2街	Yichang 2nd St.
2	3街	Yichang 3rd St.
2	4街	Yichang 4th St.
2	5街	Yichang 5th St.
2	6街	Yichang 6th St.
2	7街	Yichang 7th St.
2	村	Yichang Vil.
2	東路	Yichang E. Rd.
2	街	Yichang St.
2	路	Yichang Rd.
1	春路	Yichun Rd.
1	東路	Yidong Rd.
1	欣1街	Yixin 1st St.
3	路	Yixin 1st Rd.
2	2街	Yixin 2nd St.
3	路	Yixin 2nd Rd.
2	3街	Yixin 3rd St.
2	4街	Yixin 4th St.
2	5街	Yixin 5th St.
2	6街	Yixin 6th St.
2	7街	Yixin 7th St.
2	8街	Yixin 8th St.
2	9街	Yixin 9th St.
2	十街	Yixin 10th St.
2	村	Yixin Vil.
2	路	Yixin Rd.
2	里	Yixin Vil.
1	民里	Yimin Vil.
1	灣路	Yiwan Rd.
1	祥街	Yixiang St.
1	福街	Yifu St.
1	科1路	Yike 1st Rd.
2	北路	Yike N. Rd.
2	南1路	Yike S. 1st Rd.
3	路	Yike S. Rd.
2	東路	Yike E. Rd.
2	路	Yike Rd.
1	興街	Yixing St.
2	路1段	Sec. 1, Yixing Rd.
3	2段	Sec. 2, Yixing Rd.
3	3段	Sec. 3, Yixing Rd.
2	里	Yixing Vil.
0	客厝	Kecuo
2	村	Kecuo Vil.
2	路	Kecuo Rd.
1	城	Kecheng
2	里	Kecheng Vil.
1	子寮	Keziliao
1	庄	Kezhuang
2	內	Kezhuangnei
2	巷	Kezhuang Ln.
2	路	Kezhuang Rd.
2	里	Kezhuang Vil.
1	雅街	Keya St.
2	里	Keya Vil.
0	宣信街	Xuanxin St.
2	里	Xuanxin Vil.
1	化街	Xuanhua St.
1	安路	Xuan'an Rd.
1	武路	Xuanwu Rd.
0	宮中街	Gongzhong St.
1	仁街	Gongren St.
1	前	Gongqian
2	村	Gongqian Vil.
2	街	Gongqian St.
2	路	Gongqian Rd.
1	北里	Gongbei Vil.
1	南巷	Gongnan Ln.
1	口巷	Gongkou Ln.
2	街	Gongkou St.
1	后巷	Gonghou Ln.
2	里	Gonghou Vil.
1	和街	Gonghe St.
1	安街	Gong'an St.
1	平街	Gongping St.
1	後	Gonghou
2	1巷	Gonghou 1st Ln.
2	2巷	Gonghou 2nd Ln.
2	巷	Gonghou Ln.
2	村	Gonghou Vil.
2	街	Gonghou St.
1	田街	Gongtian St.
1	西路	Gongxi Rd.
1	邊巷	Gongbian Ln.
0	家和1街	Jiahe 1st St.
2	2街	Jiahe 2nd St.
2	3街	Jiahe 3rd St.
2	5街	Jiahe 5th St.
2	6街	Jiahe 6th St.
2	7街	Jiahe 7th St.
2	8街	Jiahe 8th St.
1	興新村	Jiaxing New Vil.
1	齊路	Jiaqi Rd.
0	密枝	Mizhi
2	村	Mizhi Vil.
0	富上街	Fushang St.
1	世	Fushi
2	村	Fushi Vil.
1	中街	Fuzhong St.
2	路	Fuzhong Rd.
1	久巷	Fujiu Ln.
1	仁巷	Furen Ln.
2	街	Furen St.
2	路	Furen Rd.
2	里	Furen Vil.
1	信路	Fuxin Rd.
1	元街	Fuyuan St.
1	光	Fuguang
2	巷	Fuguang Ln.
2	里	Fuguang Vil.
1	全街	Fuquan St.
2	里	Fuquan Vil.
1	北	Fubei
2	街	Fubei St.
1	升巷	Fusheng Ln.
1	南	Funan
2	村	Funan Vil.
1	吉街	Fuji St.
2	路	Fuji Rd.
1	和路	Fuhe Rd.
1	國巷	Fuguo Ln.
2	街	Fuguo St.
2	路	Fuguo Rd.
3	1段	Sec. 1, Fuguo Rd.
3	2段	Sec. 2, Fuguo Rd.
3	3段	Sec. 3, Fuguo Rd.
2	里	Fuguo Vil.
1	園2路	Fuyuan 2nd Rd.
1	坡路	Fupo Rd.
1	城街	Fucheng St.
1	域街	Fuyu St.
1	基村	Fuji Vil.
1	堵1路	Fudu 1st Rd.
2	2路	Fudu 2nd Rd.
2	3路	Fudu 3rd Rd.
2	5路	Fudu 5th Rd.
2	6路	Fudu 6th Rd.
1	士坪	Fushiping
1	大路	Fuda Rd.
1	安1街	Fu'an 1st St.
2	2街	Fu'an 2nd St.
2	3街	Fu'an 3rd St.
2	5街	Fu'an 5th St.
2	6街	Fu'an 6th St.
2	7街	Fu'an 7th St.
2	街	Fu'an St.
2	路	Fu'an Rd.
2	里	Fu'an Vil.
1	宏街	Fuhong St.
1	宜路	Fuyi Rd.
1	寮里	Fuliau Vil.
1	山	Fushan
2	1街	Fushan 1st St.
2	2街	Fushan 2nd St.
2	3街	Fushan 3rd St.
2	4街	Fushan 4th St.
2	5街	Fushan 5th St.
2	巷	Fushan Ln.
2	村	Fushan Vil.
2	街	Fushan St.
2	路	Fushan Rd.
2	里	Fushan Vil.
1	岡市場	Fugang Market
2	街	Fugang St.
2	里	Fugang Vil.
1	崗村	Fugang Vil.
1	州巷	Fuzhou Ln.
2	里	Fuzhou Vil.
1	平街	Fuping St.
2	路	Fuping Rd.
1	年路	Funian Rd.
1	康一村	Fukang 1st Vil.
2	二村	Fukang 2nd Vil.
2	街	Fukang St.
1	強1街	Fuqiang 1st St.
2	2街	Fuqiang 2nd St.
2	3街	Fuqiang 3rd St.
2	巷	Fuqiang Ln.
2	街	Fuqiang St.
2	西街	Fuqiang W. St.
2	路	Fuqiang Rd.
3	1段	Sec. 1, Fuqiang Rd.
3	2段	Sec. 2, Fuqiang Rd.
2	里	Fuqiang Vil.
3		Fuqiang Vil.
1	德村	Fude Vil.
2	街	Fude St.
2	路	Fude Rd.
2	里	Fude Vil.
1	忠路	Fuzhong Rd.
1	愛街	Fu'ai St.
2	路	Fu'ai Rd.
1	成街	Fucheng St.
1	戶巷	Fuhu Ln.
1	收村	Fushou Vil.
1	文巷	Fuwen Ln.
1	新路	Fuxin Rd.
1	昌街	Fuchang St.
2	路	Fuchang Rd.
3	富有巷	Fuyou Ln., Fuchang Rd.
4	裕巷	Fuyu Ln., Fuchang Rd.
1	春街	Fuchun St.
2	路	Fuchun Rd.
3	八德巷	Bade Ln., Fuchun Rd.
3	四維巷	Siwei Ln., Fuchun Rd.
3	大仁巷	Daren Ln., Fuchun Rd.
4	勇巷	Dayong Ln., Fuchun Rd.
4	智巷	Dazhi Ln., Fuchun Rd.
3	忠孝巷	Zhongxiao Ln., Fuchun Rd.
2	里	Fuchun Vil.
1	月路	Fuyue Rd.
1	有1路	Fuyou 1st Rd.
2	巷	Fuyou Ln.
2	路	Fuyou Rd.
2	里	Fuyou Vil.
1	村街	Fucun St.
1	東街	Fudong St.
2	路	Fudong Rd.
1	林	Fulin
2	村	Fulin Vil.
2	街	Fulin St.
2	路	Fulin Rd.
3	1段	Sec. 1, Fulin Rd.
3	2段	Sec. 2, Fulin Rd.
3	3段	Sec. 3, Fulin Rd.
1	榮街	Furong St.
2	路	Furong Rd.
2	里	Furong Vil.
1	樂新村	Fule New Vil.
2	街	Fule St.
1	民	Fumin
2	巷	Fumin Ln.
2	村	Fumin Vil.
2	街	Fumin St.
2	路	Fumin Rd.
2	里	Fumin Vil.
1	水里	Fushui Vil.
1	永路	Fuyong Rd.
1	河路	Fuhe Rd.
1	泰路	Futai Rd.
2	里	Futai Vil.
1	洲里	Fuzhou Vil.
1	源	Fuyuan
2	1路	Fuyuan 1st Rd.
2	2路	Fuyuan 2nd Rd.
2	3路	Fuyuan 3rd Rd.
2	5路	Fuyuan 5th Rd.
2	6路	Fuyuan 6th Rd.
2	7路	Fuyuan 7th Rd.
2	8路	Fuyuan 8th Rd.
2	村	Fuyuan Vil.
2	街	Fuyuan St.
2	路	Fuyuan Rd.
2	里	Fuyuan Vil.
1	漁1路	Fuyu 1st Rd.
2	2路	Fuyu 2nd Rd.
2	3路	Fuyu 3rd Rd.
2	4路	Fuyu 4th Rd.
2	5路	Fuyu 5th Rd.
2	路	Fuyu Rd.
1	玉路	Fuyu Rd.
1	琦村	Fuqi Vil.
1	田	Futian
2	1街	Futian 1st St.
2	2街	Futian 2nd St.
2	3街	Futian 3rd St.
2	巷	Futian Ln.
2	村	Futian Vil.
2	街	Futian St.
2	里	Futian Vil.
1	甲里	Fujia Vil.
1	祥街	Fuxiang St.
2	路	Fuxiang Rd.
1	福街	Fufu St.
2	里	Fufu Vil.
1	禮街	Fuli St.
1	竹村	Fuzhu Vil.
2	街	Fuzhu St.
1	美巷	Fumei Ln.
2	路	Fumei Rd.
1	群街	Fuqun St.
1	義新村	Fuyi New Vil.
1	翁街	Fuweng St.
1	聯路	Fulian Rd.
1	臺東街	Futai E. St.
2	街	Futai St.
2	里	Futai Vil.
1	興	Fuxing
2	巷	Fuxing Ln.
2	村	Fuxing Vil.
2	路	Fuxing Rd.
2	頭	Fuxingtou
1	良野街	Fuliangye St.
1	英1路	Fuying 1st Rd.
2	2路	Fuying 2nd Rd.
2	3路	Fuying 3rd Rd.
2	路	Fuying Rd.
1	華巷	Fuhua Ln.
2	街	Fuhua St.
3	三林段	Sec. Sanlin, Fuhua St.
2	路	Fuhua Rd.
3	1段	Sec. 1, Fuhua Rd.
3	2段	Sec. 2, Fuhua Rd.
2	里	Fuhua Vil.
1	裕11街	Fuyu 11th St.
3	2街	Fuyu 12th St.
3	3街	Fuyu 13th St.
3	4街	Fuyu 14th St.
3	5街	Fuyu 15th St.
3	6街	Fuyu 16th St.
3	7街	Fuyu 17th St.
3	街	Fuyu 1st St.
2	2街	Fuyu 2nd St.
2	3街	Fuyu 3rd St.
2	5街	Fuyu 5th St.
2	6街	Fuyu 6th St.
2	7街	Fuyu 7th St.
2	8街	Fuyu 8th St.
2	9街	Fuyu 9th St.
2	十街	Fuyu 10th St.
2	巷	Fuyu Ln.
2	街	Fuyu St.
2	路	Fuyu Rd.
2	里	Fuyu Vil.
1	觀1街	Fuguan 1st St.
2	2街	Fuguan 2nd St.
2	街	Fuguan St.
1	豐1路	Fufeng 1st Rd.
2	2路	Fufeng 2nd Rd.
2	3路1段	Sec. 1, Fufeng 3rd Rd.
4	2段	Sec. 2, Fufeng 3rd Rd.
2	北路	Fufeng N. Rd.
2	南路	Fufeng S. Rd.
2	路	Fufeng Rd.
2	里	Fufeng Vil.
1	貴11街	Fugui 11th St.
3	3街	Fugui 13th St.
3	5街	Fugui 15th St.
3	巷	Fugui 1st Ln.
3	街	Fugui 1st St.
3	路	Fugui 1st Rd.
2	2巷	Fugui 2nd Ln.
3	街	Fugui 2nd St.
3	路	Fugui 2nd Rd.
2	3巷	Fugui 3rd Ln.
3	街	Fugui 3rd St.
3	路	Fugui 3rd Rd.
2	4巷	Fugui 4th Ln.
2	5街	Fugui 5th St.
2	6街	Fugui 6th St.
2	7街	Fugui 7th St.
2	8街	Fugui 8th St.
2	9街	Fugui 9th St.
2	十街	Fugui 10th St.
2	南街	Fugui S. St.
2	家園	Fuguijiayuan
2	巷	Fugui Ln.
2	新屯	Fugui New Vil.
3	村	Fugui New Vil.
2	街	Fugui St.
2	西街	Fugui W. St.
2	角	Fuguijiao
2	路	Fugui Rd.
2	里	Fugui Vil.
1	農1街	Funong 1st St.
2	2街	Funong 2nd St.
2	北路	Funong N. Rd.
2	南路	Funong S. Rd.
2	巷	Funong Ln.
2	新屯	Funong New Vil.
2	街1段	Sec. 1, Funong St.
3	2段	Sec. 2, Funong St.
2	路	Funong Rd.
3	1段	Sec. 1, Funong Rd.
3	2段	Sec. 2, Funong Rd.
3	3段	Sec. 3, Funong Rd.
1	里村	Fuli Vil.
1	野路	Fuye Rd.
2	里	Fuye Vil.
1	錦街	Fujin St.
2	里	Fujin Vil.
1	陽街	Fuyang St.
2	路	Fuyang Rd.
1	隆街	Fulong St.
1	頂路1段	Sec. 1, Fuding Rd.
1	順巷	Fushun Ln.
1	麗1街	Fuli 1st St.
2	2街	Fuli 2nd St.
2	街	Fuli St.
0	寒溪巷	Hanxi Ln.
2	村	Hanxi Vil.
0	寓埔村	Yupu Vil.
2	路	Yupu Rd.
0	察哈爾1街	Chaha'er 1st St.
3	2街	Chaha'er 2nd St.
0	實中巷	Shizhong Ln.
1	業路	Shiye Rd.
1	踐四村	Shijian 4th Vil.
2	巷	Shijian Ln.
2	新村	Shijian New Vil.
2	村	Shijian Vil.
2	街	Shijian St.
2	路	Shijian Rd.
2	里	Shijian Vil.
0	寧南里	Ningnan Vil.
1	埔	Ningpu
2	村	Ningpu Vil.
3	移民	Yimin, Ningpu Vil.
1	夏1街	Ningxia 1st St.
2	2街	Ningxia 2nd St.
2	東1街	Ningxia E. 1st St.
3	2街	Ningxia E. 2nd St.
3	3街	Ningxia E. 3rd St.
3	4街	Ningxia E. 4th St.
3	5街	Ningxia E. 5th St.
3	6街	Ningxia E. 6th St.
3	7街	Ningxia E. 7th St.
3	8街	Ningxia E. 8th St.
2	街	Ningxia St.
2	西1街	Ningxia W. 1st St.
3	2街	Ningxia W. 2nd St.
3	3街	Ningxia W. 3rd St.
3	4街	Ningxia W. 4th St.
3	7街	Ningxia W. 7th St.
2	路	Ningxia Rd.
1	安街	Ning'an St.
1	波東街	Ningbo E. St.
2	街	Ningpo St.
2	西街	Ningbo W. St.
1	海	Ninghai
2	里	Ninghai Vil.
1	湖路	Ninghu Rd.
1	漢1街	Ninghan 1st St.
2	2街	Ninghan 2nd St.
2	3街	Ninghan 3rd St.
2	街	Ninghan St.
1	靖街	Ningjing St.
2	路	Ningjing Rd.
1	靜巷	Ningjing Ln.
2	街	Ningjing St.
0	寬仁村	Kuanren Vil.
1	士村	Kuanshi Vil.
0	寮中巷	Liaozhong Ln.
1	前1街	Liaoqian 1st St.
2	2街	Liaoqian 2nd St.
1	北巷	Liaobei Ln.
1	地巷	Liaodi Ln.
1	子部	Liaozibu
1	東路	Liaodong Rd.
1	湖路	Liaohu Rd.
1	里	Liau Vil.
1	頂村	Liauding Vil.
0	寶中路	Baozhong Rd.
2	里	Bauzhong Vil.
1	來2巷	Baolai 2nd Ln.
2	村	Baulai Vil.
2	街	Baolai St.
1	修路	Baoxiu Rd.
1	倉街	Baocang St.
1	元路1段	Sec. 1, Baoyuan Rd.
3	2段	Sec. 2, Baoyuan Rd.
1	厝村	Baucuo Vil.
1	君1路	Baojun 1st Rd.
2	路	Baojun Rd.
1	和路	Baohe Rd.
1	國里	Bauguo Vil.
1	園街	Baoyuan St.
1	圳路	Baozun Rd.
1	安街	Bao'an St.
2	里	Bau'an Vil.
1	宏路	Baohong Rd.
1	山12街	Baoshan 12th St.
3	6街	Baoshan 16th St.
3	8街	Baoshan 18th St.
3	街	Baoshan 1st St.
2	2街	Baoshan 2nd St.
2	3街	Baoshan 3rd St.
2	5街	Baoshan 5th St.
2	6街	Baoshan 6th St.
2	7街	Baoshan 7th St.
2	8街	Baoshan 8th St.
2	十街	Baoshan 10th St.
2	巷	Baoshan Ln.
2	村	Baushan Vil.
2	東1街	Baoshan E. 1st St.
3	2街	Baoshan E. 2nd St.
3	街	Baoshan E. St.
3	路	Baoshan E. Rd.
2	街	Baoshan St.
2	路	Baoshan Rd.
3	1段	Sec. 1, Baoshan Rd.
3	2段	Sec. 2, Baoshan Rd.
2	里	Baushan Vil.
1	峰1路	Baofeng 1st Rd.
2	路	Baofeng Rd.
1	建路	Baojian Rd.
1	強路	Baoqiang Rd.
1	德路	Baode Rd.
2	里	Baude Vil.
1	慶1路	Baoqing 1st Rd.
2	2路	Baoqing 2nd Rd.
2	3路	Baoqing 3rd Rd.
2	街	Baoqing St.
2	路	Baoqing Rd.
2	里	Bauqing Vil.
1	成路	Baocheng Rd.
1	斗厝坑	Baodoucuokeng
2	村	Baudou Vil.
2	路	Baodou Rd.
2	里	Baudou Vil.
1	新1街	Baoxin 1st St.
2	2街	Baoxin 2nd St.
2	3街	Baoxin 3rd St.
2	5街	Baoxin 5th St.
2	6街	Baoxin 6th St.
2	路1段	Sec. 1, Baoxin Rd.
3	2段	Sec. 2, Baoxin Rd.
3	3段	Sec. 3, Baoxin Rd.
1	昌街	Baochang St.
1	林	Baolin
2	路	Baolin Rd.
1	格街	Baoge St.
1	桑路	Baosang Rd.
2	里	Bausang Vil.
1	業里	Bauye Vil.
1	樹別莊	Baoshu Villa
2	街	Baoshu St.
2	路	Baoshu Rd.
2	里	Baushu Vil.
1	橋路	Baoqiao Rd.
1	民里	Baumin Vil.
1	泰路	Baotai Rd.
2	里	Bautai Vil.
1	深1路	Baoshen 1st Rd.
2	路	Baoshen Rd.
1	清街	Baoqing St.
2	里	Bauqing Vil.
1	湖街	Baohu St.
1	溪北街	Baoxi N. St.
2	南街	Baoxi S. St.
2	巷	Baoxi Ln.
1	獅里	Baushi Vil.
1	玉里	Bauyu Vil.
1	珠里	Bauzhu Vil.
1	田路	Baotian Rd.
1	發路	Baofa Rd.
1	盛里	Bausheng Vil.
1	石街	Baoshi St.
2	里	Baushi Vil.
1	福街	Baofu St.
2	路	Baofu Rd.
2	里	Baufu Vil.
1	米路	Baomi Rd.
1	聖路	Baosheng Rd.
1	育路	Baoyu Rd.
1	興街	Baoxing St.
2	路	Baoxing Rd.
2	里	Bauxing Vil.
1	華路	Baohua Rd.
2	里	Bauhua Vil.
1	豐街	Baofeng St.
1	賢路	Baoxian Rd.
1	部路	Baobu Rd.
1	里	Bau Vil.
1	鎮	Baozhen
1	陽路	Baoyang Rd.
1	隆村	Baulong Vil.
1	頂1街	Baoding 1st St.
2	巷	Baoding Ln.
2	東街	Baoding E. St.
1	順街	Baoshun St.
1	高路	Baogao Rd.
1	鼎街	Baoding St.
1	龍里	Baulong Vil.
0	寺前巷	Siqian Ln.
2	里	Siqian Vil.
1	山路	Sishan Rd.
3	隧道口巷	Suidaokou Ln., Sishan Rd.
0	射免潭	Shemiantan
1	埔路	Shepu Rd.
1	寮村	Sheliau Vil.
2	路	Sheliao Rd.
0	將富	Jiangfu
2	村	Jiangfu Vil.
1	榮	Jiangrong
2	村	Jiangrong Vil.
1	貴	Jianggui
2	村	Jianggui Vil.
1	軍	Jiangjun
2	1巷	Jiangjun 1st Ln.
2	2巷	Jiangjun 2nd Ln.
2	岩	Jiangjunyan
2	巷	Jiangjun Ln.
2	村	Jiangjun Vil.
2	澳	Jiangjun'ao
2	里	Jiangjun Vil.
0	尊南街	Zunnan St.
1	安1街	Zun'an 1st St.
2	街	Zun'an St.
1	王路	Zunwang Rd.
1	賢街	Zunxian St.
2	里	Zunxian Vil.
1	重街	Zunzhong St.
0	對面厝	Duimiancuo
0	導民里	Daumin Vil.
0	小中寮	Xiaozhongliao
1	份坑	Xiaofenkeng
2	巷	Xiaofen Ln.
2	美	Xiaofenmei
1	公田	Xiaogongtian
1	分林	Xiaofenlin
1	副瀨	Xiaofulai
1	北坑	Xiaobeikeng
3	街	Xiaobeikeng St.
2	埔	Xiaobeipu
2	街	Xiaobei St.
2	路	Xiaobei Rd.
1	南勢	Xiaonanshi
2	坑	Xiaonankeng
2	埔	Xiaonanpu
2	街	Xiaonan St.
2	角	Xiaonanjiao
2	里	Xiaonan Vil.
1	原巷	Xiaoyuan Ln.
1	古山路	Xiaogushan Rd.
2	崗	Xiaogugang
1	坑	Xiaokeng
2	1路	Xiaokeng 1st Rd.
2	2路	Xiaokeng 2nd Rd.
2	3路	Xiaokeng 3rd Rd.
2	子	Xiaokengzi
3	頭	Xiaokengzitou
2	村	Xiaokeng Vil.
2	路	Xiaokeng Rd.
1	坪	Xiaoping
2	村	Xiaoping Vil.
2	路	Xiaoping Rd.
2	頂	Xiaopingding
1	坵村	Xiaoqiu Vil.
1	城里	Xiaocheng Vil.
1	埤1路	Xiaopi 1st Rd.
2	2路	Xiaopi 2nd Rd.
2	3路	Xiaopi 3rd Rd.
2	5路	Xiaopi 5th Rd.
2	里	Xiaopi Vil.
2	頭	Xiaopitou
1	山巷	Xiaoshan Ln.
1	崎巷	Xiaoqi Ln.
1	崙	Xiaolun
2	村	Xiaolun Vil.
1	康榔	Xiaokanglang
3	1路	Xiaokanglang 1st Rd.
3	2路	Xiaokanglang 2nd Rd.
3	5路	Xiaokanglang 5th Rd.
2	里	Xiaokang Vil.
1	徑	Xiaojing
1	新營	Xiaoxinying
2	路	Xiaoxin Rd.
2	里	Xiaoxin Vil.
1	旗巷	Xiaoqi Ln.
1	東中路	Xiaodong Central Rd.
2	勢	Xiaodongshi
2	北路	Xiaodong N. Rd.
2	南路	Xiaodong S. Rd.
2	坑	Xiaodongkeng
2	東路	Xiaodong E. Rd.
2	河	Xiaodonghe
2	街	Xiaodong St.
2	西路	Xiaodong W. Rd.
2	路	Xiaodong Rd.
2	里	Xiaodong Vil.
1	林村	Xiaolin Vil.
2	路	Xiaolin Rd.
1	楊梅	Xiaoyangmei
1	港	Xiaogang
2	1街	Xiaogang 1st St.
2	2街	Xiaogang 2nd St.
2	路	Xiaogang Rd.
3	庫房巷	Kufang Ln., Xiaogang Rd.
3	菜市巷	Caishi Ln., Xiaogang Rd.
2	里	Xiaogang Vil.
1	湖	Xiaohu
2	里	Xiaohu Vil.
1	溪巷	Xiaoxi Ln.
1	滾水	Xiaogunshui
3	巷	Xiaogunshui Ln.
1	澎湖	Xiaopenghu
1	烏山	Xiaowushan
1	石門	Xiaoshimen
1	窩	Xiaowo
1	粗坑	Xiaocukeng
3	路	Xiaocukeng Rd.
1	腳腿	Xiaojiaotui
1	西村	Xiaoxi Vil.
2	街	Xiaoxi St.
2	路	Xiaoxi Rd.
2	里	Xiaoxi Vil.
2	門	Xiaoximen
1	角仔	Xiaojiaozai
1	赤崁	Xiaochikan
2	村	Xiaochi Vil.
1	路巷	Xiaolu Ln.
1	邦	Xiaobang
1	銅鑼圈	Xiaotongluoquan
1	門	Xiaomen
2	村	Xiaomen Vil.
1	雅路	Xiaoya Rd.
1	馬路	Xiaoma Rd.
1	鼓坑	Xiaogukeng
0	少年街	Shaonian St.
1	康1街	Shaokang 1st St.
2	2街	Shaokang 2nd St.
2	街	Shaokang St.
2	路	Shaokang Rd.
0	尖下	Jianxia
2	里	Jianxia Vil.
1	厝崙	Jiancuolun
1	子鹿	Jianzilu
1	山	Jianshan
2	坑	Jianshankeng
2	埔路	Jianshanpu Rd.
4	2段	Sec. 2, Jianshanpu Rd.
4	國小巷	Guoxiao Ln., Jianshanpu Rd.
2	外	Jianshanwai
2	子	Jianshanzi
2	巷	Jianshan Ln.
2	村	Jianshan Vil.
2	湖	Jianshanhu
2	腳	Jianshanjiao
3	街	Jianshanjiao St.
2	路	Jianshan Rd.
3	卓厝巷	Zhuocuo Ln., Jianshan Rd.
3	高厝巷	Gaocuo Ln., Jianshan Rd.
2	里	Jianshan Vil.
1	峰	Jianfeng
1	石	Jianshi
1	筆窩	Jianbiwo
1	豐路	Jianfeng Rd.
3	豆北巷	Doubei Ln., Jianfeng Rd.
1	鹿村	Jianlu Vil.
0	尚仁街	Shangren St.
1	信街	Shangxin St.
1	健1路1段	Sec. 1, Shangjian 1st Rd.
4	2段	Sec. 2, Shangjian 1st Rd.
2	2路1段	Sec. 1, Shangjian 2nd Rd.
4	2段	Sec. 2, Shangjian 2nd Rd.
2	3路1段	Sec. 1, Shangjian 3rd Rd.
4	2段	Sec. 2, Shangjian 3rd Rd.
4	3段	Sec. 3, Shangjian 3rd Rd.
2	5路1段	Sec. 1, Shangjian 5th Rd.
4	2段	Sec. 2, Shangjian 5th Rd.
1	勇路	Shangyong Rd.
1	和巷	Shanghe Ln.
2	路	Shanghe Rd.
1	大路	Shangda Rd.
1	好路	Shanghao Rd.
1	德村	Shangde Vil.
2	街	Shangde St.
2	路	Shangde Rd.
2	里	Shangde Vil.
1	志街	Shangzhi St.
2	路	Shangzhi Rd.
1	惠路	Shanghui Rd.
1	文街	Shangwen St.
1	智街	Shangzhi St.
2	路	Shangzhi Rd.
1	榮巷	Shangrong Ln.
1	武巷	Shangwu Ln.
2	村	Shangwu Vil.
2	街	Shangwu St.
2	路	Shangwu Rd.
2	里	Shangwu Vil.
1	深路	Shangshen Rd.
1	濱路	Shangbin Rd.
1	禮街	Shangli St.
1	義	Shangyi
2	新村	Shangyi New Vil.
2	村	Shangyi Vil.
2	機場	Kinmen Airport
2	街	Shangyi St.
2	里	Shangyi Vil.
1	興路	Shangxing Rd.
1	貴路1段	Sec. 1, Shanggui Rd.
3	2段	Sec. 2, Shanggui Rd.
1	頂1街	Shangding 1st St.
2	2街	Shangding 2nd St.
2	路	Shangding Rd.
2	里	Shangding Vil.
1	順路	Shangshun Rd.
0	尪子上天路	Wangzishangtian Rd.
2	崙坑	Wangzilunkeng
1	祖廟	Wangzu Temple
0	尾北里	Weibei Vil.
1	南里	Weinan Vil.
1	厝	Weicuo
2	村	Weicuo Vil.
2	路	Weicuo Rd.
1	園	Weiyuan
1	塹1路	Weiqian 1st Rd.
2	2路	Weiqian 2nd Rd.
2	村	Weiqian Vil.
1	寮	Weiliao
1	庄	Weizhuang
1	張巷	Weizhang Ln.
1	東里	Weidong Vil.
1	湖	Weihu
1	社路	Weishe Rd.
1	西里	Weixi Vil.
1	隘子	Wei'aizi
0	居仁巷	Juren Ln.
2	街	Juren St.
2	里	Juren Vil.
1	南屯	Junantun
1	安里	Ju'an Vil.
1	易四區	Juyi 4th Dist.
0	屈尺路	Quchi Rd.
3	柏園巷	Boyuan Ln., Quchi Rd.
2	里	Quchi Vil.
0	屋拉力1街	Wulali 1st St.
3	2街	Wulali 2nd St.
3	3街	Wulali 3rd St.
3	4街	Wulali 4th St.
0	屏光路	Pingguang Rd.
1	加路	Pingjia Rd.
1	北路	Pingbei Rd.
1	南路	Pingnan Rd.
2	里	Pingnan Vil.
1	女新村	Pingnu New Vil.
1	山巷	Pingshan Ln.
2	新村	Pingshan New Vil.
2	里	Pingshan Vil.
1	西路	Pingxi Rd.
3	古月巷	Guyue Ln., Pingxi Rd.
5	東巷	Guyue E. Ln., Pingxi Rd.
3	吉昌巷	Jichang Ln., Pingxi Rd.
0	展宇美村	Zhanyumei Vil.
1	寶路	Zhanbao Rd.
3	永存巷	Yongcun Ln., Zhanbao Rd.
4	生巷	Yongsheng Ln., Zhanbao Rd.
1	望巷	Zhanwang Ln.
2	路2段	Sec. 2, Zhanwang Rd.
1	業1路	Zhanye 1st Rd.
2	2路	Zhanye 2nd Rd.
2	路	Zhanye Rd.
1	興路	Zhanxing Rd.
0	層林	Cenglin
2	村	Cenglin Vil.
0	履豐村	Lufeng Vil.
0	屯子頭	Tunzitou
1	山里	Tunshan Vil.
1	營	Tunying
1	田巷	Tuntian Ln.
1	鹿	Tunlu
0	山上	Shanshang
2	村	Shanshang Vil.
1	下	Shanxia
2	1街	Shanxia 1st St.
2	2街	Shanxia 2nd St.
2	3街	Shanxia 3rd St.
2	4街	Shanxia 4th St.
2	5街	Shanxia 5th St.
2	巷	Shanxia Ln.
2	街	Shanxia St.
2	路	Shanxia Rd.
2	里	Shanxia Vil.
3	山下	Shanxia, Shanxia Vil.
1	中村	Shanzhong Vil.
2	街	Shanzhong St.
2	里	Shanzhong Vil.
1	仔頂	Shanzaiding
1	仙路	Shanxian Rd.
1	佳	Shanjia
2	1路	Shanjia 1st Rd.
2	2路	Shanjia 2nd Rd.
2	街	Shanjia St.
2	里	Shanjia Vil.
1	光里	Shanguang Vil.
1	內村	Shannei Vil.
1	前	Shanqian
2	路	Shanqian Rd.
1	吉路	Shanji Rd.
1	后	Shanhou
1	坡路	Shanpo Rd.
1	坪	Shanping
2	路	Shanping Rd.
1	城路	Shancheng Rd.
1	塘背	Shantangbei
1	壽巷	Shanshou Ln.
1	外	Shanwai
2	村	Shanwai Vil.
2	街	Shanwai St.
2	路	Shanwai Rd.
2	里	Shanwai Vil.
1	大1路	Shanda 1st Rd.
2	2路	Shanda 2nd Rd.
2	路	Shanda Rd.
1	子尾	Shanziwei
2	腳	Shanzijiao
2	邊	Shanzibian
2	門	Shanzimen
2	頂	Shanziding
1	安路	Shan'an Rd.
1	富	Shanfu
2	街	Shanfu St.
1	寮	Shanliao
2	巷	Shanliao Ln.
2	村	Shanliau Vil.
1	尖路	Shanjian Rd.
1	尾	Shanwei
1	峰	Shanfeng
2	里	Shanfeng Vil.
1	崇巷	Shanchong Ln.
2	里	Shanchong Vil.
1	崙里	Shanlun Vil.
1	嶺	Shanling
1	川	Shanchuan
1	平	Shanping
1	廣	Shanguang
1	德村	Shande Vil.
2	路	Shande Rd.
1	文路	Shanwen Rd.
1	明街	Shanming St.
2	路	Shanming Rd.
2	里	Shanming Vil.
1	村	Shan Vil.
1	東1路	Shandong 1st Rd.
2	街	Shandong St.
2	路	Shandong Rd.
2	里	Shandong Vil.
1	林巷	Shanlin Ln.
2	路	Shanlin Rd.
3	1段	Sec. 1, Shanlin Rd.
3	2段	Sec. 2, Shanlin Rd.
3	3段	Sec. 3, Shanlin Rd.
1	果路	Shanguo Rd.
1	柑	Shangan
2	尾里	Shanganwei Vil.
2	里	Shangan Vil.
1	棕寮	Shanzongliao
1	楂腳巷	Shanzhajiao Ln.
1	櫻路	Shanying Rd.
1	水路	Shanshui Rd.
2	里	Shanshui Vil.
1	沓路	Shanduo Rd.
1	泉	Shanquan
1	海路	Shanhai Rd.
2	里	Shanhai Vil.
1	湖1路	Shanhu 1st Rd.
2	2路	Shanhu 2nd Rd.
2	村	Shanhu Vil.
2	路	Shanhu Rd.
1	溪村	Shanxi Vil.
1	灶	Shanzao
1	犁里	Shanli Vil.
1	田路	Shantian Rd.
3	大湖巷	Dahu Ln., Shantian Rd.
3	長青巷	Changqing Ln., Shantian Rd.
1	界	Shanjie
1	皮村	Shanpi Vil.
1	知崙	Shanzhilun
1	福村	Shanfu Vil.
2	路	Shanfu Rd.
1	美	Shanmei
2	村	Shanmei Vil.
2	路	Shanmei Rd.
1	腳	Shanjiau
2	1街	Shanjiao 1st St.
2	仔	Shanjiaozai
2	巷	Shanjiao Ln.
2	村	Shanjiau Vil.
3	中山路	Zhongshan Rd., Shanjiao Vil.
3	大山路	Dashan Rd., Shanjiao Vil.
2	東巷	Shanjiau E. Ln.
2	街	Shanjiao St.
2	西巷	Shanjiau W. Ln.
2	路	Shanjiao Rd.
3	1段	Sec. 1, Shanjiao Rd.
5	坡姜巷	Pojiang Ln., Sec. 1, Shanjiao Rd.
3	2段	Sec. 2, Shanjiao Rd.
3	3段	Sec. 3, Shanjiao Rd.
3	4段	Sec. 4, Shanjiao Rd.
3	5段	Sec. 5, Shanjiao Rd.
3	6段	Sec. 6, Shanjiao Rd.
5	東北巷	Dongbei Ln., Sec. 6, Shanjiao Rd.
3	忠勤巷	Zhongqin Ln., Shanjiao Rd.
2	里	Shanjiau Vil.
1	興巷	Shanxing Ln.
2	路	Shanxing Rd.
2	里	Shanxing Vil.
1	英路	Shanying Rd.
1	茶巷	Shancha Ln.
1	葉路	Shanye Rd.
1	西	Shanxi
2	中街	Shanxi Central St.
2	北1街	Shanxi N. 1st St.
3	2街	Shanxi N. 2nd St.
2	南1街	Shanxi S. 1st St.
3	2街	Shanxi S. 2nd St.
2	村	Shanxi Vil.
2	路1段	Sec. 1, Shanxi Rd.
3	2段	Sec. 2, Shanxi Rd.
3	3段	Sec. 3, Shanxi Rd.
1	豬堀	Shanzhuku
2	湖	Shanzhuhu
2	陷	Shanzhuxian
1	農巷	Shannong Ln.
1	通路	Shantong Rd.
1	邊	Shanbian
2	巷	Shanbian Ln.
2	路	Shanbian Rd.
3	1段	Sec. 1, Shanbian Rd.
3	2段	Sec. 2, Shanbian Rd.
3	3段	Sec. 3, Shanbian Rd.
1	里	Shanli
2	路	Shanli Rd.
1	錦路	Shanjin Rd.
1	陽村	Shanyang Vil.
1	隙	Shanxi
2	路	Shanxi Rd.
1	霸田路	Shanbatian Rd.
1	頂	Shanding
2	巷	Shanding Ln.
2	村	Shanding Vil.
2	街	Shanding St.
2	路	Shanding Rd.
1	順	Shanshun
1	鶯路	Shanying Rd.
3	中華巷	Zhonghua Ln., Shanying Rd.
3	國光巷	Guoguang Ln., Shanying Rd.
3	將軍巷	Jiangjun Ln., Shanying Rd.
3	文華巷	Wenhua Ln., Shanying Rd.
3	福星巷	Fuxing Ln., Shanying Rd.
3	華玉巷	Huayu Ln., Shanying Rd.
3	黃厝巷	Huangcuo Ln., Shanying Rd.
1	鼻1路	Shanbi 1st Rd.
2	2路	Shanbi 2nd Rd.
2	子	Shanbizi
2	村	Shanbi Vil.
2	路	Shanbi Rd.
0	岐山1路	Qishan 1st Rd.
2	2路	Qishan 2nd Rd.
2	村	Qishan Vil.
1	頭	Qitou
2	村	Qitou Vil.
0	岑海里	Cenhai Vil.
0	岡仙巷	Gangxian Ln.
1	尾巷	Gangwei Ln.
1	山北路	Gangshan N. Rd.
2	南路	Gangshan S. Rd.
2	路	Gangshan Rd.
3	岡農新村	Gangnong New Vil., Gangshan Rd.
2	里	Gangshan Vil.
1	林	Ganglin
2	村	Ganglin Vil.
1	榮路	Gangrong Rd.
1	燕路	Gangyan Rd.
0	岩仔	Yanzai
2	後	Yanzaihou
2	腳	Yanzaijiao
1	前	Yanqian
1	山路	Yanshan Rd.
2	里	Yanshan Vil.
1	板巷	Yanban Ln.
1	灣路	Yanwan Rd.
2	里	Yanwan Vil.
1	竹村	Yanzhu Vil.
3	福德巷	Fude Ln., Yanzhu Vil.
0	岱江里	Daijiang Vil.
0	岳明新村	Yueming New Vil.
2	里	Yueming Vil.
1	武巷	Yuewu Ln.
1	王路	Yuewang Rd.
1	陽巷	Yueyang Ln.
2	街	Yueyang St.
0	岷山里	Minshan Vil.
0	岸內	Annei
2	農場	Annei Farm
2	里	Annei Vil.
1	腳	Anjiao
2	村	Anjiau Vil.
1	興街	Anxing St.
1	裡1街	Anli 1st St.
2	2街	Anli 2nd St.
2	村	Anli Vil.
1	角巷	Anjiao Ln.
1	頭巷	Antou Ln.
0	峨眉	Emei
2	1街	Emei 1st St.
2	2街	Emei 2nd St.
2	3街	Emei 3rd St.
2	4街	Emei 4th St.
2	村	Emei Vil.
3	河背	Hebei, Emei Vil.
2	街	Emei St.
0	峰上	Fengshang
1	北	Fengbei
2	路	Fengbei Rd.
1	南	Fengnan
2	路	Fengnan Rd.
2	里	Fengnan Vil.
1	園路	Fengyuan Rd.
1	城1路	Fengcheng 1st Rd.
2	2路	Fengcheng 2nd Rd.
2	路	Fengcheng Rd.
1	堤路	Fengti Rd.
1	山路	Fengshan Rd.
1	廷村	Fengting Vil.
2	街	Fengting St.
1	德路	Fengde Rd.
1	東路	Fengdong Rd.
1	生巷	Fengsheng Ln.
1	西巷	Fengxi Ln.
2	路	Fengxi Rd.
1	谷村	Fenggu Vil.
2	路	Fenggu Rd.
1	頭	Fengtou
0	崁下	Kanxia
2	巷	Kanxia Ln.
1	仔腳	Kanzaijiao
1	前	Kanqian
2	里	Kanqian Vil.
1	子腳	Kanzijiao
2	頭	Kanzitou
1	後	Kanhou
2	里	Kanhou Vil.
1	斗巷	Kandou Ln.
1	村	Kan Vil.
1	津部落	Sawuazhi Tribe
1	腳	Kanjiao
2	巷	Kanjiao Ln.
2	村	Kanjiau Vil.
1	頂	Kanding
2	1路	Kanding 1st Rd.
2	2路	Kanding 2nd Rd.
2	3路	Kanding 3rd Rd.
2	5路	Kanding 5th Rd.
2	巷	Kanding Ln.
2	村	Kanding Vil.
2	街	Kanding St.
2	路	Kanding Rd.
2	里	Kanding Vil.
1	頭	Kantou
2	厝	Kantoucuo
2	子	Kantouzi
2	村	Kantou Vil.
2	路	Kantou Rd.
2	里	Kantou Vil.
0	崇仁街	Chongren St.
2	路	Chongren Rd.
3	1段	Sec. 1, Chongren Rd.
2	里	Chongren Vil.
1	仰1路	Chongyang 1st Rd.
2	2路	Chongyang 2nd Rd.
2	3路	Chongyang 3rd Rd.
2	5路	Chongyang 5th Rd.
2	6路	Chongyang 6th Rd.
2	7路	Chongyang 7th Rd.
2	9路	Chongyang 9th Rd.
1	佑巷	Chongyou Ln.
1	信街	Chongxin St.
1	倫北街	Chonglun N. St.
2	街	Chonglun St.
1	偉路	Chongwei Rd.
1	元1街	Chongyuan 1st St.
2	2街	Chongyuan 2nd St.
2	3街	Chongyuan 3rd St.
2	4街	Chongyuan 4th St.
2	5街	Chongyuan 5th St.
2	6街	Chongyuan 6th St.
1	勇街	Chongyong St.
1	勝1街	Chongsheng 1st St.
2	2街	Chongsheng 2nd St.
2	3街	Chongsheng 3rd St.
1	南村	Chongnan Vil.
2	里	Chongnan Vil.
1	右巷	Chongyou Ln.
1	吉1街	Chongji 1st St.
2	2街	Chongji 2nd St.
2	3街	Chongji 3rd St.
1	和路	Chonghe Rd.
1	善11街	Chongshan 11th St.
3	2街	Chongshan 12th St.
3	3街	Chongshan 13th St.
3	4街	Chongshan 14th St.
3	5街	Chongshan 15th St.
3	6街	Chongshan 16th St.
3	街	Chongshan 1st St.
2	2街	Chongshan 2nd St.
2	3街	Chongshan 3rd St.
2	4街	Chongshan 4th St.
2	5街	Chongshan 5th St.
2	6街	Chongshan 6th St.
2	7街	Chongshan 7th St.
2	8街	Chongshan 8th St.
2	9街	Chongshan 9th St.
2	十街	Chongshan 10th St.
2	東路	Chongshan E. Rd.
2	街	Chongshan St.
2	路	Chongshan Rd.
2	里	Chongshan Vil.
1	孝街	Chongxiao St.
1	學路	Chongxue Rd.
2	里	Chongxue Vil.
1	安1街	Chong'an 1st St.
2	街	Chong'an St.
1	實新村	Chongshi New Vil.
2	路	Chongshi Rd.
2	里	Chongshi Vil.
1	尚街	Chongshang St.
1	平路	Chongping Rd.
1	廉街	Chonglian St.
1	德	Chongde
2	11街	Chongde 11th St.
4	路	Chongde 11th Rd.
3	2街	Chongde 12th St.
4	路	Chongde 12th Rd.
3	3街	Chongde 13th St.
4	路	Chongde 13th Rd.
3	4街	Chongde 14th St.
3	5街	Chongde 15th St.
4	路	Chongde 15th Rd.
3	6街	Chongde 16th St.
4	路	Chongde 16th Rd.
5	仁美9巷	Renmei 9th Ln., Chongde 16th Rd.
3	7街	Chongde 17th St.
4	路	Chongde 17th Rd.
3	8街	Chongde 18th St.
4	路	Chongde 18th Rd.
3	9街	Chongde 19th St.
4	路	Chongde 19th Rd.
3	街	Chongde 1st St.
3	路	Chongde 1st Rd.
2	21街	Chongde 21st St.
3	2街	Chongde 22nd St.
3	3街	Chongde 23rd St.
3	4街	Chongde 24th St.
3	5街	Chongde 25th St.
3	6街	Chongde 26th St.
3	7街	Chongde 27th St.
3	街	Chongde 2nd St.
3	路	Chongde 2nd Rd.
4	1段	Sec. 1, Chongde 2nd Rd.
4	2段	Sec. 2, Chongde 2nd Rd.
2	31街	Chongde 31st St.
3	2街	Chongde 32nd St.
3	3街	Chongde 33rd St.
3	4街	Chongde 34th St.
3	街	Chongde 3rd St.
3	路	Chongde 3rd Rd.
2	4街	Chongde 4th St.
2	5街	Chongde 5th St.
3	路	Chongde 5th Rd.
2	6街	Chongde 6th St.
3	路	Chongde 6th Rd.
4	1段	Sec. 1, Chongde 6th Rd.
2	7街	Chongde 7th St.
3	路	Chongde 7th Rd.
2	8街	Chongde 8th St.
3	路1段	Sec. 1, Chongde 8th Rd.
4	2段	Sec. 2, Chongde 8th Rd.
2	9街	Chongde 9th St.
3	路	Chongde 9th Rd.
2	三十街	Chongde 30th St.
2	二十街	Chongde 20th St.
2	十街	Chongde 10th St.
3	路1段	Sec. 1, Chongde 10th Rd.
4	2段	Sec. 2, Chongde 10th Rd.
2	巷	Chongde Ln.
2	村	Chongde Vil.
2	街	Chongde St.
2	路	Chongde Rd.
3	1段	Sec. 1, Chongde Rd.
3	2段	Sec. 2, Chongde Rd.
3	3段	Sec. 3, Chongde Rd.
3	4段	Sec. 4, Chongde Rd.
3	5段	Sec. 5, Chongde Rd.
3	北勢巷	Beishi Ln., Chongde Rd.
3	山頂巷	Shanding Ln., Chongde Rd.
3	崇西巷	Chongxi Ln., Chongde Rd.
3	社區巷	Shequ Ln., Chongde Rd.
3	興德巷	Xingde Ln., Chongde Rd.
2	里	Chongde Vil.
1	恩路	Chong'en Rd.
1	惠路	Chonghui Rd.
1	愛街	Chong'ai St.
1	慶街1段	Sec. 1, Chongqing St.
3	2段	Sec. 2, Chongqing St.
1	成里	Chongcheng Vil.
1	敬街	Chongjing St.
1	文3街	Chongwen 3rd St.
2	巷	Chongwen Ln.
2	街	Chongwen St.
2	路	Chongwen Rd.
3	2段	Sec. 2, Chongwen Rd.
2	里	Chongwen Vil.
1	明11街	Chongming 11th St.
3	2街	Chongming 12th St.
3	3街	Chongming 13th St.
3	4街	Chongming 14th St.
3	5街	Chongming 15th St.
3	6街	Chongming 16th St.
3	7街	Chongming 17th St.
3	8街	Chongming 18th St.
3	9街	Chongming 19th St.
3	街	Chongming 1st St.
2	22街	Chongming 22nd St.
3	3街	Chongming 23rd St.
3	4街	Chongming 24th St.
3	5街	Chongming 25th St.
3	街	Chongming 2nd St.
2	3街	Chongming 3rd St.
2	4街	Chongming 4th St.
2	5街	Chongming 5th St.
2	6街	Chongming 6th St.
2	7街	Chongming 7th St.
2	9街	Chongming 9th St.
2	二十街	Chongming 20th St.
2	十街	Chongming 10th St.
2	街	Chongming St.
3	協和巷	Xiehe Ln., Chongming St.
3	新生巷	Xinsheng Ln., Chongming St.
2	路	Chongming Rd.
2	里	Chongming Vil.
1	智街	Chongzhi St.
2	里	Chongzhi Vil.
1	朝1路	Chongchao 1st Rd.
2	路	Chongchao Rd.
1	本街	Chongben St.
1	正路	Chongzheng Rd.
1	武街	Chongwu St.
2	路	Chongwu Rd.
2	里	Chongwu Vil.
1	法街	Chongfa St.
1	禮街	Chongli St.
2	里	Chongli Vil.
1	美路	Chongmei Rd.
1	義3街	Chongyi 3rd St.
2	5街	Chongyi 5th St.
2	6街	Chongyi 6th St.
2	巷	Chongyi Ln.
2	街	Chongyi St.
2	里	Chongyi Vil.
1	聖街	Chongsheng St.
2	路	Chongsheng Rd.
3	1段	Sec. 1, Chongsheng Rd.
3	2段	Sec. 2, Chongsheng Rd.
1	興街	Chongxing St.
2	路	Chongxing Rd.
3	1段	Sec. 1, Chongxing Rd.
3	2段	Sec. 2, Chongxing Rd.
1	蘭	Chonglan
2	里	Chonglan Vil.
1	誨里	Chonghui Vil.
1	賢1路	Chongxian 1st Rd.
2	2路	Chongxian 2nd Rd.
2	3路	Chongxian 3rd Rd.
2	4路	Chongxian 4th Rd.
2	5路	Chongxian 5th Rd.
2	6路	Chongxian 6th Rd.
2	7路	Chongxian 7th Rd.
2	巷	Chongxian Ln.
2	路	Chongxian Rd.
1	道路	Chongdao Rd.
1	陽街	Chongyang St.
0	崎內里	Qinei Vil.
1	子頭	Qizitou
1	村	Qi Vil.
1	溜巷	Qiliu Ln.
1	溝路	Qigou Rd.
1	漏1街	Qilou 1st St.
2	2街	Qilou 2nd St.
2	3街	Qilou 3rd St.
2	5街	Qilou 5th St.
2	村	Qilou Vil.
2	路	Qilou Rd.
1	腳	Qijiao
1	頂	Qiding
2	巷	Qiding Ln.
2	村	Qiding Vil.
2	里	Qiding Vil.
1	頭	Qitou
0	崑南街	Kunnan St.
3	崑中巷	Kunzhong Ln., Kunnan St.
4	崙巷	Kunlun Ln., Kunnan St.
1	大路	Kunda Rd.
1	山	Kunshan
2	村	Kunshan Vil.
2	東巷	Kunshan E. Ln.
2	街	Kunshan St.
2	西巷	Kunshan W. Ln.
2	路	Kunshan Rd.
2	里	Kunshan Vil.
1	崙巷	Kunlun Ln.
2	村	Kunlun Vil.
2	路	Kunlun Rd.
2	里	Kunlun Vil.
1	明街	Kunming St.
2	路	Kunming Rd.
0	崗佑1街	Gangyou 1st St.
2	2街	Gangyou 2nd St.
1	北路	Gangbei Rd.
1	南路	Gangnan Rd.
1	安路	Gang'an Rd.
1	山	Gangshan
2	1街	Gangshan 1st St.
2	2街	Gangshan 2nd St.
2	3街	Gangshan 3rd St.
2	5街	Gangshan 5th St.
2	6街	Gangshan 6th St.
2	8街	Gangshan 8th St.
2	中街	Gangshan Central St.
2	北街	Gangshan N. St.
2	南街	Gangshan S. St.
2	村	Gangshan Vil.
2	東街	Gangshan E. St.
2	橫街	Gangshanheng St.
2	西街	Gangshan W. St.
2	路	Gangshan Rd.
1	德路	Gangde Rd.
1	背	Gangbei
0	崙上村	Lunshang Vil.
2	路	Lunshang Rd.
1	中村	Lunzhong Vil.
2	路	Lunzhong Rd.
1	仔巷	Lunzai Ln.
2	平	Lunzaiping
2	村	Lunzai Vil.
2	路	Lunzai Rd.
2	頂路	Lunzaiding Rd.
1	內	Lunnei
2	里	Lunnei Vil.
1	前	Lunqian
2	村	Lunqian Vil.
1	北巷	Lunbei Ln.
2	村	Lunbei Vil.
2	路	Lunbei Rd.
1	南1路	Lunnan 1st Rd.
2	2路	Lunnan 2nd Rd.
2	3路	Lunnan 3rd Rd.
2	村	Lunnan Vil.
2	路	Lunnan Rd.
1	后路	Lunhou Rd.
1	坪	Lunping
2	1路	Lunping 1st Rd.
2	2路	Lunping 2nd Rd.
2	3路	Lunping 3rd Rd.
2	5路	Lunping 5th Rd.
2	6路	Lunping 6th Rd.
2	8路	Lunping 8th Rd.
2	十路	Lunping 10th Rd.
2	村	Lunping Vil.
1	埤	Lunpi
2	巷	Lunpi Ln.
2	村	Lunpi Vil.
1	天	Luntian
1	子	Lunzi
2	南路	Lunzi S. Rd.
2	巷	Lunzi Ln.
2	村	Lunzi Vil.
2	腳路	Lunzijiao Rd.
4	大庭巷	Dating Ln., Lunzijiao Rd.
4	忠覺巷	Zhongjue Ln., Lunzijiao Rd.
4	頂庄巷	Dingzhuang Ln., Lunzijiao Rd.
2	路	Lunzi Rd.
2	頂	Lunziding
1	安路	Lun'an Rd.
1	尾	Lunwei
2	巷	Lunwei Ln.
1	山	Lunshan
2	村	Lunshan Vil.
1	川路	Lunchuan Rd.
1	工北1路	Lungong N. 1st Rd.
3	2路	Lungong N. 2nd Rd.
3	5路	Lungong N. 5th Rd.
3	8路	Lungong N. 8th Rd.
2	路	Lungong Rd.
1	平北路	Lunping N. Rd.
2	南路	Lunping S. Rd.
2	里	Lunping Vil.
1	後村	Lunhou Vil.
1	新北路	Lunxin N. Rd.
2	南路	Lunxin S. Rd.
2	路	Lunxin Rd.
1	東北路	Lundong N. Rd.
2	村	Lundong Vil.
2	街	Lundong St.
2	路	Lundong Rd.
2	里	Lundong Vil.
1	港巷	Lungang Ln.
1	王路	Lunwang Rd.
1	美村	Lunmei Vil.
2	路	Lunmei Rd.
1	腳村	Lunjiau Vil.
3	中平巷	Zhongping Ln., Lunjiao Vil.
3	和平路	Heping Rd., Lunjiao Vil.
2	路	Lunjiao Rd.
1	萬路	Lunwan Rd.
1	西村	Lunxi Vil.
1	豐巷	Lunfeng Ln.
2	路	Lunfeng Rd.
1	里	Lun Vil.
1	陽村	Lunyang Vil.
1	雅巷	Lunya Ln.
2	村	Lunya Vil.
2	里	Lunya Vil.
1	頂	Lunding
2	1街	Lunding 1st St.
2	2街	Lunding 2nd St.
2	3街	Lunding 3rd St.
2	5街	Lunding 5th St.
2	巷	Lunding Ln.
2	村	Lunding Vil.
2	街	Lunding St.
2	路	Lunding Rd.
2	里	Lunding Vil.
1	饒路	Lunrao Rd.
0	崧嶺路	Songling Rd.
0	崩埤	Bengpi
1	山	Bengshan
2	下	Bengshanxia
2	仔	Bengshanzai
2	坑	Bengshankeng
2	巷	Bengshan Ln.
2	村	Bengshan Vil.
1	崁腳	Bengkanjiao
1	隙里	Bengxi Vil.
0	嵐峰路1段	Sec. 1, Lanfeng Rd.
3	2段	Sec. 2, Lanfeng Rd.
3	3段	Sec. 3, Lanfeng Rd.
1	翠里	Lancui Vil.
0	嵩山巷	Songshan Ln.
1	翠1路	Songcui 1st Rd.
2	2路	Songcui 2nd Rd.
2	路	Songcui Rd.
1	陽街	Songyang St.
0	嶺南村	Lingnan Vil.
1	尾	Lingwei
1	拔林街	Lingbalin St.
1	東南路	Lingdong S. Rd.
2	路	Lingdong Rd.
1	腳坑	Lingjiaokeng
2	寮	Lingjiaoliao
2	村	Lingjiau Vil.
2	路	Lingjiao Rd.
1	興路	Lingxing Rd.
1	頂	Lingding
2	巷	Lingding Ln.
2	村	Lingding Vil.
1	頭	Lingtou
0	嶼坪村	Yuping Vil.
0	巖仔路	Yanzai Rd.
0	川合路	Chuanhe Rd.
1	東里	Chuandong Vil.
1	西里	Chuanxi Vil.
0	州北里	Zhoubei Vil.
1	南1街	Zhounan 1st St.
2	2街	Zhounan 2nd St.
2	3街	Zhounan 3rd St.
2	5街	Zhounan 5th St.
2	6街	Zhounan 6th St.
2	7街	Zhounan 7th St.
2	8街	Zhounan 8th St.
2	十街	Zhounan 10th St.
2	路	Zhounan Rd.
2	里	Zhounan Vil.
1	安1街	Zhou'an 1st St.
2	2街	Zhou'an 2nd St.
2	3街	Zhou'an 3rd St.
1	平1街	Zhouping 1st St.
2	2街	Zhouping 2nd St.
2	3街	Zhouping 3rd St.
2	路	Zhouping Rd.
1	界	Zhoujie
0	巡府路	Xunfu Rd.
0	工1路	Gong 1st Rd.
1	2路	Gong 2nd Rd.
3	1段	Sec. 1, Gong 2nd Rd.
1	3路	Gong 3rd Rd.
1	4路	Gong 4th Rd.
1	5路	Gong 5th Rd.
1	6路	Gong 6th Rd.
1	7路	Gong 7th Rd.
1	8路	Gong 8th Rd.
1	9路	Gong 9th Rd.
1	二區工2路	Gong 2nd Rd., 2nd Industrial Park
4	3路	Gong 3rd Rd., 2nd Industrial Park
4	4路	Gong 4th Rd., 2nd Industrial Park
4	5路	Gong 5th Rd., 2nd Industrial Park
4	6路	Gong 6th Rd., 2nd Industrial Park
4	7路	Gong 7th Rd., 2nd Industrial Park
4	8路	Gong 8th Rd., 2nd Industrial Park
4	9路	Gong 9th Rd., 2nd Industrial Park
1	區11路	Gongqu 11th Rd.
3	路	Gongqu 1st Rd.
2	2路	Gongqu 2nd Rd.
2	3路	Gongqu 3rd Rd.
2	4路	Gongqu 4th Rd.
2	5路	Gongqu 5th Rd.
2	6路	Gongqu 6th Rd.
2	7路	Gongqu 7th Rd.
2	8路	Gongqu 8th Rd.
2	9路	Gongqu 9th Rd.
2	十路	Gongqu 10th Rd.
2	路	Gongqu Rd.
1	十路	Gong 10th Rd.
1	協新村	Gongxie New Vil.
2	街	Gongxie St.
1	名路	Gongming Rd.
1	商路	Gongshang Rd.
1	學1街	Gongxue 1st St.
2	2街	Gongxue 2nd St.
2	3街	Gongxue 3rd St.
2	5街	Gongxue 5th St.
2	6街	Gongxue 6th St.
2	北路	Gongxue N. Rd.
2	路	Gongxue Rd.
1	專1街	Gongzhuan 1st St.
2	路	Gongzhuan Rd.
1	廠村	Gongchang Vil.
1	建北路	Gongjian N. Rd.
2	南路	Gongjian S. Rd.
2	西路	Gongjian W. Rd.
2	路	Gongjian Rd.
1	明1路	Gongming 1st Rd.
2	2路	Gongming 2nd Rd.
2	3路	Gongming 3rd Rd.
2	5路	Gongming 5th Rd.
2	南1路	Gongming S. 1st Rd.
3	2路	Gongming S. 2nd Rd.
3	3路	Gongming S. 3rd Rd.
3	5路	Gongming S. 5th Rd.
2	路	Gongming Rd.
1	東1路	Gongdong 1st Rd.
2	2路	Gongdong 2nd Rd.
2	3路	Gongdong 3rd Rd.
2	街	Gongdong St.
1	校街	Gongxiao St.
1	業11路	Gongye 11th Rd.
3	2路	Gongye 12th Rd.
3	4路	Gongye 14th Rd.
3	5路	Gongye 15th Rd.
3	6路	Gongye 16th Rd.
3	7路	Gongye 17th Rd.
3	8路	Gongye 18th Rd.
3	9路	Gongye 19th Rd.
3	街	Gongye 1st St.
3	路	Gongye 1st Rd.
2	2街	Gongye 2nd St.
3	路	Gongye 2nd Rd.
2	3街	Gongye 3rd St.
3	路	Gongye 3rd Rd.
2	4路	Gongye 4th Rd.
2	5街	Gongye 5th St.
3	路	Gongye 5th Rd.
2	6街	Gongye 6th St.
3	路	Gongye 6th Rd.
4	東段	Sec. E., Gongye 6th Rd.
4	西段	Sec. W., Gongye 6th Rd.
2	7街	Gongye 7th St.
3	路	Gongye 7th Rd.
2	8街	Gongye 8th St.
3	路	Gongye 8th Rd.
2	9街	Gongye 9th St.
3	路	Gongye 9th Rd.
2	二十路	Gongye 20th Rd.
2	北1路	Gongye N. 1st Rd.
3	2路	Gongye N. 2nd Rd.
3	3路	Gongye N. 3rd Rd.
3	5路	Gongye N. 5th Rd.
3	6路	Gongye N. 6th Rd.
3	路	Gongye N. Rd.
2	區	Industrial Park
3	11路	Gongyequ 11th Rd.
4	2路	Gongyequ 12th Rd.
4	3路	Gongyequ 13th Rd.
4	4路	Gongyequ 14th Rd.
4	5路	Gongyequ 15th Rd.
4	6路	Gongyequ 16th Rd.
4	7路	Gongyequ 17th Rd.
4	8路	Gongyequ 18th Rd.
4	9路	Gongyequ 19th Rd.
4	路	Gongyequ 1st Rd.
3	21路	Gongyequ 21st Rd.
4	2路	Gongyequ 22nd Rd.
4	3路	Gongyequ 23rd Rd.
4	4路	Gongyequ 24th Rd.
4	5路	Gongyequ 25th Rd.
4	6路	Gongyequ 26th Rd.
4	7路	Gongyequ 27th Rd.
4	8路	Gongyequ 28th Rd.
4	9路	Gongyequ 29th Rd.
4	路	Gongyequ 2nd Rd.
3	31路	Gongyequ 31st Rd.
4	2路	Gongyequ 32nd Rd.
4	3路	Gongyequ 33rd Rd.
4	4路	Gongyequ 34th Rd.
4	5路	Gongyequ 35th Rd.
4	6路	Gongyequ 36th Rd.
4	7路	Gongyequ 37th Rd.
4	8路	Gongyequ 38th Rd.
4	9路	Gongyequ 39th Rd.
4	路	Gongyequ 3rd Rd.
3	41路	Gongyequ 41st Rd.
4	2路	Gongyequ 42nd Rd.
4	路	Gongyequ 4th Rd.
3	5路	Gongyequ 5th Rd.
3	6路	Gongyequ 6th Rd.
3	7路	Gongyequ 7th Rd.
3	8路	Gongyequ 8th Rd.
3	9路	Gongyequ 9th Rd.
3	三十路	Gongyequ 30th Rd.
3	二十路	Gongyequ 20th Rd.
3	十路	Gongyequ 10th Rd.
3	四十路	Gongyequ 40th Rd.
2	十路	Gongye 10th Rd.
2	南1路	Gongye S. 1st Rd.
3	2路	Gongye S. 2nd Rd.
3	3路	Gongye S. 3rd Rd.
3	5路	Gongye S. 5th Rd.
3	6路	Gongye S. 6th Rd.
3	7路	Gongye S. 7th Rd.
3	9路	Gongye S. 9th Rd.
3	路	Gongye S. Rd.
2	東1路	Gongye E. 1st Rd.
3	2路	Gongye E. 2nd Rd.
3	3路	Gongye E. 3rd Rd.
3	4路	Gongye E. 4th Rd.
3	6路	Gongye E. 6th Rd.
3	7路	Gongye E. 7th Rd.
3	9路	Gongye E. 9th Rd.
3	十路	Gongye E. 10th Rd.
3	路	Gongye E. Rd.
2	環路	Gongyehuan Rd.
2	街	Gongye St.
2	西1路	Gongye W. 1st Rd.
3	2路	Gongye W. 2nd Rd.
3	5路	Gongye W. 5th Rd.
3	6路	Gongye W. 6th Rd.
3	7路	Gongye W. 7th Rd.
3	路	Gongye W. Rd.
2	路	Gongye Rd.
3	宏巨1巷	Hongju 1st Ln., Gongye Rd.
5	2巷	Hongju 2nd Ln., Gongye Rd.
5	3巷	Hongju 3rd Ln., Gongye Rd.
5	巷	Hongju Ln., Gongye Rd.
2	里	Gongye Vil.
1	湖路	Gonghu Rd.
1	環路	Gonghuan Rd.
1	研路	Gongyan Rd.
1	社中街	Gongshe Central St.
2	北街	Gongshe N. St.
2	南街	Gongshe S. St.
2	西街	Gongshe W. St.
1	程路	Gongcheng Rd.
1	維街	Gongwei St.
1	興街	Gongxing St.
1	西1路	Gongxi 1st Rd.
2	2路	Gongxi 2nd Rd.
0	左楠路	Zuonan Rd.
1	營下路	Zuoying Sia Rd.
2	大路	Zuoying Avenue
2	新路	Zuoyingxin Rd.
1	邊巷	Zuobian Ln.
1	鎮	Zuozhen
2	村	Zuozhen Vil.
0	巧克力街	Qiaokeli St.
0	巨埔里	Jupu Vil.
1	群街	Juqun St.
1	輪路	Julun Rd.
0	巫里岸街	Wuli'an St.
0	巴克禮路	Barclay Rd.
1	士巷	Bashi Ln.
1	崚	Baleng
1	庫拉斯	Bakurasu
1	新街	Baxin St.
1	陵	Baling
1	黎巷	Bali Ln.
0	巷口	Xiangkou
2	村	Xiangkou Vil.
2	里	Xiangkou Vil.
1	尾路	Xiangwei Rd.
0	市下巷	Shixia Ln.
1	中1路	Shizhong 1st Rd.
1	前街	Shiqian St.
1	場	Market
2	1巷	Shichang 1st Ln.
3	路	Shichang 1st Rd.
2	2巷	Shichang 2nd Ln.
3	樓	2 F, Market
2	3巷	Shichang 3rd Ln.
2	4巷	Shichang 4th Ln.
2	5巷	Shichang 5th Ln.
2	6巷	Shichang 6th Ln.
2	內	Shichangnei
2	北街	Shichang N. St.
3	路	Shichang N. Rd.
2	南路	Shichang S. Rd.
2	巷	Shichang Ln.
2	街	Shichang St.
2	路	Shichang Rd.
1	宅街	Shizhai St.
1	府路	Shifu Rd.
1	後街	Shihou St.
1	政北1路	Shizheng N. 1st Rd.
3	2路	Shizheng N. 2nd Rd.
3	3路	Shizheng N. 3rd Rd.
3	5路	Shizheng N. 5th Rd.
3	6路	Shizheng N. 6th Rd.
3	7路	Shizheng N. 7th Rd.
2	南1路	Shizheng S. 1st Rd.
3	2路	Shizheng S. 2nd Rd.
2	街	Shizheng St.
2	路	Shizheng Rd.
1	東路	Shidong Rd.
1	民大道1段	Sec. 1, Civic Blvd.
4	2段	Sec. 2, Civic Blvd.
4	3段	Sec. 3, Civic Blvd.
4	4段	Sec. 4, Civic Blvd.
4	5段	Sec. 5, Civic Blvd.
4	6段	Sec. 6, Civic Blvd.
4	7段	Sec. 7, Civic Blvd.
4	8段	Sec. 8, Civic Blvd.
2	街	Shimin St.
1	港1路	Shigang 1st Rd.
2	2路	Shigang 2nd Rd.
2	3路	Shigang 3rd Rd.
2	5路	Shigang 5th Rd.
2	6路	Shigang 6th Rd.
2	路	Shigang Rd.
1	興	Shixing
1	西路	Shixi Rd.
1	隆路	Shilong Rd.
0	布埔里	Bupu Vil.
1	袋1街	Budai 1st St.
2	2街	Budai 2nd St.
2	3街	Budai 3rd St.
2	5街	Budai 5th St.
2	6街	Budai 6th St.
2	7街	Budai 7th St.
2	村	Budai Vil.
2	路	Budai Rd.
2	里	Budai Vil.
1	西路	Buxi Rd.
0	帆寮里	Fanliau Vil.
0	希康里	Xikang Vil.
0	帝君巷	Dijun Ln.
0	師大路	Shida Rd.
1	校巷	Shixiao Ln.
1	範街	Shifan St.
1	院里	Shiyuan Vil.
0	常德街	Changde St.
2	路	Changde Rd.
1	盛街	Changsheng St.
1	興街	Changxing St.
1	順街	Changshun St.
0	干城	Gancheng
2	1街	Gancheng 1st St.
2	2街	Gancheng 2nd St.
2	3街	Gancheng 3rd St.
2	新村	Gancheng Village
2	村	Gancheng Vil.
2	街	Gancheng St.
2	路	Gancheng Rd.
2	里	Gancheng Vil.
1	珍窩	Ganzhenwo
0	平1路	Ping 1st Rd.
1	2街	Ping 2nd St.
2	路	Ping 2nd Rd.
1	3街	Ping 3rd St.
2	路	Ping 3rd Rd.
1	4街	Ping 4th St.
1	上巷	Pingshang Ln.
1	仁巷	Pingren Ln.
2	路	Pingren Rd.
1	信巷	Pingxin Ln.
2	路	Pingxin Rd.
1	允街	Pingyun St.
1	元里	Pingyuan Vil.
3	平元	Pingyuan, Pingyuan Vil.
1	利路	Pingli Rd.
1	勤路	Pingqin Rd.
1	區路	Pingqu Rd.
1	南1路	Pingnan 1st Rd.
2	路	Pingnan Rd.
1	原村	Pingyuan Vil.
2	路	Pingyuan Rd.
1	吉路	Pingji Rd.
1	和	Pinghe
2	11街	Pinghe 11th St.
3	2街	Pinghe 12th St.
3	3街	Pinghe 13th St.
3	4街	Pinghe 14th St.
3	街	Pinghe 1st St.
3	路	Pinghe 1st Rd.
2	2街	Pinghe 2nd St.
3	路	Pinghe 2nd Rd.
2	3街	Pinghe 3rd St.
2	4路	Pinghe 4th Rd.
2	5街	Pinghe 5th St.
3	路	Pinghe 5th Rd.
2	6街	Pinghe 6th St.
3	路	Pinghe 6th Rd.
2	7街	Pinghe 7th St.
3	路	Pinghe 7th Rd.
2	8街	Pinghe 8th St.
2	9街	Pinghe 9th St.
3	路	Pinghe 9th Rd.
2	北路	Pinghe N. Rd.
2	十街	Pinghe 10th St.
3	路	Pinghe 10th Rd.
2	南路	Pinghe S. Rd.
2	巷	Pinghe Ln.
2	村	Pinghe Vil.
2	東街	Pinghe E. St.
3	路	Pinghe E. Rd.
2	街	Pinghe St.
2	西路	Pinghe W. Rd.
2	路	Pinghe Rd.
3	1段	Sec. 1, Pinghe Rd.
3	2段	Sec. 2, Pinghe Rd.
3	新市巷	Xinshi Ln., Pinghe Rd.
2	里	Pinghe Vil.
1	善路	Pingshan Rd.
1	園路	Pingyuan Rd.
1	均村	Pingjun Vil.
1	坦路	Pingtan Rd.
1	埔街	Pingpu St.
2	路	Pingpu Rd.
1	孝巷	Pingxiao Ln.
1	學路	Pingxue Rd.
3	平仁巷	Pingren Ln., Pingxue Rd.
4	信巷	Pingxin Ln., Pingxue Rd.
4	孝巷	Pingxiao Ln., Pingxue Rd.
4	忠巷	Pingzhong Ln., Pingxue Rd.
4	愛巷	Ping'ai Ln., Pingxue Rd.
4	義巷	Pingyi Ln., Pingxue Rd.
1	宅1巷	Pingzhai 1st Ln.
2	一橫巷	Pingzhai 1st Side Ln.
2	巷	Pingzhai Ln.
1	安1街	Ping'an 1st St.
2	2街	Ping'an 2nd St.
2	3街	Ping'an 3rd St.
2	5街	Ping'an 5th St.
2	6街	Ping'an 6th St.
2	南街	Ping'an S. St.
2	巷	Ping'an Ln.
2	新村	Ping'an New Vil.
2	村	Ping'an Vil.
2	街	Ping'an St.
2	路	Ping'an Rd.
2	里	Ping'an Vil.
3	平元	Pingyuan, Ping'an Vil.
1	實1街	Pingshi 1st St.
2	2街	Pingshi 2nd St.
2	3街	Pingshi 3rd St.
2	4街	Pingshi 4th St.
2	5街	Pingshi 5th St.
2	6街	Pingshi 6th St.
2	7街	Pingshi 7th St.
2	8街	Pingshi 8th St.
2	街	Pingshi St.
2	路	Pingshi Rd.
1	寮里	Pingliau Vil.
1	山1路	Pingshan 1st Rd.
4	1街	1st St., Pingshan 1st Rd.
4	2街	2nd St., Pingshan 1st Rd.
4	3街	3rd St., Pingshan 1st Rd.
4	4街	4th St., Pingshan 1st Rd.
2	2路	Pingshan 2nd Rd.
2	路	Pingshan Rd.
2	里	Pingshan Vil.
1	峰路	Pingfeng Rd.
1	川街	Pingchuan St.
1	康路	Pingkang Rd.
1	廣路1段	Sec. 1, Pingguang Rd.
3	2段	Sec. 2, Pingguang Rd.
1	德路	Pingde Rd.
2	里	Pingde Vil.
1	心街	Pingxin St.
2	路	Pingxin Rd.
1	忠巷	Pingzhong Ln.
1	愛巷	Ping'ai Ln.
1	成路	Pingcheng Rd.
1	新1路	Pingxin 1st Rd.
2	2路	Pingxin 2nd Rd.
2	路	Pingxin Rd.
1	昌街	Pingchang St.
2	里	Pingchang Vil.
1	東路	Pingdong Rd.
3	1段	Sec. 1, Pingdong Rd.
3	2段	Sec. 2, Pingdong Rd.
2	里	Pingdong Vil.
1	林巷	Pinglin Ln.
2	村	Pinglin Vil.
2	路	Pinglin Rd.
2	里	Pinglin Vil.
1	格街	Pingge St.
1	樂街	Pingle St.
2	路	Pingle Rd.
2	里	Pingle Vil.
1	正巷	Pingzheng Ln.
2	街	Pingzheng St.
1	民里	Pingmin Vil.
1	沙	Pingsha
2	村	Pingsha Vil.
1	河村	Pinghe Vil.
2	里	Pinghe Vil.
1	治街	Pingzhi St.
1	洋路	Pingyang Rd.
1	海路	Pinghai Rd.
1	涼路	Pingliang Rd.
1	湖村	Pinghu Vil.
1	溪村	Pingxi Vil.
2	街	Pingxi St.
1	漢路	Pinghan Rd.
1	生巷	Pingsheng Ln.
2	路	Pingsheng Rd.
1	田	Pingtian
2	里	Pingtian Vil.
1	盛街	Pingsheng St.
1	祥路	Pingxiang Rd.
1	秩路	Pingzhi Rd.
1	等11街	Pingdeng 11th St.
3	2街	Pingdeng 12th St.
3	街	Pingdeng 1st St.
2	2街	Pingdeng 2nd St.
2	3街	Pingdeng 3rd St.
2	5街	Pingdeng 5th St.
2	6街	Pingdeng 6th St.
2	7街	Pingdeng 7th St.
2	8街	Pingdeng 8th St.
2	十街	Pingdeng 10th St.
2	巷	Pingdeng Ln.
2	村	Pingdeng Vil.
2	東街	Pingdeng E. St.
3	路	Pingdeng E. Rd.
2	街	Pingdeng St.
3	1段	Sec. 1, Pingdeng St.
2	路	Pingdeng Rd.
2	里	Pingdeng Vil.
1	義巷	Pingyi Ln.
1	興村	Pingxing Vil.
2	街	Pingxing St.
1	菁街	Pingjing St.
1	西里	Pingxi Vil.
1	誠街	Pingcheng St.
1	論文	Pinglunwen
1	豐路	Pingfeng Rd.
1	通路	Pingtong Rd.
2	里	Pingtong Vil.
1	道12路	Pingdao 12th Rd.
3	6街	Pingdao 16th St.
3	8街	Pingdao 18th St.
2	2路	Pingdao 2nd Rd.
2	8路	Pingdao 8th Rd.
2	十路	Pingdao 10th Rd.
2	路	Pingdao Rd.
1	遠街	Pingyuan St.
1	鎮里	Pingzhen Vil.
1	陽村	Pingyang Vil.
2	街	Pingyang St.
2	路	Pingyang Rd.
1	靖	Pingjing
1	頂路	Pingding Rd.
1	順1街	Pingshun 1st St.
2	2街	Pingshun 2nd St.
2	街	Pingshun St.
2	路	Pingshun Rd.
2	里	Pingshun Vil.
1	龍里	Pinglong Vil.
0	幸安里	Xing'an Vil.
1	市里	Xingshi Vil.
1	福	Xingfu
2	11街	Xingfu 11th St.
3	2街	Xingfu 12th St.
3	3街	Xingfu 13th St.
3	5街	Xingfu 15th St.
3	7街	Xingfu 17th St.
3	9街	Xingfu 19th St.
3	街	Xingfu 1st St.
3	路	Xingfu 1st Rd.
2	21街	Xingfu 21st St.
3	3街	Xingfu 23rd St.
3	5街	Xingfu 25th St.
3	9街	Xingfu 29th St.
3	街	Xingfu 2nd St.
3	路	Xingfu 2nd Rd.
2	31街	Xingfu 31st St.
3	3街	Xingfu 33rd St.
3	街	Xingfu 3rd St.
3	路	Xingfu 3rd Rd.
2	5街	Xingfu 5th St.
3	路	Xingfu 5th Rd.
2	6路	Xingfu 6th Rd.
2	7街	Xingfu 7th St.
2	9街	Xingfu 9th St.
2	十街	Xingfu 10th St.
2	商場	Xingfu Market
2	巷	Xingfu Ln.
2	村	Xingfu Vil.
2	東路	Xingfu E. Rd.
2	街	Xingfu St.
2	路	Xingfu Rd.
2	里	Xingfu Vil.
1	美11街	Xingmei 11th St.
3	街	Xingmei 1st St.
2	3街	Xingmei 3rd St.
2	5街	Xingmei 5th St.
2	7街	Xingmei 7th St.
2	9街	Xingmei 9th St.
2	街	Xingmei St.
0	幼1路	You 1st Rd.
1	2路	You 2nd Rd.
1	3路	You 3rd Rd.
1	4路	You 4th Rd.
1	5路	You 5th Rd.
1	6路	You 6th Rd.
1	7路	You 7th Rd.
1	9路	You 9th Rd.
1	坑	Youkeng
1	平街	Youping St.
1	瀨	Youlai
1	獅路	Youshi Rd.
3	1段	Sec. 1, Youshi Rd.
3	2段	Sec. 2, Youshi Rd.
3	3段	Sec. 3, Youshi Rd.
1	英街	Youying St.
1	葉林	Youyelin
0	幽雅路	Youya Rd.
3	杏林巷	Xinglin Ln., Youya Rd.
0	庄一橫巷	Zhuangyi Side Ln.
1	中巷	Zhuangzhong Ln.
2	路	Zhuangzhong Rd.
1	仁街	Zhuangren St.
1	仔巷	Zhuangzai Ln.
1	內	Zhuangnei
2	巷	Zhuangnei Ln.
2	村	Zhuangnei Vil.
2	路	Zhuangnei Rd.
2	里	Zhuangnei Vil.
1	前村	Zhuangqian Vil.
2	路	Zhuangqian Rd.
1	北巷	Zhuangbei Ln.
1	南巷	Zhuangnan Ln.
2	街	Zhuangnan St.
1	子巷	Zhuangzi Ln.
2	路	Zhuangzi Rd.
1	尾1巷	Zhuangwei 1st Ln.
2	2巷	Zhuangwei 2nd Ln.
2	3巷	Zhuangwei 3rd Ln.
2	巷	Zhuangwei Ln.
2	橫巷	Zhuangwei Side Ln.
2	路	Zhuangwei Rd.
1	底巷	Zhuangdi Ln.
1	後村	Zhuanghou Vil.
2	路	Zhuanghou Rd.
1	德街	Zhuangde St.
1	美街	Zhuangmei St.
2	路	Zhuangmei Rd.
2	里	Zhuangmei Vil.
1	西村	Zhuangxi Vil.
1	跡	Zhuangji
1	邊巷	Zhuangbian Ln.
1	頭巷	Zhuangtou Ln.
0	底巷	Di Ln.
0	店中路	Dianzhong Rd.
1	仔	Dianzai
2	巷	Dianzai Ln.
2	後街	Dianzaihou St.
2	街	Dianzai St.
2	頂街	Dianzaiding St.
3	路	Dianzaiding Rd.
1	北路	Dianbei Rd.
1	口路	Diankou Rd.
1	子	Dianzi
2	岡	Dianzigang
2	後	Dianzihou
2	村	Dianzi Vil.
1	後莊	Dianhou Vil.
1	湖1路	Dianhu 1st Rd.
1	興街	Dianxing St.
1	街里	Dianjie Vil.
1	鎮里	Dianzhen Vil.
1	陽街	Dianyang St.
1	頂	Dianding
1	鳳街	Dianfeng St.
0	庚子坪	Gengziping
1	寮坑	Gengliaokeng
2	坪	Gengliaoping
0	府中街	Fuzhong St.
2	路	Fuzhong Rd.
1	前1街	Fuqian 1st St.
2	2街	Fuqian 2nd St.
2	3街	Fuqian 3rd St.
2	4街	Fuqian 4th St.
2	街	Fuqian St.
2	路	Fuqian Rd.
3	1段	Sec. 1, Fuqian Rd.
3	2段	Sec. 2, Fuqian Rd.
2	里	Fuqian Vil.
1	北路	Fubei Rd.
2	里	Fubei Vil.
1	南1路	Funan 1st Rd.
2	2路	Funan 2nd Rd.
2	路	Funan Rd.
3	1街	1st St., Funan Rd.
3	2街	2nd St., Funan Rd.
2	里	Funan Vil.
1	宅里	Fuzhai Vil.
1	安路2段	Sec. 2, Fu'an Rd.
3	3段	Sec. 3, Fu'an Rd.
3	4段	Sec. 4, Fu'an Rd.
3	5段	Sec. 5, Fu'an Rd.
3	6段	Sec. 6, Fu'an Rd.
3	7段	Sec. 7, Fu'an Rd.
1	平路	Fuping Rd.
1	後街	Fuhou St.
2	路	Fuhou Rd.
2	里	Fuhou Vil.
1	文路	Fuwen Rd.
1	會園道	Fuhuiyuan Blvd.
1	東街	Fudong St.
2	路	Fudong Rd.
1	洋北街	Fuyang N. St.
1	番	Fufan
2	里	Fufan Vil.
1	緯街	Fuwei St.
1	西路	Fuxi Rd.
1	路里	Fulu Vil.
1	連東路	Fulian E. Rd.
2	路	Fulian Rd.
1	館	Fuguan
0	庫倫街	Kulun St.
1	志	Kuzhi
1	房北路	Kufang N. Rd.
2	南路	Kufang S. Rd.
0	庵下	Anxia
1	前	Anqian
1	邊	Anbian
1	頂	Anding
0	康健街	Kangjian St.
1	南路	Kangnan Rd.
1	和路	Kanghe Rd.
1	壽里	Kangshou Vil.
1	安路	Kang'an Rd.
2	里	Kang'an Vil.
1	定街	Kangding St.
2	路	Kangding Rd.
1	寧街	Kangning St.
2	路	Kangning Rd.
3	1段	Sec. 1, Kangning Rd.
3	3段	Sec. 3, Kangning Rd.
2	里	Kangning Vil.
1	平街	Kangping St.
1	德街	Kangde St.
1	林北路	Kanglin N. Rd.
2	南路	Kanglin S. Rd.
1	榔	Kanglang
2	1街	Kanglang 1st St.
3	路	Kanglang 1st Rd.
2	2街	Kanglang 2nd St.
3	路	Kanglang 2nd Rd.
2	3街	Kanglang 3rd St.
3	路	Kanglang 3rd Rd.
2	5街	Kanglang 5th St.
2	6街	Kanglang 6th St.
2	7街	Kanglang 7th St.
2	8街	Kanglang 8th St.
2	9街	Kanglang 9th St.
2	埔	Kanglangpu
2	港	Kanglanggang
2	路	Kanglang Rd.
1	樂1街	Kangle 1st St.
2	2街	Kangle 2nd St.
2	3街	Kangle 3rd St.
2	巷	Kangle Ln.
2	市場	Kangle Market
2	村	Kangle Vil.
2	街	Kangle St.
2	路	Kangle Rd.
3	1段	Sec. 1, Kangle Rd.
2	里	Kangle Vil.
1	橋大道	Kangqiao Blvd.
1	泰街	Kangtai St.
2	路	Kangtai Rd.
1	湖路	Kanghu Rd.
1	福家園	Kangfujiayuan
2	街	Kangfu St.
2	里	Kangfu Vil.
1	莊街	Kangzhuang St.
2	路	Kangzhuang Rd.
3	3段	Sec. 3, Kangzhuang Rd.
3	5段	Sec. 5, Kangzhuang Rd.
2	里	Kangzhuang Vil.
1	雅崙路	Kangyalun Rd.
0	廈北路	Xiabei Rd.
1	南路	Xianan Rd.
1	安里	Xia'an Vil.
1	慶里	Xiaqing Vil.
1	新村	Xiaxin Vil.
1	昌里	Xiachang Vil.
1	碩里	Xiashi Vil.
1	竹圍	Xiazhuwei
1	粘村	Xianian Vil.
2	街	Xianian St.
1	莊1街	Xiazhuang 1st St.
2	2街	Xiazhuang 2nd St.
2	3街	Xiazhuang 3rd St.
2	5街	Xiazhuang 5th St.
2	6街	Xiazhuang 6th St.
2	里	Xiazhuang Vil.
1	門街	Xiamen St.
0	廉使	Lianshi
2	里	Lianshi Vil.
1	明街	Lianming St.
1	江街	Lianjiang St.
0	廓子巷	Kuozi Ln.
0	廖厝巷	Liaocuo Ln.
2	里	Liaucuo Vil.
1	宗巷	Liaozong Ln.
0	廟前	Miaoqian
2	巷	Miaoqian Ln.
2	街	Miaoqian St.
2	路	Miaoqian Rd.
1	北里	Miaubei Vil.
1	南里	Miaunan Vil.
1	口	Miaokou
2	巷	Miaokou Ln.
2	路	Miaokou Rd.
2	里	Miaukou Vil.
1	後	Miaohou
2	巷	Miaohou Ln.
1	東里	Miaudong Vil.
1	美村	Miaumei Vil.
2	街	Miaomei St.
2	里	Miaumei Vil.
1	西里	Miauxi Vil.
0	廠前街	Changqian St.
2	路	Changqian Rd.
1	新街	Changxin St.
1	橫路	Changheng Rd.
1	舍莊	Changshe Vil.
1	西路	Changxi Rd.
1	邊1路	Changbian 1st Rd.
2	2路	Changbian 2nd Rd.
2	3路	Changbian 3rd Rd.
0	廣1巷	Guang 1st Ln.
1	2巷	Guang 2nd Ln.
1	3巷	Guang 3rd Ln.
2	街	Guang 3rd St.
1	9街	Guang 9th St.
1	仁里	Guangren Vil.
1	利巷	Guangli Ln.
1	勝路	Guangsheng Rd.
1	南路	Guangnan Rd.
1	原村	Guangyuan Vil.
1	合街	Guanghe St.
1	吉1街	Guangji 1st St.
2	2街	Guangji 2nd St.
2	路	Guangji Rd.
1	和街	Guanghe St.
2	路	Guanghe Rd.
1	坪路	Guangping Rd.
1	場3街	Guangchang 3rd St.
1	大路	Guangda Rd.
1	安1街	Guang'an 1st St.
2	2街	Guang'an 2nd St.
2	3街	Guang'an 3rd St.
2	村	Guang'an Vil.
2	街	Guang'an St.
2	路	Guang'an Rd.
2	里	Guang'an Vil.
1	官路	Guangguan Rd.
1	富路	Guangfu Rd.
1	寧街	Guangning St.
1	尊里	Guangzun Vil.
1	居里	Guangju Vil.
1	山	Guangshan
2	村	Guangshan Vil.
1	州1街	Guangzhou 1st St.
2	2街	Guangzhou 2nd St.
2	3街	Guangzhou 3rd St.
2	街	Guangzhou St.
2	路	Guangzhou Rd.
2	里	Guangzhou Vil.
1	平街	Guangping St.
2	路	Guangping Rd.
1	德街	Guangde St.
2	里	Guangde Vil.
1	志街	Guangzhi St.
1	惠1巷	Guanghui 1st Ln.
2	2巷	Guanghui 2nd Ln.
2	3巷	Guanghui 3rd Ln.
2	後巷	Guanghui Back Ln.
2	東路	Guanghui E. Rd.
1	慈街	Guangci St.
2	里	Guangci Vil.
1	應村	Guangying Vil.
2	街	Guangying St.
1	成巷	Guangcheng Ln.
2	街	Guangcheng St.
2	里	Guangcheng Vil.
1	文街	Guangwen St.
2	路	Guangwen Rd.
1	新里	Guangxin Vil.
1	昌街	Guangchang St.
2	里	Guangchang Vil.
1	明街	Guangming St.
2	路	Guangming Rd.
2	里	Guangming Vil.
1	東1街	Guangdong 1st St.
2	2街	Guangdong 2nd St.
2	3街	Guangdong 3rd St.
2	南路	Guangdong S. Rd.
2	巷	Guangdong Ln.
2	街	Guangdong St.
2	路	Guangdong Rd.
3	1街	1st St., Guangdong Rd.
3	2街	2nd St., Guangdong Rd.
3	4街	4th St., Guangdong Rd.
3	6街	6th St., Guangdong Rd.
1	林里	Guanglin Vil.
1	權路	Guangquan Rd.
1	民里	Guangmin Vil.
1	泰路	Guangtai Rd.
1	洲仔路	Guangzhouzai Rd.
1	清路	Guangqing Rd.
1	溝厝	Guanggoucuo
2	村	Guanggou Vil.
1	澤街	Guangze St.
2	路	Guangze Rd.
2	里	Guangze Vil.
1	濟路	Guangji Rd.
1	玄	Guangxuan
1	玉路	Guangyu Rd.
1	田路	Guangtian Rd.
1	益巷	Guangyi Ln.
1	盛	Guangsheng
2	村	Guangsheng Vil.
2	街	Guangsheng St.
1	福	Guangfu
2	巷	Guangfu Ln.
2	村	Guangfu Vil.
3	中央路	Zhongyang Rd., Guangfu Vil.
4	正路	Zhongzheng Rd., Guangfu Vil.
3	光復路	Guangfu Rd., Guangfu Vil.
3	興產路	Xingchan Rd., Guangfu Vil.
4	農路	Xingnong Rd., Guangfu Vil.
2	街	Guangfu St.
2	路	Guangfu Rd.
2	里	Guangfu Vil.
3	中興街	Zhongxing St., Guangfu Vil.
1	維路	Guangwei Rd.
1	義街	Guangyi St.
2	路	Guangyi Rd.
1	聲新城	Guangsheng Xincheng
4	館前巷	Guangshengxinchengguan Front Ln.
1	興	Guangxing
2	1街	Guangxing 1st St.
3	路	Guangxing 1st Rd.
2	2街	Guangxing 2nd St.
3	路	Guangxing 2nd Rd.
2	3街	Guangxing 3rd St.
3	路	Guangxing 3rd Rd.
2	5街	Guangxing 5th St.
2	巷	Guangxing Ln.
2	村	Guangxing Vil.
3	中正路	Zhongzheng Rd., Guangxing Vil.
3	光復路	Guangfu Rd., Guangxing Vil.
2	街	Guangxing St.
2	路	Guangxing Rd.
3	1段	Sec. 1, Guangxing Rd.
3	2段	Sec. 2, Guangxing Rd.
3	3段	Sec. 3, Guangxing Rd.
3	松碧巷	Songbi Ln., Guangxing Rd.
2	里	Guangxing Vil.
1	華街	Guanghua St.
1	西巷	Guangxi Ln.
2	路	Guangxi Rd.
1	豐1街	Guangfeng 1st St.
2	2街	Guangfeng 2nd St.
2	3街	Guangfeng 3rd St.
2	街	Guangfeng St.
3	福壽11巷	Fushou 11th Ln., Guangfeng St.
5	2巷	Fushou 2nd Ln., Guangfeng St.
5	4巷	Fushou 4th Ln., Guangfeng St.
5	6巷	Fushou 6th Ln., Guangfeng St.
5	7巷	Fushou 7th Ln., Guangfeng St.
5	8巷	Fushou 8th Ln., Guangfeng St.
5	9巷	Fushou 9th Ln., Guangfeng St.
5	十巷	Fushou 10th Ln., Guangfeng St.
2	路	Guangfeng Rd.
1	賢1街	Guangxian 1st St.
2	2街	Guangxian 2nd St.
2	3街	Guangxian 3rd St.
2	5街	Guangxian 5th St.
2	路1段	Sec. 1, Guangxian Rd.
3	2段	Sec. 2, Guangxian Rd.
1	達街	Guangda St.
2	里	Guangda Vil.
1	隆街	Guanglong St.
2	里	Guanglong Vil.
1	青路	Guangqing Rd.
1	順街	Guangshun St.
0	廬園巷	Luyuan Ln.
1	江路	Lujiang Rd.
0	延吉村	Yanji Vil.
2	街	Yanji St.
2	里	Yanji Vil.
1	和巷	Yanhe Ln.
2	村	Yanhe Vil.
2	街	Yanhe St.
3	永春巷	Yongchun Ln., Yanhe St.
3	長春巷	Changchun Ln., Yanhe St.
2	路	Yanhe Rd.
2	里	Yanhe Vil.
1	壽村	Yanshou Vil.
2	街	Yanshou St.
2	路	Yanshou Rd.
2	里	Yanshou Vil.
1	安街	Yan'an St.
1	山路	Yanshan Rd.
2	里	Yanshan Vil.
1	峰街	Yanfeng St.
1	平1路	Yanping 1st Rd.
2	2路	Yanping 2nd Rd.
2	3路	Yanping 3rd Rd.
2	5路	Yanping 5th Rd.
2	6路	Yanping 6th Rd.
2	北路	Yanping N. Rd.
4	1段	Sec. 1, Yanping N. Rd.
4	2段	Sec. 2, Yanping N. Rd.
4	3段	Sec. 3, Yanping N. Rd.
4	4段	Sec. 4, Yanping N. Rd.
4	5段	Sec. 5, Yanping N. Rd.
4	6段	Sec. 6, Yanping N. Rd.
4	7段	Sec. 7, Yanping N. Rd.
4	8段	Sec. 8, Yanping N. Rd.
4	9段	Sec. 9, Yanping N. Rd.
2	南路	Yanping S. Rd.
2	巷	Yanping Ln.
2	新村	Yanping New Vil.
2	街	Yanping St.
2	路	Yanping Rd.
3	1段	Sec. 1, Yanping Rd.
3	2段	Sec. 2, Yanping Rd.
5	430巷居易1弄	Juyi 1st Aly., Ln. 430, Sec. 2, Yanping Rd.
b	2弄	Juyi 2nd Aly., Ln. 430, Sec. 2, Yanping Rd.
b	3弄	Juyi 3rd Aly., Ln. 430, Sec. 2, Yanping Rd.
3	3段	Sec. 3, Yanping Rd.
3	廟前	Miaoqian, Yanping Rd.
2	里	Yanping Vil.
1	年巷	Yannian Ln.
2	里	Yannian Vil.
1	慶街	Yanqing St.
1	樂里	Yanle Vil.
1	正路	Yanzheng Rd.
2	里	Yanzheng Vil.
1	濱路	Yanbin Rd.
1	登里	Yandeng Vil.
1	祥路	Yanxiang Rd.
2	里	Yanxiang Vil.
1	華里	Yanhua Vil.
1	豐路	Yanfeng Rd.
1	長街	Yanchang St.
1	開街	Yankai St.
0	廷和巷	Tinghe Ln.
1	寮村	Tingliau Vil.
2	里	Tingliau Vil.
1	美街	Tingmei St.
1	里	Ting Vil.
0	建1路	Jian 1st Rd.
1	2路	Jian 2nd Rd.
1	3路	Jian 3rd Rd.
1	5路	Jian 5th Rd.
1	6路	Jian 6th Rd.
1	7路	Jian 7th Rd.
1	8路	Jian 8th Rd.
1	中1路	Jianzhong 1st Rd.
2	巷	Jianzhong Ln.
2	東街	Jianzhong E. St.
2	街	Jianzhong St.
2	路	Jianzhong Rd.
1	仁巷	Jianren Ln.
2	街	Jianren St.
2	里	Jianren Vil.
1	信街	Jianxin St.
1	倫里	Jianlun Vil.
1	元路	Jianyuan Rd.
1	利街	Jianli St.
1	功1路	Jiangong 1st Rd.
2	2路	Jiangong 2nd Rd.
2	南11巷	Jiangong S. 11th Ln.
4	2巷	Jiangong S. 12th Ln.
4	3巷	Jiangong S. 13th Ln.
4	4巷	Jiangong S. 14th Ln.
4	5巷	Jiangong S. 15th Ln.
4	6巷	Jiangong S. 16th Ln.
4	7巷	Jiangong S. 17th Ln.
4	巷	Jiangong S. 1st Ln.
3	2巷	Jiangong S. 2nd Ln.
3	3巷	Jiangong S. 3rd Ln.
3	4巷	Jiangong S. 4th Ln.
3	5巷	Jiangong S. 5th Ln.
3	6巷	Jiangong S. 6th Ln.
3	7巷	Jiangong S. 7th Ln.
3	8巷	Jiangong S. 8th Ln.
3	9巷	Jiangong S. 9th Ln.
3	十巷	Jiangong S. 10th Ln.
2	巷	Jiangong Ln.
2	村	Jiangong Vil.
2	街	Jiangong St.
2	路	Jiangong Rd.
2	里	Jiangong Vil.
1	勇巷	Jianyong Ln.
2	東街	Jianyong E. St.
2	街	Jianyong St.
1	北巷	Jianbei Ln.
1	南	Jiannan
2	1街	Jiannan 1st St.
2	巷	Jiannan Ln.
2	街	Jiannan St.
2	路	Jiannan Rd.
2	里	Jiannan Vil.
1	和1街	Jianhe 1st St.
2	2街	Jianhe 2nd St.
2	3街	Jianhe 3rd St.
2	4街	Jianhe 4th St.
2	村	Jianhe Vil.
2	街	Jianhe St.
2	路	Jianhe Rd.
3	1段	Sec. 1, Jianhe Rd.
3	2段	Sec. 2, Jianhe Rd.
2	里	Jianhe Vil.
1	國	Jianguo
2	11街	Jianguo 11th St.
3	2街	Jianguo 12th St.
3	3街	Jianguo 13th St.
3	巷	Jianguo 1st Ln.
3	街	Jianguo 1st St.
3	路	Jianguo 1st Rd.
2	2巷	Jianguo 2nd Ln.
3	街	Jianguo 2nd St.
3	路	Jianguo 2nd Rd.
2	3巷	Jianguo 3rd Ln.
3	街	Jianguo 3rd St.
3	路	Jianguo 3rd Rd.
2	4街	Jianguo 4th St.
3	路	Jianguo 4th Rd.
2	5街	Jianguo 5th St.
2	6街	Jianguo 6th St.
3	路	Jianguo 6th Rd.
2	7街	Jianguo 7th St.
2	8街	Jianguo 8th St.
2	9街	Jianguo 9th St.
2	一村	Jianguo 1st Vil.
2	七村	Jianguo 7th Vil.
2	三村	Jianguo 3rd Vil.
2	中2街	Jianguo Central 2nd St.
2	九村	Jianguo 9th Vil.
2	二村	Jianguo 2nd Vil.
2	八村	Jianguo 8th Vil.
2	北街	Jianguo N. St.
3	路	Jianguo N. Rd.
4	1段	Sec. 1, Jianguo N. Rd.
4	2段	Sec. 2, Jianguo N. Rd.
4	3段	Sec. 3, Jianguo N. Rd.
2	十一村	Jianguo 11th Vil.
3	七村	Jianguo 17th Vil.
3	街	Jianguo 10th St.
2	南街	Jianguo S. St.
3	路	Jianguo S. Rd.
4	1段	Sec. 1, Jianguo S. Rd.
4	2段	Sec. 2, Jianguo S. Rd.
4	3段	Sec. 3, Jianguo S. Rd.
2	四村	Jianguo 4th Vil.
2	巷	Jianguo Ln.
2	市場	Jianguo Market
2	新城	Jianguo Xincheng
3	村	Jianguo New Vil.
2	村	Jianguo Vil.
2	東街	Jianguo E. St.
3	路	Jianguo E. Rd.
2	街	Jianguo St.
2	西街	Jianguo W. St.
2	路	Jianguo Rd.
3	1段	Sec. 1, Jianguo Rd.
5	自強新村	Ziqiang New Vil., Sec. 1, Jianguo Rd.
3	2段	Sec. 2, Jianguo Rd.
3	3段	Sec. 3, Jianguo Rd.
2	里	Jianguo Vil.
1	基新屯	Jianji New Vil.
2	街	Jianji St.
2	路	Jianji Rd.
3	1段	Sec. 1, Jianji Rd.
5	弘祥新村	Hongxiang New Vil., Sec. 1, Jianji Rd.
3	2段	Sec. 2, Jianji Rd.
1	安	Jian'an
2	1街	Jian'an 1st St.
2	2街	Jian'an 2nd St.
2	3街	Jian'an 3rd St.
2	巷	Jian'an Ln.
2	街	Jian'an St.
2	路	Jian'an Rd.
2	里	Jian'an Vil.
1	富路	Jianfu Rd.
1	寧里	Jianning Vil.
1	寶街	Jianbao St.
2	里	Jianbau Vil.
1	山巷	Jianshan Ln.
2	村	Jianshan Vil.
2	莊	Jian Villa
1	工街	Jiangong St.
2	路	Jiangong Rd.
1	平11街	Jianping 11th St.
3	2街	Jianping 12th St.
3	3街	Jianping 13th St.
3	4街	Jianping 14th St.
3	5街	Jianping 15th St.
3	6街	Jianping 16th St.
3	7街	Jianping 17th St.
3	街	Jianping 1st St.
2	2街	Jianping 2nd St.
2	3街	Jianping 3rd St.
2	4街	Jianping 4th St.
2	5街	Jianping 5th St.
2	6街	Jianping 6th St.
2	7街	Jianping 7th St.
2	8街	Jianping 8th St.
2	9街	Jianping 9th St.
2	十街	Jianping 10th St.
2	村	Jianping Vil.
3	二溪路	Erxi Rd., Jianping Vil.
3	復興巷	Fuxing Ln., Jianping Vil.
3	文明巷	Wenming Ln., Jianping Vil.
3	新興巷	Xinxing Ln., Jianping Vil.
2	街	Jianping St.
2	路	Jianping Rd.
3	1段	Sec. 1, Jianping Rd.
3	2段	Sec. 2, Jianping Rd.
2	里	Jianping Vil.
1	康巷	Jiankang Ln.
2	路	Jiankang Rd.
1	復路	Jianfu Rd.
1	德巷	Jiande Ln.
2	街	Jiande St.
2	路	Jiande Rd.
2	里	Jiande Vil.
1	成2街	Jiancheng 2nd St.
2	巷	Jiancheng Ln.
2	新村	Jiancheng New Vil.
2	街	Jiancheng St.
2	路	Jiancheng Rd.
2	里	Jiancheng Vil.
1	文街	Jianwen St.
2	路	Jianwen Rd.
2	里	Jianwen Vil.
1	新街	Jianxin St.
2	路	Jianxin Rd.
1	旭街	Jianxu St.
1	昌巷	Jianchang Ln.
2	路	Jianchang Rd.
2	里	Jianchang Vil.
1	明街	Jianming St.
2	路	Jianming Rd.
3	1段	Sec. 1, Jianming Rd.
2	里	Jianming Vil.
1	智巷	Jianzhi Ln.
2	街	Jianzhi St.
1	村街	Jiancun St.
3	陳厝巷	Chencuo Ln., Jiancun St.
1	東街	Jiandong St.
2	路	Jiandong Rd.
2	農場	Jiandong Farm
2	里	Jiandong Vil.
1	林街	Jianlin St.
1	楠橫路	Jiannanheng Rd.
2	路	Jiannan Rd.
1	業巷	Jianye Ln.
2	新村	Jianye New Vil.
2	街	Jianye St.
2	路	Jianye Rd.
2	里	Jianye Vil.
1	榮路	Jianrong Rd.
1	樂1街	Jianle 1st St.
2	2街	Jianle 2nd St.
2	3街	Jianle 3rd St.
1	樹路	Jianshu Rd.
3	中興巷	Zhongxing Ln., Jianshu Rd.
3	前厝巷	Qiancuo Ln., Jianshu Rd.
3	勝利巷	Shengli Ln., Jianshu Rd.
3	建國巷	Jianguo Ln., Jianshu Rd.
3	復興巷	Fuxing Ln., Jianshu Rd.
3	成功巷	Chenggong Ln., Jianshu Rd.
3	文興巷	Wenxing Ln., Jianshu Rd.
3	民權巷	Minquan Ln., Jianshu Rd.
4	生巷	Minsheng Ln., Jianshu Rd.
3	維仁巷	Weiren Ln., Jianshu Rd.
3	通北巷	Tongbei Ln., Jianshu Rd.
1	武路	Jianwu Rd.
1	民街	Jianmin St.
2	路	Jianmin Rd.
2	里	Jianmin Vil.
1	治	Jianzhi
1	泰里	Jiantai Vil.
1	源路	Jianyuan Rd.
1	生里	Jiansheng Vil.
1	盛街	Jiansheng St.
1	祥街	Jianxiang St.
1	福路	Jianfu Rd.
2	里	Jianfu Vil.
1	美路	Jianmei Rd.
1	臺街	Jiantai St.
1	興	Jianxing
2	1街	Jianxing 1st St.
2	2街	Jianxing 2nd St.
2	3巷	Jianxing 3rd Ln.
3	街	Jianxing 3rd St.
2	4街	Jianxing 4th St.
2	5街	Jianxing 5th St.
2	6街	Jianxing 6th St.
2	北路	Jianxing N. Rd.
2	南路	Jianxing S. Rd.
2	巷	Jianxing Ln.
2	新村	Jianxing New Vil.
2	村	Jianxing Vil.
3	榮華巷	Ronghua Ln., Jianxing Vil.
3	興農路	Xingnong Rd., Jianxing Vil.
2	東路	Jianxing E. Rd.
2	橫巷	Jianxing Side Ln.
2	街	Jianxing St.
2	路	Jianxing Rd.
3	1段	Sec. 1, Jianxing Rd.
3	2段	Sec. 2, Jianxing Rd.
2	里	Jianxing Vil.
1	華	Jianhua
2	1街	Jianhua 1st St.
2	2街	Jianhua 2nd St.
2	3街	Jianhua 3rd St.
2	新村	Jianhua New Vil.
2	村	Jianhua Vil.
2	街	Jianhua St.
2	路	Jianhua Rd.
2	里	Jianhua Vil.
1	蘭北路	Jianlan N. Rd.
2	南路	Jianlan S. Rd.
1	西里	Jianxi Vil.
1	設巷	Jianshe Ln.
2	街	Jianshe St.
1	豐街	Jianfeng St.
2	路	Jianfeng Rd.
1	軍1街	Jianjun 1st St.
2	2街	Jianjun 2nd St.
2	路	Jianjun Rd.
3	蘭竹新村	Lanzhu New Vil., Jianjun Rd.
2	里	Jianjun Vil.
1	農路	Jiannong Rd.
2	里	Jiannong Vil.
1	進1路	Jianjin 1st Rd.
2	2路	Jianjin 2nd Rd.
2	3路	Jianjin 3rd Rd.
1	邦路	Jianbang Rd.
1	隆街	Jianlong St.
2	路	Jianlong Rd.
2	里	Jianlong Vil.
1	龍1街	Jianlong 1st St.
2	2街	Jianlong 2nd St.
2	3街	Jianlong 3rd St.
0	廿四份	Niansifen
0	弓橋里	Gongqiao Vil.
1	鞋巷	Gongxie Ln.
2	村	Gongxie Vil.
0	引善路	Yinshan Rd.
0	弘仁街	Hongren St.
1	勇街	Hongyong St.
1	南街	Hongnan St.
1	原街	Hongyuan St.
1	園街	Hongyuan St.
1	孝路	Hongxiao Rd.
1	德街	Hongde St.
1	志路	Hongzhi Rd.
1	揚	Hongyang
2	路	Hongyang Rd.
1	文街	Hongwen St.
1	智1街	Hongzhi 1st St.
2	2街	Hongzhi 2nd St.
2	街	Hongzhi St.
1	東街	Hongdong St.
1	福街	Hongfu St.
1	農1街	Hongnong 1st St.
2	2街	Hongnong 2nd St.
2	3街	Hongnong 3rd St.
2	5街	Hongnong 5th St.
2	6街	Hongnong 6th St.
2	南街	Hongnong S. St.
2	路	Hongnong Rd.
1	道	Hongdao
2	街	Hongdao St.
2	路	Hongdao Rd.
2	里	Hongdau Vil.
0	張北里	Zhangbei Vil.
1	半巷	Zhangban Ln.
1	南里	Zhangnan Vil.
1	厝	Zhangcuo
2	1巷	Zhangcuo 1st Ln.
2	2巷	Zhangcuo 2nd Ln.
2	3巷	Zhangcuo 3rd Ln.
2	4巷	Zhangcuo 4th Ln.
2	巷	Zhangcuo Ln.
2	村	Zhangcuo Vil.
3	溪埔巷	Xipu Ln., Zhangcuo Vil.
2	街	Zhangcuo St.
1	屋	Zhangwu
2	路	Zhangwu Rd.
1	庄	Zhangzhuang
0	強國街	Qiangguo St.
2	路	Qiangguo Rd.
2	里	Qiangguo Vil.
1	身巷	Qiangshen Ln.
0	彈正路	Tanzheng Rd.
0	彌仁村	Miren Vil.
1	壽村	Mishou Vil.
1	陀村	Mituo Vil.
2	街	Mituo St.
2	路	Mituo Rd.
1	靖村	Mijing Vil.
0	彎麗路	Wanli Rd.
0	彤雲街	Tongyun St.
0	彩虹巷	Caihong Ln.
2	路	Caihong Rd.
1	霞大道	Caixia Blvd.
0	彭佳嶼	Pengjia Islet
1	厝村	Pengcuo Vil.
2	路	Pengcuo Rd.
2	里	Pengcuo Vil.
1	城1巷	Pengcheng 1st Ln.
2	2巷	Pengcheng 2nd Ln.
2	3巷	Pengcheng 3rd Ln.
2	路	Pengcheng Rd.
2	里	Pengcheng Vil.
1	山村	Pengshan Vil.
1	福里	Pengfu Vil.
1	興里	Pengxing Vil.
1	達街	Pengda St.
0	彰仁里	Zhangren Vil.
1	南路	Zhangnan Rd.
3	1段	Sec. 1, Zhangnan Rd.
5	臺化一莊	Taihua 1st Vil., Sec. 1, Zhangnan Rd.
3	2段	Sec. 2, Zhangnan Rd.
3	3段	Sec. 3, Zhangnan Rd.
3	4段	Sec. 4, Zhangnan Rd.
3	5段	Sec. 5, Zhangnan Rd.
3	6段	Sec. 6, Zhangnan Rd.
2	里	Zhangnan Vil.
1	和路1段	Sec. 1, Zhanghe Rd.
3	2段	Sec. 2, Zhanghe Rd.
3	3段	Sec. 3, Zhanghe Rd.
1	員路1段	Sec. 1, Zhangyuan Rd.
3	2段	Sec. 2, Zhangyuan Rd.
3	3段	Sec. 3, Zhangyuan Rd.
1	安里	Zhang'an Vil.
1	平路	Zhangping Rd.
1	新路1段	Sec. 1, Zhangxin Rd.
3	2段	Sec. 2, Zhangxin Rd.
3	3段	Sec. 3, Zhangxin Rd.
3	4段	Sec. 4, Zhangxin Rd.
3	5段	Sec. 5, Zhangxin Rd.
3	6段	Sec. 6, Zhangxin Rd.
3	7段	Sec. 7, Zhangxin Rd.
1	水路	Zhangshui Rd.
3	1段	Sec. 1, Zhangshui Rd.
3	2段	Sec. 2, Zhangshui Rd.
3	3段	Sec. 3, Zhangshui Rd.
3	4段	Sec. 4, Zhangshui Rd.
5	鳳山巷	Fengshan Ln., Sec. 4, Zhangshui Rd.
3	大竹巷	Dazhu Ln., Zhangshui Rd.
3	西勢巷	Xishi Ln., Zhangshui Rd.
1	泰1街	Zhangtai 1st St.
2	2街	Zhangtai 2nd St.
2	3街	Zhangtai 3rd St.
1	濱5路1段	Sec. 1, Zhangbin 5th Rd.
4	2段	Sec. 2, Zhangbin 5th Rd.
2	東11路	Zhangbindong 11th Rd.
4	2路	Zhangbin E. 12thRd.
4	路	Zhangbin E. 1st Rd.
3	2路	Zhangbin E. 2nd Rd.
3	3路	Zhangbin E. 3rd Rd.
3	4路	Zhangbin E. 4th Rd.
3	5路	Zhangbin E. 5th Rd.
3	6路	Zhangbin E. 6th Rd.
3	7路	Zhangbin E. 7th Rd.
3	8路	Zhangbin E. 8th Rd.
3	9路	Zhangbin E. 9th Rd.
3	十路	Zhangbin E. 10th Rd.
2	西1路	Zhangbin W. 1st Rd.
3	2路	Zhangbin W. 2nd Rd.
3	3路	Zhangbin W. 3rd Rd.
3	4路	Zhangbin W. 4th Rd.
3	5路	Zhangbin W. 5th Rd.
2	路	Zhangbin Rd.
1	益街	Zhangyi St.
1	秀路	Zhangxiu Rd.
1	美路1段	Sec. 1, Zhangmei Rd.
3	2段	Sec. 2, Zhangmei Rd.
3	3段	Sec. 3, Zhangmei Rd.
3	4段	Sec. 4, Zhangmei Rd.
3	5段	Sec. 5, Zhangmei Rd.
3	6段	Sec. 6, Zhangmei Rd.
1	義里	Zhangyi Vil.
1	興街	Zhangxing St.
2	路	Zhangxing Rd.
3	1段	Sec. 1, Zhangxing Rd.
3	2段	Sec. 2, Zhangxing Rd.
1	花路	Zhanghua Rd.
1	草路	Zhangcao Rd.
3	2段	Sec. 2, Zhangcao Rd.
3	3段	Sec. 3, Zhangcao Rd.
1	雅村	Zhangya Vil.
1	頂路	Zhangding Rd.
1	馬街	Zhangma St.
2	路	Zhangma Rd.
1	鹿路	Zhanglu Rd.
3	4段	Sec. 4, Zhanglu Rd.
3	5段	Sec. 5, Zhanglu Rd.
3	6段	Sec. 6, Zhanglu Rd.
3	7段	Sec. 7, Zhanglu Rd.
3	8段	Sec. 8, Zhanglu Rd.
0	影7路	Ying 7th Rd.
1	劇一村	Yingju 1st Vil.
2	四村	Yingju 4th Vil.
0	後井里	Houjing Vil.
1	勁中街	Houjing Central St.
2	北路	Houjing N. Rd.
2	南路	Houjing S. Rd.
2	東路	Houjing E. Rd.
2	西路	Houjing W. Rd.
1	協路	Houxie Rd.
2	里	Houxie Vil.
1	厝	Houcuo
2	1巷	Houcuo 1st Ln.
3	路	Houcuo 1st Rd.
2	2巷	Houcuo 2nd Ln.
3	路	Houcuo 2nd Rd.
2	3路	Houcuo 3rd Rd.
2	仔	Houcuozai
2	子	Houcuozi
2	巷	Houcuo Ln.
2	村	Houcuo Vil.
2	路	Houcuo Rd.
2	里	Houcuo Vil.
1	坑	Houkeng
2	仔	Houkengzai
2	子	Houkengzi
2	巷	Houkeng Ln.
1	坪巷	Houping Ln.
1	埔	Houpu
2	街	Houpu St.
2	里	Houpu Vil.
1	埤村	Houpi Vil.
1	堀	Houku
2	村	Houjue Vil.
1	塘路	Houtang Rd.
1	壁	Houbi
2	厝	Houbicuo
2	寮	Houbiliao
3	仔	Houbiliaozai
2	村	Houbi Vil.
2	湖路	Houbihu Rd.
2	溪	Houbixi
2	路	Houbi Rd.
1	壟	Houlong
1	宅巷	Houzhai Ln.
2	里	Houzhai Vil.
1	安	Hou'an
2	村	Hou'an Vil.
1	寮	Houliao
2	1路	Houliao 1st Rd.
2	2路	Houliao 2nd Rd.
2	南路	Houliao S. Rd.
2	子	Houliaozi
2	巷	Houliao Ln.
2	村	Houliau Vil.
2	路	Houliao Rd.
2	里	Houliau Vil.
1	山	Houshan
2	仔	Houshanzai
2	巷	Houshan Ln.
2	路	Houshan Rd.
1	峰	Houfeng
1	崩山	Houbengshan
1	巷	Hou Ln.
1	市村	Houshi Vil.
1	平巷	Houping Ln.
1	庄	Houzhuang
2	1街	Houzhuang 1st St.
3	路	Houzhuang 1st Rd.
2	2街	Houzhuang 2nd St.
3	路	Houzhuang 2nd Rd.
2	3街	Houzhuang 3rd St.
3	路	Houzhuang 3rd Rd.
2	5路	Houzhuang 5th Rd.
2	6路	Houzhuang 6th Rd.
2	7路	Houzhuang 7th Rd.
2	8路	Houzhuang 8th Rd.
2	9路	Houzhuang 9th Rd.
2	巷	Houzhuang Ln.
2	村	Houzhuang Vil.
2	街	Houzhuang St.
2	路	Houzhuang Rd.
2	里	Houzhuang Vil.
1	底湖	Houdihu
1	廟巷	Houmiao Ln.
1	建	Houjian
1	德里	Houde Vil.
1	旦街	Houdan St.
1	昌新路	Houchangxin Rd.
2	路	Houchang Rd.
1	村	Houcun Vil.
2	村	Houcun Vil.
1	洲子	Houzhouzi
2	路1段	Sec. 1, Houzhou Rd.
1	港	Hougang
2	1路	Hougang 1st Rd.
2	2路	Hougang 2nd Rd.
2	巷	Hougang Ln.
2	村	Hougang Vil.
2	街	Hougang St.
2	里	Hougang Vil.
1	湖	Houhu
2	仔	Houhuzai
2	內	Houhunei
2	子	Houhuzi
2	村	Houhu Vil.
2	路	Houhu Rd.
2	里	Houhu Vil.
1	溝	Hougou
2	巷	Hougou Ln.
2	里	Hougou Vil.
1	溪巷	Houxi Ln.
2	里	Houxi Vil.
1	潭	Houtan
2	路	Houtan Rd.
2	里	Houtan Vil.
1	灣村	Houwan Vil.
2	路	Houwan Rd.
1	營	Houying
2	村	Houying Vil.
1	甲3街	Houjia 3rd St.
2	里	Houjia Vil.
1	窟潭	Houkutan
1	站街	Houzhan St.
1	竹圍街	Houzhuwei St.
1	紅路	Houhong Rd.
2	里	Houhong Vil.
1	興北路	Houxing N. Rd.
2	路1段	Sec. 1, Houxing Rd.
3	2段	Sec. 2, Houxing Rd.
2	里	Houxing Vil.
1	荷巷	Houhe Ln.
1	菜園街	Houcaiyuan St.
1	街	Hou St.
2	村	Houjie Vil.
1	角巷	Houjiao Ln.
2	街	Houjiao St.
1	豐港	Houfenggang
1	路巷	Houlu Ln.
1	車巷	Houche Ln.
1	過山	Houguoshan
1	部	Houbu
2	路	Houbu Rd.
1	鄉村	Houxiang Vil.
2	路	Houxiang Rd.
1	金里	Houjin Vil.
1	鎮	Houzhen
2	村	Houzhen Vil.
1	面坑路	Houmiankeng Rd.
1	館	Houguan
2	1路	Houguan 1st Rd.
2	2路	Houguan 2nd Rd.
2	3路	Houguan 3rd Rd.
2	路	Houguan Rd.
1	驛街	Houyi St.
1	龍巷	Houlong Ln.
2	底	Houlongdi
2	街	Houlong St.
2	里	Houlong Vil.
0	徐州1街	Xuzhou 1st St.
2	2街	Xuzhou 2nd St.
2	3街	Xuzhou 3rd St.
2	4街	Xuzhou 4th St.
2	5街	Xuzhou 5th St.
2	6街	Xuzhou 6th St.
2	7街	Xuzhou 7th St.
2	街	Xuzhou St.
2	路	Xuzhou Rd.
0	徑蘭村	Jinglan Vil.
0	徒門頭街	Tumentou St.
0	得仁里	Deren Vil.
1	勝巷	Desheng Ln.
2	街	Desheng St.
2	路	Desheng Rd.
2	里	Desheng Vil.
1	和路	Dehe Rd.
2	里	Dehe Vil.
1	天南街	Detian S. St.
2	街	Detian St.
1	安1路	De'an 1st Rd.
2	村	De'an Vil.
2	路	De'an Rd.
1	恩亞納	De'enyana
1	才街	Decai St.
1	福街	Defu St.
1	興里	Dexing Vil.
0	從善里	Congshan Vil.
0	御史路	Yushi Rd.
2	里	Yushi Vil.
1	富路	Yufu Rd.
1	成路	Yucheng Rd.
0	復中里	Fuzhong Vil.
1	仁街	Furen St.
1	元里	Fuyuan Vil.
1	光1巷	Fuguang 1st Ln.
2	2巷	Fuguang 2nd Ln.
2	3巷	Fuguang 3rd Ln.
2	4巷	Fuguang 4th Ln.
2	5巷	Fuguang 5th Ln.
2	6巷	Fuguang 6th Ln.
2	街	Fuguang St.
1	勢里	Fushi Vil.
1	原莊	Fuyuan Vil.
1	國1路	Fuguo 1st Rd.
2	2路	Fuguo 2nd Rd.
2	4巷	Fuguo 4th Ln.
2	9巷	Fuguo 9th Ln.
2	墩	Fuguodun
2	巷	Fuguo Ln.
2	街	Fuguo St.
2	路	Fuguo Rd.
2	里	Fuguo Vil.
1	壽里	Fushou Vil.
1	安	Fu'an
2	1街	Fu'an 1st St.
2	2街	Fu'an 2nd St.
2	3街	Fu'an 3rd St.
2	6街	Fu'an 6th St.
2	村	Fu'an Vil.
1	康里	Fukang Vil.
1	建里	Fujian Vil.
1	新北街	Fuxin N. St.
2	東街	Fuxin E. St.
2	街	Fuxin St.
1	旦路	Fudan Rd.
3	2段	Sec. 2, Fudan Rd.
3	3段	Sec. 3, Fudan Rd.
3	4段	Sec. 4, Fudan Rd.
2	里	Fudan Vil.
1	昌里	Fuchang Vil.
1	明1街	Fuming 1st St.
2	2街	Fuming 2nd St.
2	3街	Fuming 3rd St.
2	4街	Fuming 4th St.
1	榮村	Furong Vil.
2	里	Furong Vil.
1	橫1路	Fuheng 1st Rd.
1	源里	Fuyuan Vil.
1	溪路	Fuxi Rd.
1	益里	Fuyi Vil.
1	盛村	Fusheng Vil.
2	里	Fusheng Vil.
1	興	Fuxing
2	1巷	Fuxing 1st Ln.
3	街	Fuxing 1st St.
3	路	Fuxing 1st Rd.
2	2巷	Fuxing 2nd Ln.
3	街	Fuxing 2nd St.
3	路	Fuxing 2nd Rd.
2	3巷	Fuxing 3rd Ln.
3	街	Fuxing 3rd St.
3	路	Fuxing 3rd Rd.
4	1段	Sec. 1, Fuxing 3rd Rd.
4	2段	Sec. 2, Fuxing 3rd Rd.
2	4巷	Fuxing 4th Ln.
3	街	Fuxing 4th St.
3	路	Fuxing 4th Rd.
2	5街	Fuxing 5th St.
3	路	Fuxing 5th Rd.
2	6街	Fuxing 6th St.
3	路	Fuxing 6th Rd.
2	7路	Fuxing 7th Rd.
2	8街	Fuxing 8th St.
2	北1路	Fuxing N. 1st Rd.
3	路	Fuxing N. Rd.
2	十街	Fuxing 10th St.
2	南路	Fuxing S. Rd.
4	1段	Sec. 1, Fuxing S. Rd.
4	2段	Sec. 2, Fuxing S. Rd.
4	山上巷	Shanshang Ln., Fuxing S. Rd.
2	園路	Fuxingyuan Rd.
2	屯	Fuxingtun
2	巷	Fuxing Ln.
2	新巷	Fuxingxin Ln.
3	村	Fuxing New Vil.
2	村	Fuxing Vil.
2	東1街	Fuxing E. 1st St.
3	路	Fuxing E. Rd.
2	街	Fuxing St.
3	1段	Sec. 1, Fuxing St.
3	2段	Sec. 2, Fuxing St.
3	勝利巷	Shengli Ln., Fuxing St.
3	宏聲巷	Hongsheng Ln., Fuxing St.
3	永樂巷	Yongle Ln., Fuxing St.
4	華巷	Yonghua Ln., Fuxing St.
3	金龍巷	Jinlong Ln., Fuxing St.
2	西路	Fuxing W. Rd.
2	路	Fuxing Rd.
3	1段	Sec. 1, Fuxing Rd.
4	街	1st St., Fuxing Rd.
3	2段	Sec. 2, Fuxing Rd.
3	3段	Sec. 3, Fuxing Rd.
3	4段	Sec. 4, Fuxing Rd.
5	陸橋下東	Luqiaoxiadong, Sec. 4, Fuxing Rd.
8	西	Luqiaoxiaxi, Sec. 4, Fuxing Rd.
3	5段	Sec. 5, Fuxing Rd.
5	東苑	Dongyuan, Sec. 5, Fuxing Rd.
5	玫瑰	Meigui, Sec. 5, Fuxing Rd.
3	光華巷	Guanghua Ln., Fuxing Rd.
3	安平巷	Anping Ln., Fuxing Rd.
3	松柏巷	Songbo Ln., Fuxing Rd.
3	民生巷	Minsheng Ln., Fuxing Rd.
2	里	Fuxing Vil.
1	華11街	Fuhua 11th St.
3	街	Fuhua 1st St.
2	2街	Fuhua 2nd St.
2	3街	Fuhua 3rd St.
2	5街	Fuhua 5th St.
2	6街	Fuhua 6th St.
2	7街	Fuhua 7th St.
2	8街	Fuhua 8th St.
2	9街	Fuhua 9th St.
2	十街	Fuhua 10th St.
2	新村	Fuhua New Vil.
2	街	Fuhua St.
2	路	Fuhua Rd.
2	里	Fuhua Vil.
3		Fuhua Vil.
1	豐里	Fufeng Vil.
1	連里	Fulian Vil.
1	金村	Fujin Vil.
1	隆里	Fulong Vil.
1	雙里	Fushuang Vil.
1	鼎金	Fudingjin
0	德1街	De 1st St.
1	2街	De 2nd St.
1	中路	Dezhong Rd.
1	仁路	Deren Rd.
2	里	Deren Vil.
1	信街	Dexin St.
2	里	Dexin Vil.
1	修路	Dexiu Rd.
1	元埤大道	Deyuanpi Blvd.
5	2段	Sec. 2, Deyuanpi Blvd.
1	光巷	Deguang Ln.
2	街	Deguang St.
2	路	Deguang Rd.
1	其街	Deqi St.
2	里	Deqi Vil.
1	利街	Deli St.
2	路	Deli Rd.
1	功路	Degong Rd.
1	勝街	Desheng St.
2	路	Desheng Rd.
1	化街	Dehua St.
2	里	Dehua Vil.
1	北街	Debei St.
2	里	Debei Vil.
1	協村	Dexie Vil.
2	街	Dexie St.
2	路	Dexie Rd.
1	南街	Denan St.
2	路	Denan Rd.
2	里	Denan Vil.
1	卿街	Deqing St.
1	厚街	Dehou St.
2	里	Dehou Vil.
1	吉街	Deji St.
1	和1街	Dehe 1st St.
2	2街	Dehe 2nd St.
2	巷	Dehe Ln.
2	村	Dehe Vil.
2	街	Dehe St.
2	路	Dehe Rd.
2	里	Dehe Vil.
1	善1街	Deshan 1st St.
2	2街	Deshan 2nd St.
2	路	Deshan Rd.
1	壽1街	Deshou 1st St.
2	2街	Deshou 2nd St.
2	3街	Deshou 3rd St.
2	4街	Deshou 4th St.
2	5街	Deshou 5th St.
2	6街	Deshou 6th St.
2	街	Deshou St.
1	威街	Dewei St.
1	孝街	Dexiao St.
1	學東街	Dexue E. St.
2	街	Dexue St.
1	安1街	De'an 1st St.
2	2街	De'an 2nd St.
2	3街	De'an 3rd St.
2	4街	De'an 4th St.
2	5街	De'an 5th St.
2	6街	De'an 6th St.
2	寮	De'anliao
2	巷	De'an Ln.
2	街	De'an St.
2	路	De'an Rd.
2	里	De'an Vil.
1	家里	Dejia Vil.
1	富街	Defu St.
2	路	Defu Rd.
1	尚1路	Deshang 1st Rd.
2	2路	Deshang 2nd Rd.
2	路	Deshang Rd.
1	山巷	Deshan Ln.
2	街	Deshan St.
1	峰街	Defeng St.
1	崙路	Delun Rd.
1	平街	Deping St.
1	心街	Dexin St.
1	惠街	Dehui St.
2	路	Dehui Rd.
1	成巷	Decheng Ln.
2	村	Decheng Vil.
2	街	Decheng St.
2	路	Decheng Rd.
1	政街	Dezheng St.
2	里	Dezheng Vil.
1	文巷	Dewen Ln.
2	村	Dewen Vil.
2	街	Dewen St.
1	新街	Dexin St.
2	路	Dexin Rd.
1	旺巷	Dewang Ln.
2	街	Dewang St.
1	昌1街	Dechang 1st St.
2	2街	Dechang 2nd St.
2	街	Dechang St.
2	路	Dechang Rd.
2	里	Dechang Vil.
1	明路	Deming Rd.
3	同昌巷	Tongchang Ln., Deming Rd.
1	春巷	Dechun Ln.
1	智街	Dezhi St.
2	里	Dezhi Vil.
1	望里	Dewang Vil.
1	東街	Dedong St.
2	里	Dedong Vil.
1	松村	Desong Vil.
2	路	Desong Rd.
3	仁愛巷	Ren'ai Ln., Desong Rd.
3	信義巷	Xinyi Ln., Desong Rd.
3	光明巷	Guangming Ln., Desong Rd.
3	劉厝巷	Liucuo Ln., Desong Rd.
3	和平巷	Heping Ln., Desong Rd.
3	忠孝巷	Zhongxiao Ln., Desong Rd.
3	民族巷	Minzu Ln., Desong Rd.
1	林路	Delin Rd.
1	業路	Deye Rd.
1	榮村	Derong Vil.
2	街	Derong St.
1	正街	Dezheng St.
1	武	Dewu
2	里	Dewu Vil.
1	民路	Demin Rd.
1	治路	Dezhi Rd.
1	泉街	Dequan St.
1	泰村	Detai Vil.
2	街	Detai St.
1	洋1街	Deyang 1st St.
2	2街	Deyang 2nd St.
2	路	Deyang Rd.
1	湖1路	Dehu 1st Rd.
2	3路	Dehu 3rd Rd.
2	5路	Dehu 5th Rd.
2	7路	Dehu 7th Rd.
2	街	Dehu St.
2	路1段	Sec. 1, Dehu Rd.
3	2段	Sec. 2, Dehu Rd.
1	源街	Deyuan St.
1	為街	Dewei St.
1	生街	Desheng St.
2	里	Desheng Vil.
1	盛村	Desheng Vil.
1	祥街	Dexiang St.
2	路	Dexiang Rd.
1	福街	Defu St.
1	穗里	Desui Vil.
1	糖路	Detang Rd.
1	維街	Dewei St.
2	西街	Dewei W. St.
1	美	Demei
2	巷	Demei Ln.
2	路	Demei Rd.
1	義1路	Deyi 1st Rd.
2	2路	Deyi 2nd Rd.
2	街	Deyi St.
2	路	Deyi Rd.
2	里	Deyi Vil.
1	翠里	Decui Vil.
1	聖路	Desheng Rd.
1	育街	Deyu St.
2	路	Deyu Rd.
3	2段	Sec. 2, Deyu Rd.
1	興	Dexing
2	11路	Dexing 11th Rd.
3	街	Dexing 1st St.
3	路	Dexing 1st Rd.
2	2街	Dexing 2nd St.
3	路	Dexing 2nd Rd.
2	3路	Dexing 3rd Rd.
2	4路	Dexing 4th Rd.
2	5路	Dexing 5th Rd.
2	6路	Dexing 6th Rd.
2	7路	Dexing 7th Rd.
2	8路	Dexing 8th Rd.
2	9路	Dexing 9th Rd.
2	北路	Dexing N. Rd.
2	十路	Dexing 10th Rd.
2	巷	Dexing Ln.
2	村	Dexing Vil.
2	街	Dexing St.
2	路	Dexing Rd.
3	1段	Sec. 1, Dexing Rd.
3	2段	Sec. 2, Dexing Rd.
2	里	Dexing Vil.
1	芳1街	Defang 1st St.
2	南1街	Defang S. 1st St.
3	2街	Defang S. 2nd St.
3	3街	Defang S. 3rd St.
3	路	Defang S. Rd.
2	路1段	Sec. 1, Defang Rd.
5	光明巷	Guangming Ln., Sec. 1, Defang Rd.
6	華巷	Guanghua Ln., Sec. 1, Defang Rd.
3	2段	Sec. 2, Defang Rd.
3	3段	Sec. 3, Defang Rd.
1	茂村	Demau Vil.
1	莊街	Dezhuang St.
1	華2街	Dehua 2nd St.
2	街	Dehua St.
2	路	Dehua Rd.
2	里	Dehua Vil.
1	行東路	Dexing E. Rd.
2	西路	Dexing W. Rd.
2	路	Dexing Rd.
2	里	Dexing Vil.
1	裕街	Deyu St.
1	西里	Dexi Vil.
1	豐街	Defeng St.
2	路	Defeng Rd.
1	財1街	Decai 1st St.
2	2街	Decai 2nd St.
1	賢	Dexian
2	路	Dexian Rd.
1	輝路	Dehui Rd.
1	鄰巷	Delin Ln.
2	里	Delin Vil.
1	鑫街	Dexin St.
1	陽村	Deyang Vil.
2	街	Deyang St.
2	路	Deyang Rd.
1	隆	Delong
2	村	Delong Vil.
2	路	Delong Rd.
2	里	Delong Vil.
1	音村	Deyin Vil.
1	順街	Deshun St.
2	路	Deshun Rd.
1	高	Degao
2	老	Degaolao
2	街	Degao St.
2	里	Degau Vil.
1	鹿灣部落	Truwan Tribe
1	龍街	Delong St.
0	心正路	Xinzheng Rd.
0	必信巷	Bixin Ln.
2	街	Bixin St.
2	里	Bixin Vil.
1	勝巷	Bisheng Ln.
2	路	Bisheng Rd.
1	忠巷	Bizhong Ln.
2	街	Bizhong St.
1	發巷	Bifa Ln.
0	志光街	Zhiguang St.
1	學新屯	Zhixue New Vil.
2	村	Zhixue Vil.
1	平路	Zhiping Rd.
1	廣路	Zhiguang Rd.
1	成巷	Zhicheng Ln.
2	街	Zhicheng St.
2	路	Zhicheng Rd.
2	里	Zhicheng Vil.
1	新街	Zhixin St.
1	昇街	Zhisheng St.
1	昌街	Zhichang St.
1	明路	Zhiming Rd.
1	欣路	Zhixin Rd.
1	田路	Zhitian Rd.
1	繼	Zhiji
1	航1街	Zhihang 1st St.
2	2街	Zhihang 2nd St.
2	巷	Zhihang Ln.
2	街	Zhihang St.
2	路1段	Sec. 1, Zhihang Rd.
3	2段	Sec. 2, Zhihang Rd.
3	3段	Sec. 3, Zhihang Rd.
2	里	Zhihang Vil.
1	華巷	Zhihua Ln.
1	賢路	Zhixian Rd.
0	忠1巷	Zhong 1st Ln.
2	街	Zhong 1st St.
2	路	Zhong 1st Rd.
1	2巷	Zhong 2nd Ln.
2	街	Zhong 2nd St.
2	路	Zhong 2nd Rd.
1	3巷	Zhong 3rd Ln.
2	街	Zhong 3rd St.
2	路	Zhong 3rd Rd.
1	4街	Zhong 4th St.
2	路	Zhong 4th Rd.
1	5街	Zhong 5th St.
2	路	Zhong 5th Rd.
1	6街	Zhong 6th St.
1	7街	Zhong 7th St.
1	8街	Zhong 8th St.
1	仁	Zhongren
2	街	Zhongren St.
2	路	Zhongren Rd.
2	里	Zhongren Vil.
1	信	Zhongxin
2	巷	Zhongxin Ln.
2	街	Zhongxin St.
2	路	Zhongxin Rd.
2	里	Zhongxin Vil.
1	全路	Zhongquan Rd.
1	冠巷	Zhongguan Ln.
1	勇	Zhongyong
2	1街	Zhongyong 1st St.
2	2街	Zhongyong 2nd St.
2	3街	Zhongyong 3rd St.
2	5街	Zhongyong 5th St.
2	6街	Zhongyong 6th St.
2	7街	Zhongyong 7th St.
2	巷	Zhongyong Ln.
2	新村	Zhongyong New Vil.
2	村	Zhongyong Vil.
2	街	Zhongyong St.
2	西街	Zhongyong W. St.
2	路	Zhongyong Rd.
2	里	Zhongyong Vil.
1	勢巷	Zhongshi Ln.
2	街	Zhongshi St.
1	勤巷	Zhongqin Ln.
2	街	Zhongqin St.
2	路	Zhongqin Rd.
2	里	Zhongqin Vil.
1	和	Zhonghe
2	村	Zhonghe Vil.
2	街	Zhonghe St.
1	善路	Zhongshan Rd.
1	太東路	Zhongtai E. Rd.
2	西路	Zhongtai W. Rd.
1	孝	Zhongxiao
2	1巷	Zhongxiao 1st Ln.
3	街	Zhongxiao 1st St.
3	路	Zhongxiao 1st Rd.
2	2巷	Zhongxiao 2nd Ln.
3	街	Zhongxiao 2nd St.
3	路	Zhongxiao 2nd Rd.
2	3巷	Zhongxiao 3rd Ln.
3	街	Zhongxiao 3rd St.
3	路	Zhongxiao 3rd Rd.
2	4街	Zhongxiao 4th St.
3	路	Zhongxiao 4th Rd.
2	5街	Zhongxiao 5th St.
2	6街	Zhongxiao 6th St.
2	7街	Zhongxiao 7th St.
2	8街	Zhongxiao 8th St.
2	北街	Zhongxiao N. St.
3	路	Zhongxiao N. Rd.
2	南路	Zhongxiao S. Rd.
2	巷	Zhongxiao Ln.
2	新屯	Zhongxiao New Vil.
3	村	Zhongxiao New Vil.
2	村	Zhongxiao Vil.
2	東街	Zhongxiao E. St.
3	路	Zhongxiao E. Rd.
4	1段	Sec. 1, Zhongxiao E. Rd.
4	2段	Sec. 2, Zhongxiao E. Rd.
4	3段	Sec. 3, Zhongxiao E. Rd.
4	4段	Sec. 4, Zhongxiao E. Rd.
4	5段	Sec. 5, Zhongxiao E. Rd.
4	6段	Sec. 6, Zhongxiao E. Rd.
4	7段	Sec. 7, Zhongxiao E. Rd.
2	橋	Zhongxiao Bridge
2	街	Zhongxiao St.
3	1段	Sec. 1, Zhongxiao St.
2	西路	Zhongxiao W. Rd.
4	1段	Sec. 1, Zhongxiao W. Rd.
4	2段	Sec. 2, Zhongxiao W. Rd.
4	忠孝巷	Zhongxiao Ln., Zhongxiao W. Rd.
2	路	Zhongxiao Rd.
3	1段	Sec. 1, Zhongxiao Rd.
3	2段	Sec. 2, Zhongxiao Rd.
3	3段	Sec. 3, Zhongxiao Rd.
3	忠義巷	Zhongyi Ln., Zhongxiao Rd.
3	營林巷	Yinglin Ln., Zhongxiao Rd.
2	里	Zhongxiao Vil.
1	富路上大段	Sec. Shangda, Zhongfu Rd.
3	富源段	Sec. Fuyuan, Zhongfu Rd.
3	崙坪段	Sec. Lunping, Zhongfu Rd.
1	實路	Zhongshi Rd.
1	寮	Zhongliao
2	村	Zhongliau Vil.
2	里	Zhongliau Vil.
1	山里	Zhongshan Vil.
1	崙	Zhonglun
1	工路	Zhonggong Rd.
1	平1路	Zhongping 1st Rd.
2	2路	Zhongping 2nd Rd.
2	3路	Zhongping 3rd Rd.
2	路	Zhongping Rd.
1	庄	Zhongzhuang
1	得街	Zhongde St.
1	德街	Zhongde St.
2	里	Zhongde Vil.
1	心2路	Zhongxin 2nd Rd.
2	路	Zhongxin Rd.
1	志巷	Zhongzhi Ln.
1	恕巷	Zhongshu Ln.
2	路	Zhongshu Rd.
2	里	Zhongshu Vil.
1	愛	Zhong'ai
2	巷	Zhong'ai Ln.
2	街	Zhong'ai St.
2	路	Zhong'ai Rd.
3	1段	Sec. 1, Zhong'ai Rd.
3	2段	Sec. 2, Zhong'ai Rd.
3	3段	Sec. 3, Zhong'ai Rd.
3	忠1巷	Zhong 1st Ln., Zhong'ai Rd.
4	2巷	Zhong 2nd Ln., Zhong'ai Rd.
4	3巷	Zhong 3rd Ln., Zhong'ai Rd.
3	愛1巷	Ai 1st Ln., Zhong'ai Rd.
2	里	Zhong'ai Vil.
1	慶	Zhongqing
1	成里	Zhongcheng Vil.
1	承路	Zhongcheng Rd.
1	政里	Zhongzheng Vil.
1	明2街	Zhongming 2nd St.
2	3街	Zhongming 3rd St.
2	4街	Zhongming 4th St.
2	5街	Zhongming 5th St.
2	6街	Zhongming 6th St.
2	7街	Zhongming 7th St.
2	8街	Zhongming 8th St.
2	南路	Zhongming S. Rd.
2	巷	Zhongming Ln.
2	街	Zhongming St.
2	路	Zhongming Rd.
2	里	Zhongming Vil.
1	智巷	Zhongzhi Ln.
2	路	Zhongzhi Rd.
2	里	Zhongzhi Vil.
1	權莊	Zhongquan Vil.
2	里	Zhongquan Vil.
1	正里	Zhongzheng Vil.
1	民街	Zhongmin St.
1	水街	Zhongshui St.
1	治	Zhongzhi
2	村	Zhongzhi Vil.
1	泰街	Zhongtai St.
1	清路	Zhongqing Rd.
1	溪路	Zhongxi Rd.
1	潭路	Zhongtan Rd.
1	福巷	Zhongfu Ln.
2	路	Zhongfu Rd.
2	里	Zhongfu Vil.
1	純里	Zhongchun Vil.
1	義	Zhongyi
2	1巷	Zhongyi 1st Ln.
3	街	Zhongyi 1st St.
2	2巷	Zhongyi 2nd Ln.
3	街	Zhongyi 2nd St.
4	市場巷	Shichang Ln., Zhongyi 2nd St.
2	3巷	Zhongyi 3rd Ln.
3	街	Zhongyi 3rd St.
2	4巷	Zhongyi 4th Ln.
3	街	Zhongyi 4th St.
2	北路	Zhongyi N. Rd.
2	南路	Zhongyi S. Rd.
2	巷	Zhongyi Ln.
2	村	Zhongyi Vil.
2	街	Zhongyi St.
2	路	Zhongyi Rd.
3	1段	Sec. 1, Zhongyi Rd.
3	2段	Sec. 2, Zhongyi Rd.
3	3段	Sec. 3, Zhongyi Rd.
2	里	Zhongyi Vil.
1	翠里	Zhongcui Vil.
1	興	Zhongxing
2	村	Zhongxing Vil.
2	街	Zhongxing St.
1	英路	Zhongying Rd.
1	行路	Zhongxing Rd.
1	覺里	Zhongjue Vil.
1	言路	Zhongyan Rd.
1	誠北街	Zhongcheng N. St.
2	街	Zhongcheng St.
2	路	Zhongcheng Rd.
3	1段	Sec. 1, Zhongcheng Rd.
3	2段	Sec. 2, Zhongcheng Rd.
2	里	Zhongcheng Vil.
1	貞1巷	Zhongzhen 1st Ln.
3	街	Zhongzhen 1st St.
2	2巷	Zhongzhen 2nd Ln.
2	3巷	Zhongzhen 3rd Ln.
2	東街	Zhongzhen E. St.
2	街	Zhongzhen St.
2	路	Zhongzhen Rd.
2	里	Zhongzhen Vil.
1	隆街	Zhonglong St.
1	順1街	Zhongshun 1st St.
2	2街	Zhongshun 2nd St.
2	3街	Zhongshun 3rd St.
2	街1段	Sec. 1, Zhongshun St.
3	2段	Sec. 2, Zhongshun St.
0	快官里	Kuaiguan Vil.
1	樂二村	Kuaile 2nd Vil.
2	街	Kuaile St.
2	路	Kuaile Rd.
1	速路	Kuaisu Rd.
3	1段	Sec. 1, Kuaisu Rd.
3	2段	Sec. 2, Kuaisu Rd.
3	3段	Sec. 3, Kuaisu Rd.
3	5段	Sec. 5, Kuaisu Rd.
3	6段	Sec. 6, Kuaisu Rd.
3	7段	Sec. 7, Kuaisu Rd.
3	8段	Sec. 8, Kuaisu Rd.
3	9段	Sec. 9, Kuaisu Rd.
0	思北路	Sibei Rd.
1	明街	Siming St.
2	里	Siming Vil.
1	村路	Sicun Rd.
1	源街	Siyuan St.
2	路	Siyuan Rd.
2	里	Siyuan Vil.
1	賢里	Sixian Vil.
1	齊街	Siqi St.
0	怡和巷	Yihe Ln.
2	里	Yihe Vil.
1	安路1段	Sec. 1, Yi'an Rd.
3	2段	Sec. 2, Yi'an Rd.
1	平路	Yiping Rd.
2	里	Yiping Vil.
1	東路	Yidong Rd.
1	林街	Yilin St.
1	然村	Yiran Vil.
2	路	Yiran Rd.
1	美路	Yimei Rd.
0	恆光街	Hengguang St.
1	吉巷	Hengji Ln.
1	安里	Heng'an Vil.
1	山南巷	Hengshan S. Ln.
2	巷	Hengshan Ln.
2	西巷	Hengshan W. Ln.
1	德里	Hengde Vil.
0	恒中新村	Hengzhong New Vil.
1	公路	Henggong Rd.
1	北路	Hengbei Rd.
1	南路	Hengnan Rd.
1	吉1路	Hengji 1st Rd.
2	巷	Hengji Ln.
1	城街	Hengcheng St.
1	東路	Hengdong Rd.
1	福1街	Hengfu 1st St.
2	2街	Hengfu 2nd St.
1	西1街	Hengxi 1st St.
2	路	Hengxi Rd.
1	豐街	Hengfeng St.
1	龍路	Henglong Rd.
0	恩德街	Ende St.
0	恭寬路	Gongkuan Rd.
1	敬	Gongjing
2	路	Gongjing Rd.
2	里	Gongjing Vil.
0	悅華路	Yuehua Rd.
0	惟馨街	Weixin St.
0	惠中1街	Huizhong 1st St.
2	2街	Huizhong 2nd St.
2	3街	Huizhong 3rd St.
2	5街	Huizhong 5th St.
2	6街	Huizhong 6th St.
2	7街	Huizhong 7th St.
2	街	Huizhong St.
2	路	Huizhong Rd.
3	1段	Sec. 1, Huizhong Rd.
3	2段	Sec. 2, Huizhong Rd.
3	3段	Sec. 3, Huizhong Rd.
1	來	Huilai
2	1路	Huilai 1st Rd.
2	2路	Huilai 2nd Rd.
2	3街	Huilai 3rd St.
2	5街	Huilai 5th St.
2	6街	Huilai 6th St.
2	村	Huilai Vil.
2	東街	Huilai E. St.
2	街	Huilai St.
2	西街	Huilai W. St.
2	路	Huilai Rd.
3	1段	Sec. 1, Huilai Rd.
3	2段	Sec. 2, Huilai Rd.
3	3段	Sec. 3, Huilai Rd.
2	里	Huilai Vil.
1	勇街	Huiyong St.
1	北巷	Huibei Ln.
1	南巷	Huinan Ln.
2	街	Huinan St.
1	好村	Huihau Vil.
2	路	Huihao Rd.
1	安1路	Hui'an 1st Rd.
2	巷	Hui'an Ln.
2	街	Hui'an St.
2	路	Hui'an Rd.
2	里	Hui'an Vil.
1	崙路	Huilun Rd.
1	州街	Huizhou St.
1	弘街	Huihong St.
1	德街	Huide St.
2	里	Huide Vil.
1	心街	Huixin St.
1	忠街	Huizhong St.
1	愛路	Hui'ai Rd.
2	里	Hui'ai Vil.
1	文1街	Huiwen 1st St.
2	2街	Huiwen 2nd St.
2	3街	Huiwen 3rd St.
2	5街	Huiwen 5th St.
2	6街	Huiwen 6th St.
2	7街	Huiwen 7th St.
2	南街	Huiwen S. St.
2	街	Huiwen St.
2	路	Huiwen Rd.
1	昌街	Huichang St.
1	明巷	Huiming Ln.
2	街	Huiming St.
1	春街	Huichun St.
1	智街	Huizhi St.
1	東巷	Huidong Ln.
1	楠里	Huinan Vil.
1	榮巷	Huirong Ln.
1	正街	Huizheng St.
1	民1路	Huimin 1st Rd.
2	二村	Huimin 2nd Vil.
2	富康農莊	Huimin Fukang Farm
2	巷	Huimin Ln.
2	新村	Huimin New Vil.
2	村	Huimin Vil.
2	莊	Huimin Vil.
2	街	Huimin St.
2	路	Huimin Rd.
2	里	Huimin Vil.
1	深1路	Huishen 1st Rd.
2	2路1段	Sec. 1, Huishen 2nd Rd.
4	2段	Sec. 2, Huishen 2nd Rd.
1	義街	Huiyi St.
1	誠街	Huicheng St.
1	豐街	Huifeng St.
2	里	Huifeng Vil.
1	農路	Huinong Rd.
1	陽巷	Huiyang Ln.
2	街	Huiyang St.
1	隆街	Huilong St.
0	想思林	Xiangsilin
0	意善巷	Yishan Ln.
1	誠1巷	Yicheng 1st Ln.
2	路	Yicheng Rd.
2	里	Yicheng Vil.
0	愛1巷	Ai 1st Ln.
2	街	Ai 1st St.
2	路	Ai 1st Rd.
1	2街	Ai 2nd St.
2	路	Ai 2nd Rd.
1	3街	Ai 3rd St.
2	路	Ai 3rd Rd.
1	4路	Ai 4th Rd.
1	5街	Ai 5th St.
2	路	Ai 5th Rd.
1	6街	Ai 6th St.
2	路	Ai 6th Rd.
1	7街	Ai 7th St.
2	路	Ai 7th Rd.
1	8街	Ai 8th St.
1	9街	Ai 9th St.
2	路	Ai 9th Rd.
1	勢村	Aishi Vil.
1	十街	Ai 10th St.
1	和路	Aihe Rd.
1	國1路	Aiguo 1st Rd.
2	巷	Aiguo Ln.
2	村	Aiguo Vil.
2	東路	Aiguo E. Rd.
2	蒲	Aiguopu
2	街	Aiguo St.
2	西路	Aiguo W. Rd.
2	路	Aiguo Rd.
2	里	Aiguo Vil.
1	富1街	Aifu 1st St.
2	2街	Aifu 2nd St.
4	厚生巷	Housheng Ln., Aifu 2nd St.
4	樂生巷	Lesheng Ln., Aifu 2nd St.
2	3街	Aifu 3rd St.
4	長生巷	Changsheng Ln., Aifu 3rd St.
1	山街	Aishan St.
1	平里	Aiping Vil.
1	德路	Aide Rd.
2	里	Aide Vil.
1	心1街	Aixin 1st St.
2	2街	Aixin 2nd St.
2	3街	Aixin 3rd St.
2	路	Aixin Rd.
1	恆路	Aiheng Rd.
1	惜路	Aixi Rd.
1	文街	Aiwen St.
1	新路	Aixin Rd.
1	松里	Aisong Vil.
1	民街	Aimin St.
2	路	Aimin Rd.
1	永街	Aiyong St.
1	渾路	Aihun Rd.
1	物路	Aiwu Rd.
1	玉路	Aiyu Rd.
1	禮路	Aili Rd.
1	節路	Aijie Rd.
1	美路	Aimei Rd.
1	群路	Aiqun Rd.
1	聞路	Aiwen Rd.
1	興街	Aixing St.
1	華街	Aihua St.
2	路	Aihua Rd.
1	蘭路	Ailan Rd.
2	里	Ailan Vil.
1	迪生路	Aidisheng Rd.
1	鄉巷	Aixiang Ln.
2	路	Aixiang Rd.
2	里	Aixiang Vil.
0	感恩路	Gan'en Rd.
0	慈仁巷	Ciren Ln.
2	里	Ciren Vil.
1	光	Ciguang
2	1街	Ciguang 1st St.
2	2街	Ciguang 2nd St.
2	九村	Ciguang 9th Vil.
2	二十七村	Ciguang 27th Vil.
2	十四村	Ciguang 14th Vil.
2	巷	Ciguang Ln.
2	廿七村	Ciguang 27th Vil.
3	九村	Ciguang 29th Vil.
3	八村	Ciguang 28th Vil.
2	街	Ciguang St.
1	勇1街	Ciyong 1st St.
2	2街	Ciyong 2nd St.
2	3街	Ciyong 3rd St.
2	5街	Ciyong 5th St.
1	化里	Cihua Vil.
1	和街	Cihe St.
1	善路	Cishan Rd.
1	壽里	Cishou Vil.
1	天路	Citian Rd.
1	安1巷	Ci'an 1st Ln.
2	2巷	Ci'an 2nd Ln.
2	3巷	Ci'an 3rd Ln.
2	村	Ci'an Vil.
2	街	Ci'an St.
2	路	Ci'an Rd.
2	里	Ci'an Vil.
1	峰巷	Cifeng Ln.
1	康路	Cikang Rd.
1	德巷	Cide Ln.
2	街	Cide St.
2	路	Cide Rd.
1	恩	Ci'en
2	1巷	Ci'en 1st Ln.
2	3巷	Ci'en 3rd Ln.
2	5巷	Ci'en 5th Ln.
2	7巷	Ci'en 7th Ln.
2	十一村	Ci'en 11th Vil.
3	三村	Ci'en 13th Vil.
2	街	Ci'en St.
1	惠1街	Cihui 1st St.
2	2街	Cihui 2nd St.
2	3街	Cihui 3rd St.
2	4街	Cihui 4th St.
2	5街	Cihui 5th St.
2	6街	Cihui 6th St.
2	7街	Cihui 7th St.
2	8街	Cihui 8th St.
2	街	Cihui St.
2	路	Cihui Rd.
2	里	Cihui Vil.
1	愛巷	Ci'ai Ln.
2	街	Ci'ai St.
2	路	Ci'ai Rd.
2	里	Ci'ai Vil.
1	文路	Ciwen Rd.
2	里	Ciwen Vil.
1	新路1段	Sec. 1, Cixin Rd.
3	2段	Sec. 2, Cixin Rd.
3	3段	Sec. 3, Cixin Rd.
1	暉六村	Cihui 6th Vil.
1	湖富康農莊	Cihu Fukang Farm
2	路	Cihu Rd.
3	1段	Sec. 1, Cihu Rd.
3	2段	Sec. 2, Cihu Rd.
3	3段	Sec. 3, Cihu Rd.
1	濟路	Ciji Rd.
1	生街	Cisheng St.
2	里	Cisheng Vil.
1	祐里	Ciyou Vil.
1	祥街	Cixiang St.
2	路	Cixiang Rd.
1	福里	Cifu Vil.
1	聖街	Cisheng St.
2	路2段	Sec. 2, Cisheng Rd.
2	里	Cisheng Vil.
1	育街	Ciyu St.
1	興11街	Cixing 11th St.
3	2街	Cixing 12th St.
3	街	Cixing 1st St.
2	3街	Cixing 3rd St.
2	5街	Cixing 5th St.
2	6街	Cixing 6th St.
2	7街	Cixing 7th St.
2	8街	Cixing 8th St.
2	十街	Cixing 10th St.
2	路	Cixing Rd.
1	航1路	Cihang 1st Rd.
2	2路	Cihang 2nd Rd.
2	3路	Cihang 3rd Rd.
2	路	Cihang Rd.
1	英街	Ciying St.
1	華街	Cihua St.
1	蔭里	Ciyin Vil.
1	護街	Cihu St.
1	隆街	Cilong St.
1	雲山	Ciyunshan
2	巷	Ciyun Ln.
2	街	Ciyun St.
2	路	Ciyun Rd.
2	里	Ciyun Vil.
1	音街	Ciyin St.
1	鳴路	Ciming Rd.
1	龍街	Cilong St.
0	慕義巷	Muyi Ln.
2	里	Muyi Vil.
0	慧音巷	Huiyin Ln.
0	慶中街	Qingzhong St.
1	光路	Qingguang Rd.
1	利街	Qingli St.
1	功街	Qinggong St.
1	北1街	Qingbei 1st St.
2	2街	Qingbei 2nd St.
2	3街	Qingbei 3rd St.
1	南1街	Qingnan 1st St.
2	2街	Qingnan 2nd St.
2	3街	Qingnan 3rd St.
2	4街	Qingnan 4th St.
2	街	Qingnan St.
1	和街	Qinghe St.
3	同興巷	Tongxing Ln., Qinghe St.
3	慶和巷	Qinghe Ln., Qinghe St.
2	路1段	Sec. 1, Qinghe Rd.
3	2段	Sec. 2, Qinghe Rd.
2	里	Qinghe Vil.
1	城街	Qingcheng St.
1	安1路	Qing'an 1st Rd.
2	2路	Qing'an 2nd Rd.
2	3路	Qing'an 3rd Rd.
2	北路	Qing'an N. Rd.
2	南1路	Qing'an S. 1st Rd.
3	2路	Qing'an S. 2nd Rd.
3	3路	Qing'an S. 3rd Rd.
2	村	Qing'an Vil.
2	街	Qing'an St.
2	西路	Qing'an W. Rd.
2	路	Qing'an Rd.
1	州街	Qingzhou St.
1	平巷	Qingping Ln.
2	路	Qingping Rd.
1	昇里	Qingsheng Vil.
1	昌街	Qingchang St.
2	里	Qingchang Vil.
1	春巷	Qingchun Ln.
2	里	Qingchun Vil.
1	東街	Qingdong St.
3	慶成1巷	Qingcheng 1st Ln., Qingdong St.
5	2巷	Qingcheng 2nd Ln., Qingdong St.
5	3巷	Qingcheng 3rd Ln., Qingdong St.
5	4巷	Qingcheng 4th Ln., Qingdong St.
5	5巷	Qingcheng 5th Ln., Qingdong St.
5	6巷	Qingcheng 6th Ln., Qingdong St.
5	7巷	Qingcheng 7th Ln., Qingdong St.
2	里	Qingdong Vil.
1	樂街	Qingle St.
1	濱路	Qingbin Rd.
1	生路	Qingsheng Rd.
1	祥街	Qingxiang St.
1	福街	Qingfu St.
2	路	Qingfu Rd.
2	里	Qingfu Vil.
1	美巷	Qingmei Ln.
1	興1巷	Qingxing 1st Ln.
2	2巷	Qingxing 2nd Ln.
2	3巷	Qingxing 3rd Ln.
2	街	Qingxing St.
1	苑巷	Qingyuan Ln.
1	華街	Qinghua St.
1	西村	Qingxi Vil.
2	路	Qingxi Rd.
1	豐	Qingfeng
2	11街	Qingfeng 11th St.
3	2街	Qingfeng 12th St.
3	3街	Qingfeng 13th St.
3	4街	Qingfeng 14th St.
3	5街	Qingfeng 15th St.
3	街	Qingfeng 1st St.
2	2街	Qingfeng 2nd St.
2	3街	Qingfeng 3rd St.
2	4街	Qingfeng 4th St.
2	5街	Qingfeng 5th St.
2	6街	Qingfeng 6th St.
2	7街	Qingfeng 7th St.
2	8街	Qingfeng 8th St.
2	9街	Qingfeng 9th St.
2	十街	Qingfeng 10th St.
2	村	Qingfeng Vil.
2	街	Qingfeng St.
2	路	Qingfeng Rd.
1	隆巷	Qinglong Ln.
1	雲街	Qingyun St.
1	順1街	Qingshun 1st St.
2	路	Qingshun Rd.
0	憬學街	Jingxue St.
0	憲光二村	Xianguang 2nd Vil.
1	德市場巷	Xiande Shichang Ln.
2	戲院巷	Xiande Theater Ln.
2	街	Xiande St.
1	政街	Xianzheng St.
2	路	Xianzheng Rd.
1	昌路	Xianchang Rd.
1	治路	Xianzhi Rd.
1	法路	Xianfa Rd.
1	訓路	Xianxun Rd.
0	憶林街	Yilin St.
0	懇親路	Kenqin Rd.
0	應仁里	Yingren Vil.
1	化街	Yinghua St.
3	登山道	Dengshandao, Yinghua St.
1	安街	Ying'an St.
2	路	Ying'an Rd.
1	昇路	Yingsheng Rd.
1	菜埔	Yingcaipu
2	龍	Yingcailong
0	懷仁街	Huairen St.
1	安	Huai'an
2	街	Huai'an St.
1	寧1街	Huaining 1st St.
2	2街	Huaining 2nd St.
2	街	Huaining St.
1	德巷	Huaide Ln.
2	街	Huaide St.
2	路	Huaide Rd.
1	忠路	Huaizhong Rd.
1	恩巷	Huai'en Ln.
2	街	Huai'en St.
2	路	Huai'en Rd.
1	生街	Huaisheng St.
1	翠里	Huaicui Vil.
0	成仁街	Chengren St.
2	里	Chengren Vil.
1	信街	Chengxin St.
1	功	Chenggong
2	11街	Chenggong 11th St.
3	2街	Chenggong 12th St.
3	3街	Chenggong 13th St.
3	5街	Chenggong 15th St.
3	6街	Chenggong 16th St.
3	巷	Chenggong 1st Ln.
3	街	Chenggong 1st St.
3	路	Chenggong 1st Rd.
2	2巷	Chenggong 2nd Ln.
3	街	Chenggong 2nd St.
3	路	Chenggong 2nd Rd.
4	1街	1st St., Chenggong 2nd Rd.
2	3巷	Chenggong 3rd Ln.
3	街	Chenggong 3rd St.
3	路	Chenggong 3rd Rd.
4	2街	2nd St., Chenggong 3rd Rd.
4	3街	3rd St., Chenggong 3rd Rd.
4	4街	4th St., Chenggong 3rd Rd.
4	5街	5th St., Chenggong 3rd Rd.
2	4巷	Chenggong 4th Ln.
3	街	Chenggong 4th St.
2	5街	Chenggong 5th St.
2	6巷	Chenggong 6th Ln.
3	街	Chenggong 6th St.
2	7街	Chenggong 7th St.
2	8街	Chenggong 8th St.
3	路	Chenggong 8th Rd.
2	9街	Chenggong 9th St.
2	北巷	Chenggong N. Ln.
3	街	Chenggong N. St.
3	路	Chenggong N. Rd.
2	十街	Chenggong 10th St.
2	南路	Chenggong S. Rd.
4	仁義巷	Renyi Ln., Chenggong S. Rd.
4	信義巷	Xinyi Ln., Chenggong S. Rd.
4	南溝邊	Nangoubian, Chenggong S. Rd.
7	巷	Nangoubian Ln., Chenggong S. Rd.
4	孝義巷	Xiaoyi Ln., Chenggong S. Rd.
4	忠孝巷	Zhongxiao Ln., Chenggong S. Rd.
4	新生巷	Xinsheng Ln., Chenggong S. Rd.
4	智義巷	Zhiyi Ln., Chenggong S. Rd.
4	禮義巷	Liyi Ln., Chenggong S. Rd.
4	通校巷	Tongxiao Ln., Chenggong S. Rd.
4	青埔	Qingpu, Chenggong S. Rd.
6	橋邊巷	Qingpuqiaobian Ln., Chenggong S. Rd.
6	溪邊	Qingpuxibian, Chenggong S. Rd.
2	巷	Chenggong Ln.
2	新屯	Chenggong New Vil.
3	村	Chenggong New Vil.
2	村	Chenggong Vil.
2	東街	Chenggong E. St.
3	路	Chenggong E. Rd.
4	慈光巷	Ciguang Ln., Chenggong E. Rd.
2	街	Chenggong St.
3	1段	Sec. 1, Chenggong St.
3	2段	Sec. 2, Chenggong St.
2	西街	Chenggong W. St.
3	路	Chenggong W. Rd.
2	路	Chenggong Rd.
3	1段	Sec. 1, Chenggong Rd.
5	冠華巷	Guanhua Ln., Sec. 1, Chenggong Rd.
5	慧音巷	Huiyin Ln., Sec. 1, Chenggong Rd.
3	2段	Sec. 2, Chenggong Rd.
3	3段	Sec. 3, Chenggong Rd.
3	4段	Sec. 4, Chenggong Rd.
3	5段	Sec. 5, Chenggong Rd.
3	中山巷	Zhongshan Ln., Chenggong Rd.
3	安源巷	Anyuan Ln., Chenggong Rd.
3	延平巷	Yanping Ln., Chenggong Rd.
3	新市巷	Xinshi Ln., Chenggong Rd.
3	永興巷	Yongxing Ln., Chenggong Rd.
3	田寮巷	Tianliao Ln., Chenggong Rd.
3	香林巷	Xianglin Ln., Chenggong Rd.
2	里	Chenggong Vil.
3		Chenggong Vil.
1	名街	Chengming St.
1	和1街	Chenghe 1st St.
2	2街	Chenghe 2nd St.
2	3街	Chenghe 3rd St.
2	5街	Chenghe 5th St.
2	街	Chenghe St.
2	里	Chenghe Vil.
1	大街	Chengda St.
1	安巷	Cheng'an Ln.
1	州村	Chengzhou Vil.
1	平巷	Chengping Ln.
2	街	Chengping St.
1	廣路	Chengguang Rd.
1	德1街	Chengde 1st St.
2	2街	Chengde 2nd St.
2	3街	Chengde 3rd St.
2	5街	Chengde 5th St.
2	6街	Chengde 6th St.
2	7街	Chengde 7th St.
2	8街	Chengde 8th St.
2	9街	Chengde 9th St.
2	村	Chengde Vil.
2	街	Chengde St.
2	路	Chengde Rd.
2	里	Chengde Vil.
1	志路	Chengzhi Rd.
1	昌	Chengchang
1	泰村	Chengtai Vil.
2	路1段	Sec. 1, Chengtai Rd.
3	2段	Sec. 2, Chengtai Rd.
3	3段	Sec. 3, Chengtai Rd.
3	4段	Sec. 4, Chengtai Rd.
1	洲1路	Chengzhou 1st Rd.
2	3路	Chengzhou 3rd Rd.
2	5路	Chengzhou 5th Rd.
2	6路	Chengzhou 6th Rd.
2	7路	Chengzhou 7th Rd.
1	環街	Chenghuan St.
1	田巷	Chengtian Ln.
1	福	Chengfu
2	路	Chengfu Rd.
2	里	Chengfu Vil.
1	章1街	Chengzhang 1st St.
2	2街	Chengzhang 2nd St.
2	3街	Chengzhang 3rd St.
2	4街	Chengzhang 4th St.
1	美巷	Chengmei Ln.
1	興1路	Chengxing 1st Rd.
2	村	Chengxing Vil.
2	路	Chengxing Rd.
1	豐巷	Chengfeng Ln.
1	連里	Chenglian Vil.
1	都北路	Chengdu N. Rd.
2	南路	Chengdu S. Rd.
2	街	Chengdu St.
2	路	Chengdu Rd.
1	鳳路	Chengfeng Rd.
1	龍	Chenglong
2	村	Chenglong Vil.
0	戲院巷	Theater Ln.
0	戶政街	Huzheng St.
0	房裡里	Fangli Vil.
1	里路	Fangli Rd.
2	里	Fangli Vil.
0	所前1巷	Suoqian 1st Ln.
2	2巷	Suoqian 2nd Ln.
2	街	Suoqian St.
0	打廉村	Dalian Vil.
1	簾村	Dalian Vil.
1	鐵寮路	Datieliao Rd.
2	巷	Datie Ln.
2	店街	Datiedian St.
2	村	Datie Vil.
1	馬路	Dama Rd.
0	托子1街	Tuozi 1st St.
2	2街	Tuozi 2nd St.
2	3街	Tuozi 3rd St.
2	中街	Tuozi Central St.
2	北街	Tuozi N. St.
2	南街	Tuozi S. St.
0	扶安巷	Fu'an Ln.
1	朝	Fuchao
2	里	Fuchau Vil.
1	輪路	Fulun Rd.
1	風里	Fufeng Vil.
0	承和街	Chenghe St.
1	天路	Chengtian Rd.
1	德街	Chengde St.
2	路	Chengde Rd.
3	1段	Sec. 1, Chengde Rd.
3	2段	Sec. 2, Chengde Rd.
3	3段	Sec. 3, Chengde Rd.
3	4段	Sec. 4, Chengde Rd.
3	5段	Sec. 5, Chengde Rd.
3	6段	Sec. 6, Chengde Rd.
3	7段	Sec. 7, Chengde Rd.
2	里	Chengde Vil.
1	恩路	Cheng'en Rd.
0	技術巷	Jishu Ln.
0	抬擢	Taizhuo
0	拉芙蘭路	Lafulan Rd.
0	拓林巷	Tuolin Ln.
1	農路	Tuonong Rd.
0	拔仔林	Bazailin
1	子林	Bazilin
3	1路	Bazilin 1st Rd.
3	2路	Bazilin 2nd Rd.
3	3路	Bazilin 3rd Rd.
3	富升巷	Bazilinfusheng Ln.
1	拉	Bala
1	林村	Balin Vil.
1	里	Ba Vil.
1	雅路	Baya Rd.
2	里	Baya Vil.
0	拖沙尾	Tuoshawei
1	砧巷	Tuozhen Ln.
0	招商街	Zhaoshang St.
0	拜堂巷	Baitang Ln.
0	拱北里	Gongbei Vil.
1	子溝	Gongzigou
1	照11路	Gongzhao 11th Rd.
3	2路	Gongzhao 12th Rd.
3	路	Gongzhao 1st Rd.
2	2路	Gongzhao 2nd Rd.
2	3路	Gongzhao 3rd Rd.
2	5路	Gongzhao 5th Rd.
2	6路	Gongzhao 6th Rd.
2	7路	Gongzhao 7th Rd.
2	8路	Gongzhao 8th Rd.
2	9路	Gongzhao 9th Rd.
2	十路	Gongzhao 10th Rd.
2	村	Gongzhao Vil.
0	拷潭村	Kautan Vil.
2	路	Kaotan Rd.
0	指南村	Zhinan Vil.
2	路	Zhinan Rd.
3	1段	Sec. 1, Zhinan Rd.
3	2段	Sec. 2, Zhinan Rd.
3	3段	Sec. 3, Zhinan Rd.
2	里	Zhinan Vil.
1	玄街	Zhixuan St.
0	挖仔	Wazai
2	厝	Wazaicuo
1	子尾街	Waziwei St.
2	路	Wazi Rd.
0	振中街	Zhenzhong St.
1	南路	Zhennan Rd.
1	坤街	Zhenkun St.
1	安路	Zhen'an Rd.
1	寮里	Zhenliau Vil.
1	平街	Zhenping St.
1	德街	Zhende St.
1	成里	Zhencheng Vil.
1	文路	Zhenwen Rd.
1	昇路	Zhensheng Rd.
1	昌街	Zhenchang St.
1	東里	Zhendong Vil.
1	業巷	Zhenye Ln.
1	武路	Zhenwu Rd.
1	泰街	Zhentai St.
1	祥街	Zhenxiang St.
1	福路	Zhenfu Rd.
1	義里	Zhenyi Vil.
1	興	Zhenxing
2	1巷	Zhenxing 1st Ln.
3	街	Zhenxing 1st St.
3	路	Zhenxing 1st Rd.
2	2路	Zhenxing 2nd Rd.
2	3路	Zhenxing 3rd Rd.
2	5路	Zhenxing 5th Rd.
2	6路	Zhenxing 6th Rd.
2	南路	Zhenxing S. Rd.
2	巷	Zhenxing Ln.
2	村	Zhenxing Vil.
2	東街	Zhenxing E. St.
2	街	Zhenxing St.
2	西街	Zhenxing W. St.
3	路	Zhenxing W. Rd.
2	路	Zhenxing Rd.
2	里	Zhenxing Vil.
3	農場巷	Nongchang Ln., Zhenxing Vil.
1	英街	Zhenying St.
1	華街	Zhenhua St.
2	路	Zhenhua Rd.
2	里	Zhenhua Vil.
1	西里	Zhenxi Vil.
1	豐村	Zhenfeng Vil.
3	榮華巷	Ronghua Ln., Zhenfeng Vil.
1	農3巷	Zhennong 3rd Ln.
2	巷	Zhennong Ln.
0	挹秀里	Yixiu Vil.
1	翠路	Yicui Rd.
0	捷安路	Jie'an Rd.
1	發街	Jiefa St.
1	興1街	Jiexing 1st St.
2	2街	Jiexing 2nd St.
2	里	Jiexing Vil.
1	航3路	Jiehang 3rd Rd.
1	西路	Jiexi Rd.
1	運路	Jieyun Rd.
0	掃叭頂1路	Saobading 1st Rd.
3	2路	Saobading 2nd Rd.
3	4路	Saobading 4th Rd.
0	掌潭	Zhangtan
2	村	Zhangtan Vil.
0	排子路	Paizi Rd.
1	寮	Pailiao
1	灣	Paiwan
2	村	Paiwan Vil.
1	路里	Pailu Vil.
1	雲	Paiyun
0	接物巷	Jiewu Ln.
0	控溪	Kongxi
0	插角	Chajiao
2	里	Chajiau Vil.
0	揚雅里	Yangya Vil.
0	援中路	Yuanzhong Rd.
1	港路	Yuangang Rd.
0	摩天	Motian
0	摸乳巷	Moru Ln.
0	撫臺里	Futai Vil.
1	遠街	Fuyuan St.
1	順1街	Fushun 1st St.
2	2街	Fushun 2nd St.
2	3街	Fushun 3rd St.
2	街	Fushun St.
0	擁翠庭	Yongcuiting
0	擇仁里	Zeren Vil.
0	擎天一村	Qingtian 1st Vil.
0	擴建1路	Kuojian 1st Rd.
2	路	Kuojian Rd.
0	擷雲莊	Jieyun Vil.
0	擺厘路	Baili Rd.
1	塘巷	Baitang Ln.
2	村	Baitang Vil.
2	橫巷	Baitang Side Ln.
1	接堡路	Baijiebao Rd.
0	攔河路	Lanhe Rd.
0	改良場	Gailiangchang
0	政光	Zhengguang
1	南街	Zhengnan St.
1	和路	Zhenghe Rd.
1	大1街	Zhengda 1st St.
2	2街	Zhengda 2nd St.
2	3街	Zhengda 3rd St.
1	安路	Zheng'an Rd.
1	德路	Zhengde Rd.
1	民東巷	Zhengmin E. Ln.
2	西巷	Zhengmin W. Ln.
2	路	Zhengmin Rd.
3	東巷	E. Ln., Zhengmin Rd.
3	西巷	W. Ln., Zhengmin Rd.
1	煌巷	Zhenghuang Ln.
1	通3街	Zhengtong 3rd St.
2	4街	Zhengtong 4th St.
2	5街	Zhengtong 5th St.
2	路	Zhengtong Rd.
0	故宮大道	Gugong Blvd.
2	東路	Gugong E. Rd.
2	路	Gugong Rd.
0	效忠街	Xiaozhong St.
0	敘暢	Xuchang
0	教仁路	Jiaoren Rd.
2	里	Jiauren Vil.
1	孝街	Jiaoxiao St.
1	師新村	Jiaoshi New Vil.
1	忠街	Jiaozhong St.
1	會巷	Jiaohui Ln.
0	敦仁街	Dunren St.
1	化1街	Dunhua 1st St.
2	2街	Dunhua 2nd St.
2	3街	Dunhua 3rd St.
2	北路	Dunhua N. Rd.
2	南路1段	Sec. 1, Dunhua S. Rd.
4	2段	Sec. 2, Dunhua S. Rd.
2	街	Dunhua St.
2	路	Dunhua Rd.
3	1段	Sec. 1, Dunhua Rd.
3	2段	Sec. 2, Dunhua Rd.
2	里	Dunhua Vil.
1	南街	Dunnan St.
1	厚村	Dunhou Vil.
2	路	Dunhou Rd.
2	里	Dunhou Vil.
1	和1街	Dunhe 1st St.
2	2街	Dunhe 2nd St.
2	3街	Dunhe 3rd St.
2	5街	Dunhe 5th St.
2	6街	Dunhe 6th St.
2	7街	Dunhe 7th St.
2	南路	Dunhe S. Rd.
2	街	Dunhe St.
2	路	Dunhe Rd.
3	仁和巷	Renhe Ln., Dunhe Rd.
3	大明巷	Daming Ln., Dunhe Rd.
3	廟前巷	Miaoqian Ln., Dunhe Rd.
3	敦成巷	Duncheng Ln., Dunhe Rd.
3	新和巷	Xinhe Ln., Dunhe Rd.
3	民族巷	Minzu Ln., Dunhe Rd.
3	自立巷	Zili Ln., Dunhe Rd.
2	里	Dunhe Vil.
1	安街	Dun'an St.
2	里	Dun'an Vil.
1	富11街	Dunfu 11th St.
3	2街	Dunfu 12th St.
3	街	Dunfu 1st St.
2	2街	Dunfu 2nd St.
2	3街	Dunfu 3rd St.
2	5街	Dunfu 5th St.
2	6街	Dunfu 6th St.
2	7街	Dunfu 7th St.
2	8街	Dunfu 8th St.
2	9街	Dunfu 9th St.
2	十街	Dunfu 10th St.
2	東街	Dunfu E. St.
2	路	Dunfu Rd.
1	平2街	Dunping 2nd St.
1	成巷	Duncheng Ln.
1	榮1街	Dunrong 1st St.
1	正里	Dunzheng Vil.
1	煌路	Dunhuang Rd.
2	里	Dunhuang Vil.
1	睦街	Dunmu St.
2	里	Dunmu Vil.
1	福路	Dunfu Rd.
1	親里	Dunqin Vil.
0	敬2街	Jing 2nd St.
1	3街	Jing 3rd St.
1	南街	Jingnan St.
1	安街	Jing'an St.
1	德街	Jingde St.
1	愛里	Jing'ai Vil.
1	業1路	Jingye 1st Rd.
2	2路	Jingye 2nd Rd.
2	3路	Jingye 3rd Rd.
2	4路	Jingye 4th Rd.
2	新城	Jingye Xincheng
2	街	Jingye St.
2	路	Jingye Rd.
2	里	Jingye Vil.
0	文11街	Wen 21st St.
2	2街	Wen 32nd St.
2	3街	Wen 23rd St.
2	5街	Wen 75th St.
2	9街	Wen 79th St.
2	街	Wen 1st St.
1	2街	Wen 2nd St.
1	3街	Wen 3rd St.
1	上路	Wenshang Rd.
1	中1街	Wenzhong 1st St.
3	路	Wenzhong 1st Rd.
2	2街	Wenzhong 2nd St.
3	路	Wenzhong 2nd Rd.
2	3街	Wenzhong 3rd St.
3	路	Wenzhong 3rd Rd.
2	4街	Wenzhong 4th St.
2	東路	Wenzhong E. Rd.
2	街	Wenzhong St.
2	路	Wenzhong Rd.
3	1段	Sec. 1, Wenzhong Rd.
3	2段	Sec. 2, Wenzhong Rd.
2	里	Wenzhong Vil.
1	享街	Wenxiang St.
1	人街	Wenren St.
1	仁街	Wenren St.
2	路	Wenren Rd.
1	信街	Wenxin St.
2	路	Wenxin Rd.
1	元2街	Wenyuan 2nd St.
2	街	Wenyuan St.
2	里	Wenyuan Vil.
1	光巷	Wenguang Ln.
2	街	Wenguang St.
2	路	Wenguang Rd.
3	東一橫巷	E. 1st Side Ln., Wenguang Rd.
2	里	Wenguang Vil.
1	全街	Wenquan St.
1	公街	Wengong St.
1	前街	Wenqian St.
2	路	Wenqian Rd.
3	南巷	S. Ln., Wenqian Rd.
3	文北巷	Wenbei Ln., Wenqian Rd.
4	南1巷	Wennan 1st Ln., Wenqian Rd.
5	2巷	Wennan 2nd Ln., Wenqian Rd.
5	巷	Wennan Ln., Wenqian Rd.
3	綠莊巷	Luzhuang Ln., Wenqian Rd.
1	勇街	Wenyong St.
1	化	Wenhua
2	11街	Wenhua 11th St.
3	2街	Wenhua 12th St.
3	3街	Wenhua 13th St.
3	6街	Wenhua 16th St.
3	8街	Wenhua 18th St.
3	巷	Wenhua 1st Ln.
3	街	Wenhua 1st St.
3	路	Wenhua 1st Rd.
4	1段	Sec. 1, Wenhua 1st Rd.
4	2段	Sec. 2, Wenhua 1st Rd.
2	2巷	Wenhua 2nd Ln.
3	街	Wenhua 2nd St.
3	路	Wenhua 2nd Rd.
4	1段	Sec. 1, Wenhua 2nd Rd.
4	2段	Sec. 2, Wenhua 2nd Rd.
2	3街	Wenhua 3rd St.
3	路	Wenhua 3rd Rd.
4	1段	Sec. 1, Wenhua 3rd Rd.
4	2段	Sec. 2, Wenhua 3rd Rd.
2	4街	Wenhua 4th St.
2	5街	Wenhua 5th St.
3	路	Wenhua 5th Rd.
2	6街	Wenhua 6th St.
2	7街	Wenhua 7th St.
3	路	Wenhua 7th Rd.
2	8街	Wenhua 8th St.
2	9街	Wenhua 9th St.
2	二十街	Wenhua 20th St.
2	公園路	Wenhuagongyuan Rd.
2	北1街	Wenhua N. 1st St.
3	2街	Wenhua N. 2nd St.
3	街	Wenhua N. St.
3	路	Wenhua N. Rd.
4	1段	Sec. 1, Wenhua N. Rd.
4	2段	Sec. 2, Wenhua N. Rd.
2	十街	Wenhua 10th St.
2	南街	Wenhua S. St.
3	路	Wenhua S. Rd.
2	巷	Wenhua Ln.
2	村	Wenhua Vil.
2	東巷	Wenhua E. Ln.
4	南1弄	S. 1st Aly., Wenhua E. Ln.
3	路	Wenhua E. Rd.
2	橫巷	Wenhua Side Ln.
2	莊	Wenhua Vil.
2	街	Wenhua St.
3	1段	Sec. 1, Wenhua St.
3	2段	Sec. 2, Wenhua St.
3	3段	Sec. 3, Wenhua St.
2	西巷	Wenhua W. Ln.
3	路	Wenhua W. Rd.
2	路	Wenhua Rd.
3	1段	Sec. 1, Wenhua Rd.
3	2段	Sec. 2, Wenhua Rd.
3	3段	Sec. 3, Wenhua Rd.
3	中心巷	Zhongxin Ln., Wenhua Rd.
3	坑尾段	Sec. Kengwei, Wenhua Rd.
3	文化1巷	Wenhua 1st Ln., Wenhua Rd.
5	2巷	Wenhua 2nd Ln., Wenhua Rd.
5	3巷	Wenhua 3rd Ln., Wenhua Rd.
5	4巷	Wenhua 4th Ln., Wenhua Rd.
5	5巷	Wenhua 5th Ln., Wenhua Rd.
4	新巷	Wenxin Ln., Wenhua Rd.
4	明16巷	Wenming 16th Ln., Wenhua Rd.
5	26巷	Wenming 26th Ln., Wenhua Rd.
5	41巷	Wenming 41st Ln., Wenhua Rd.
5	四十巷	Wenming 40th Ln., Wenhua Rd.
5	巷	Wenming Ln., Wenhua Rd.
3	永嘉巷	Yongjia Ln., Wenhua Rd.
3	石橋段	Sec. Shiqiao, Wenhua Rd.
3	福祥巷	Fuxiang Ln., Wenhua Rd.
2	里	Wenhua Vil.
1	北巷	Wenbei Ln.
2	村	Wenbei Vil.
2	街	Wenbei St.
2	里	Wenbei Vil.
1	匯街	Wenhui St.
1	南1街	Wennan 1st St.
2	2街	Wennan 2nd St.
2	3街	Wennan 3rd St.
2	4街	Wennan 4th St.
2	村	Wennan Vil.
2	街	Wennan St.
2	路	Wennan Rd.
2	里	Wennan Vil.
1	厝巷	Wencuo Ln.
1	吉1街	Wenji 1st St.
2	北街	Wenji N. St.
2	南街	Wenji S. St.
2	路	Wenji Rd.
1	和	Wenhe
2	巷	Wenhe Ln.
2	街	Wenhe St.
2	路	Wenhe Rd.
1	善街	Wenshan St.
1	喜街	Wenxi St.
1	園巷	Wenyuan Ln.
1	地巷	Wendi Ln.
1	城1路	Wencheng 1st Rd.
2	3路	Wencheng 3rd Rd.
2	街	Wencheng St.
2	路	Wencheng Rd.
1	壽街	Wenshou St.
1	大路	Wenda Rd.
1	天路	Wentian Rd.
1	奇路	Wenqi Rd.
1	子巷	Wenzi Ln.
1	孝街	Wenxiao St.
2	路	Wenxiao Rd.
1	學1街	Wenxue 1st St.
2	2街	Wenxue 2nd St.
2	3街	Wenxue 3rd St.
2	4街	Wenxue 4th St.
2	5街	Wenxue 5th St.
2	6街	Wenxue 6th St.
2	7街	Wenxue 7th St.
2	8街	Wenxue 8th St.
2	9街	Wenxue 9th St.
2	街	Wenxue St.
2	西街	Wenxue W. St.
2	路	Wenxue Rd.
3	1段	Sec. 1, Wenxue Rd.
3	2段	Sec. 2, Wenxue Rd.
1	守路	Wenshou Rd.
1	安	Wen'an
2	2街	Wen'an 2nd St.
2	北路	Wen'an N. Rd.
4	明仁巷	Mingren Ln., Wen'an N. Rd.
2	南街	Wen'an S. St.
2	村	Wen'an Vil.
2	街	Wen'an St.
2	路	Wen'an Rd.
3	三點山巷	Sandianshan Ln., Wen'an Rd.
3	北1巷	N. 1st Ln., Wen'an Rd.
4	2巷	N. 2nd Ln., Wen'an Rd.
4	3巷	N. 3rd Ln., Wen'an Rd.
4	中巷	Beizhong Ln., Wen'an Rd.
4	東巷	Beidong Ln., Wen'an Rd.
3	寺巷	Si Ln., Wen'an Rd.
3	廟巷	Miao Ln., Wen'an Rd.
3	文和巷	Wenhe Ln., Wen'an Rd.
3	明仁巷	Mingren Ln., Wen'an Rd.
3	東段	Sec. E., Wen'an Rd.
2	里	Wen'an Vil.
1	宏1街	Wenhong 1st St.
2	2街	Wenhong 2nd St.
2	巷	Wenhong Ln.
2	路	Wenhong Rd.
1	富	Wenfu
2	街	Wenfu St.
1	寧街	Wenning St.
1	山	Wenshan
2	11街	Wenshan 11th St.
3	街	Wenshan 1st St.
2	2街	Wenshan 2nd St.
2	3街	Wenshan 3rd St.
2	5街	Wenshan 5th St.
2	6街	Wenshan 6th St.
2	7街	Wenshan 7th St.
2	8街	Wenshan 8th St.
2	9街	Wenshan 9th St.
2	中2巷	Wenshan Central 2nd Ln.
2	北巷	Wenshan N. Ln.
2	十街	Wenshan 10th St.
2	南巷	Wenshan S. Ln.
2	巷	Wenshan Ln.
2	東巷	Wenshan E. Ln.
2	街	Wenshan St.
2	西巷	Wenshan W. Ln.
2	路	Wenshan Rd.
3	1段	Sec. 1, Wenshan Rd.
3	2段	Sec. 2, Wenshan Rd.
3	3段	Sec. 3, Wenshan Rd.
3	亞東段	Sec. Yadong, Wunshan Rd.
3	犁頭山段	Sec. Litoushan, Wenshan Rd.
7	盛都巷	Shengdu Ln., Sec. Litoushan, Wenshan Rd.
2	里	Wenshan Vil.
1	峰巷	Wenfeng Ln.
2	街	Wenfeng St.
1	川路	Wenchuan Rd.
1	工11街	Wengong 11th St.
3	2街	Wengong 12th St.
3	3街	Wengong 13th St.
3	街	Wengong 1st St.
3	路	Wengong 1st Rd.
2	2街	Wengong 2nd St.
2	3街	Wengong 3rd St.
2	5街	Wengong 5th St.
2	6街	Wengong 6th St.
2	7街	Wengong 7th St.
2	8街	Wengong 8th St.
2	9街	Wengong 9th St.
2	十街	Wengong 10th St.
1	平街	Wenping St.
2	路	Wenping Rd.
2	里	Wenping Vil.
1	府路	Wenfu Rd.
1	康2路	Wenkang 2nd Rd.
2	巷	Wenkang Ln.
2	街	Wenkang St.
3	中心巷	Zhongxin Ln., Wenkang St.
2	路	Wenkang Rd.
1	建街	Wenjian St.
1	強街	Wenqiang St.
2	路	Wenqiang Rd.
1	彬街	Wenbin St.
1	役街	Wenyi St.
1	復路	Wenfu Rd.
1	德1街	Wende 1st St.
2	2街	Wende 2nd St.
3	路	Wende 2nd Rd.
2	5街	Wende 5th St.
2	6街	Wende 6th St.
2	7街	Wende 7th St.
2	巷	Wende Ln.
2	村	Wende Vil.
2	街	Wende St.
2	路	Wende Rd.
3	1段	Sec. 1, Wende Rd.
3	2段	Sec. 2, Wende Rd.
3	3段	Sec. 3, Wende Rd.
3	文化巷	Wenhua Ln., Wende Rd.
4	德巷	Wende Ln., Wende Rd.
2	里	Wende Vil.
1	心1路	Wenxin 1st Rd.
2	2街	Wenxin 2nd St.
2	南1路	Wenxin S. 1st Rd.
3	2路	Wenxin S. 2nd Rd.
3	3路	Wenxin S. 3rd Rd.
3	5路1段	Sec. 1, Wenxin S. 5th Rd.
5	2段	Sec. 2, Wenxin S. 5th Rd.
5	3段	Sec. 3, Wenxin S. 5th Rd.
3	6路	Wenxin S. 6th Rd.
3	7路	Wenxin S. 7th Rd.
3	9路	Wenxin S. 9th Rd.
3	十路	Wenxin S. 10th Rd.
3	路	Wenxin S. Rd.
2	巷	Wenxin Ln.
2	街	Wenxin St.
2	路	Wenxin Rd.
3	1段	Sec. 1, Wenxin Rd.
3	2段	Sec. 2, Wenxin Rd.
3	3段	Sec. 3, Wenxin Rd.
3	4段	Sec. 4, Wenxin Rd.
1	忠街	Wenzhong St.
2	路	Wenzhong Rd.
1	恩路	Wen'en Rd.
1	愛街	Wen'ai St.
1	慈路	Wenci Rd.
1	成1路	Wencheng 1st Rd.
2	2路	Wencheng 2nd Rd.
2	3路	Wencheng 3rd Rd.
2	5路	Wencheng 5th Rd.
2	北街	Wencheng N. St.
2	南街	Wencheng S. St.
2	街	Wencheng St.
2	路	Wencheng Rd.
1	才街	Wencai St.
1	承路	Wencheng Rd.
1	揚街	Wenyang St.
1	政街	Wenzheng St.
1	教1街	Wenjiao 1st St.
2	2街	Wenjiao 2nd St.
2	巷	Wenjiau Ln.
2	東路	Wenjiao E. Rd.
2	街	Wenjiao St.
2	路	Wenjiao Rd.
1	敬路	Wenjing Rd.
1	新1街	Wenxin 1st St.
2	2街	Wenxin 2nd St.
2	3街	Wenxin 3rd St.
2	5街	Wenxin 5th St.
2	街	Wenxin St.
3	國中巷	Guozhong Ln., Wenxin St.
2	路	Wenxin Rd.
1	昇街	Wensheng St.
1	昌1街	Wenchang 1st St.
2	2街	Wenchang 2nd St.
2	3街	Wenchang 3rd St.
2	5街	Wenchang 5th St.
2	6街	Wenchang 6th St.
2	7街	Wenchang 7th St.
2	前街	Wenchangqian St.
4	雪山莊	Xue Villa, Wenchangqian St.
2	巷	Wenchang Ln.
2	東11街	Wenchang E. 11th St.
4	2街	Wenchang E. 12th St.
4	街	Wenchang E. 1st St.
3	2街	Wenchang E. 2nd St.
3	3街	Wenchang E. 3rd St.
3	4街	Wenchang E. 4th St.
3	5街	Wenchang E. 5th St.
3	6街	Wenchang E. 6th St.
3	7街	Wenchang E. 7th St.
3	8街	Wenchang E. 8th St.
3	9街	Wenchang E. 9th St.
3	十街	Wenchang E. 10th St.
3	街	Wenchang E. St.
3	路	Wenchang E. Rd.
2	街	Wenchang St.
3	廣福巷	Guangfu Ln., Wenchang St.
3	綜合市場中正臺	Zhongzhengtai, Comprehensive Market, Wenchang St.
2	西街	Wenchang W. St.
3	路	Wenchang W. Rd.
2	路	Wenchang Rd.
3	1段	Sec. 1, Wenchang Rd.
3	2段	Sec. 2, Wenchang Rd.
3	3段	Sec. 3, Wenchang Rd.
2	里	Wenchang Vil.
1	明1街	Wenming 1st St.
2	2街	Wenming 2nd St.
2	3街	Wenming 3rd St.
2	南路	Wenming S. Rd.
2	巷	Wenming Ln.
2	東路	Wenming E. Rd.
2	街	Wenming St.
2	西路	Wenming W. Rd.
2	路	Wenming Rd.
2	里	Wenming Vil.
1	星路	Wenxing Rd.
1	智街	Wenzhi St.
2	路	Wenzhi Rd.
1	曲路	Wenqu Rd.
2	里	Wenqu Vil.
1	朱里	Wenzhu Vil.
1	村	Wen Vil.
2	街	Wencun St.
1	東1街	Wendong 1st St.
2	3街	Wendong 3rd St.
2	5街	Wendong 5th St.
2	街	Wendong St.
2	路	Wendong Rd.
3	1段	Sec. 1, Wendong Rd.
3	2段	Sec. 2, Wendong Rd.
2	里	Wendong Vil.
1	林1街	Wenlin 1st St.
2	2街	Wenlin 2nd St.
2	3街	Wenlin 3rd St.
2	4街	Wenlin 4th St.
2	5街	Wenlin 5th St.
2	6街	Wenlin 6th St.
2	北路	Wenlin N. Rd.
2	巷	Wenlin Ln.
2	村	Wenlin Vil.
2	街	Wenlin St.
2	路	Wenlin Rd.
2	里	Wenlin Vil.
1	桃路	Wentao Rd.
1	榮街	Wenrong St.
1	樂村	Wenle Vil.
2	街	Wenle St.
1	橫1路	Wenheng 1st Rd.
2	2路	Wenheng 2nd Rd.
2	3路	Wenheng 3rd Rd.
1	正	Wenzheng
2	巷	Wenzheng Ln.
2	路	Wenzheng Rd.
2	里	Wenzheng Vil.
1	武1街	Wenwu 1st St.
2	2街	Wenwu 2nd St.
2	3街	Wenwu 3rd St.
2	巷	Wenwu Ln.
2	村	Wenwu Vil.
2	街	Wenwu St.
2	路	Wenwu Rd.
2	里	Wenwu Vil.
1	殿街	Wendian St.
1	水路	Wenshui Rd.
1	治街	Wenzhi St.
2	路	Wenzhi Rd.
1	泉莊	Wenquan Vil.
1	泰路	Wentai Rd.
1	津村	Wenjin Vil.
1	海街	Wenhai St.
2	路	Wenhai Rd.
1	淵路	Wenyuan Rd.
1	清街	Wenqing St.
1	湖街	Wenhu St.
1	源路	Wenyuan Rd.
1	澄街	Wencheng St.
1	濱路	Wenbin Rd.
1	獻路	Wenxian Rd.
1	理街	Wenli St.
1	瑞路	Wenrui Rd.
1	生路	Wensheng Rd.
1	田街	Wentian St.
2	路	Wentian Rd.
1	發路	Wenfa Rd.
3	達園	Dayuan, Wenfa Rd.
1	盛街	Wensheng St.
2	路	Wensheng Rd.
2	里	Wensheng Vil.
1	直路	Wenzhi Rd.
1	石路	Wenshi Rd.
1	祥街	Wenxiang St.
2	里	Wenxiang Vil.
1	祿街	Wenlu St.
1	福	Wenfu
2	街	Wenfu St.
2	路	Wenfu Rd.
2	里	Wenfu Vil.
1	禾路	Wenhe Rd.
1	秀坑街	Wenxiukeng St.
2	路	Wenxiu Rd.
1	科街	Wenke St.
2	路	Wenke Rd.
1	程路	Wencheng Rd.
1	筆路	Wenbi Rd.
1	美里	Wenmei Vil.
1	義街	Wenyi St.
1	翠里	Wencui Vil.
1	聖巷	Wensheng Ln.
2	街	Wensheng St.
2	路	Wensheng Rd.
2	里	Wensheng Vil.
1	育街	Wenyu St.
2	路	Wenyu Rd.
1	自路	Wenzi Rd.
1	興1巷	Wenxing 1st Ln.
2	2巷	Wenxing 2nd Ln.
2	3巷	Wenxing 3rd Ln.
2	4巷	Wenxing 4th Ln.
2	5巷	Wenxing 5th Ln.
2	巷	Wenxing Ln.
2	街	Wenxing St.
2	路	Wenxing Rd.
3	1段	Sec. 1, Wenxing Rd.
3	2段	Sec. 2, Wenxing Rd.
2	里	Wenxing Vil.
1	芳街	Wenfang St.
1	苑	Wenyuan
2	東路	Wenyuan E. Rd.
2	街	Wenyuan St.
2	路	Wenyuan Rd.
3	1段	Sec. 1, Wenyuan Rd.
3	2段	Sec. 2, Wenyuan Rd.
1	英山莊	Wenying Villa
2	街	Wenying St.
2	路	Wenying Rd.
2	里	Wenying Vil.
1	茂路	Wenmao Rd.
1	莊路	Wenzhuang Rd.
2	里	Wenzhuang Vil.
1	華1街	Wenhua 1st St.
2	2街	Wenhua 2nd St.
2	巷	Wenhua Ln.
2	街	Wenhua St.
2	路	Wenhua Rd.
3	1段	Sec. 1, Wenhua Rd.
3	2段	Sec. 2, Wenhua Rd.
3	3段	Sec. 3, Wenhua Rd.
3	正煌巷	Zhenghuang Ln., Wenhua Rd.
3	永新巷	Yongxin Ln., Wenhua Rd.
6	北1弄	N. 1st Aly., Yongxin Ln., Wenhua Rd.
7	2弄	N. 2nd Aly., Yongxin Ln., Wenhua Rd.
7	3弄	N. 3rd Aly., Yongxin Ln., Wenhua Rd.
6	南2弄	S. 2nd Aly., Yongxin Ln., Wenhua Rd.
2	里	Wenhua Vil.
1	萊路	Wenlai Rd.
1	葉巷	Wenye Ln.
1	藝街	Wenyi St.
2	路	Wenyi Rd.
1	蘭	Wenlan
2	村	Wenlan Vil.
1	衡路	Wenheng Rd.
2	里	Wenheng Vil.
1	西街	Wenxi St.
2	里	Wenxi Vil.
1	記街	Wenji St.
1	豐街	Wenfeng St.
1	賓里	Wenbin Vil.
1	賢1街	Wenxian 1st St.
3	路	Wenxian 1st Rd.
2	2街	Wenxian 2nd St.
2	3街	Wenxian 3rd St.
2	北路	Wenxian N. Rd.
2	南路	Wenxian S. Rd.
2	村	Wenxian Vil.
2	街	Wenxian St.
2	路	Wenxian Rd.
3	1段	Sec. 1, Wenxian Rd.
3	2段	Sec. 2, Wenxian Rd.
2	里	Wenxian Vil.
1	進巷	Wenjin Ln.
2	街	Wenjin St.
2	里	Wenjin Vil.
1	達1街	Wenda 1st St.
2	巷	Wenda Ln.
2	路	Wenda Rd.
1	鄉南街	Wenxiang S. St.
2	路	Wenxiang Rd.
1	采街	Wencai St.
1	開路	Wenkai Rd.
1	陵巷	Wenling Ln.
1	陽里	Wenyang Vil.
1	隆村	Wenlong Vil.
2	街	Wenlong St.
1	雅巷	Wenya Ln.
2	村	Wenya Vil.
2	東街	Wenya E. St.
2	街	Wenya St.
2	路	Wenya Rd.
2	里	Wenya Vil.
1	青1路	Wenqing 1st Rd.
2	2路	Wenqing 2nd Rd.
2	路	Wenqing Rd.
1	頂路	Wending Rd.
1	館路	Wenguan Rd.
1	鳳路	Wenfeng Rd.
1	麗街	Wenli St.
1	龍東路	Wenlong E. Rd.
2	路	Wenlong Rd.
0	斐亭里	Feiting Vil.
0	斗11路	Douliu 1st Rd.
2	2路	Douliu 2nd Rd.
2	3路	Douliu 3rd Rd.
2	5路	Douliu 5th Rd.
2	6路	Douliu 6th Rd.
1	中路	Douzhong Rd.
3	1段	Sec. 1, Douzhong Rd.
3	2段	Sec. 2, Douzhong Rd.
3	七巧新村	Qiqiao New Vil., Douzhong Rd.
3	東青新村	Dongqing New Vil., Douzhong Rd.
1	功路	Dougong Rd.
1	南巷	Dounan Ln.
1	崙里	Doulun Vil.
1	工12路	Dougong 12th Rd.
3	6路	Dougong 16th Rd.
3	路	Dougong 1st Rd.
2	2路	Dougong 2nd Rd.
2	3路	Dougong 3rd Rd.
2	5路	Dougong 5th Rd.
2	6路	Dougong 6th Rd.
2	7路	Dougong 7th Rd.
2	8路	Dougong 8th Rd.
2	9路	Dougong 9th Rd.
2	十路	Dougong 10th Rd.
1	抵里	Doudi Vil.
1	潭路	Doutan Rd.
3	文光巷	Wenguang Ln., Doutan Rd.
1	煥	Douhuan
2	里	Douhuan Vil.
1	苑東路	Douyuan E. Rd.
2	西路	Douyuan W. Rd.
4	市場巷	Shichang Ln., Douyuan W. Rd.
2	路	Douyuan Rd.
3	1段	Sec. 1, Douyuan Rd.
3	2段	Sec. 2, Douyuan Rd.
3	3段	Sec. 3, Douyuan Rd.
3	4段	Sec. 4, Douyuan Rd.
3	5段	Sec. 5, Douyuan Rd.
3	三合段	Sec. Sanhe, Douyuan Rd.
3	芳苑段	Sec. Fangyuan, Douyuan Rd.
3	頂後段	Sec. Dinghou, Douyuan Rd.
4	部段	Sec. Dingbu, Douyuan Rd.
1	門	Doumen
0	料羅	Liaoluo
2	新村	Liaoluo New Vil.
2	村	Liauluo Vil.
2	港	Liaoluo Port
2	里	Liauluo Vil.
1	角坑	Liaojiaokeng
1	館里	Liauguan Vil.
0	斧頭坑	Futoukeng
0	斯文	Siwen
2	里	Siwen Vil.
1	馨路	Sixin Rd.
0	新1街	Xin 1st St.
2	路	Xin 1st Rd.
1	2街	Xin 2nd St.
1	3街	Xin 3rd St.
1	4街	Xin 4th St.
1	5街	Xin 5th St.
2	路	Xin 5th Rd.
3	1段	Sec. 1, Xin 5th Rd.
3	2段	Sec. 2, Xin 5th Rd.
3	3段	Sec. 3, Xin 5th Rd.
1	6街	Xin 6th St.
1	7街	Xin 7th St.
1	8街	Xin 8th St.
1	上街	Xinshang St.
2	路	Xinshang Rd.
2	里	Xinshang Vil.
1	下街	Xinxia St.
2	里	Xinxia Vil.
1	中	Xinzhong
2	1街	Xinzhong 1st St.
2	2街	Xinzhong 2nd St.
2	3街	Xinzhong 3rd St.
2	5街	Xinzhong 5th St.
2	6街	Xinzhong 6th St.
2	北路	Xinzhong N. Rd.
4	2段	Sec. 2, Xinzhong N. Rd.
2	街	Xinzhong St.
2	路	Xinzhong Rd.
2	里	Xinzhong Vil.
1	丹巷	Xindan Ln.
1	二村	Xin'er Vil.
2	港	Xin'ergang
1	仁1街	Xinren 1st St.
2	2街	Xinren 2nd St.
2	3街	Xinren 3rd St.
2	4街	Xinren 4th St.
2	5街	Xinren 5th St.
2	6街	Xinren 6th St.
2	7街	Xinren 7th St.
2	村	Xinren Vil.
2	路	Xinren Rd.
3	1段	Sec. 1, Xinren Rd.
3	2段	Sec. 2, Xinren Rd.
5	公路巷	Gonglu Ln., Sec. 2, Xinren Rd.
5	新興巷	Xinxing Ln., Sec. 2, Xinren Rd.
5	福溝巷	Fugou Ln., Sec. 2, Xinren Rd.
3	3段	Sec. 3, Xinren Rd.
2	里	Xinren Vil.
1	佳里	Xinjia Vil.
1	信路	Xinxin Rd.
1	倉街	Xincang St.
1	倫路	Xinlun Rd.
1	元街	Xinyuan St.
1	光	Xinguang
2	1街	Xinguang 1st St.
2	2街	Xinguang 2nd St.
2	3街	Xinguang 3rd St.
2	5街	Xinguang 5th St.
2	巷	Xinguang Ln.
2	村	Xinguang Vil.
2	東路	Xinguang E. Rd.
2	街	Xinguang St.
2	路	Xinguang Rd.
3	1段	Sec. 1, Xinguang Rd.
3	2段	Sec. 2, Xinguang Rd.
3	3段	Sec. 3, Xinguang Rd.
5	安居巷	Anju Ln., Sec. 3, Xinguang Rd.
3	4段	Sec. 4, Xinguang Rd.
3	5段	Sec. 5, Xinguang Rd.
3	新生五十巷	Xinsheng 50th Ln., Xinguang Rd.
5	巷	Xinsheng Ln., Xinguang Rd.
2	里	Xinguang Vil.
1	全街	Xinquan St.
1	公館	Xingongguan
1	冠巷	Xinguan Ln.
1	前墩	Xinqiandun
1	力里	Xinli Vil.
1	勝	Xinsheng
2	街	Xinsheng St.
2	路	Xinsheng Rd.
2	里	Xinsheng Vil.
1	勢路	Xinshi Rd.
2	里	Xinshi Vil.
1	化	Xinhua
2	巷	Xinhua Ln.
2	村	Xinhua Vil.
2	街	Xinhua St.
2	路	Xinhua Rd.
2	里	Xinhua Vil.
1	北1街	Xinbei 1st St.
2	2街	Xinbei 2nd St.
2	3街	Xinbei 3rd St.
2	4街	Xinbei 4th St.
2	5街	Xinbei 5th St.
2	6街	Xinbei 6th St.
2	7街	Xinbei 7th St.
2	8街	Xinbei 8th St.
2	9街	Xinbei 9th St.
2	園路	Xinbeiyuan Rd.
2	大道1段	Sec. 1, New Taipei Blvd.
4	2段	Sec. 2, New Taipei Blvd.
4	3段	Sec. 3, New Taipei Blvd.
4	4段	Sec. 4, New Taipei Blvd.
4	5段	Sec. 5, New Taipei Blvd.
4	6段	Sec. 6, New Taipei Blvd.
4	7段	Sec. 7, New Taipei Blvd.
2	街	Xinbei St.
2	路	Xinbei Rd.
2	里	Xinbei Vil.
1	南1街	Xinnan 1st St.
3	路	Xinnan 1st Rd.
2	2街	Xinnan 2nd St.
3	路	Xinnan 2nd Rd.
2	3街	Xinnan 3rd St.
3	路	Xinnan 3rd Rd.
2	巷	Xinnan Ln.
2	村	Xinnan Vil.
3	興農路	Xingnong Rd., Xinnan Vil.
2	街	Xinnan St.
2	路	Xinnan Rd.
3	1段	Sec. 1, Xinnan Rd.
3	2段	Sec. 2, Xinnan Rd.
3	3段	Sec. 3, Xinnan Rd.
3	4段	Sec. 4, Xinnan Rd.
2	里	Xinnan Vil.
1	厝	Xincuo
2	仔	Xincuozai
2	子	Xincuozi
2	巷	Xincuo Ln.
2	村	Xincuo Vil.
2	街	Xincuo St.
2	路	Xincuo Rd.
2	里	Xincuo Vil.
1	原路	Xinyuan Rd.
1	合巷	Xinhe Ln.
1	吉	Xinji
2	1路	Xinji 1st Rd.
2	2路	Xinji 2nd Rd.
2	3路	Xinji 3rd Rd.
2	5路	Xinji 5th Rd.
2	6路	Xinji 6th Rd.
2	北街	Xinji N. St.
2	巷	Xinji Ln.
2	庄	Xinjizhuang
2	村	Xinji Vil.
2	街	Xinji St.
2	路	Xinji Rd.
2	里	Xinji Vil.
1	和1路	Xinhe 1st Rd.
2	2路	Xinhe 2nd Rd.
2	巷	Xinhe Ln.
2	庄	Xinhezhuang
2	村	Xinhe Vil.
2	東路	Xinhe E. Rd.
2	橫路	Xinheheng Rd.
2	街	Xinhe St.
2	路	Xinhe Rd.
2	里	Xinhe Vil.
1	唐路	Xintang Rd.
1	喜里	Xinxi Vil.
1	嘉	Xinjia
2	村	Xinjia Vil.
2	街	Xinjia St.
1	國街	Xinguo St.
2	里	Xinguo Vil.
1	圍	Xinwei
2	巷	Xinwei Ln.
2	村	Xinwei Vil.
1	園1路	Xinyuan 1st Rd.
2	村	Xinyuan Vil.
2	街	Xinyuan St.
2	路	Xinyuan Rd.
2	里	Xinyuan Vil.
1	圳巷	Xinzun Ln.
2	路	Xinzun Rd.
1	坡	Xinpo
2	1街	Xinpo 1st St.
2	下	Xinpoxia
2	張厝	Xinpozhangcuo
2	村	Xinpo Vil.
1	坤村	Xinkun Vil.
2	路	Xinkun Rd.
1	坪村	Xinping Vil.
2	里	Xinping Vil.
1	城	Xincheng
2	1路	Xincheng 1st Rd.
2	2路	Xincheng 2nd Rd.
2	3路	Xincheng 3rd Rd.
2	5路	Xincheng 5th Rd.
2	6路	Xincheng 6th Rd.
2	8路	Xincheng 8th Rd.
2	北路	Xincheng N. Rd.
2	南路	Xincheng S. Rd.
2	巷	Xincheng Ln.
2	村	Xincheng Vil.
2	街	Xincheng St.
2	路	Xincheng Rd.
2	里	Xincheng Vil.
1	埔	Xinpu
2	1街	Xinpu 1st St.
2	2街	Xinpu 2nd St.
2	3街	Xinpu 3rd St.
2	5街	Xinpu 5th St.
2	6街	Xinpu 6th St.
2	7街	Xinpu 7th St.
2	8街	Xinpu 8th St.
2	十街	Xinpu 10th St.
2	子	Xinpuzi
2	村	Xinpu Vil.
2	路	Xinpu Rd.
2	里	Xinpu Vil.
3	中山路	Zhongshan Rd., Xinpu Vil.
1	埤	Xinpi
2	村	Xinpi Vil.
2	里	Xinpi Vil.
1	基北街	Xinji N. St.
2	南街	Xinji S. St.
2	村	Xinji Vil.
2	東街	Xinji E. St.
2	街	Xinji St.
2	西街	Xinji W. St.
1	塘	Xintang
1	塭	Xinwen
1	墾丁路	Xinkending Rd.
1	壽里	Xinshou Vil.
1	大巷	Xinda Ln.
2	路	Xinda Rd.
1	太路	Xintai Rd.
1	央街	Xinyang St.
1	威	Xinwei
2	村	Xinwei Vil.
1	孝街	Xinxiao St.
2	路	Xinxiao Rd.
1	學1街	Xinxue 1st St.
2	2街	Xinxue 2nd St.
2	6路	Xinxue 6th Rd.
2	路	Xinxue Rd.
1	宅	Xinzhai
2	1街	Xinzhai 1st St.
2	2街	Xinzhai 2nd St.
2	3街	Xinzhai 3rd St.
2	5街	Xinzhai 5th St.
2	6街	Xinzhai 6th St.
2	路	Xinzhai Rd.
1	安1街	Xin'an 1st St.
2	2街	Xin'an 2nd St.
2	3街	Xin'an 3rd St.
2	4街	Xin'an 4th St.
2	5街	Xin'an 5th St.
2	6街	Xin'an 6th St.
2	7街	Xin'an 7th St.
2	8街	Xin'an 8th St.
2	街	Xin'an St.
2	路	Xin'an Rd.
2	里	Xin'an Vil.
1	宮巷	Xingong Ln.
2	街	Xingong St.
2	里	Xingong Vil.
1	富	Xinfu
2	11街	Xinfu 11th St.
3	2街	Xinfu 12th St.
3	3街	Xinfu 13th St.
3	街	Xinfu 1st St.
3	路	Xinfu 1st Rd.
2	2街	Xinfu 2nd St.
2	3街	Xinfu 3rd St.
3	路	Xinfu 3rd Rd.
2	4街	Xinfu 4th St.
2	5街	Xinfu 5th St.
2	6街	Xinfu 6th St.
2	7街	Xinfu 7th St.
2	8街	Xinfu 8th St.
2	9街	Xinfu 9th St.
2	十街	Xinfu 10th St.
2	巷	Xinfu Ln.
2	村	Xinfu Vil.
2	街	Xinfu St.
2	路	Xinfu Rd.
3	1段	Sec. 1, Xinfu Rd.
2	里	Xinfu Vil.
1	寧街	Xinning St.
1	寮	Xinliao
2	1路	Xinliao 1st Rd.
2	2路	Xinliao 2nd Rd.
2	坑	Xinliaokeng
2	子	Xinliaozi
2	村	Xinliau Vil.
2	街	Xinliao St.
2	路	Xinliao Rd.
2	里	Xinliau Vil.
1	寶	Xinbao
2	村	Xinbau Vil.
3	海埔	Haipu, Xinbao Vil.
2	街	Xinbao St.
2	路	Xinbao Rd.
1	居巷	Xinju Ln.
2	街	Xinju St.
1	屋	Xinwu
2	家	Xinwujia
2	村	Xinwu Vil.
1	展街	Xinzhan St.
2	路	Xinzhan Rd.
1	山村	Xinshan Vil.
2	路	Xinshan Rd.
2	里	Xinshan Vil.
1	岑里	Xincen Vil.
1	岸內	Xin'annei
1	峰	Xinfeng
2	路	Xinfeng Rd.
2	里	Xinfeng Vil.
1	崑路	Xinkun Rd.
1	崙中路	Xinlun Central Rd.
2	南路	Xinlun S. Rd.
2	西路	Xinlun W. Rd.
2	路	Xinlun Rd.
2	里	Xinlun Vil.
1	嶺1街	Xinling 1st St.
2	3街	Xinling 3rd St.
2	村	Xinling Vil.
1	川里	Xinchuan Vil.
1	工1路	Xingong 1st Rd.
2	2路	Xingong 2nd Rd.
2	3路	Xingong 3rd Rd.
2	4路	Xingong 4th Rd.
2	5路	Xingong 5th Rd.
2	6路	Xingong 6th Rd.
2	路	Xingong Rd.
2	里	Xingong Vil.
1	市1巷	Xinshi 1st Ln.
3	路1段	Sec. 1, Xinshi 1st Rd.
4	2段	Sec. 2, Xinshi 1st Rd.
4	3段	Sec. 3, Xinshi 1st Rd.
2	2巷	Xinshi 2nd Ln.
3	路1段	Sec. 1, Xinshi 2nd Rd.
4	2段	Sec. 2, Xinshi 2nd Rd.
4	3段	Sec. 3, Xinshi 2nd Rd.
4	4段	Sec. 4, Xinshi 2nd Rd.
2	3路1段	Sec. 1, Xinshi 3rd Rd.
4	2段	Sec. 2, Xinshi 3rd Rd.
2	5路1段	Sec. 1, Xinshi 5th Rd.
4	2段	Sec. 2, Xinshi 5th Rd.
4	3段	Sec. 3, Xinshi 5th Rd.
2	6路1段	Sec. 1, Xinshi 6th Rd.
4	2段	Sec. 2, Xinshi 6th Rd.
2	場巷	Xinshichang Ln.
2	子	Xinshizi
2	巷	Xinshi Ln.
2	村	Xinshi Vil.
2	街	Xinshi St.
2	路	Xinshi Rd.
2	里	Xinshi Vil.
1	平巷	Xinping Ln.
2	街	Xinping St.
2	路	Xinping Rd.
3	1段	Sec. 1, Xinping Rd.
5	朱厝巷	Zhucuo Ln., Sec. 1, Xinping Rd.
3	2段	Sec. 2, Xinping Rd.
3	3段	Sec. 3, Xinping Rd.
2	里	Xinping Vil.
1	庄	Xinzhuang
2	1街	Xinzhuang 1st St.
3	路	Xinzhuang 1st Rd.
2	2路	Xinzhuang 2nd Rd.
2	3街	Xinzhuang 3rd St.
3	路	Xinzhuang 3rd Rd.
2	仔	Xinzhuangzai
3	路	Xinzhuangzai Rd.
2	子	Xinzhuangzi
2	巷	Xinzhuang Ln.
2	村	Xinzhuang Vil.
2	街	Xinzhuang St.
3	1段	Sec. 1, Xinzhuang St.
3	2段	Sec. 2, Xinzhuang St.
2	路	Xinzhuang Rd.
3	大管巷	Daguan Ln., Xinzhuang Rd.
2	里	Xinzhuang Vil.
1	店	Xindian
2	北路	Xindian N. Rd.
2	巷	Xindian Ln.
2	後街	Xindianhou St.
2	村	Xindian Vil.
2	莊	Xindian Vil.
2	路	Xindian Rd.
2	里	Xindian Vil.
1	府路	Xinfu Rd.
1	康街	Xinkang St.
2	里	Xinkang Vil.
1	廈里	Xinxia Vil.
1	廓巷	Xinkuo Ln.
1	廣村	Xinguang Vil.
2	路	Xinguang Rd.
1	建南路	Xinjian S. Rd.
2	巷	Xinjian Ln.
2	市場	Xinjian Market
2	街	Xinjian St.
2	路	Xinjian Rd.
2	里	Xinjian Vil.
1	強街	Xinqiang St.
2	路	Xinqiang Rd.
2	里	Xinqiang Vil.
1	復	Xinfu
2	巷	Xinfu Ln.
2	村	Xinfu Vil.
2	路	Xinfu Rd.
3	1段	Sec. 1, Xinfu Rd.
3	2段	Sec. 2, Xinfu Rd.
3	3段	Sec. 3, Xinfu Rd.
2	里	Xinfu Vil.
1	德街	Xinde St.
2	路	Xinde Rd.
2	里	Xinde Vil.
1	忠路	Xinzhong Rd.
2	里	Xinzhong Vil.
1	愛路	Xin'ai Rd.
1	慶街	Xinqing St.
2	路	Xinqing Rd.
1	成巷	Xincheng Ln.
2	街	Xincheng St.
2	路	Xincheng Rd.
2	里	Xincheng Vil.
1	振巷	Xinzhen Ln.
1	改路	Xingai Rd.
1	政路	Xinzheng Rd.
2	里	Xinzheng Vil.
1	文路	Xinwen Rd.
1	旺1街	Xinwang 1st St.
2	2街	Xinwang 2nd St.
2	巷	Xinwang Ln.
1	昇村	Xinsheng Vil.
1	昌1街	Xinchang 1st St.
2	街	Xinchang St.
2	路	Xinchang Rd.
2	里	Xinchang Vil.
1	明村	Xinming Vil.
2	街	Xinming St.
2	路	Xinming Rd.
2	里	Xinming Vil.
1	春巷	Xinchun Ln.
2	街	Xinchun St.
1	月1街	Xinyue 1st St.
2	2街	Xinyue 2nd St.
2	3街	Xinyue 3rd St.
1	望洋	Xinwangyang
1	朝嶺	Xinchaoling
1	村	New Vil.
2	路	Xincun Rd.
3	1段	Sec. 1, Xincun Rd.
3	2段	Sec. 2, Xincun Rd.
1	東1街	Xindong 1st St.
2	2街	Xindong 2nd St.
2	3街	Xindong 3rd St.
2	5街	Xindong 5th St.
2	6街	Xindong 6th St.
2	村	Xindong Vil.
2	街	Xindong St.
3	大昌	Dachang, Xindong St.
2	路	Xindong Rd.
3	1段	Sec. 1, Xindong Rd.
3	2段	Sec. 2, Xindong Rd.
2	里	Xindong Vil.
1	林1路	Xinlin 1st Rd.
2	路	Xinlin Rd.
1	柑坪	Xinganping
1	柳里	Xinliu Vil.
1	梅1街	Xinmei 1st St.
2	2街	Xinmei 2nd St.
2	3街	Xinmei 3rd St.
2	5街	Xinmei 5th St.
2	6街	Xinmei 6th St.
2	7街	Xinmei 7th St.
2	8街	Xinmei 8th St.
2	9街	Xinmei 9th St.
2	十街	Xinmei 10th St.
1	業街	Xinye St.
1	榮	Xinrong
2	1街	Xinrong 1st St.
2	2街	Xinrong 2nd St.
2	3街	Xinrong 3rd St.
2	4街	Xinrong 4th St.
2	5街	Xinrong 5th St.
2	6街	Xinrong 6th St.
2	7街	Xinrong 7th St.
2	8街	Xinrong 8th St.
2	巷	Xinrong Ln.
2	街	Xinrong St.
2	路	Xinrong Rd.
2	里	Xinrong Vil.
3	北勢	Beishi, Xinrong Vil.
1	樂	Xinle
2	村	Xinle Vil.
2	街	Xinle St.
2	路	Xinle Rd.
2	里	Xinle Vil.
1	樓街	Xinlou St.
1	樹路	Xinshu Rd.
2	里	Xinshu Vil.
1	正1街	Xinzheng 1st St.
2	2街	Xinzheng 2nd St.
2	3街	Xinzheng 3rd St.
2	5街	Xinzheng 5th St.
2	6街	Xinzheng 6th St.
2	8街	Xinzheng 8th St.
2	路	Xinzheng Rd.
1	武呂	Xinwulu
2	路	Xinwu Rd.
2	里	Xinwu Vil.
1	殿巷	Xindian Ln.
1	民	Xinmin
2	巷	Xinmin Ln.
2	村	Xinmin Vil.
2	街	Xinmin St.
3	1段	Sec. 1, Xinmin St.
2	路	Xinmin Rd.
3	大東巷	Dadong Ln., Xinmin Rd.
3	康樂巷	Kangle Ln., Xinmin Rd.
3	香丘巷	Xiangqiu Ln., Xinmin Rd.
2	里	Xinmin Vil.
3	中心路	Zhongxin Rd., Xinmin Vil.
4	正路	Zhongzheng Rd., Xinmin Vil.
1	水村	Xinshui Vil.
1	江北路	Xinjiang N. Rd.
2	路	Xinjiang Rd.
2	里	Xinjiang Vil.
1	河路	Xinhe Rd.
1	泰街	Xintai St.
2	路	Xintai Rd.
2	里	Xintai Vil.
1	洋路	Xinyang Rd.
1	洲1街	Xinzhou 1st St.
2	2街	Xinzhou 2nd St.
2	3街	Xinzhou 3rd St.
2	5街	Xinzhou 5th St.
2	6街	Xinzhou 6th St.
2	東路	Xinzhou E. Rd.
2	路	Xinzhou Rd.
1	海路	Xinhai Rd.
2	里	Xinhai Vil.
1	港	Xingang
2	1街	Xingang 1st St.
3	路	Xingang 1st Rd.
2	2街	Xingang 2nd St.
3	路	Xingang 2nd Rd.
2	3街1段	Sec. 1, Xingang 3rd St.
4	2段	Sec. 2, Xingang 3rd St.
3	路	Xingang 3rd Rd.
2	5街1段	Sec. 1, Xingang 5th St.
4	2段	Sec. 2, Xingang 5th St.
3	路	Xingang 5th Rd.
2	6路	Xingang 6th Rd.
2	7路	Xingang 7th Rd.
2	8路	Xingang 8th Rd.
2	北路	Xingang N. Rd.
2	南路	Xingang S. Rd.
2	村	Xingang Vil.
3	復興路	Fuxing Rd., Xingang Vil.
2	東	Xingangdong
2	社大道	Xingangshe Blvd.
2	街	Xingang St.
2	路	Xingang Rd.
3	2段	Sec. 2, Xingang Rd.
2	里	Xingang Vil.
1	湖	Xinhu
2	1路	Xinhu 1st Rd.
2	2路	Xinhu 2nd Rd.
2	3路	Xinhu 3rd Rd.
2	巷	Xinhu Ln.
2	村	Xinhu Vil.
2	漁港	Xinhu Fish Port
2	街	Xinhu St.
2	路	Xinhu Rd.
3	1段	Sec. 1, Xinhu Rd.
3	2段	Sec. 2, Xinhu Rd.
3	3段	Sec. 3, Xinhu Rd.
3	4段	Sec. 4, Xinhu Rd.
3	5段	Sec. 5, Xinhu Rd.
2	里	Xinhu Vil.
1	源街	Xinyuan St.
2	路	Xinyuan Rd.
1	溪尾	Xinxiwei
2	街	Xinxi St.
2	路	Xinxi Rd.
3	溫泉巷	Wenquan Ln., Xinxi Rd.
1	潭1巷	Xintan 1st Ln.
2	2巷	Xintan 2nd Ln.
2	3巷	Xintan 3rd Ln.
2	巷	Xintan Ln.
2	村	Xintan Vil.
2	路1段	Sec. 1, Xintan Rd.
3	2段	Sec. 2, Xintan Rd.
3	3段	Sec. 3, Xintan Rd.
1	濱路	Xinbin Rd.
2	里	Xinbin Vil.
1	瀧1街	Xinlong 1st St.
2	2街	Xinlong 2nd St.
2	3街	Xinlong 3rd St.
2	5街	Xinlong 5th St.
1	烏路1段	Sec. 1, Xinwu Rd.
3	2段	Sec. 2, Xinwu Rd.
3	3段	Sec. 3, Xinwu Rd.
5	寶島巷	Baodao Ln., Sec. 3, Xinwu Rd.
3	4段	Sec. 4, Xinwu Rd.
3	5段	Sec. 5, Xinwu Rd.
1	營路	Xinying Rd.
2	里	Xinying Vil.
1	珊1路	Xinshan 1st Rd.
2	2路	Xinshan 2nd Rd.
2	路	Xinshan Rd.
1	班鳩	Xinbanjiu
1	瑞街	Xinrui St.
1	環街	Xinhuan St.
1	生	Xinsheng
2	1巷	Xinsheng 1st Ln.
3	街	Xinsheng 1st St.
3	路	Xinsheng 1st Rd.
2	2巷	Xinsheng 2nd Ln.
3	街	Xinsheng 2nd St.
3	路	Xinsheng 2nd Rd.
2	3街	Xinsheng 3rd St.
3	路	Xinsheng 3rd Rd.
2	5街	Xinsheng 5th St.
3	路	Xinsheng 5th Rd.
2	乙村	Xinshengyi Vil.
2	北巷	Xinsheng N. Ln.
3	路	Xinsheng N. Rd.
4	1段	Sec. 1, Xinsheng N. Rd.
4	2段	Sec. 2, Xinsheng N. Rd.
4	3段	Sec. 3, Xinsheng N. Rd.
2	南巷	Xinsheng S. Ln.
3	路	Xinsheng S. Rd.
4	1段	Sec. 1, Xinsheng S. Rd.
4	2段	Sec. 2, Xinsheng S. Rd.
4	3段	Sec. 3, Xinsheng S. Rd.
2	山莊	Xinsheng Villa
2	巷	Xinsheng Ln.
3	東1弄	E. 1st Aly., Xinsheng Ln.
3	西1弄	W. 1st Aly., Xinsheng Ln.
4	2弄	W. 2nd Aly., Xinsheng Ln.
2	村	Xinsheng Vil.
3	復興巷	Fuxing Ln., Xinsheng Vil.
2	東街	Xinsheng E. St.
3	路	Xinsheng E. Rd.
2	甲村	Xinshengjia Vil.
2	街	Xinsheng St.
3	1段	Sec. 1, Xinsheng St.
3	德和巷	Dehe Ln., Xinsheng St.
2	西巷	Xinsheng W. Ln.
3	路	Xinsheng W. Rd.
2	路	Xinsheng Rd.
3	2段	Sec. 2, Xinsheng Rd.
3	3段	Sec. 3, Xinsheng Rd.
3	4段	Sec. 4, Xinsheng Rd.
3	口	Xinsheng Intersection
3	吉立巷	Jili Ln., Xinsheng Rd.
3	定福巷	Dingfu Ln., Xinsheng Rd.
3	榮和巷	Ronghe Ln., Xinsheng Rd.
2	里	Xinsheng Vil.
1	田1街	Xintian 1st St.
2	2街	Xintian 2nd St.
2	巷	Xintian Ln.
2	村	Xintian Vil.
2	路	Xintian Rd.
1	甲路	Xinjia Rd.
2	里	Xinjia Vil.
1	疆路	Xinjiang Rd.
1	登里	Xindeng Vil.
1	發巷	Xinfa Ln.
2	村	Xinfa Vil.
2	路	Xinfa Rd.
1	白揚	Xinbaiyang
1	益里	Xinyi Vil.
1	盛11街	Xinsheng 11th St.
3	2街	Xinsheng 12th St.
3	街	Xinsheng 1st St.
3	路	Xinsheng 1st Rd.
2	2街	Xinsheng 2nd St.
2	3街	Xinsheng 3rd St.
2	5街	Xinsheng 5th St.
2	6街	Xinsheng 6th St.
2	7街	Xinsheng 7th St.
2	8街	Xinsheng 8th St.
2	9街	Xinsheng 9th St.
2	十街	Xinsheng 10th St.
2	街	Xinsheng St.
2	里	Xinsheng Vil.
1	知1路	Xinzhi 1st Rd.
2	2路	Xinzhi 2nd Rd.
2	3路	Xinzhi 3rd Rd.
2	5路	Xinzhi 5th Rd.
2	6路	Xinzhi 6th Rd.
2	8路	Xinzhi 8th Rd.
2	十路	Xinzhi 10th Rd.
1	社	Xinshe
2	1街	Xinshe 1st St.
2	2街	Xinshe 2nd St.
2	3街	Xinshe 3rd St.
2	坑	Xinshekeng
2	村	Xinshe Vil.
2	街	Xinshe St.
3	大同巷	Datong Ln., Xinshe St.
2	路	Xinshe Rd.
2	里	Xinshe Vil.
1	祥街	Xinxiang St.
1	祿里	Xinlu Vil.
1	福	Xinfu
2	16街	Xinfu 16th St.
3	路	Xinfu 1st Rd.
2	2路	Xinfu 2nd Rd.
2	3路	Xinfu 3rd Rd.
2	5路	Xinfu 5th Rd.
2	6路	Xinfu 6th Rd.
2	7路	Xinfu 7th Rd.
2	8路	Xinfu 8th Rd.
2	十街	Xinfu 10th St.
2	和街	Xinfuhe St.
2	村	Xinfu Vil.
2	東街	Xinfu E. St.
2	街	Xinfu St.
2	路	Xinfu Rd.
2	里	Xinfu Vil.
1	科1街	Xinke 1st St.
2	路	Xinke Rd.
1	立巷	Xinli Ln.
2	東街	Xinli E. St.
2	街	Xinli St.
1	站	Xinzhan
2	1街	Xinzhan 1st St.
3	路	Xinzhan 1st Rd.
2	2街	Xinzhan 2nd St.
3	路	Xinzhan 2nd Rd.
2	3街	Xinzhan 3rd St.
3	路	Xinzhan 3rd Rd.
2	路	Xinzhan Rd.
1	筏子頭	Xinfazitou
1	結庄	Xinjiezhuang
1	經1路	Xinjing 1st Rd.
1	置村	Xinzhi Vil.
1	美	Xinmei
2	巷	Xinmei Ln.
2	村	Xinmei Vil.
2	街	Xinmei St.
2	里	Xinmei Vil.
1	群1路	Xinqun 1st Rd.
2	2路	Xinqun 2nd Rd.
2	3路	Xinqun 3rd Rd.
2	5路	Xinqun 5th Rd.
2	北路	Xinqun N. Rd.
2	南路	Xinqun S. Rd.
2	里	Xinqun Vil.
1	義南路	Xinyi S. Rd.
2	街	Xinyi St.
2	路	Xinyi Rd.
1	翠里	Xincui Vil.
1	聖路	Xinsheng Rd.
1	聚里	Xinju Vil.
1	臺5路1段	Sec. 1, Xintai 5th Rd.
4	2段	Sec. 2, Xintai 5th Rd.
1	興	Xinxing
2	1街	Xinxing 1st St.
3	路	Xinxing 1st Rd.
2	2街	Xinxing 2nd St.
3	路	Xinxing 2nd Rd.
2	3街	Xinxing 3rd St.
3	路	Xinxing 3rd Rd.
2	7街	Xinxing 7th St.
2	8街	Xinxing 8th St.
2	上路	Xinxingshang Rd.
2	下路	Xinxing Sia Rd.
2	北街	Xinxing N. St.
3	路	Xinxing N. Rd.
2	南路	Xinxing S. Rd.
2	坑	Xinxingkeng
2	寮	Xinxingliao
2	巷	Xinxing Ln.
2	市場丁棟	4th Bldg., Xinxing Market
4	丙棟	3rd Bldg., Xinxing Market
4	乙棟	2nd Bldg., Xinxing Market
4	戊棟	5th Bldg., Xinxing Market
4	甲棟	1st Bldg., Xinxing Market
2	庄	Xinxingzhuang
2	村	Xinxing Vil.
2	東路	Xinxing E. Rd.
2	海埔地1路	Xinxinghaipudi 1st Rd.
5	2路	Xinxinghaipudi 2nd Rd.
5	3路	Xinxinghaipudi 3rd Rd.
5	5路	Xinxinghaipudi 5th Rd.
5	6路	Xinxinghaipudi 6th Rd.
5	7路	Xinxinghaipudi 7th Rd.
5	8路	Xinxinghaipudi 8th Rd.
2	街	Xinxing St.
3	皇盛巷	Huangsheng Ln., Xinxing St.
2	路	Xinxing Rd.
3	1段	Sec. 1, Xinxing Rd.
3	2段	Sec. 2, Xinxing Rd.
3	三和巷	Sanhe Ln., Xinxing Rd.
3	將軍1巷	Jiangjun 1st Ln., Xinxing Rd.
5	2巷	Jiangjun 2nd Ln., Xinxing Rd.
3	廣惠1巷	Guanghui 1st Ln., Xinxing Rd.
5	2巷	Guanghui 2nd Ln., Xinxing Rd.
5	3巷	Guanghui 3rd Ln., Xinxing Rd.
3	忠信1巷	Zhongxin 1st Ln., Xinxing Rd.
5	2巷	Zhongxin 2nd Ln., Xinxing Rd.
5	3巷	Zhongxin 3rd Ln., Xinxing Rd.
5	4巷	Zhongxin 4th Ln., Xinxing Rd.
5	5巷	Zhongxin 5th Ln., Xinxing Rd.
5	6巷	Zhongxin 6th Ln., Xinxing Rd.
3	文化巷	Wenhua Ln., Xinxing Rd.
3	新1巷	Xin 1st Ln., Xinxing Rd.
4	2巷	Xin 2nd Ln., Xinxing Rd.
3	東興巷	Dongxing Ln., Xinxing Rd.
3	橫街巷	Hengjie Ln., Xinxing Rd.
3	玉興巷	Yuxing Ln., Xinxing Rd.
3	長壽巷	Changshou Ln., Xinxing Rd.
2	農場	Xinxing Farm
2	里	Xinxing Vil.
1	船里	Xinchuan Vil.
1	良路	Xinliang Rd.
1	芳	Xinfang
2	街	Xinfang St.
2	路	Xinfang Rd.
2	里	Xinfang Vil.
1	苗街	Xinmiao St.
2	里	Xinmiau Vil.
1	英	Xinying
2	街	Xinying St.
2	里	Xinying Vil.
1	莊	Xinzhuang
2	1路	Xinzhuang 1st Rd.
2	仔巷	Xinzhuangzai Ln.
2	巷	Xinzhuang Ln.
2	村	Xinzhuang Vil.
2	洋	Xinzhuangyang
2	街	Xinzhuang St.
2	路	Xinzhuang Rd.
3	保慶巷	Baoqing Ln., Xinzhuang Rd.
4	金巷	Baojin Ln., Xinzhuang Rd.
4	隆巷	Baolong Ln., Xinzhuang Rd.
3	大昌巷	Dachang Ln., Xinzhuang Rd.
3	定吉巷	Dingji Ln., Xinzhuang Rd.
4	安巷	Ding'an Ln., Xinzhuang Rd.
2	里	Xinzhuang Vil.
1	華	Xinhua
2	北路	Xinhua N. Rd.
2	巷	Xinhua Ln.
2	街	Xinhua St.
2	路	Xinhua Rd.
3	1段	Sec. 1, Xinhua Rd.
3	2段	Sec. 2, Xinhua Rd.
3	文化巷	Wenhua Ln., Xinhua Rd.
2	里	Xinhua Vil.
3	崎仔頭	Qizaitou, Xinhua Vil.
1	蘭	Xinlan
1	行街	Xinxing St.
1	街	Xin St.
2	巷	Xinjie Ln.
2	村	Xinjie Vil.
2	路	Xinjie Rd.
2	里	Xinjie Vil.
1	衙路	Xinya Rd.
1	西1街	Xinxi 1st St.
2	街	Xinxi St.
2	路	Xinxi Rd.
2	里	Xinxi Vil.
1	豐	Xinfeng
2	北路	Xinfeng N. Rd.
2	村	Xinfeng Vil.
3	和興路	Hexing Rd., Xinfeng Vil.
3	新興路	Xinxing Rd., Xinfeng Vil.
2	街	Xinfeng St.
2	路	Xinfeng Rd.
2	里	Xinfeng Vil.
1	貴北街	Xingui N. St.
2	南街	Xingui S. St.
2	街	Xingui St.
2	里	Xingui Vil.
1	起寮	Xinqiliao
2	街	Xinqi St.
2	里	Xinqi Vil.
1	路	Xin Rd.
2	仔巷	Xinluzai Ln.
2	尾路	Xinluwei Rd.
2	村	Xinlu Vil.
1	農1路	Xinnong 1st Rd.
2	街	Xinnong St.
3	2段	Sec. 2, Xinnong St.
1	進巷	Xinjin Ln.
2	東街	Xinjin E. St.
2	街	Xinjin St.
2	路	Xinjin Rd.
3	1段	Sec. 1, Xinjin Rd.
3	2段	Sec. 2, Xinjin Rd.
1	逸巷	Xinyi Ln.
1	運2路	Xinyun 2nd Rd.
2	4街	Xinyun 4th St.
2	5路1段	Sec. 1, Xinyun 5th Rd.
2	6路	Xinyun 6th Rd.
2	7路	Xinyun 7th Rd.
1	達村	Xinda Vil.
1	邦路	Xinbang Rd.
1	部	Xinbu
2	落	New Tribe
1	都街	Xindu St.
2	路	Xindu Rd.
2	里	Xindu Vil.
1	鄉村	Xinxiang Vil.
2	路	Xinxiang Rd.
3	3號農路	No. 3 Farm Rd., Xinxiang Rd.
3	4號農路	No. 4 Farm Rd., Xinxiang Rd.
3	5號農路	No. 5 Farm Rd., Xinxiang Rd.
3	6號農路	No. 6 Farm Rd., Xinxiang Rd.
1	里	Xin Vil.
2	巷	Xinli Ln.
2	村	Xinli Vil.
2	里	Xinli Vil.
1	鎮	Xinzhen
2	和路	Xinzhenhe Rd.
2	路	Xinzhen Rd.
1	鐘村	Xinzhong Vil.
2	路	Xinzhong Rd.
1	長勝2路	Xinchangsheng 2nd Rd.
3	3街	Xinchangsheng 3rd St.
1	開	Xinkai
2	1路	Xinkai 1st Rd.
2	2路	Xinkai 2nd Rd.
2	3路	Xinkai 3rd Rd.
2	5路	Xinkai 5th Rd.
2	6路	Xinkai 6th Rd.
2	7路	Xinkai 7th Rd.
2	南路	Xinkai S. Rd.
2	園	Xinkaiyuan
2	巷	Xinkai Ln.
2	村	Xinkai Vil.
2	發路	Xinkaifa Rd.
2	街	Xinkai St.
2	路	Xinkai Rd.
2	里	Xinkai Vil.
1	關路五埔段	Sec. Wupu, Xinguan Rd.
1	隆	Xinlong
2	村	Xinlong Vil.
2	路	Xinlong Rd.
2	里	Xinlong Vil.
1	雅巷	Xinya Ln.
2	街	Xinya St.
2	路	Xinya Rd.
2	里	Xinya Vil.
1	順興路	Xinshunxing Rd.
2	路	Xinshun Rd.
2	里	Xinshun Vil.
1	頭	Xintou
2	村	Xintou Vil.
2	港子	Xintougangzi
1	館路	Xinguan Rd.
1	香蘭	Xinxianglan
2	街	Xinxiang St.
1	馬南路	Xinma S. Rd.
2	路	Xinma Rd.
1	高東路	Xingao E. Rd.
2	路	Xingao Rd.
1	鳳村	Xinfeng Vil.
2	街	Xinfeng St.
1	鴻街	Xinhong St.
1	龍村	Xinlong Vil.
2	街	Xinlong St.
2	路	Xinlong Rd.
2	里	Xinlong Vil.
0	方厝寮	Fangcuoliao
1	圓街	Fangyuan St.
0	施厝1街	Shicuo 1st St.
2	2街	Shicuo 2nd St.
2	3街	Shicuo 3rd St.
2	5街	Shicuo 5th St.
2	6街	Shicuo 6th St.
2	7街	Shicuo 7th St.
2	北街	Shicuo N. St.
4	庄北巷	Zhuangbei Ln., Shicuo N. St.
2	南街	Shicuo S. St.
2	寮	Shicuoliao
2	巷	Shicuo Ln.
2	村	Shicuo Vil.
2	東路	Shicuo E. Rd.
1	家村	Shijia Vil.
1	寮	Shiliao
1	湖村	Shihu Vil.
0	旅順街	Lushun St.
2	路1段	Sec. 1, Lushun Rd.
3	2段	Sec. 2, Lushun Rd.
0	旋流1路	Xuanliu 1st Rd.
2	2路	Xuanliu 2nd Rd.
2	3路	Xuanliu 3rd Rd.
2	路	Xuanliu Rd.
0	旌義街	Jingyi St.
0	旗下巷	Qixia Ln.
2	里	Qixia Vil.
1	亭巷	Qiting Ln.
1	南1路	Qinan 1st Rd.
2	2路	Qinan 2nd Rd.
2	3路	Qinan 3rd Rd.
1	呈巷	Qicheng Ln.
1	官路	Qiguan Rd.
1	富路	Qifu Rd.
1	屏1路	Qiping 1st Rd.
2	2路	Qiping 2nd Rd.
2	路	Qiping Rd.
1	山路	Qishan Rd.
1	文路	Qiwen Rd.
1	新街	Qixin St.
1	楠路	Qinan Rd.
3	長安巷	Chang'an Ln., Qinan Rd.
1	洞巷	Qidong Ln.
1	津1路	Qijin 1st Rd.
2	2路	Qijin 2nd Rd.
2	3路	Qijin 3rd Rd.
1	港路	Qigang Rd.
1	田巷	Qitian Ln.
1	甲路1段	Sec. 1, Qijia Rd.
3	2段	Sec. 2, Qijia Rd.
3	3段	Sec. 3, Qijia Rd.
5	下宅巷	Xiazhai Ln., Sec. 3, Qijia Rd.
3	4段	Sec. 4, Qijia Rd.
1	興路1段	Sec. 1, Qixing Rd.
3	2段	Sec. 2, Qixing Rd.
0	日中里	Rizhong Vil.
1	光1街	Riguang 1st St.
2	2街	Riguang 2nd St.
2	3街	Riguang 3rd St.
2	巷	Riguang Ln.
2	路	Riguang Rd.
1	全街	Riquan St.
1	北路	Ribei Rd.
2	里	Ribei Vil.
1	南路	Rinan Rd.
2	里	Rinan Vil.
1	和村	Rihe Vil.
2	街	Rihe St.
2	里	Rihe Vil.
1	善里	Rishan Vil.
1	安1街	Ri'an 1st St.
2	2街	Ri'an 2nd St.
1	新	Rixin
2	崗	Rixingang
2	巷	Rixin Ln.
2	村	Rixin Vil.
2	街	Rixin St.
2	路	Rixin Rd.
2	里	Rixin Vil.
1	昌路	Richang Rd.
1	星街	Rixing St.
1	月村	Riyue Vil.
2	街	Riyue St.
1	東里	Ridong Vil.
1	泰街	Ritai St.
1	盛街	Risheng St.
1	祥里	Rixiang Vil.
1	興1街	Rixing 1st St.
3	路	Rixing 1st Rd.
2	2路	Rixing 2nd Rd.
2	3路	Rixing 3rd Rd.
2	街	Rixing St.
2	里	Rixing Vil.
1	西里	Rixi Vil.
1	路頭	Rilutou
1	進街	Rijin St.
1	野	Riye
0	早知	Zaozhi
1	角路	Zaojiao Rd.
0	旭光1路	Xuguang 1st Rd.
2	2路	Xuguang 2nd Rd.
2	巷	Xuguang Ln.
2	西路	Xuguang W. Rd.
2	路	Xuguang Rd.
1	原街	Xuyuan St.
1	山村	Xushan Vil.
1	成街	Xucheng St.
1	日街	Xuri St.
2	路	Xuri Rd.
1	東巷	Xudong Ln.
2	街	Xudong St.
1	海村	Xuhai Vil.
2	路	Xuhai Rd.
0	旱北路	Hanbei Rd.
1	坑路1段	Sec. 1, Hankeng Rd.
2	里	Hankeng Vil.
1	溪1街	Hanxi 1st St.
2	2街	Hanxi 2nd St.
2	3街	Hanxi 3rd St.
2	5街	Hanxi 5th St.
2	6街	Hanxi 6th St.
2	東巷	Hanxi E. Ln.
3	路1段	Sec. 1, Hanxi E. Rd.
4	2段	Sec. 2, Hanxi E. Rd.
4	3段	Sec. 3, Hanxi E. Rd.
4	4段	Sec. 4, Hanxi E. Rd.
4	6段	Sec. 6, Hanxi E. Rd.
4	7段	Sec. 7, Hanxi E. Rd.
2	街	Hanxi St.
2	西路1段	Sec. 1, Hanxi W. Rd.
4	2段	Sec. 2, Hanxi W. Rd.
4	3段	Sec. 3, Hanxi W. Rd.
4	5段	Sec. 5, Hanxi W. Rd.
4	6段	Sec. 6, Hanxi W. Rd.
4	7段	Sec. 7, Hanxi W. Rd.
2	里	Hanxi Vil.
0	旺來1路	Wanglai 1st Rd.
2	路	Wanglai Rd.
1	定巷	Wangding Ln.
1	盛街	Wangsheng St.
1	耽路	Wangdan Rd.
1	萊路	Wanglai Rd.
0	昆明街	Kunming St.
2	路	Kunming Rd.
2	里	Kunming Vil.
1	沙里	Kunsha Vil.
1	陽街	Kunyang St.
0	昇安里	Sheng'an Vil.
1	平	Shengping
2	村	Shengping Vil.
2	橫巷	Shengping Side Ln.
2	街	Shengping St.
2	路	Shengping Rd.
2	里	Shengping Vil.
1	華路	Shenghua Rd.
1	高坑路	Shenggaokeng Rd.
2	村	Shenggau Vil.
0	昌仁路	Changren Rd.
1	信里	Changxin Vil.
1	南村	Changnan Vil.
2	路	Changnan Rd.
1	吉街	Changji St.
2	里	Changji Vil.
1	和街	Changhe St.
1	學街	Changxue St.
1	宏路	Changhong Rd.
1	富街	Changfu St.
1	平	Changping
2	1街	Changping 1st St.
2	2街	Changping 2nd St.
2	3街	Changping 3rd St.
2	4街	Changping 4th St.
2	5街	Changping 5th St.
2	村	Changping Vil.
2	東1路	Changping E. 1st Rd.
3	2路	Changping E. 2nd Rd.
3	3路	Changping E. 3rd Rd.
3	5路	Changping E. 5th Rd.
3	6路	Changping E. 6th Rd.
3	7路	Changping E. 7th Rd.
3	8路	Changping E. 8th Rd.
2	街	Changping St.
2	路1段	Sec. 1, Changping Rd.
3	2段	Sec. 2, Changping Rd.
5	國泰巷	Guotai Ln., Sec. 2, Changping Rd.
6	華2巷	Guohua 2nd Ln., Sec. 2, Changping Rd.
5	金寶巷	Jinbao Ln., Sec. 2, Changping Rd.
6	谷巷	Jingu Ln., Sec. 2, Changping Rd.
3	3段	Sec. 3, Changping Rd.
3	4段	Sec. 4, Changping Rd.
3	5段	Sec. 5, Changping Rd.
2	里	Changping Vil.
1	德街	Changde St.
1	文街	Changwen St.
1	明巷	Changming Ln.
2	街	Changming St.
2	路	Changming Rd.
2	里	Changming Vil.
1	智路	Changzhi Rd.
1	林	Changlin
1	榮巷	Changrong Ln.
2	街	Changrong St.
2	路	Changrong Rd.
1	武街	Changwu St.
1	發巷	Changfa Ln.
2	街	Changfa St.
1	益巷	Changyi Ln.
1	盛街	Changsheng St.
2	路	Changsheng Rd.
1	義路	Changyi Rd.
1	華街	Changhua St.
1	裕街	Changyu St.
1	隆1街	Changlong 1st St.
2	2街	Changlong 2nd St.
2	3街	Changlong 3rd St.
2	4街	Changlong 4th St.
2	5街	Changlong 5th St.
2	6街	Changlong 6th St.
2	7街	Changlong 7th St.
2	8街	Changlong 8th St.
2	9街	Changlong 9th St.
2	巷	Changlong Ln.
2	村	Changlong Vil.
3	中正路	Zhongzheng Rd., Changlong Vil.
2	街	Changlong St.
2	路	Changlong Rd.
2	里	Changlong Vil.
0	明中新村	Mingzhong New Vil.
2	街	Mingzhong St.
1	亮里	Mingliang Vil.
1	仁1街	Mingren 1st St.
2	2街	Mingren 2nd St.
2	3街	Mingren 3rd St.
2	巷	Mingren Ln.
2	街	Mingren St.
2	路	Mingren Rd.
1	信巷	Mingxin Ln.
1	倫1街	Minglun 1st St.
2	2街	Minglun 2nd St.
2	3街	Minglun 3rd St.
2	5街	Minglun 5th St.
2	路	Minglun Rd.
2	里	Minglun Vil.
1	光巷	Mingguang Ln.
2	街	Mingguang St.
2	里	Mingguang Vil.
1	利	Mingli
2	村	Mingli Vil.
1	勝路	Mingsheng Rd.
2	里	Mingsheng Vil.
1	吉路	Mingji Rd.
1	和	Minghe
2	村	Minghe Vil.
2	街	Minghe St.
2	里	Minghe Vil.
1	哲路	Mingzhe Rd.
1	園巷	Mingyuan Ln.
1	圓街	Mingyuan St.
3	一棟	1st Bldg., Mingyuan St.
3	七棟	7th Bldg., Mingyuan St.
3	三棟	3rd Bldg., Mingyuan St.
3	九棟	9th Bldg., Mingyuan St.
3	二棟	2nd Bldg., Mingyuan St.
3	五棟	5th Bldg., Mingyuan St.
3	八棟	8th Bldg., Mingyuan St.
3	六棟	6th Bldg., Mingyuan St.
3	四棟	4th Bldg., Mingyuan St.
1	坑	Mingkeng
1	城里	Mingcheng Vil.
1	太街	Mingtai St.
1	孝巷	Mingxiao Ln.
2	里	Mingxiao Vil.
1	學路	Mingxue Rd.
1	安路	Ming'an Rd.
1	屋	Mingwu
1	山	Mingshan
2	巷	Mingshan Ln.
2	街	Mingshan St.
2	路	Mingshan Rd.
1	峰	Mingfeng
2	村	Mingfeng Vil.
2	街	Mingfeng St.
1	建里	Mingjian Vil.
1	得巷	Mingde Ln.
2	街	Mingde St.
1	德1巷	Mingde 1st Ln.
3	街	Mingde 1st St.
3	路	Mingde 1st Rd.
2	2巷	Mingde 2nd Ln.
3	街	Mingde 2nd St.
3	路	Mingde 2nd Rd.
2	3路	Mingde 3rd Rd.
2	北路	Mingde N. Rd.
4	1段	Sec. 1, Mingde N. Rd.
4	2段	Sec. 2, Mingde N. Rd.
4	3段	Sec. 3, Mingde N. Rd.
2	南巷	Mingde S. Ln.
3	路	Mingde S. Rd.
2	山莊	Mingde Villa
2	巷	Mingde Ln.
2	新村	Mingde New Vil.
2	村	Mingde Vil.
2	街	Mingde St.
3	明德巷	Mingde Ln., Mingde St.
2	路	Mingde Rd.
3	1段	Sec. 1, Mingde Rd.
3	2段	Sec. 2, Mingde Rd.
3	明德巷	Mingde Ln., Mingde Rd.
4	駝一村	Mingtuo 1st Vil., Mingde Rd.
5	巷	Mingtuo Ln., Mingde Rd.
3	美和15巷	Meihe 15th Ln., Mingde Rd.
5	巷	Meihe Ln., Mingde Rd.
3	華興巷	Huaxing Ln., Mingde Rd.
2	里	Mingde Vil.
1	心街	Mingxin St.
1	志村	Mingzhi Vil.
2	街	Mingzhi St.
2	路	Mingzhi Rd.
3	1段	Sec. 1, Mingzhi Rd.
3	2段	Sec. 2, Mingzhi Rd.
3	3段	Sec. 3, Mingzhi Rd.
1	忠巷	Mingzhong Ln.
1	愛街	Ming'ai St.
1	慶街	Mingqing St.
1	成街	Mingcheng St.
2	里	Mingcheng Vil.
1	政街	Mingzheng St.
1	新12街	Mingxin 12th St.
3	街	Mingxin 1st St.
2	2街	Mingxin 2nd St.
2	3街	Mingxin 3rd St.
2	5街	Mingxin 5th St.
2	6街	Mingxin 6th St.
2	8街	Mingxin 8th St.
2	十街	Mingxin 10th St.
2	巷	Mingxin Ln.
2	街	Mingxin St.
2	路	Mingxin Rd.
1	昌	Mingchang
2	街	Mingchang St.
2	西街	Mingchang W. St.
2	路	Mingchang Rd.
2	里	Mingchang Vil.
1	星1路	Mingxing 1st Rd.
2	3路	Mingxing 3rd Rd.
2	街	Mingxing St.
2	路	Mingxing Rd.
1	智街	Mingzhi St.
2	路	Mingzhi Rd.
2	里	Mingzhi Vil.
1	月巷	Mingyue Ln.
1	東街	Mingdong St.
2	路	Mingdong Rd.
1	正1街	Mingzheng 1st St.
2	2街	Mingzheng 2nd St.
2	3街	Mingzheng 3rd St.
2	巷	Mingzheng Ln.
2	東巷	Mingzheng E. Ln.
3	路	Mingzheng E. Rd.
2	路	Mingzheng Rd.
2	里	Mingzheng Vil.
1	毅街	Mingyi St.
1	水路	Mingshui Rd.
1	池	Mingchi
2	山莊	Mingchi Villa
2	巷	Mingchi Ln.
1	泉巷	Mingquan Ln.
2	街	Mingquan St.
1	清1街	Mingqing 1st St.
2	2街	Mingqing 2nd St.
2	3街	Mingqing 3rd St.
2	街	Mingqing St.
1	湖1街	Minghu 1st St.
2	2街	Minghu 2nd St.
2	3街	Minghu 3rd St.
2	5街	Minghu 5th St.
2	村	Minghu Vil.
2	街	Minghu St.
2	路	Minghu Rd.
2	里	Minghu Vil.
1	溪街	Mingxi St.
1	潭巷	Mingtan Ln.
2	村	Mingtan Vil.
2	街	Mingtan St.
2	路	Mingtan Rd.
1	燈路1段	Sec. 1, Mingdeng Rd.
5	瑞柑新村	Ruigan New Vil., Sec. 1, Mingdeng Rd.
3	2段	Sec. 2, Mingdeng Rd.
3	3段	Sec. 3, Mingdeng Rd.
1	理街	Mingli St.
1	神路	Mingshen Rd.
3	定祥巷	Dingxiang Ln., Mingshen Rd.
1	祥街	Mingxiang St.
1	福街	Mingfu St.
1	禮1街	Mingli 1st St.
2	2街	Mingli 2nd St.
2	3街	Mingli 3rd St.
2	5街	Mingli 5th St.
2	街	Mingli St.
2	路	Mingli Rd.
2	里	Mingli Vil.
1	秀1街	Mingxiu 1st St.
2	2街	Mingxiu 2nd St.
2	8街	Mingxiu 8th St.
1	科街	Mingke St.
1	穗里	Mingsui Vil.
1	義1街	Mingyi 1st St.
2	2街	Mingyi 2nd St.
2	3街	Mingyi 3rd St.
2	4街	Mingyi 4th St.
2	5街	Mingyi 5th St.
2	6街	Mingyi 6th St.
2	7街	Mingyi 7th St.
2	巷	Mingyi Ln.
2	新村	Mingyi New Vil.
2	街	Mingyi St.
2	路	Mingyi Rd.
2	里	Mingyi Vil.
1	翠里	Mingcui Vil.
1	聖街	Mingsheng St.
2	路1段	Sec. 1, Mingsheng Rd.
3	2段	Sec. 2, Mingsheng Rd.
3	3段	Sec. 3, Mingsheng Rd.
3	4段	Sec. 4, Mingsheng Rd.
1	興巷	Mingxing Ln.
2	街	Mingxing St.
2	西街	Mingxing W. St.
2	路	Mingxing Rd.
2	里	Mingxing Vil.
1	芳街	Mingfang St.
1	莊里	Mingzhuang Vil.
1	華1路	Minghua 1st Rd.
2	街	Minghua St.
2	路	Minghua Rd.
2	里	Minghua Vil.
1	衙路	Mingya Rd.
1	誠1路	Mingcheng 1st Rd.
2	2路	Mingcheng 2nd Rd.
2	3路	Mingcheng 3rd Rd.
2	4路	Mingcheng 4th Rd.
2	里	Mingcheng Vil.
1	豐路	Mingfeng Rd.
1	賢街	Mingxian St.
3	1段	Sec. 1, Mingxian St.
2	路	Mingxian Rd.
1	進巷	Mingjin Ln.
1	道1街	Mingdao 1st St.
2	2街	Mingdao 2nd St.
2	3街	Mingdao 3rd St.
2	4街	Mingdao 4th St.
2	5街	Mingdao 5th St.
2	6街	Mingdao 6th St.
2	中街	Mingdao Central St.
2	北街	Mingdao N. St.
2	路	Mingdao Rd.
2	里	Mingdau Vil.
1	遠路	Mingyuan Rd.
1	里	Ming Vil.
2	村	Mingli Vil.
2	路	Mingli Rd.
1	野路	Mingye Rd.
1	隆街	Minglong St.
1	雅巷	Mingya Ln.
2	街	Mingya St.
1	駝新城	Mingtuo Xincheng
1	鳳11街	Mingfeng 11th St.
3	2街	Mingfeng 12th St.
3	3街	Mingfeng 13th St.
3	6街	Mingfeng 16th St.
3	8街	Mingfeng 18th St.
3	街	Mingfeng 1st St.
2	22街	Mingfeng 22nd St.
3	6街	Mingfeng 26th St.
3	街	Mingfeng 2nd St.
2	3路	Mingfeng 3rd Rd.
2	5街	Mingfeng 5th St.
2	6街	Mingfeng 6th St.
2	7街	Mingfeng 7th St.
2	8街	Mingfeng 8th St.
2	9街	Mingfeng 9th St.
2	二十街	Mingfeng 20th St.
2	十街	Mingfeng 10th St.
1	鹿	Minglu
1	龍街	Minglong St.
0	昔果山	Xiguoshan
0	星中路	Xingzhong Rd.
1	光1路	Xingguang 1st Rd.
2	2路	Xingguang 2nd Rd.
2	里	Xingguang Vil.
1	初里	Xingchu Vil.
1	友街	Xingyou St.
1	和路	Xinghe Rd.
1	安街	Xing'an St.
1	平路	Xingping Rd.
1	德1路	Xingde 1st Rd.
2	2路	Xingde 2nd Rd.
1	拱里	Xinggong Vil.
1	文1街	Xingwen 1st St.
2	2街	Xingwen 2nd St.
2	3街	Xingwen 3rd St.
2	里	Xingwen Vil.
1	明里	Xingming Vil.
1	月1路	Xingyue 1st Rd.
2	2路	Xingyue 2nd Rd.
2	3路	Xingyue 3rd Rd.
2	5路	Xingyue 5th Rd.
2	6路	Xingyue 6th Rd.
1	河路	Xinghe Rd.
1	洲路1段	Sec. 1, Xingzhou Rd.
3	2段	Sec. 2, Xingzhou Rd.
1	海1街	Xinghai 1st St.
2	2街	Xinghai 2nd St.
2	3街	Xinghai 3rd St.
2	路	Xinghai Rd.
1	科園路	Xingkeyuan Rd.
2	路	Xingke Rd.
1	美1街	Xingmei 1st St.
2	2街	Xingmei 2nd St.
2	3街	Xingmei 3rd St.
2	5街	Xingmei 5th St.
2	7街	Xingmei 7th St.
2	東街	Xingmei E. St.
2	路	Xingmei Rd.
1	義路	Xingyi Rd.
1	耀里	Xingyao Vil.
1	華里	Xinghua Vil.
1	輝北街	Xinghui N. St.
2	路	Xinghui Rd.
2	里	Xinghui Vil.
1	鑽街	Xingzuan St.
1	雲街	Xingyun St.
0	春4路	Chun 4th Rd.
1	亭1街	Chunting 1st St.
2	2街	Chunting 2nd St.
2	3街	Chunting 3rd St.
2	街	Chunting St.
1	光里	Chunguang Vil.
1	和巷	Chunhe Ln.
1	圃里	Chunpu Vil.
1	園	Chunyuan
1	埔	Chunpu
2	村	Chunpu Vil.
1	安2街	Chun'an 2nd St.
2	3街	Chun'an 3rd St.
2	路	Chun'an Rd.
2	里	Chun'an Vil.
1	山巷	Chunshan Ln.
1	德路	Chunde Rd.
1	日村	Chunri Vil.
2	路	Chunri Rd.
2	里	Chunri Vil.
1	暉街	Chunhui St.
1	林村	Chunlin Vil.
1	珠	Chunzhu
2	里	Chunzhu Vil.
1	社東巷	Chunshe E. Ln.
2	西巷	Chunshe W. Ln.
2	里	Chunshe Vil.
1	福巷	Chunfu Ln.
1	興路	Chunxing Rd.
1	陽村	Chunyang Vil.
2	街	Chunyang St.
0	昭勝路	Zhaosheng Rd.
3	安平1巷	Anping 1st Ln., Zhaosheng Rd.
5	2巷	Anping 2nd Ln., Zhaosheng Rd.
5	3巷	Anping 3rd Ln., Zhaosheng Rd.
5	4巷	Anping 4th Ln., Zhaosheng Rd.
5	5巷	Anping 5th Ln., Zhaosheng Rd.
1	宗路	Zhaozong Rd.
1	德	Zhaode
2	街	Zhaode St.
1	明村	Zhaoming Vil.
1	永路	Zhaoyong Rd.
1	興巷	Zhaoxing Ln.
1	良街	Zhaoliang St.
0	時代南1路	Shidai S. 1st Rd.
3	2路	Shidai S. 2nd Rd.
3	3路	Shidai S. 3rd Rd.
2	大道	Shidai Blvd.
1	潮村	Shichau Vil.
1	裡	Shili
0	晉元街	Jinyuan St.
2	路	Jinyuan Rd.
1	北路	Jinbei Rd.
1	文路	Jinwen Rd.
1	昌街	Jinchang St.
1	武路	Jinwu Rd.
1	江街	Jinjiang St.
2	路	Jinjiang Rd.
2	里	Jinjiang Vil.
0	晨曦街	Chenxi St.
3	一棟	1st Bldg., Chenxi St.
3	三棟	3rd Bldg., Chenxi St.
3	二棟	2nd Bldg., Chenxi St.
0	普仁新村	Puren New Vil.
2	里	Puren Vil.
1	光2街	Puguang 2nd St.
2	3街	Puguang 3rd St.
2	街	Puguang St.
1	天街	Putian St.
2	里	Putian Vil.
1	安路	Pu'an Rd.
2	里	Pu'an Vil.
1	山巷	Pushan Ln.
1	強里	Puqiang Vil.
1	忠路	Puzhong Rd.
2	里	Puzhong Vil.
1	愛里	Pu'ai Vil.
1	慶路	Puqing Rd.
2	里	Puqing Vil.
1	濟街	Puji St.
2	路	Puji Rd.
2	里	Puji Vil.
1	照里	Puzhao Vil.
1	義路	Puyi Rd.
2	里	Puyi Vil.
1	願里	Puyuan Vil.
1	騰街	Puteng St.
0	景中巷	Jingzhong Ln.
2	街	Jingzhong St.
1	仁街	Jingren St.
2	里	Jingren Vil.
1	佑里	Jingyou Vil.
1	勤里	Jingqin Vil.
1	化街	Jinghua St.
1	南巷	Jingnan Ln.
2	村	Jingnan Vil.
2	里	Jingnan Vil.
1	和東街	Jinghe E. St.
2	街	Jinghe St.
1	大街	Jingda St.
1	安村	Jing'an Vil.
2	街	Jing'an St.
2	路	Jing'an Rd.
2	里	Jing'an Vil.
1	宗街	Jingzong St.
1	山	Jingshan
2	里	Jingshan Vil.
1	平村	Jingping Vil.
2	路	Jingping Rd.
2	里	Jingping Vil.
1	庄街	Jingzhuang St.
1	後街	Jinghou St.
1	德街	Jingde St.
2	路	Jingde Rd.
2	里	Jingde Vil.
1	慶里	Jingqing Vil.
1	文街	Jingwen St.
2	里	Jingwen Vil.
1	新巷	Jingxin Ln.
2	村	Jingxin Vil.
2	街	Jingxin St.
2	路	Jingxin Rd.
2	里	Jingxin Vil.
1	昌街	Jingchang St.
1	明街	Jingming St.
1	星里	Jingxing Vil.
1	本里	Jingben Vil.
1	東里	Jingdong Vil.
1	水	Jingshui
1	福巷	Jingfu Ln.
2	村	Jingfu Vil.
2	街	Jingfu St.
2	路	Jingfu Rd.
2	里	Jingfu Vil.
1	秀街	Jingxiu St.
1	美	Jingmei
2	巷	Jingmei Ln.
2	村	Jingmei Vil.
2	街	Jingmei St.
2	里	Jingmei Vil.
1	聯里	Jinglian Vil.
1	興街	Jingxing St.
2	路	Jingxing Rd.
1	華街	Jinghua St.
2	里	Jinghua Vil.
1	行里	Jingxing Vil.
1	觀大道	Jingguan Blvd.
1	豐街	Jingfeng St.
1	賢2路	Jingxian 2nd Rd.
2	3路	Jingxian 3rd Rd.
2	5路	Jingxian 5th Rd.
2	6路	Jingxian 6th Rd.
2	7路	Jingxian 7th Rd.
2	8路	Jingxian 8th Rd.
2	9路	Jingxian 9th Rd.
2	北街	Jingxian N. St.
2	十路	Jingxian 10th Rd.
2	南1路	Jingxian S. 1st Rd.
3	2路	Jingxian S. 2nd Rd.
2	路	Jingxian Rd.
1	隆街	Jinglong St.
1	雲街	Jingyun St.
1	順里	Jingshun Vil.
0	晴光街	Qingguang St.
2	里	Qingguang Vil.
1	朗里	Qinglang Vil.
0	智仁巷	Zhiren Ln.
2	街	Zhiren St.
2	里	Zhiren Vil.
1	光巷	Zhiguang Ln.
2	街	Zhiguang St.
2	里	Zhiguang Vil.
1	勇街	Zhiyong St.
2	里	Zhiyong Vil.
1	南街	Zhinan St.
1	安1街	Zhi'an 1st St.
2	2街	Zhi'an 2nd St.
2	3街	Zhi'an 3rd St.
2	4街	Zhi'an 4th St.
1	德巷	Zhide Ln.
1	惠街	Zhihui St.
1	慧1街	Zhihui 1st St.
3	路	Zhihui 1st Rd.
2	2街	Zhihui 2nd St.
3	路	Zhihui 2nd Rd.
2	3街	Zhihui 3rd St.
2	科學大道1段	Sec. 1, Zhihuikexue Blvd.
6	2段	Sec. 2, Zhihuikexue Blvd.
6	3段	Sec. 3, Zhihuikexue Blvd.
2	綠能大道1段	Sec. 1, Smart Green Energy Blvd.
6	2段	Sec. 2, Smart Green Energy Blvd.
6	3段	Sec. 3, Zhihuiluneng Blvd.
2	路	Zhihui Rd.
2	里	Zhihui Vil.
1	成街	Zhicheng St.
1	昌街	Zhichang St.
1	樂路	Zhile Rd.
1	海1街	Zhihai 1st St.
2	2街	Zhihai 2nd St.
1	理街	Zhili St.
1	生路	Zhisheng Rd.
1	發1街	Zhifa 1st St.
2	2街	Zhifa 2nd St.
2	3街	Zhifa 3rd St.
2	5街	Zhifa 5th St.
2	街	Zhifa St.
1	科路	Zhike Rd.
1	群路	Zhiqun Rd.
1	義巷	Zhiyi Ln.
2	街	Zhiyi St.
1	能里	Zhineng Vil.
1	腦巷	Zhinau Ln.
2	路	Zhinao Rd.
1	蚵村	Zhike Vil.
1	誠里	Zhicheng Vil.
0	暖中路	Nuanzhong Rd.
1	同里	Nuantong Vil.
1	暖街	Nuannuan St.
2	里	Nuannuan Vil.
1	東里	Nuandong Vil.
1	碇路	Nuanding Rd.
1	西里	Nuanxi Vil.
0	暗坑巷	Ankeng Ln.
1	潭	Antan
0	曉南路	Xiaonan Rd.
1	東路	Xiaodong Rd.
1	陽路	Xiaoyang Rd.
1	風新村	Xiaofeng New Vil.
0	曙光街	Shuguang St.
1	峰里	Shufeng Vil.
0	曲冰巷	Qubing Ln.
1	尺坑	Quchikeng
1	振1巷	Quzhen 1st Ln.
2	2巷	Quzhen 2nd Ln.
2	路	Quzhen Rd.
1	水街	Qushui St.
2	里	Qushui Vil.
1	江街	Qujiang St.
1	洞	Qudong
2	村	Qudong Vil.
1	溪村	Quxi Vil.
2	里	Quxi Vil.
0	更寮	Gengliao
2	村	Gengliau Vil.
1	新街	Gengxin St.
2	路	Gengxin Rd.
2	里	Gengxin Vil.
1	洲路	Gengzhou Rd.
1	生北路	Gengsheng N. Rd.
2	巷	Gengsheng Ln.
2	街	Gengsheng St.
2	路	Gengsheng Rd.
2	里	Gengsheng Vil.
0	書院里	Shuyuan Vil.
0	曹公路	Caogong Rd.
2	里	Caogong Vil.
1	謹路	Caojin Rd.
0	曼陀林路	Mantuolin Rd.
0	曾厝巷	Zengcuo Ln.
2	村	Zengcuo Vil.
2	街	Zengcuo St.
1	子路	Zengzi Rd.
1	家村	Zengjia Vil.
2	路	Zengjia Rd.
1	文街	Zengwen St.
1	營巷	Zengying Ln.
1	福巷	Zengfu Ln.
0	會和1街	Huihe 1st St.
2	2街	Huihe 2nd St.
1	安街	Hui'an St.
1	富街	Huifu St.
1	昌街	Huichang St.
1	春街	Huichun St.
1	昭街	Huizhao St.
1	民街	Huimin St.
1	營街	Huiying St.
1	社	Huishe
2	村	Huishe Vil.
1	祥1街	Huixiang 1st St.
2	2街	Huixiang 2nd St.
1	稽1街	Huiji 1st St.
2	里	Huiji Vil.
1	結1路	Huijie 1st Rd.
2	2路	Huijie 2nd Rd.
2	村	Huijie Vil.
2	路	Huijie Rd.
1	興1街	Huixing 1st St.
2	2街	Huixing 2nd St.
2	3街	Huixing 3rd St.
2	5街	Huixing 5th St.
2	6街	Huixing 6th St.
0	月光巷	Yueguang Ln.
1	北路	Yuebei Rd.
1	山路	Yueshan Rd.
1	崎頭	Nianqitou
1	德路	Yuede Rd.
1	扇湖	Yueshanhu
1	桃寮	Yuetaoliao
2	巷	Yuetao Ln.
2	路	Yuetao Rd.
3	1段	Sec. 1, Yuetao Rd.
3	2段	Sec. 2, Yuetao Rd.
1	津路	Yuejin Rd.
1	湖村	Yuehu Vil.
2	東路	Yuehu E. Rd.
2	路	Yuehu Rd.
1	潭村	Yuetan Vil.
1	球路	Yueqiu Rd.
1	眉	Yuemei
2	1段	Yuemei Sec. 1,
3	路	Yuemei 1st Rd.
2	2巷	Yuemei 2nd Ln.
3	段	Yuemei Sec. 2,
3	路	Yuemei 2nd Rd.
2	3段	Yuemei Sec. 3,
3	路	Yuemei 3rd Rd.
2	5段	Yuemei Sec. 5,
3	路	Yuemei 5th Rd.
2	6段	Yuemei Sec. 6,
2	北路	Yuemei N. Rd.
2	南路	Yuemei S. Rd.
2	園路	Yuemeiyuan Rd.
2	圳路	Yuemeizun Rd.
2	巷	Yuemei Ln.
2	村	Yuemei Vil.
2	東路1段	Sec. 1, Yuemei E. Rd.
4	2段	Sec. 2, Yuemei E. Rd.
2	潭	Yuemeitan
2	街	Yuemei St.
2	西2路	Yuemei W. 2nd Rd.
3	路	Yuemei W. Rd.
2	路	Yuemei Rd.
3	1段	Sec. 1, Yuemei Rd.
3	2段	Sec. 2, Yuemei Rd.
3	3段	Sec. 3, Yuemei Rd.
2	里	Yuemei Vil.
1	祥路	Yuexiang Rd.
1	福路	Yuefu Rd.
1	美村	Yuemei Vil.
1	興路	Yuexing Rd.
1	記街	Yueji St.
0	有光路	Youguang Rd.
1	恆巷	Youheng Ln.
2	街	Youheng St.
2	路	Youheng Rd.
1	恒街	Youheng St.
1	才	Youcai
2	村	Youcai Vil.
1	木	Youmu
2	里	Youmu Vil.
1	水巷	Youshui Ln.
1	福里	Youfu Vil.
1	謙1路	Youqian 1st Rd.
2	路	Youqian Rd.
0	朕米糕	Zhenmigao
0	朗島	Langdao
2	村	Langdau Vil.
0	望古坑	Wanggukeng
2	村	Wanggu Vil.
1	和巷	Wanghe Ln.
1	嘉	Wangjia
2	村	Wangjia Vil.
1	寮	Wangliao
1	明	Wangming
2	村	Wangming Vil.
1	美村	Wangmei Vil.
1	間1路	Wangjian 1st Rd.
2	2路	Wangjian 2nd Rd.
2	3路	Wangjian 3rd Rd.
2	5路	Wangjian 5th Rd.
2	6路	Wangjian 6th Rd.
2	村	Wangjian Vil.
2	路	Wangjian Rd.
0	朝仁路	Chaoren Rd.
1	元	Chaoyuan
1	北	Chaobei
1	天1街	Chaotian 1st St.
2	2街	Chaotian 2nd St.
2	街	Chaotian St.
1	奉路	Chaofeng Rd.
1	安里	Chau'an Vil.
1	富1街	Chaofu 1st St.
2	2街	Chaofu 2nd St.
2	3街	Chaofu 3rd St.
2	5街	Chaofu 5th St.
2	7街	Chaofu 7th St.
2	路	Chaofu Rd.
1	寧	Chaoning
1	山里	Chaushan Vil.
1	庸路	Chaoyong Rd.
1	德街	Chaode St.
1	新路	Chaoxin Rd.
1	昇1巷	Chaosheng 1st Ln.
2	2巷	Chaosheng 2nd Ln.
2	3巷	Chaosheng 3rd Ln.
2	東路	Chaosheng E. Rd.
2	路	Chaosheng Rd.
1	明路	Chaoming Rd.
1	東	Chaodong
1	棟里	Chaudong Vil.
1	琴路	Chaoqin Rd.
1	福街	Chaofu St.
2	路	Chaofu Rd.
1	興村	Chauxing Vil.
2	路	Chaoxing Rd.
1	英里	Chauying Vil.
1	西	Chaoxi
1	貴1街	Chaogui 1st St.
2	路	Chaogui Rd.
1	陽	Chaoyang
2	1巷	Chaoyang 1st Ln.
2	2巷	Chaoyang 2nd Ln.
2	3巷	Chaoyang 3rd Ln.
2	巷	Chaoyang Ln.
2	村	Chauyang Vil.
2	街	Chaoyang St.
3	1段	Sec. 1, Chaoyang St.
3	2段	Sec. 2, Chaoyang St.
3	五柳巷	Wuliu Ln., Chaoyang St.
3	居易巷	Juyi Ln., Chaoyang St.
3	東坡巷	Dongpo Ln., Chaoyang St.
2	路	Chaoyang Rd.
2	里	Chauyang Vil.
1	隆路	Chaolong Rd.
1	雲巷	Chauyun Ln.
1	馬1街	Chaoma 1st St.
2	2街	Chaoma 2nd St.
2	3街	Chaoma 3rd St.
2	5街	Chaoma 5th St.
2	6街	Chaoma 6th St.
2	7街	Chaoma 7th St.
2	路	Chaoma Rd.
1	鳳街	Chaofeng St.
2	路	Chaofeng Rd.
0	木坑	Mukeng
1	屐寮	Mujiliao
1	履寮	Mululiao
1	新村	Muxin Vil.
2	路	Muxin Rd.
3	2段	Sec. 2, Muxin Rd.
3	3段	Sec. 3, Muxin Rd.
2	里	Muxin Vil.
1	柵	Muzha
2	寮	Muzhaliao
2	村	Muzha Vil.
2	港東路	Muzhagang E. Rd.
3	西路	Muzhagang W. Rd.
2	路1段	Sec. 1, Muzha Rd.
3	2段	Sec. 2, Muzha Rd.
3	3段	Sec. 3, Muzha Rd.
3	4段	Sec. 4, Muzha Rd.
3	5段	Sec. 5, Muzha Rd.
2	里	Muzha Vil.
1	梓村	Muzi Vil.
1	榮里	Murong Vil.
1	橋路	Muqiao Rd.
1	瓜坑	Muguakeng
1	盛里	Musheng Vil.
1	蘭巷	Mulan Ln.
1	鐸山	Muduoshan
0	本上里	Benshang Vil.
1	元里	Benyuan Vil.
1	協	Benxie
1	厝村	Bencuo Vil.
1	原街1段	Sec. 1, Benyuan St.
3	2段	Sec. 2, Benyuan St.
3	3段	Sec. 3, Benyuan St.
1	和街	Benhe St.
2	里	Benhe Vil.
1	堂村	Bentang Vil.
1	安里	Ben'an Vil.
1	工1路	Bengong 1st Rd.
2	2路	Bengong 2nd Rd.
2	3路	Bengong 3rd Rd.
2	5路	Bengong 5th Rd.
2	6路	Bengong 6th Rd.
2	7路	Bengong 7th Rd.
2	南1路	Bengong S. 1st Rd.
3	2路	Bengong S. 2nd Rd.
2	東1路	Bengong E. 1st Rd.
3	2路	Bengong E. 2nd Rd.
2	環北路	Bengonghuan N. Rd.
3	東路	Bengonghuan E. Rd.
3	西路	Bengonghuan W. Rd.
2	西1路	Bengong W. 1st Rd.
3	2路	Bengong W. 2nd Rd.
3	3路	Bengong W. 3rd Rd.
3	路	Bengong W. Rd.
2	路	Bengong Rd.
1	庄街	Benzhuang St.
1	廳	Benting
1	揚里	Benyang Vil.
1	文里	Benwen Vil.
1	昌巷	Benchang Ln.
2	路	Benchang Rd.
1	松街	Bensong St.
1	武里	Benwu Vil.
1	洲1街	Benzhou 1st St.
2	2街	Benzhou 2nd St.
2	3街	Benzhou 3rd St.
2	5街	Benzhou 5th St.
2	6街	Benzhou 6th St.
2	路	Benzhou Rd.
2	里	Benzhou Vil.
1	淵1街	Benyuan 1st St.
2	路	Benyuan Rd.
1	源	Benyuan
1	漁路	Benyu Rd.
1	田路1段	Sec. 1, Bentian Rd.
3	2段	Sec. 2, Bentian Rd.
3	3段	Sec. 3, Bentian Rd.
1	福村	Benfu Vil.
1	興路	Benxing Rd.
1	華路	Benhua Rd.
1	街	Ben St.
2	1巷	Benjie 1st Ln.
2	中正1巷	Zhongzheng 1st Ln., Ben St.
4	2巷	Zhongzheng 2nd Ln., Ben St.
4	3巷	Zhongzheng 3rd Ln., Ben St.
2	匠寮前巷	Jiangliao Front Ln., Ben St.
4	巷	Jiangliao Ln., Ben St.
4	後巷	Jiangliao Back Ln., Ben St.
2	南片巷	Nanpian Ln., Ben St.
2	鯉魚1巷	Liyu 1st Ln., Ben St.
4	巷	Liyu Ln., Ben St.
1	部落	Ben Tribe
1	鄉村	Benxiang Vil.
1	館橫巷	Benguan Side Ln.
2	路	Benguan Rd.
3	文昌巷	Wenchang Ln., Benguan Rd.
4	明巷	Wenming Ln., Benguan Rd.
3	橫巷	Side Ln., Benguan Rd.
3	立人巷	Liren Ln., Benguan Rd.
4	德巷	Lide Ln., Benguan Rd.
4	志巷	Lizhi Ln., Benguan Rd.
4	言巷	Liyan Ln., Benguan Rd.
2	里	Benguan Vil.
0	朱園里	Zhuyuan Vil.
1	崙街	Zhulun St.
2	里	Zhulun Vil.
1	文里	Zhuwen Vil.
1	昌里	Zhuchang Vil.
1	馥里	Zhufu Vil.
0	朴子1路	Puzi 1st Rd.
2	2街	Puzi 2nd St.
2	3路	Puzi 3rd Rd.
2	5路	Puzi 5th Rd.
2	6路	Puzi 6th Rd.
2	7路	Puzi 7th Rd.
2	埔	Puzipu
2	工業區1街	1st St.Puzi Industrial Park
5	2街	2nd St.Puzi Industrial Park
5	3街	3rd St.Puzi Industrial Park
5	4街	4th St.Puzi Industrial Park
5	5街	5th St.Puzi Industrial Park
5	6街	6th St.Puzi Industrial Park
5	橫1街	Heng 1st St., Puzi Industrial Park
6	2街	Heng 2nd St., Puzi Industrial Park
6	3街	Heng 3rd St., Puzi Industrial Park
2	街	Puzi St.
2	里	Puzi Vil.
1	東1街	Pudong 1st St.
2	2街	Pudong 2nd St.
2	3街	Pudong 3rd St.
0	杉原	Shanyuan
1	板路	Shanban Rd.
1	林村	Shanlin Vil.
1	福村	Shanfu Vil.
1	美路1段	Sec. 1, Shanmei Rd.
3	2段	Sec. 2, Shanmei Rd.
1	行街	Shanxing St.
0	李厝	Licuo
2	巷	Licuo Ln.
2	路	Licuo Rd.
1	棟山	Lidongshan
1	洲路	Lizhou Rd.
1	茂岸	Limao'an
0	杏林1路	Xinglin 1st Rd.
2	2路	Xinglin 2nd Rd.
2	3路	Xinglin 3rd Rd.
2	巷	Xinglin Ln.
2	街	Xinglin St.
2	路	Xinglin Rd.
2	里	Xinglin Vil.
0	村	Cun
1	上村	Cunshang Vil.
1	中1巷	Cunzhong 1st Ln.
2	2巷	Cunzhong 2nd Ln.
2	巷	Cunzhong Ln.
2	路	Cunzhong Rd.
1	南路	Cunnan Rd.
1	外路	Cunwai Rd.
1	市路	Cunshi Rd.
1	東1巷	Cundong 1st Ln.
2	路	Cundong Rd.
1	民巷	Cunmin Ln.
1	西巷	Cunxi Ln.
2	路	Cunxi Rd.
1	里	Cun Vil.
1	頭巷	Cuntou Ln.
0	杜崙巷	Dulun Ln.
1	石地	Dushidi
1	聚里	Duju Vil.
0	杞林路	Qilin Rd.
0	杭內	Hangnei
1	州1街	Hangzhou 1st St.
2	3街	Hangzhou 3rd St.
2	4街	Hangzhou 4th St.
2	5街	Hangzhou 5th St.
2	6街	Hangzhou 6th St.
2	北路	Hangzhou N. Rd.
2	南路1段	Sec. 1, Hangzhou S. Rd.
4	2段	Sec. 2, Hangzhou S. Rd.
2	東街	Hangzhou E. St.
2	街	Hangzhou St.
2	西街	Hangzhou W. St.
2	路	Hangzhou Rd.
1	頭巷	Hangtou Ln.
0	東11街	E. 11th St.
2	2街	E. 12th St.
2	3街	E. 13th St.
2	4街	E. 14th St.
2	5街	E. 15th St.
2	巷	E. 1st Ln.
2	街	E. 1st St.
2	路	E. 1st Rd.
1	2巷	E. 2nd Ln.
2	街	E. 2nd St.
2	路	E. 2nd Rd.
1	3巷	E. 3rd Ln.
2	街	E. 3rd St.
1	4街	E. 4th St.
1	5巷	E. 5th Ln.
2	街	E. 5th St.
2	路	E. 5th Rd.
1	6街	E. 6th St.
2	路	E. 6th Rd.
1	7街	E. 7th St.
2	路	E. 7th Rd.
1	8街	E. 8th St.
2	路	E. 8th Rd.
1	9街	E. 9th St.
1	三湖	Dongsanhu
1	丘里	Dongqiu Vil.
1	中村	Dongzhong Vil.
1	亞南路	Dongya S. Rd.
2	路	Dongya Rd.
1	仁街	Dongren St.
2	路	Dongren Rd.
2	里	Dongren Vil.
1	佃	Dongdian
1	佳路	Dongjia Rd.
1	信街	Dongxin St.
2	路	Dongxin Rd.
2	里	Dongxin Vil.
1	光	Dongguang
2	1街	Dongguang 1st St.
2	2街	Dongguang 2nd St.
2	3街	Dongguang 3rd St.
2	5街	Dongguang 5th St.
2	6街	Dongguang 6th St.
2	7街	Dongguang 7th St.
2	8街	Dongguang 8th St.
2	園路	Dongguangyuan Rd.
2	村	Dongguang Vil.
2	東街	Dongguang E. St.
2	街	Dongguang St.
2	路	Dongguang Rd.
3	1段	Sec. 1, Dongguang Rd.
3	2段	Sec. 2, Dongguang Rd.
2	里	Dongguang Vil.
1	全路	Dongquan Rd.
1	利路	Dongli Rd.
1	前巷	Dongqian Ln.
2	街	Dongqian St.
1	勇1路	Dongyong 1st Rd.
2	2路	Dongyong 2nd Rd.
2	北路	Dongyong N. Rd.
2	街	Dongyong St.
1	勝巷	Dongsheng Ln.
2	路	Dongsheng Rd.
1	勢	Dongshi
2	埔	Dongshipu
2	宅	Dongshizhai
2	寮	Dongshiliao
2	巷	Dongshi Ln.
2	村	Dongshi Vil.
2	東路	Dongshi E. Rd.
2	格	Dongshige
2	湖	Dongshihu
2	窩	Dongshiwo
2	街	Dongshi St.
2	西路	Dongshi W. Rd.
2	路	Dongshi Rd.
2	里	Dongshi Vil.
3	中正巷	Zhongzheng Ln., Dongshi Vil.
3	光復巷	Guangfu Ln., Dongshi Vil.
3	東勢	Dongshi, Dongshi Vil.
3	農場巷	Nongchang Ln., Dongshi Vil.
1	北巷	Dongbei Ln.
2	村	Dongbei Vil.
2	灣	Dongbeiwan
2	街	Dongbei St.
2	里	Dongbei Vil.
1	十街	E. 10th St.
1	南1巷	Dongnan 1st Ln.
2	2巷	Dongnan 2nd Ln.
2	5街	Dongnan 5th St.
2	7街	Dongnan 7th St.
2	巷	Dongnan Ln.
2	村	Dongnan Vil.
2	街	Dongnan St.
2	路	Dongnan Rd.
3	東中巷	Dongzhong Ln., Dongnan Rd.
2	里	Dongnan Vil.
1	厝巷	Dongcuo Ln.
2	路	Dongcuo Rd.
1	原村	Dongyuan Vil.
2	路	Dongyuan Rd.
1	口村	Dongkou Vil.
1	吉	Dongji
2	村	Dongji Vil.
1	和	Donghe
2	巷	Donghe Ln.
2	村	Donghe Vil.
2	街	Donghe St.
2	路	Donghe Rd.
2	里	Donghe Vil.
3	斗苑路	Douyuan Rd., Donghe Vil.
1	噴里	Dongpen Vil.
1	國街	Dongguo St.
1	園1街	Dongyuan 1st St.
2	2街	Dongyuan 2nd St.
3	路	Dongyuan 2nd Rd.
2	3街	Dongyuan 3rd St.
2	巷	Dongyuan Ln.
2	村	Dongyuan Vil.
2	街	Dongyuan St.
2	路	Dongyuan Rd.
2	里	Dongyuan Vil.
1	圳巷	Dongzun Ln.
1	坑	Dongkeng
2	1路	Dongkeng 1st Rd.
2	2路	Dongkeng 2nd Rd.
2	路	Dongkeng Rd.
3	中和巷	Zhonghe Ln., Dongkeng Rd.
3	東福巷	Dongfu Ln., Dongkeng Rd.
3	石麻巷	Shima Ln., Dongkeng Rd.
3	西盛巷	Xisheng Ln., Dongkeng Rd.
1	坡街	Dongpo St.
2	路	Dongpo Rd.
2	里	Dongpo Vil.
1	坪村	Dongping Vil.
2	街	Dongping St.
1	城村	Dongcheng Vil.
3	東平路	Dongping Rd., Dongcheng Vil.
2	路	Dongcheng Rd.
1	埔	Dongpu
2	村	Dongpu Vil.
2	蚋路	Dongpurui Rd.
2	里	Dongpu Vil.
1	堡	Dongbao
1	墩里	Dongdun Vil.
1	壁村	Dongbi Vil.
1	壘巷	Donglei Ln.
2	路	Donglei Rd.
1	外環路1段	Sec. 1, Dongwaihuan Rd.
4	2段	Sec. 2, Dongwaihuan Rd.
1	大街	Dongda St.
2	路	Dongda Rd.
3	1段	Sec. 1, Dongda Rd.
3	2段	Sec. 2, Dongda Rd.
3	3段	Sec. 3, Dongda Rd.
3	4段	Sec. 4, Dongda Rd.
1	學街	Dongxue St.
2	路	Dongxue Rd.
1	宅巷	Dongzhai Ln.
1	安寮	Dong'anliao
2	庄	Dong'anzhuang
2	村	Dong'an Vil.
3	望安	Wang'an, Dong'an Vil.
2	街	Dong'an St.
2	路	Dong'an Rd.
2	里	Dong'an Vil.
1	宜1路	Dongyi 1st Rd.
2	2路	Dongyi 2nd Rd.
2	3路	Dongyi 3rd Rd.
2	4路	Dongyi 4th Rd.
1	富村	Dongfu Vil.
2	街	Dongfu St.
2	路	Dongfu Rd.
1	寧	Dongning
2	巷	Dongning Ln.
2	村	Dongning Vil.
2	路	Dongning Rd.
3	1段	Sec. 1, Dongning Rd.
3	2段	Sec. 2, Dongning Rd.
3	3段	Sec. 3, Dongning Rd.
3	西段	Sec. W., Dongning Rd.
2	里	Dongning Vil.
1	寮	Dongliao
2	里	Dongliau Vil.
1	寶村	Dongbau Vil.
1	屯里	Dongtun Vil.
1	山	Dongshan
2	1路	Dongshan 1st Rd.
2	2路	Dongshan 2nd Rd.
2	3路	Dongshan 3rd Rd.
2	5路	Dongshan 5th Rd.
2	中路	Dongshan Central Rd.
2	前	Dongshanqian
2	巷	Dongshan Ln.
2	市場	Dongshan Market
2	村	Dongshan Vil.
2	街	Dongshan St.
2	路	Dongshan Rd.
3	1段	Sec. 1, Dongshan Rd.
5	倡和巷	Changhe Ln., Sec. 1, Dongshan Rd.
5	東興巷	Dongxing Ln., Sec. 1, Dongshan Rd.
5	長安巷	Chang'an Ln., Sec. 1, Dongshan Rd.
4	街	1st St., Dongshan Rd.
3	2段	Sec. 2, Dongshan Rd.
5	中興巷	Zhongxing Ln., Sec. 2, Dongshan Rd.
5	貴城巷	Guicheng Ln., Sec. 2, Dongshan Rd.
3	仁德巷	Rende Ln., Dongshan Rd.
3	吉富巷	Jifu Ln., Dongshan Rd.
4	祥巷	Jixiang Ln., Dongshan Rd.
3	橫1巷	Side 1st Ln., Dongshan Rd.
3	湧泉巷	Yongquan Ln., Dongshan Rd.
3	白宮巷	Baigong Ln., Dongshan Rd.
3	自強巷	Ziqiang Ln., Dongshan Rd.
2	里	Dongshan Vil.
1	岳村	Dongyue Vil.
2	路	Dongyue Rd.
1	峰街	Dongfeng St.
2	路	Dongfeng Rd.
1	崎1巷	Dongqi 1st Ln.
2	2巷	Dongqi 2nd Ln.
2	3巷	Dongqi 3rd Ln.
2	4巷	Dongqi 4th Ln.
2	5巷	Dongqi 5th Ln.
2	6巷	Dongqi 6th Ln.
2	7巷	Dongqi 7th Ln.
2	巷	Dongqi Ln.
2	街	Dongqi St.
2	路	Dongqi Rd.
3	1段	Sec. 1, Dongqi Rd.
5	天嶺巷	Tianling Ln., Sec. 1, Dongqi Rd.
5	桃山巷	Taoshan Ln., Sec. 1, Dongqi Rd.
5	竹林巷	Zhulin Ln., Sec. 1, Dongqi Rd.
5	育英巷	Yuying Ln., Sec. 1, Dongqi Rd.
5	香川巷	Xiangchuan Ln., Sec. 1, Dongqi Rd.
3	2段	Sec. 2, Dongqi Rd.
5	三叉巷	Sancha Ln., Sec. 2, Dongqi Rd.
5	扶輪巷	Fulun Ln., Sec. 2, Dongqi Rd.
5	烏石巷	Wushi Ln., Sec. 2, Dongqi Rd.
3	3段	Sec. 3, Dongqi Rd.
3	4段	Sec. 4, Dongqi Rd.
3	5段	Sec. 5, Dongqi Rd.
5	雪山一村	Xueshan 1st Vil., Sec. 5, Dongqi Rd.
2	里	Dongqi Vil.
2	頂	Dongqiding
2	頭	Dongqitou
1	崙1街	Donglun 1st St.
2	村	Donglun Vil.
1	嶺頂	Donglingding
1	嶼坪	Dongyuping
1	川巷	Dongchuan Ln.
2	路	Dongchuan Rd.
3	1段	Sec. 1, Dongchuan Rd.
2	里	Dongchuan Vil.
1	州巷	Dongzhou Ln.
2	村	Dongzhou Vil.
3	太平路	Taiping Rd., Dongzhou Vil.
2	路	Dongzhou Rd.
1	工南1路	Donggong S. 1st Rd.
1	巷	E. Ln.
1	市場	E. Market
3	2樓	2 F, E. Market
1	平巷	Dongping Ln.
2	村	Dongping Vil.
2	街	Dongping St.
2	路	Dongping Rd.
2	里	Dongping Vil.
1	庄	Dongzhuang
2	村	Dongzhuang Vil.
2	路	Dongzhuang Rd.
2	里	Dongzhuang Vil.
1	店	Dongdian
1	府街	Dongfu St.
1	建路	Dongjian Rd.
1	彰北路	Dongzhang N. Rd.
2	南路	Dongzhang S. Rd.
2	路5段	Sec. 5, Dongzhang Rd.
3	6段	Sec. 6, Dongzhang Rd.
3	7段	Sec. 7, Dongzhang Rd.
3	8段	Sec. 8, Dongzhang Rd.
3	9段	Sec. 9, Dongzhang Rd.
1	後寮	Donghouliao
2	巷	Donghou Ln.
2	街	Donghou St.
3	東後巷	Donghou Ln., Donghou St.
1	復興	Dongfuxing
1	德街	Dongde St.
1	愛街	Dong'ai St.
1	成	Dongcheng
2	1街	Dongcheng 1st St.
2	2街	Dongcheng 2nd St.
2	3街	Dongcheng 3rd St.
2	街	Dongcheng St.
2	路	Dongcheng Rd.
1	振村	Dongzhen Vil.
3	和平巷	Heping Ln., Dongzhen Vil.
1	文澳	Dongwen'ao
2	街	Dongwen St.
2	里	Dongwen Vil.
1	斗路	Dongdou Rd.
1	新巷	Dongxin Ln.
2	街	Dongxin St.
2	路	Dongxin Rd.
3	1段	Sec. 1, Dongxin Rd.
3	2段	Sec. 2, Dongxin Rd.
3	3段	Sec. 3, Dongxin Rd.
2	里	Dongxin Vil.
1	方1巷	Dongfang 1st Ln.
3	街	Dongfang 1st St.
2	2巷	Dongfang 2nd Ln.
3	街	Dongfang 2nd St.
2	3街	Dongfang 3rd St.
2	4街	Dongfang 4th St.
2	大鎮	Dongfang Dazhen
2	巷	Dongfang Ln.
2	球場路	Dongfangqiuchang Rd.
2	街	Dongfang St.
2	路	Dongfang Rd.
3	1段	Sec. 1, Dongfang Rd.
1	昇1街	Dongsheng 1st St.
2	2街	Dongsheng 2nd St.
2	3街	Dongsheng 3rd St.
2	5街	Dongsheng 5th St.
2	7街	Dongsheng 7th St.
2	8街	Dongsheng 8th St.
2	村	Dongsheng Vil.
2	街	Dongsheng St.
2	路	Dongsheng Rd.
2	里	Dongsheng Vil.
1	昌巷	Dongchang Ln.
2	村	Dongchang Vil.
2	街	Dongchang St.
2	路	Dongchang Rd.
2	里	Dongchang Vil.
1	明	Dongming
2	1街	Dongming 1st St.
2	2街	Dongming 2nd St.
2	3街	Dongming 3rd St.
2	巷	Dongming Ln.
2	村	Dongming Vil.
2	街	Dongming St.
2	路	Dongming Rd.
2	里	Dongming Vil.
1	晉11街	Dongjin 11th St.
3	街	Dongjin 1st St.
2	2街	Dongjin 2nd St.
2	3街	Dongjin 3rd St.
2	5街	Dongjin 5th St.
2	8街	Dongjin 8th St.
2	東路	Dongjin E. Rd.
2	街	Dongjin St.
2	路	Dongjin Rd.
3	三和巷	Sanhe Ln., Dongjin Rd.
3	六福巷	Liufu Ln., Dongjin Rd.
3	清雲巷	Qingyun Ln., Dongjin Rd.
1	智街	Dongzhi St.
2	里	Dongzhi Vil.
1	木	Dongmu
1	村	Dong Vil.
2	12街	Dongcun 12th St.
2	3街	Dongcun 3rd St.
2	6街	Dongcun 6th St.
2	8街	Dongcun 8th St.
2	東江	Dongcundongjiang
2	路	Dongcun Rd.
2	里	Dongcun Vil.
1	林	Donglin
2	2街	Donglin 2nd St.
2	北街	Donglin N. St.
2	村	Donglin Vil.
2	東路	Donglin E. Rd.
2	街	Donglin St.
2	西路	Donglin W. Rd.
2	路	Donglin Rd.
3	明德巷	Mingde Ln., Donglin Rd.
3	通黃巷	Tonghuang Ln., Donglin Rd.
2	里	Donglin Vil.
1	格巷	Dongge Ln.
1	桃路	Dongtao Rd.
1	森路	Dongsen Rd.
1	椗	Dongding
1	楊路	Dongyang Rd.
1	榮巷	Dongrong Ln.
2	村	Dongrong Vil.
2	街	Dongrong St.
2	路	Dongrong Rd.
3	1段	Sec. 1, Dongrong Rd.
3	2段	Sec. 2, Dongrong Rd.
2	里	Dongrong Vil.
1	橋12街	Dongqiao 12th St.
3	路	Dongqiao 1st Rd.
2	2街	Dongqiao 2nd St.
2	3路	Dongqiao 3rd Rd.
2	5路	Dongqiao 5th Rd.
2	6街	Dongqiao 6th St.
2	7路	Dongqiao 7th Rd.
2	8街	Dongqiao 8th St.
2	十街	Dongqiao 10th St.
2	里	Dongqiao Vil.
1	橫巷	Dongheng Ln.
1	欣三屯	Dongxin 3rd Vil.
2	四屯	Dongxin 4th Vil.
2	路	Dongxin Rd.
1	正村	Dongzheng Vil.
1	民1街	Dongmin 1st St.
2	2街	Dongmin 2nd St.
2	3街	Dongmin 3rd St.
2	5街	Dongmin 5th St.
2	6街	Dongmin 6th St.
2	街	Dongmin St.
2	路	Dongmin Rd.
1	汕村	Dongshan Vil.
2	路	Dongshan Rd.
1	江新屯	Dongjiang New Vil.
1	池村	Dongchi Vil.
1	汴村	Dongbian Vil.
2	里	Dongbian Vil.
1	沙	Dongsha
2	尾	Dongshawei
1	河	Donghe
2	村	Donghe Vil.
1	泰1街	Dongtai 1st St.
2	2街	Dongtai 2nd St.
2	3街	Dongtai 3rd St.
2	5街	Dongtai 5th St.
2	7街	Dongtai 7th St.
2	8街	Dongtai 8th St.
2	9街	Dongtai 9th St.
2	街	Dongtai St.
2	路	Dongtai Rd.
1	洋新屯	Dongyang New Vil.
2	路	Dongyang Rd.
1	津1路	Dongjin 1st Rd.
2	2路	Dongjin 2nd Rd.
2	路	Dongjin Rd.
1	洲	Dongzhou
2	1街	Dongzhou 1st St.
2	2街	Dongzhou 2nd St.
2	3街	Dongzhou 3rd St.
2	路	Dongzhou Rd.
1	流里	Dongliu Vil.
1	海11街	Donghai 11th St.
3	3街	Donghai 13th St.
3	4街	Donghai 14th St.
3	5街	Donghai 15th St.
3	街	Donghai 1st St.
2	2街	Donghai 2nd St.
2	3街	Donghai 3rd St.
2	4街	Donghai 4th St.
2	5街	Donghai 5th St.
2	6街	Donghai 6th St.
2	7街	Donghai 7th St.
2	8街	Donghai 8th St.
2	十街	Donghai 10th St.
2	村	Donghai Vil.
2	街	Donghai St.
2	路	Donghai Rd.
2	里	Donghai Vil.
1	清	Dongqing
2	村	Dongqing Vil.
1	港	Donggang
2	村	Donggang Vil.
3	東勢路	Dongshi Rd., Donggang Vil.
2	街	Donggang St.
2	路1段	Sec. 1, Donggang Rd.
3	2段	Sec. 2, Donggang Rd.
2	里	Donggang Vil.
1	湖	Donghu
2	1街	Donghu 1st St.
2	仔	Donghuzai
2	村	Donghu Vil.
2	街1段	Sec. 1, Donghu St.
3	2段	Sec. 2, Donghu St.
2	路	Donghu Rd.
2	里	Donghu Vil.
1	湳里	Dongnan Vil.
1	源村	Dongyuan Vil.
2	路	Dongyuan Rd.
2	里	Dongyuan Vil.
1	溪	Dongxi
2	尾	Dongxiwei
2	山莊	Dongxi Villa
2	巷	Dongxi Ln.
2	洲	Dongxizhou
2	路	Dongxi Rd.
2	里	Dongxi Vil.
1	漢街	Donghan St.
1	潤路	Dongrun Rd.
1	潭路	Dongtan Rd.
1	澳	Dong'ao
2	路	Dong'ao Rd.
2	里	Dong'ao Vil.
1	濱街	Dongbin St.
1	瀛里	Dongying Vil.
1	灣里	Dongwan Vil.
1	燕村	Dongyan Vil.
1	片村	Dongpian Vil.
1	珩	Dongheng
1	環街	Donghuan St.
2	路	Donghuan Rd.
3	1段	Sec. 1, Donghuan Rd.
3	2段	Sec. 2, Donghuan Rd.
3	3段	Sec. 3, Donghuan Rd.
1	田洋	Dongtianyang
2	街	Dongtian St.
1	畔路	Dongpan Rd.
1	發路	Dongfa Rd.
1	盛	Dongsheng
2	街	Dongsheng St.
2	路	Dongsheng Rd.
1	眼	Dongyan
1	石	Dongshi
2	巷	Dongshi Ln.
2	村	Dongshi Vil.
2	里	Dongshi Vil.
1	碇路	Dongding Rd.
1	社	Dongshe
2	路	Dongshe Rd.
3	東社巷	Dongshe Ln., Dongshe Rd.
2	里	Dongshe Vil.
1	祥路	Dongxiang Rd.
1	福1街	Dongfu 1st St.
2	2街	Dongfu 2nd St.
2	巷	Dongfu Ln.
2	街	Dongfu St.
2	路	Dongfu Rd.
3	1段	Sec. 1, Dongfu Rd.
3	2段	Sec. 2, Dongfu Rd.
3	3段	Sec. 3, Dongfu Rd.
1	科1街	Dongke 1st St.
2	3路	Dongke 3rd Rd.
2	5街	Dongke 5th St.
2	6街	Dongke 6th St.
2	7街	Dongke 7th St.
2	9街	Dongke 9th St.
2	路	Dongke Rd.
1	站巷	Dongzhan Ln.
1	竹	Dongzhu
2	圍	Dongzhuwei
2	林	Dongzhulin
2	路	Dongzhu Rd.
1	糖街	Dongtang St.
1	美1街	Dongmei 1st St.
2	2街	Dongmei 2nd St.
2	巷	Dongmei Ln.
2	街	Dongmei St.
2	路	Dongmei Rd.
1	義	Dongyi
2	街	Dongyi St.
2	路	Dongyi Rd.
1	耕	Donggeng
1	聖里	Dongsheng Vil.
1	自助新村	Dongzizhu New Vil.
1	興	Dongxing
2	11街	Dongxing 11th St.
3	2街	Dongxing 12th St.
3	街	Dongxing 1st St.
3	路	Dongxing 1st Rd.
2	2街	Dongxing 2nd St.
2	3街	Dongxing 3rd St.
2	4街	Dongxing 4th St.
2	5街	Dongxing 5th St.
2	6街	Dongxing 6th St.
2	7街	Dongxing 7th St.
2	8街	Dongxing 8th St.
2	9街	Dongxing 9th St.
2	一橫巷	Dongxing 1st Side Ln.
2	別墅	Dongxing Villa
2	十街	Dongxing 10th St.
2	巷	Dongxing Ln.
2	市場	Dongxing Market
2	新屯	Dongxing New Vil.
2	村	Dongxing Vil.
3	共榮巷	Gongrong Ln., Dongxing Vil.
3	永豐巷	Yongfeng Ln., Dongxing Vil.
2	東街	Dongxing E. St.
2	街	Dongxing St.
2	西街	Dongxing W. St.
2	路	Dongxing Rd.
3	1段	Sec. 1, Dongxing Rd.
3	2段	Sec. 2, Dongxing Rd.
3	3段	Sec. 3, Dongxing Rd.
2	里	Dongxing Vil.
1	舊路坑	Dongjiulukeng
3	街	Dongjiulu St.
1	芝路	Dongzhi Rd.
3	1段	Sec. 1, Dongzhi Rd.
1	芳里	Dongfang Vil.
1	英11街	Dongying 11th St.
3	2街	Dongying 12th St.
3	3街	Dongying 13th St.
3	4街	Dongying 14th St.
3	5街	Dongying 15th St.
3	6街	Dongying 16th St.
3	7街	Dongying 17th St.
3	街	Dongying 1st St.
2	2街	Dongying 2nd St.
2	3街	Dongying 3rd St.
2	5街	Dongying 5th St.
2	6街	Dongying 6th St.
2	7街	Dongying 7th St.
2	8街	Dongying 8th St.
2	9街	Dongying 9th St.
2	十街	Dongying 10th St.
2	路	Dongying Rd.
1	華	Donghua
2	巷	Donghua Ln.
2	街	Donghua St.
3	1段	Sec. 1, Donghua St.
3	2段	Sec. 2, Donghua St.
2	路	Donghua Rd.
2	里	Donghua Vil.
1	萊路	Donglai Rd.
1	萬壽路	Dongwanshou Rd.
1	蕭	Dongxiao
1	蘭路	Donglan Rd.
3	永盛巷	Yongsheng Ln., Donglan Rd.
3	石排巷	Shipai Ln., Donglan Rd.
3	西門巷	Ximen Ln., Donglan Rd.
1	衛	Dongwei
2	里	Dongwei Vil.
1	西11路	Dongxi 11th Rd.
3	2路	Dongxi 12th Rd.
3	3路	Dongxi 13th Rd.
3	4路	Dongxi 14th Rd.
3	5路	Dongxi 15th Rd.
3	7路	Dongxi 17th Rd.
3	8路	Dongxi 18th Rd.
3	路	Dongxi 1st Rd.
2	2路	Dongxi 2nd Rd.
2	3路	Dongxi 3rd Rd.
2	4路	Dongxi 4th Rd.
4	1段	Sec. 1, Dongxi 4th Rd.
4	2段	Sec. 2, Dongxi 4th Rd.
2	5路	Dongxi 5th Rd.
4	1段	Sec. 1, Dongxi 5th Rd.
4	2段	Sec. 2, Dongxi 5th Rd.
2	6路	Dongxi 6th Rd.
4	1段	Sec. 1, Dongxi 6th Rd.
4	2段	Sec. 2, Dongxi 6th Rd.
2	7路	Dongxi 7th Rd.
4	1段	Sec. 1, Dongxi 7th Rd.
4	2段	Sec. 2, Dongxi 7th Rd.
2	8路	Dongxi 8th Rd.
4	1段	Sec. 1, Dongxi 8th Rd.
4	2段	Sec. 2, Dongxi 8th Rd.
2	9路	Dongxi 9th Rd.
2	十路	Dongxi 10th Rd.
2	巷	Dongxi Ln.
2	村	Dongxi Vil.
2	路	Dongxi Rd.
1	觀路	Dongguan Rd.
1	角路	Dongjiao Rd.
2	里	Dongjiau Vil.
1	谷路	Donggu Rd.
1	豐巷	Dongfeng Ln.
2	街	Dongfeng St.
2	路	Dongfeng Rd.
3	福林巷	Fulin Ln., Dongfeng Rd.
2	里	Dongfeng Vil.
1	貫路	Dongguan Rd.
1	賢街	Dongxian St.
1	赤路	Dongchi Rd.
1	路	E. Rd.
2	巷	Donglu Ln.
2	街	Donglu St.
2	里	Donglu Vil.
1	進巷	Dongjin Ln.
2	路	Dongjin Rd.
1	過村	Dongguo Vil.
1	部落	E. Tribe
1	都街	Dongdu St.
1	鄉路	Dongxiang Rd.
3	東明巷	Dongming Ln., Dongxiang Rd.
1	里11街	Dongli 11th St.
3	2街	Dongli 12th St.
3	4街	Dongli 14th St.
3	5街	Dongli 15th St.
3	街	Dongli 1st St.
2	2街	Dongli 2nd St.
2	3街	Dongli 3rd St.
2	4街	Dongli 4th St.
2	5街	Dongli 5th St.
2	7街	Dongli 7th St.
2	8街	Dongli 8th St.
2	9街	Dongli 9th St.
2	十街	Dongli 10th St.
2	村	Dongli Vil.
3	復興	Fuxing, Dongli Vil.
2	路	Dongli Rd.
1	野里	Dongye Vil.
1	金巷	Dongjin Ln.
2	里	Dongjin Vil.
1	銀街	Dongyin St.
1	銘巷	Dongming Ln.
1	鎮路	Dongzhen Rd.
1	門南街	Dongmen S. St.
2	巷	Dongmen Ln.
2	市場	Dongmen Market
2	村	Dongmen Vil.
2	街	Dongmen St.
2	路	Dongmen Rd.
3	1段	Sec. 1, Dongmen Rd.
3	2段	Sec. 2, Dongmen Rd.
3	3段	Sec. 3, Dongmen Rd.
2	里	Dongmen Vil.
1	閔路	Dongmin Rd.
3	1段	Sec. 1, Dongmin Rd.
3	2段	Sec. 2, Dongmin Rd.
3	3段	Sec. 3, Dongmin Rd.
1	關路	Dongguan Rd.
3	1段	Sec. 1, Dongguan Rd.
5	分校巷	Fenxiao Ln., Sec. 1, Dongguan Rd.
5	十文巷	Shiwen Ln., Sec. 1, Dongguan Rd.
5	堰堤巷	Yanti Ln., Sec. 1, Dongguan Rd.
5	山水巷	Shanshui Ln., Sec. 1, Dongguan Rd.
5	岳武巷	Yuewu Ln., Sec. 1, Dongguan Rd.
5	松鶴1巷	Songhe 1st Ln., Sec. 1, Dongguan Rd.
7	2巷	Songhe 2nd Ln., Sec. 1, Dongguan Rd.
7	3巷	Songhe 3rd Ln., Sec. 1, Dongguan Rd.
5	林場巷	Linchang Ln., Sec. 1, Dongguan Rd.
5	溫泉巷	Wenquan Ln., Sec. 1, Dongguan Rd.
5	營前巷	Yingqian Ln., Sec. 1, Dongguan Rd.
5	臺電前巷	Taidian Front Ln., Sec. 1, Dongguan Rd.
7	巷	Taidian Ln., Sec. 1, Dongguan Rd.
5	裡冷巷	Lileng Ln., Sec. 1, Dongguan Rd.
5	電廠巷	Dianchang Ln., Sec. 1, Dongguan Rd.
3	2段	Sec. 2, Dongguan Rd.
5	三民巷	Sanmin Ln., Sec. 2, Dongguan Rd.
5	天輪巷	Tianlun Ln., Sec. 2, Dongguan Rd.
5	沙蓮巷	Shalian Ln., Sec. 2, Dongguan Rd.
5	白鹿巷	Bailu Ln., Sec. 2, Dongguan Rd.
3	3段	Sec. 3, Dongguan Rd.
5	和興巷	Hexing Ln., Sec. 3, Dongguan Rd.
5	崑崙巷	Kunlun Ln., Sec. 3, Dongguan Rd.
5	鐵坑巷	Tiekeng Ln., Sec. 3, Dongguan Rd.
3	4段	Sec. 4, Dongguan Rd.
3	5段	Sec. 5, Dongguan Rd.
3	6段	Sec. 6, Dongguan Rd.
3	7段	Sec. 7, Dongguan Rd.
3	保安巷	Bao'an Ln., Dongguan Rd.
3	和興巷	Hexing Ln., Dongguan Rd.
3	東興巷	Dongxing Ln., Dongguan Rd.
3	民安巷	Min'an Ln., Dongguan Rd.
3	清平巷	Qingping Ln., Dongguan Rd.
2	里	Dongguan Vil.
1	阿里山	E. Alishan
1	陽巷	Dongyang Ln.
2	街	Dongyang St.
2	路	Dongyang Rd.
3	1段	Sec. 1, Dongyang Rd.
5	土城巷	Tucheng Ln., Sec. 1, Dongyang Rd.
5	大崙巷	Dalun Ln., Sec. 1, Dongyang Rd.
5	安平巷	Anping Ln., Sec. 1, Dongyang Rd.
5	民生巷	Minsheng Ln., Sec. 1, Dongyang Rd.
5	頂崙巷	Dinglun Ln., Sec. 1, Dongyang Rd.
3	2段	Sec. 2, Dongyang Rd.
5	北平巷	Beiping Ln., Sec. 2, Dongyang Rd.
5	南陽巷	Nanyang Ln., Sec. 2, Dongyang Rd.
5	岳陽巷	Yueyang Ln., Sec. 2, Dongyang Rd.
5	新店巷	Xindian Ln., Sec. 2, Dongyang Rd.
5	永吉巷	Yongji Ln., Sec. 2, Dongyang Rd.
6	祥巷	Yongxiang Ln., Sec. 2, Dongyang Rd.
5	開明巷	Kaiming Ln., Sec. 2, Dongyang Rd.
3	太坑巷	Taikeng Ln., Dongyang Rd.
3	山壽巷	Shanshou Ln., Dongyang Rd.
3	泉州巷	Quanzhou Ln., Dongyang Rd.
3	清谷巷	Qinggu Ln., Dongyang Rd.
3	獅座巷	Shizuo Ln., Dongyang Rd.
3	福德巷	Fude Ln., Dongyang Rd.
3	秀坑巷	Xiukeng Ln., Dongyang Rd.
3	豪傑1巷	Haojie 1st Ln., Dongyang Rd.
5	2巷	Haojie 2nd Ln., Dongyang Rd.
2	里	Dongyang Vil.
1	隆街	Donglong St.
2	路	Donglong Rd.
2	里	Donglong Vil.
1	順街	Dongshun St.
2	路	Dongshun Rd.
1	香南街	Dongxiang S. St.
2	巷	Dongxiang Ln.
2	東街	Dongxiang E. St.
2	路1段	Sec. 1, Dongxiang Rd.
3	2段	Sec. 2, Dongxiang Rd.
2	里	Dongxiang Vil.
1	高蚋	Donggaorui
2	街	Donggao St.
1	鶯里	Dongying Vil.
1	龍街	Donglong St.
2	路	Donglong Rd.
3	後街	Hou St., Donglong Rd.
0	杷城里	Pacheng Vil.
0	松1街	Song 1st St.
1	2街	Song 2nd St.
1	3街	Song 3rd St.
1	5街	Song 5th St.
1	6街	Song 6th St.
1	7街	Song 7th St.
1	9街	Song 9th St.
1	中村	Songzhong Vil.
2	路	Songzhong Rd.
1	仁街	Songren St.
2	路	Songren Rd.
1	仔腳	Songzaijiao
1	信1街	Songxin 1st St.
2	2街	Songxin 2nd St.
2	路	Songxin Rd.
1	光街	Songguang St.
2	里	Songguang Vil.
1	全街	Songquan St.
1	勇1街	Songyong 1st St.
2	2街	Songyong 2nd St.
2	3街	Songyong 3rd St.
2	路	Songyong Rd.
1	勤街	Songqin St.
2	路	Songqin Rd.
1	北村	Songbei Vil.
2	路	Songbei Rd.
1	十街	Song 10th St.
1	南街	Songnan St.
1	原巷	Songyuan Ln.
1	友里	Songyou Vil.
1	吉	Songji
1	和街	Songhe St.
2	路	Songhe Rd.
1	園	Songyuan
2	1街	Songyuan 1st St.
3	路	Songyuan 1st Rd.
2	2路	Songyuan 2nd Rd.
2	3路	Songyuan 3rd Rd.
2	6路	Songyuan 6th Rd.
2	8路	Songyuan 8th Rd.
2	街	Songyuan St.
2	路	Songyuan Rd.
1	圳路	Songzun Rd.
1	埔北巷	Songpu N. Ln.
2	南巷	Songpu S. Ln.
2	路	Songpu Rd.
1	基里	Songji Vil.
1	壽路	Songshou Rd.
1	子腳	Songzijiao
1	安街	Song'an St.
2	里	Song'an Vil.
1	富街	Songfu St.
2	路	Songfu Rd.
1	山村	Songshan Vil.
2	街	Songshan St.
3	尾厝巷	Weicuo Ln., Songshan St.
2	路	Songshan Rd.
2	里	Songshan Vil.
1	崗路	Songgang Rd.
1	嶺街	Songling St.
1	平1街	Songping 1st St.
2	2街	Songping 2nd St.
2	3街	Songping 3rd St.
2	街	Songping St.
2	路	Songping Rd.
1	廉路	Songlian Rd.
1	強1街	Songqiang 1st St.
2	2街	Songqiang 2nd St.
2	路	Songqiang Rd.
1	德1街	Songde 1st St.
2	3街	Songde 3rd St.
2	路	Songde Rd.
2	里	Songde Vil.
1	愛街	Song'ai St.
1	文街	Songwen St.
1	旺新村	Songwang New Vil.
1	明街	Songming St.
1	智1街	Songzhi 1st St.
2	2街	Songzhi 2nd St.
2	3街	Songzhi 3rd St.
2	路	Songzhi Rd.
1	村巷	Songcun Ln.
1	東	Songdong
2	巷	Songdong Ln.
2	路	Songdong Rd.
1	林	Songlin
2	巷	Songlin Ln.
2	村	Songlin Vil.
2	街	Songlin St.
2	路	Songlin Rd.
1	柏1街	Songbai 1st St.
2	2街	Songbo 2nd St.
2	3街	Songbo 3rd St.
2	5街	Songbo 5th St.
2	巷	Songbo Ln.
2	村	Songbo Vil.
2	林	Songbolin
2	街	Songbo St.
2	路	Songbo Rd.
2	里	Songbo Vil.
1	槐路	Songhuai Rd.
1	樂街	Songle St.
1	樹	Songshu
2	路	Songshu Rd.
1	正路	Songzheng Rd.
1	江1街	Songjiang 1st St.
2	2街	Songjiang 2nd St.
2	3街	Songjiang 3rd St.
2	北路	Songjiang N. Rd.
4	2段	Sec. 2, Songjiang N. Rd.
2	南路	Songjiang S. Rd.
2	街	Songjiang St.
2	路	Songjiang Rd.
3	1段	Sec. 1, Songjiang Rd.
3	2段	Sec. 2, Songjiang Rd.
2	里	Songjiang Vil.
1	河街	Songhe St.
1	泉巷	Songquan Ln.
1	泰街	Songtai St.
1	浦	Songpu
2	里	Songpu Vil.
1	直街	Songzhi St.
1	福街	Songfu St.
1	竹1路	Songzhu 1st Rd.
2	2路	Songzhu 2nd Rd.
2	3路	Songzhu 3rd Rd.
2	5路1段	Sec. 1, Songzhu 5th Rd.
4	2段	Sec. 2, Songzhu 5th Rd.
2	北1街	Songzhu N. 1st St.
3	2街	Songzhu N. 2nd St.
3	路	Songzhu N. Rd.
2	南街	Songzhu S. St.
2	新村	Songzhu New Vil.
2	村	Songzhu Vil.
2	街	Songzhu St.
2	西街	Songzhu W. St.
2	路1段	Sec. 1, Songzhu Rd.
3	2段	Sec. 2, Songzhu Rd.
3	3段	Sec. 3, Songzhu Rd.
2	里	Songzhu Vil.
1	羅中巷	Songluo Central Ln.
2	南巷	Songluo S. Ln.
2	村	Songluo Vil.
2	東巷	Songluo E. Ln.
2	西巷	Songluo W. Ln.
1	美路	Songmei Rd.
1	義1街	Songyi 1st St.
2	2街	Songyi 2nd St.
2	3街	Songyi 3rd St.
2	街	Songyi St.
2	路	Songyi Rd.
1	翠里	Songcui Vil.
1	腳	Songjiao
2	巷	Songjiao Ln.
2	村	Songjiau Vil.
1	興街	Songxing St.
2	路	Songxing Rd.
1	花里	Songhua Vil.
1	茂里	Songmau Vil.
1	華路	Songhua Rd.
2	里	Songhua Vil.
1	藝路	Songyi Rd.
1	西	Songxi
2	村	Songxi Vil.
1	觀街	Songguan St.
1	達街	Songda St.
1	金街	Songjin St.
2	里	Songjin Vil.
1	陰巷	Songyin Ln.
1	隆路	Songlong Rd.
2	里	Songlong Vil.
1	雅村	Songya Vil.
2	路	Songya Rd.
1	青街	Songqing St.
1	頂街	Songding St.
1	順1街	Songshun 1st St.
1	高路	Songgao Rd.
1	鹿路	Songlu Rd.
0	板仔龍	Banzailong
1	南路	Bannan Rd.
1	城路	Bancheng Rd.
1	新路	Banxin Rd.
1	林路	Banlin Rd.
1	橋路	Banqiao Rd.
1	溪里	Banxi Vil.
1	里村	Banli Vil.
1	頭厝	Bantoucuo
2	村	Bantou Vil.
0	枇杷1巷	Pipa 1st Ln.
2	2巷	Pipa 2nd Ln.
2	3巷	Pipa 3rd Ln.
2	路	Pipa Rd.
2	里	Pipa Vil.
0	枋仔林	Fangzailin
1	南	Fangnan
2	村	Fangnan Vil.
1	坪1巷	Fangping 1st Ln.
2	3巷	Fangping 3rd Ln.
2	巷	Fangping Ln.
1	子林	Fangzilin
1	寮坑	Fangliaokeng
2	巷	Fangliao Ln.
2	後	Fangliaohou
2	村	Fangliau Vil.
2	街	Fangliao St.
2	路	Fangliao Rd.
2	里	Fangliau Vil.
1	山坑	Fangshankeng
2	村	Fangshan Vil.
2	路	Fangshan Rd.
1	林巷	Fanglin Ln.
1	樹湖	Fangshuhu
2	腳	Fangshujiao
1	湖	Fanghu
1	腳街	Fangjiao St.
0	枕山12路	Zhenshan 12th Rd.
3	路	Zhenshan 1st Rd.
2	2路	Zhenshan 2nd Rd.
2	3路	Zhenshan 3rd Rd.
2	5路	Zhenshan 5th Rd.
2	6路	Zhenshan 6th Rd.
2	7路	Zhenshan 7th Rd.
2	8路	Zhenshan 8th Rd.
2	一村	Zhenshan 1st Vil.
2	十路	Zhenshan 10th Rd.
2	村	Zhenshan Vil.
2	路1段	Sec. 1, Zhenshan Rd.
3	2段	Sec. 2, Zhenshan Rd.
1	頭山	Zhentou Mountain
0	林中村	Linzhong Vil.
2	街	Linzhong St.
2	里	Linzhong Vil.
1	仔內	Linzainei
2	巷	Linzai Ln.
1	兜	Lindou
2	農舍	Lindounongshe
1	內	Linnei
2	巷	Linnei Ln.
2	村	Linnei Vil.
2	路	Linnei Rd.
3	1段	Sec. 1, Linnei Rd.
3	2段	Sec. 2, Linnei Rd.
3	3段	Sec. 3, Linnei Rd.
1	功路	Lingong Rd.
1	北村	Linbei Vil.
2	街	Linbei St.
2	路	Linbei Rd.
1	南村	Linnan Vil.
2	街	Linnan St.
2	里	Linnan Vil.
1	厝	Lincuo
2	巷	Lincuo Ln.
2	村	Lincuo Vil.
2	路	Lincuo Rd.
2	里	Lincuo Vil.
1	口	Linkou
2	村	Linkou Vil.
2	街	Linkou St.
2	路	Linkou Rd.
2	里	Linkou Vil.
1	圍	Linwei
2	里	Linwei Vil.
1	園	Linyuan
2	1街	Linyuan 1st St.
2	2街	Linyuan 2nd St.
2	3街	Linyuan 3rd St.
2	北路	Linyuan N. Rd.
2	南路	Linyuan S. Rd.
2	村	Linyuan Vil.
2	街	Linyuan St.
2	路	Linyuan Rd.
1	圯街	Linyi St.
3	橫巷	Side Ln., Linyi St.
1	堡路	Linbao Rd.
1	場巷	Linchang Ln.
2	路	Linchang Rd.
1	子	Linzi
2	內	Linzinei
2	前	Linziqian
2	尾	Linziwei
2	里	Linzi Vil.
2	頭	Linzitou
1	宅村	Linzhai Vil.
1	安	Lin'an
2	村	Lin'an Vil.
2	路	Lin'an Rd.
2	里	Lin'an Vil.
1	家	Linjia
2	巷	Linjia Ln.
2	村	Linjia Vil.
2	路	Linjia Rd.
3	1段	Sec. 1, Linjia Rd.
1	富街	Linfu St.
2	里	Linfu Vil.
1	尾1街	Linwei 1st St.
2	巷	Linwei Ln.
2	路	Linwei Rd.
2	里	Linwei Vil.
1	山巷	Linshan Ln.
1	庫村	Linku Vil.
1	德街	Linde St.
2	里	Linde Vil.
1	投	Lintou
2	村	Lintou Vil.
2	里	Lintou Vil.
1	政街	Linzheng St.
1	朋巷	Linpeng Ln.
1	村	Lin Vil.
1	東村	Lindong Vil.
1	森	Linsen
2	1路	Linsen 1st Rd.
2	2路	Linsen 2nd Rd.
2	3路	Linsen 3rd Rd.
2	4路	Linsen 4th Rd.
2	北路	Linsen N. Rd.
2	南路	Linsen S. Rd.
2	巷	Linsen Ln.
2	東路	Linsen E. Rd.
2	街	Linsen St.
2	西路	Linsen W. Rd.
2	路	Linsen Rd.
3	1段	Sec. 1, Linsen Rd.
3	2段	Sec. 2, Linsen Rd.
3	3段	Sec. 3, Linsen Rd.
3	東2段	Dong Sec. 2, Linsen Rd.
4	3段	Dong Sec. 3, Linsen Rd.
4	4段	Dong Sec. 4, Linsen Rd.
4	5段	Dong Sec. 5, Linsen Rd.
4	段	Sec. E., Linsen Rd.
3	林業新村	Linye New Vil., Linsen Rd.
1	榮街	Linrong St.
2	路	Linrong Rd.
2	里	Linrong Vil.
1	泉街	Linquan St.
2	里	Linquan Vil.
1	湖村	Linhu Vil.
2	路	Linhu Rd.
1	美村	Linmei Vil.
1	腳村	Linjiau Vil.
1	興里	Linxing Vil.
1	舍路	Linshe Rd.
1	茂村	Linmau Vil.
1	華街	Linhua St.
2	里	Linhua Vil.
1	西2巷	Linxi 2nd Ln.
2	街	Linxi St.
2	路	Linxi Rd.
2	里	Linxi Vil.
1	貴里	Lingui Vil.
1	道巷	Lindau Ln.
1	邊	Linbian
2	村	Linbian Vil.
1	里	Lin Vil.
1	靖里	Linjing Vil.
1	頂巷	Linding Ln.
2	街	Linding St.
1	頭	Lintou
2	路	Lintou Rd.
3	國興巷	Guoxing Ln., Lintou Rd.
3	家和巷	Jiahe Ln., Lintou Rd.
3	自立巷	Zili Ln., Lintou Rd.
2	里	Lintou Vil.
1	鳳營	Linfengying
0	果作園	Guozuoyuan
1	協路	Guoxie Rd.
1	圍	Guowei
1	園街	Guoyuan St.
1	峰街	Guofeng St.
2	里	Guofeng Vil.
1	市2街	Guoshi 2nd St.
1	惠里	Guohui Vil.
1	林路	Guolin Rd.
1	毅後	Guoyihou
2	村	Guoyi Vil.
1	稟路	Guobing Rd.
1	葉	Guoye
1	貿里	Guomau Vil.
0	柏川1路	Bochuan 1st Rd.
2	2路	Bochuan 2nd Rd.
2	3路	Bochuan 3rd Rd.
1	村路	Bocun Rd.
1	翠里	Bocui Vil.
0	某旦巷	Moudan Ln.
0	柑井里	Ganjing Vil.
1	仔園	Ganzaiyuan
2	宅	Ganzaizhai
1	園	Ganyuan
2	村	Ganyuan Vil.
2	街1段	Sec. 1, Ganyuan St.
3	2段	Sec. 2, Ganyuan St.
2	路	Ganyuan Rd.
2	里	Ganyuan Vil.
1	坪里	Ganping Vil.
1	子巷	Ganzi Ln.
2	樹下	Ganzishuxia
1	宅巷	Ganzhai Ln.
2	路	Ganzhai Rd.
1	林村	Ganlin Vil.
2	里	Ganlin Vil.
1	桔	Ganju
2	林	Ganjulin
1	樹路	Ganshu Rd.
1	竹路	Ganzhu Rd.
1	腳	Ganjiao
2	下坑	Ganjiaoxiakeng
2	坑	Ganjiaokeng
0	柚仔宅	Youzaizhai
2	樹坑	Youzaishukeng
2	湖	Youzaihu
1	安路	You'an Rd.
3	1段	Sec. 1, You'an Rd.
1	興路	Youxing Rd.
0	柯厝	Kecuo
2	坑	Kecuokeng
2	巷	Kecuo Ln.
1	子林	Kezilin
1	林1路	Kelin 1st Rd.
2	2路	Kelin 2nd Rd.
2	3路	Kelin 3rd Rd.
2	5路	Kelin 5th Rd.
2	6路	Kelin 6th Rd.
2	7路	Kelin 7th Rd.
2	新路	Kelinxin Rd.
2	村	Kelin Vil.
2	路	Kelin Rd.
1	湖路1段	Sec. 1, Kehu Rd.
3	2段	Sec. 2, Kehu Rd.
3	3段	Sec. 3, Kehu Rd.
2	里	Kehu Vil.
1	湳1街	Kenan 1st St.
2	2街	Kenan 2nd St.
0	柳原里	Liuyuan Vil.
1	堤里	Liuti Vil.
1	子林	Liuzilin
2	溝	Liuzigou
1	岸里	Liu'an Vil.
1	川東路1段	Sec. 1, Liuchuan E. Rd.
4	2段	Sec. 2, Liuchuan E. Rd.
4	3段	Sec. 3, Liuchuan E. Rd.
4	4段	Sec. 4, Liuchuan E. Rd.
2	西路1段	Sec. 1, Liuchuan W. Rd.
4	2段	Sec. 2, Liuchuan W. Rd.
4	3段	Sec. 3, Liuchuan W. Rd.
4	4段	Sec. 4, Liuchuan W. Rd.
1	州街	Liuzhou St.
1	新村	Liuxin Vil.
1	林村	Liulin Vil.
2	路	Liulin Rd.
1	樹塘	Liushutang
2	灣	Liushuwan
1	橋東路	Liuqiao E. Rd.
2	西路	Liuqiao W. Rd.
4	1段	Sec. 1, Liuqiao W. Rd.
4	2段	Sec. 2, Liuqiao W. Rd.
2	路	Liuqiao Rd.
3	1段	Sec. 1, Liuqiao Rd.
3	2段	Sec. 2, Liuqiao Rd.
3	3段	Sec. 3, Liuqiao Rd.
3	5段	Sec. 5, Liuqiao Rd.
3	6段	Sec. 6, Liuqiao Rd.
3	7段	Sec. 7, Liuqiao Rd.
1	溝村	Liugou Vil.
1	營	Liuying
2	路1段	Sec. 1, Liuying Rd.
3	2段	Sec. 2, Liuying Rd.
3	3段	Sec. 3, Liuying Rd.
1	豐1街	Liufeng 1st St.
2	2街	Liufeng 2nd St.
2	3街	Liufeng 3rd St.
2	5街	Liufeng 5th St.
2	6街	Liufeng 6th St.
2	東路	Liufeng E. Rd.
2	路	Liufeng Rd.
1	鄉村	Liuxiang Vil.
2	里	Liuxiang Vil.
1	陽東街	Liuyang E. St.
2	西街	Liuyang W. St.
1	鳳村	Liufeng Vil.
2	路	Liufeng Rd.
0	柴口	Chaikou
1	圍路	Chaiwei Rd.
1	埕路	Chaicheng Rd.
2	里	Chaicheng Vil.
1	寮路	Chailiao Rd.
1	山	Chaishan
2	巷	Chaishan Ln.
1	林村	Chailin Vil.
2	腳	Chailinjiao
1	梳崙	Chaishulun
3	路	Chaishulun Rd.
1	橋坑	Chaiqiaokeng
2	巷	Chaiqiao Ln.
2	路	Chaiqiao Rd.
2	里	Chaiqiao Vil.
1	筍林	Chaisunlin
1	西巷	Chaixi Ln.
1	頭仔	Chaitouzai
0	柿仔寮	Shizailiao
2	腳	Shizaijiao
1	子園	Shiziyuan
0	栗園	Liyuan
1	子崙	Lizilun
1	林村	Lilin Vil.
0	校前1街	Xiaoqian 1st St.
2	巷	Xiaoqian Ln.
2	街	Xiaoqian St.
2	路	Xiaoqian Rd.
2	里	Xiaoqian Vil.
1	林村	Xiaolin Vil.
1	椅1路	Xiaoyi 1st Rd.
2	2路	Xiaoyi 2nd Rd.
2	3路	Xiaoyi 3rd Rd.
2	里	Xiaoyi Vil.
1	背路	Xiaobei Rd.
1	舍1路	Xiaoshe 1st Rd.
2	2路	Xiaoshe 2nd Rd.
2	巷	Xiaoshe Ln.
2	路	Xiaoshe Rd.
1	邊巷	Xiaobian Ln.
0	核3路	He 3rd Rd.
0	格致街	Gezhi St.
2	路	Gezhi Rd.
1	頭村	Getou Vil.
0	桀魚坑路	Jieyukeng Rd.
4	瑞興新屯	Ruixing New Vil., Jieyukeng Rd.
4	過港巷	Guogang Ln., Jieyukeng Rd.
0	桂仁街	Guiren St.
1	和街	Guihe St.
1	園路	Guiyuan Rd.
1	安街	Gui'an St.
1	山路	Guishan Rd.
1	州街	Guizhou St.
1	平街	Guiping St.
1	德街	Guide St.
1	忠街	Guizhong St.
1	文街	Guiwen St.
1	明街	Guiming St.
1	東路	Guidong Rd.
1	林	Guilin
2	2巷	Guilin 2nd Ln.
2	3巷	Guilin 3rd Ln.
2	4巷	Guilin 4th Ln.
2	北路	Guilin N. Rd.
2	南路	Guilin S. Rd.
2	村	Guilin Vil.
2	街	Guilin St.
2	路	Guilin Rd.
2	里	Guilin Vil.
1	江街	Guijiang St.
1	田街	Guitian St.
1	竹圍	Guizhuwei
2	林	Guizhulin
2	街	Guizhu St.
1	義街	Guiyi St.
1	聖街	Guisheng St.
1	興街	Guixing St.
1	花巷	Guihua Ln.
2	樹	Guihuashu
2	里	Guihua Vil.
1	華街	Guihua St.
1	誠街	Guicheng St.
1	陽路	Guiyang Rd.
0	桃1街	Tao 1st St.
1	2街	Tao 2nd St.
1	3街	Tao 3rd St.
1	仔坑	Taozaikeng
2	寮	Taozailiao
3	尾	Taozailiaowei
2	斜	Taozaixie
2	窩	Taozaiwo
1	南路	Taonan Rd.
1	和街	Taohe St.
1	園巷	Taoyuan Ln.
2	街	Taoyuan St.
2	路	Taoyuan Rd.
1	坪	Taoping
1	大1街	Taoda 1st St.
2	路	Taoda Rd.
3	1段	Sec. 1, Taoda Rd.
3	2段	Sec. 2, Taoda Rd.
1	子園路	Taoziyuan Rd.
2	腳路	Taozijiao Rd.
1	山	Taoshan
2	巷	Taushan Ln.
2	村	Taushan Vil.
1	德路	Taode Rd.
1	拾街	Tao 10th St.
1	新街	Taoxin St.
1	智路	Taozhi Rd.
1	李1路	Taoli 1st Rd.
2	2路	Taoli 2nd Rd.
1	源	Taoyuan
2	1街	Taoyuan 1st St.
2	2街	Taoyuan 2nd St.
2	巷	Tauyuan Ln.
2	村	Tauyuan Vil.
2	街	Taoyuan St.
2	里	Tauyuan Vil.
1	科11路	Taoke 11th Rd.
3	2路	Taoke 12th Rd.
3	路	Taoke 1st Rd.
2	2路	Taoke 2nd Rd.
2	3路	Taoke 3rd Rd.
2	5路	Taoke 5th Rd.
2	6路	Taoke 6th Rd.
2	7路	Taoke 7th Rd.
2	8路	Taoke 8th Rd.
2	9路	Taoke 9th Rd.
2	十路	Taoke 10th Rd.
1	米巷	Taomi Ln.
2	路	Taomi Rd.
2	里	Taumi Vil.
1	航2路	Taohang 2nd Rd.
2	3路	Taohang 3rd Rd.
2	5路	Taohang 5th Rd.
2	6路	Taohang 6th Rd.
1	鶯路	Taoying Rd.
3	南僑巷	Nanqiao Ln., Taoying Rd.
3	宏福巷	Hongfu Ln., Taoying Rd.
3	鶯鳴1巷	Yingming 1st Ln., Taoying Rd.
0	案山里	Anshan Vil.
0	桐寮	Tongliao
2	里	Tongliau Vil.
1	林村	Tonglin Vil.
1	竹路	Tongzhu Rd.
0	桑原巷	Sangyuan Ln.
0	桶寮巷	Tongliao Ln.
1	後	Tonghou
1	盤	Tongpan
2	嶼	Tongpan Islet
2	里	Tongpan Vil.
1	頭腳	Tongtoujiao
2	里	Tongtou Vil.
0	梀板頭	Cubantou
0	梁厝	Liangcuo
1	福路	Liangfu Rd.
0	梅中路	Meizhong Rd.
1	亭東街	Meiting E. St.
2	街	Meiting St.
1	仔山	Meizaishan
1	北村	Meibei Vil.
1	南	Meinan
2	村	Meinan Vil.
2	街	Meinan St.
2	路	Meinan Rd.
2	里	Meinan Vil.
1	園	Meiyuan
2	村	Meiyuan Vil.
2	路	Meiyuan Rd.
1	埔里	Meipu Vil.
1	堤路	Meiti Rd.
1	子厝	Meizicuo
2	巷	Meizi Ln.
2	村	Meizi Vil.
2	路	Meizi Rd.
1	山巷	Meishan Ln.
2	村	Meishan Vil.
2	東街	Meishan E. St.
2	西街	Meishan W. St.
2	路	Meishan Rd.
1	岡巷	Meigang Ln.
1	崗1路	Meigang 1st Rd.
2	3路	Meigang 3rd Rd.
1	嶺	Meiling
1	川北街	Meichuan N. St.
2	南街	Meichuan S. St.
2	東路1段	Sec. 1, Meichuan E. Rd.
4	2段	Sec. 2, Meichuan E. Rd.
4	3段	Sec. 3, Meichuan E. Rd.
4	4段	Sec. 4, Meichuan E. Rd.
4	5段	Sec. 5, Meichuan E. Rd.
2	西路1段	Sec. 1, Meichuan W. Rd.
4	2段	Sec. 2, Meichuan W. Rd.
4	3段	Sec. 3, Meichuan W. Rd.
4	4段	Sec. 4, Meichuan W. Rd.
1	州街	Meizhou St.
2	里	Meizhou Vil.
1	庄路	Meizhuang Rd.
1	新里	Meixin Vil.
1	村1路	Meicun 1st Rd.
2	路	Meicun Rd.
1	東村	Meidong Vil.
2	路	Meidong Rd.
1	林1街	Meilin 1st St.
2	2街	Meilin 2nd St.
2	3街	Meilin 3rd St.
2	4街	Meilin 4th St.
2	5街	Meilin 5th St.
2	6街	Meilin 6th St.
2	7街	Meilin 7th St.
2	8街	Meilin 8th St.
2	路	Meilin Rd.
2	里	Meilin Vil.
1	洲1路	Meizhou 1st Rd.
2	2路	Meizhou 2nd Rd.
2	里	Meizhou Vil.
1	湖路	Meihu Rd.
1	溪里	Meixi Vil.
1	獅路	Meishi Rd.
3	1段	Sec. 1, Meishi Rd.
3	2段	Sec. 2, Meishi Rd.
1	竹蹊	Meizhuxi
1	花	Meihua
2	1路	Meihua 1st Rd.
2	2路	Meihua 2nd Rd.
2	3路	Meihua 3rd Rd.
2	5路	Meihua 5th Rd.
2	6路	Meihua 6th Rd.
2	7路	Meihua 7th Rd.
2	小城	Meihua Xiaocheng
2	山	Meihuashan
2	村	Meihua Vil.
2	路	Meihua Rd.
2	里	Meihua Vil.
1	芳里	Meifang Vil.
3	太平路	Taiping Rd., Meifang Vil.
1	華里	Meihua Vil.
1	蘭村	Meilan Vil.
1	豐街	Meifeng St.
1	里路	Meili Rd.
1	高路	Meigao Rd.
3	2段	Sec. 2, Meigao Rd.
3	3段	Sec. 3, Meigao Rd.
3	梅岡巷	Meigang Ln., Meigao Rd.
1	龍1街	Meilong 1st St.
2	2街	Meilong 2nd St.
2	3街	Meilong 3rd St.
2	路	Meilong Rd.
0	梓信村	Zixin Vil.
1	和村	Zihe Vil.
1	官路	Ziguan Rd.
3	城隍巷	Chenghuang Ln., Ziguan Rd.
3	大宅巷	Dazhai Ln., Ziguan Rd.
1	平村	Ziping Vil.
1	義村	Ziyi Vil.
0	條和11街	Tiaohe 11th St.
3	2街	Tiaohe 12th St.
3	街	Tiaohe 1st St.
2	2街	Tiaohe 2nd St.
2	3街	Tiaohe 3rd St.
2	5街	Tiaohe 5th St.
2	6街	Tiaohe 6th St.
2	7街	Tiaohe 7th St.
2	8街	Tiaohe 8th St.
2	十街	Tiaohe 10th St.
2	東街	Tiaohe E. St.
2	街	Tiaohe St.
0	梧北村	Wubei Vil.
2	路	Wubei Rd.
1	南村	Wunan Vil.
2	路	Wunan Rd.
1	州街	Wuzhou St.
1	桐巷	Wutong Ln.
2	路	Wutong Rd.
1	棲路	Wuqi Rd.
3	德鄰巷	Delin Ln., Wuqi Rd.
1	繞1街	Wurao 1st St.
2	2街	Wurao 2nd St.
2	3街	Wurao 3rd St.
2	4街	Wurao 4th St.
2	路	Wurao Rd.
1	鳳村	Wufeng Vil.
0	梨仔巷	Lizai Ln.
1	園寮	Liyuanliao
1	子巷	Lizi Ln.
2	腳	Lizijiao
1	山村	Lishan Vil.
1	崙巷	Lilun Ln.
0	梯子桄	Tiziguang
0	梵梵	Fanfan
2	巷	Fanfan Ln.
0	棋山	Qishan
1	盤巷	Qipan Ln.
2	村	Qipan Vil.
0	棒球11街	Bangqiu 11th St.
3	2街	Bangqiu 12th St.
3	3街	Bangqiu 13th St.
3	5街	Bangqiu 15th St.
3	6街	Bangqiu 16th St.
3	7街	Bangqiu 17th St.
3	8街	Bangqiu 18th St.
3	街	Bangqiu 1st St.
2	2街	Bangqiu 2nd St.
2	3街	Bangqiu 3rd St.
2	5街	Bangqiu 5th St.
2	6街	Bangqiu 6th St.
2	7街	Bangqiu 7th St.
2	8街	Bangqiu 8th St.
2	9街	Bangqiu 9th St.
2	十街	Bangqiu 10th St.
2	路	Bangqiu Rd.
0	棟仔嶺	Dongzailing
0	棣芬	Difen
0	森川	Senchuan
1	林巷	Senlin Ln.
1	榮里	Senrong Vil.
1	永	Senyong
2	村	Senyong Vil.
2	路	Senyong Rd.
1	茂	Senmao
2	路	Senmao Rd.
1	豐巷	Senfeng Ln.
0	植福路	Zhifu Rd.
0	椰樹	Yeshu
2	南巷	Yeshu S. Ln.
2	東巷	Yeshu E. Ln.
1	油	Yeyou
2	村	Yeyou Vil.
0	椿子林	Chunzilin
0	楊厝	Yangcuo
2	1街	Yangcuo 1st St.
2	2街	Yangcuo 2nd St.
2	巷	Yangcuo Ln.
2	路	Yangcuo Rd.
2	里	Yangcuo Vil.
1	寮里	Yangliau Vil.
1	新北路	Yangxin N. Rd.
2	路	Yangxin Rd.
3	1段	Sec. 1, Yangxin Rd.
5	正義巷	Zhengyi Ln., Sec. 1, Yangxin Rd.
3	2段	Sec. 2, Yangxin Rd.
3	3段	Sec. 3, Yangxin Rd.
3	4段	Sec. 4, Yangxin Rd.
3	5段	Sec. 5, Yangxin Rd.
1	昇路	Yangsheng Rd.
1	明里	Yangming Vil.
1	柳里	Yangliu Vil.
1	梅里	Yangmei Vil.
1	江里	Yangjiang Vil.
1	湖路1段	Sec. 1, Yanghu Rd.
3	2段	Sec. 2, Yanghu Rd.
3	3段	Sec. 3, Yanghu Rd.
3	4段	Sec. 4, Yanghu Rd.
1	賢村	Yangxian Vil.
2	路	Yangxian Rd.
1	銅路	Yangtong Rd.
3	1段	Sec. 1, Yangtong Rd.
3	2段	Sec. 2, Yangtong Rd.
0	楓和路	Fenghe Rd.
1	坑村	Fengkeng Vil.
1	子林	Fengzilin
2	瀨路	Fengzilai Rd.
1	平路	Fengping Rd.
1	廚	Fengchu
1	林	Fenglin
2	11路	Fenglin 11th Rd.
3	2路	Fenglin 12th Rd.
3	巷	Fenglin 1st Ln.
3	街	Fenglin 1st St.
3	路	Fenglin 1st Rd.
2	2巷	Fenglin 2nd Ln.
3	街	Fenglin 2nd St.
3	路	Fenglin 2nd Rd.
2	3街	Fenglin 3rd St.
3	路	Fenglin 3rd Rd.
2	4巷	Fenglin 4th Ln.
2	5街	Fenglin 5th St.
3	路	Fenglin 5th Rd.
2	6街	Fenglin 6th St.
3	路	Fenglin 6th Rd.
2	7路	Fenglin 7th Rd.
2	8路	Fenglin 8th Rd.
2	9路	Fenglin 9th Rd.
2	十路	Fenglin 10th Rd.
2	坑	Fenglinkeng
2	巷	Fenglin Ln.
2	村	Fenglin Vil.
2	街	Fenglin St.
2	路	Fenglin Rd.
1	樂巷	Fengle Ln.
1	樹1街	Fengshu 1st St.
2	2街	Fengshu 2nd St.
2	3街	Fengshu 3rd St.
2	5街	Fengshu 5th St.
2	6街	Fengshu 6th St.
2	7街	Fengshu 7th St.
2	南街	Fengshu S. St.
2	坑	Fengshukeng
2	巷	Fengshu Ln.
2	村	Fengshu Vil.
2	東街	Fengshu E. St.
2	林	Fengshulin
2	湖	Fengshuhu
2	窩	Fengshuwo
3	村	Fengshuwo Vil.
2	街	Fengshu St.
2	西1街	Fengshu W. 1st St.
3	2街	Fengshu W. 2nd St.
3	街	Fengshu W. St.
2	路	Fengshu Rd.
2	里	Fengshu Vil.
1	橋路	Fengqiao Rd.
1	江路	Fengjiang Rd.
1	港村	Fenggang Vil.
1	湖路	Fenghu Rd.
1	溝街	Fenggou St.
1	竹路	Fengzhu Rd.
1	腳巷	Fengjiao Ln.
1	香街	Fengxiang St.
0	楠仔湖	Nanzaihu
2	腳	Nanzaijiao
1	坑	Nankeng
2	村	Nankeng Vil.
1	梓新路	Nanzixin Rd.
2	東街	Nanzi E. St.
2	舊街	Nanzijiu St.
2	西巷	Nanzi W. Ln.
2	路	Nanzi Rd.
3	河濱巷	Hebin Ln., Nanzi Rd.
1	樹窩	Nanshuwo
2	里	Nanshu Vil.
1	泰街	Nantai St.
1	海路	Nanhai Rd.
1	盛街	Nansheng St.
1	興東路	Nanxing E. Rd.
1	裕街	Nanyu St.
1	西村	Nanxi Vil.
1	都東街	Nandu E. St.
2	西巷	Nandu W. Ln.
1	陽路	Nanyang Rd.
0	楣子寮	Meiziliao
0	榔村	Lang Vil.
1	里	Lang Vil.
0	榕山路	Rongshan Rd.
1	樹	Rongshu
2	下	Rongshuxia
2	董	Rongshudong
2	路	Rongshu Rd.
0	榜文路	Bangwen Rd.
1	林	Banglin
2	村	Banglin Vil.
0	榮佑路	Rongyou Rd.
1	光	Rongguang
2	1巷	Rongguang 1st Ln.
3	路	Rongguang 1st Rd.
2	5巷	Rongguang 5th Ln.
2	巷	Rongguang Ln.
2	新村	Rongguang New Vil.
2	村	Rongguang Vil.
2	街	Rongguang St.
2	路	Rongguang Rd.
2	里	Rongguang Vil.
1	典路	Rongdian Rd.
1	吉街	Rongji St.
1	和5街	Ronghe 5th St.
2	6街	Ronghe 6th St.
2	巷	Ronghe Ln.
2	村	Ronghe Vil.
2	路	Ronghe Rd.
2	里	Ronghe Vil.
1	安11街	Rong'an 11th St.
3	2街	Rong'an 12th St.
3	3街	Rong'an 13th St.
3	4街	Rong'an 14th St.
3	5街	Rong'an 15th St.
3	街	Rong'an 1st St.
2	2街	Rong'an 2nd St.
2	3街	Rong'an 3rd St.
2	4街	Rong'an 4th St.
2	5街	Rong'an 5th St.
2	7街	Rong'an 7th St.
2	8街	Rong'an 8th St.
2	9街	Rong'an 9th St.
2	一村	Rong'an 1st Vil.
2	二村	Rong'an 2nd Vil.
2	十街	Rong'an 10th St.
2	街	Rong'an St.
2	路	Rong'an Rd.
2	里	Rong'an Vil.
1	家東巷	Rongjia E. Ln.
1	富街	Rongfu St.
1	工北路	Ronggong N. Rd.
2	南路	Ronggong S. Rd.
1	平街	Rongping St.
2	路	Rongping Rd.
1	復里	Rongfu Vil.
1	德1路	Rongde 1st Rd.
2	2路	Rongde 2nd Rd.
2	3路	Rongde 3rd Rd.
2	街	Rongde St.
2	路	Rongde Rd.
2	里	Rongde Vil.
1	成1街	Rongcheng 1st St.
2	2街	Rongcheng 2nd St.
2	3街	Rongcheng 3rd St.
1	文里	Rongwen Vil.
1	新街	Rongxin St.
1	昌街	Rongchang St.
1	春街	Rongchun St.
1	村	Rong Vil.
1	東街	Rongdong St.
1	樂街	Rongle St.
2	里	Rongle Vil.
1	檜里	Rongkuai Vil.
1	正街	Rongzheng St.
1	民南路	Rongmin S. Rd.
2	新村	Rongmin New Vil.
2	路	Rongmin Rd.
1	治里	Rongzhi Vil.
1	泉村	Rongquan Vil.
2	街	Rongquan St.
2	路	Rongquan Rd.
1	泰街	Rongtai St.
1	源路	Rongyuan Rd.
1	濱南路	Rongbin S. Rd.
2	路	Rongbin Rd.
1	田2巷	Rongtian 2nd Ln.
2	路	Rongtian Rd.
1	祥巷	Rongxiang Ln.
2	路	Rongxiang Rd.
1	總東路	Rongzong E. Rd.
2	路	Rongzong Rd.
1	美路	Rongmei Rd.
1	耀街	Rongyao St.
1	興	Rongxing
2	南路	Rongxing S. Rd.
2	村	Rongxing Vil.
2	街	Rongxing St.
2	路	Rongxing Rd.
1	華1街	Ronghua 1st St.
3	路	Ronghua 1st Rd.
2	2街	Ronghua 2nd St.
3	路	Ronghua 2nd Rd.
2	3街	Ronghua 3rd St.
3	路	Ronghua 3rd Rd.
2	巷	Ronghua Ln.
2	村	Ronghua Vil.
2	街	Ronghua St.
2	路	Ronghua Rd.
3	1段	Sec. 1, Ronghua Rd.
3	2段	Sec. 2, Ronghua Rd.
2	里	Ronghua Vil.
1	譽街	Rongyu St.
2	路	Rongyu Rd.
1	豐街	Rongfeng St.
1	貫	Rongguan
1	貴2街	Ronggui 2nd St.
2	街	Ronggui St.
1	農路	Rongnong Rd.
1	開路	Rongkai Rd.
1	順巷	Rongshun Ln.
2	路	Rongshun Rd.
0	榴中路	Liuzhong Rd.
2	里	Liuzhong Vil.
1	北里	Liubei Vil.
1	南路	Liunan Rd.
2	里	Liunan Vil.
1	屯12街	Liutun 12th St.
3	6街	Liutun 16th St.
3	8街	Liutun 18th St.
3	街	Liutun 1st St.
2	2街	Liutun 2nd St.
2	5路	Liutun 5th Rd.
2	6街	Liutun 6th St.
2	7街	Liutun 7th St.
2	8街	Liutun 8th St.
2	二十街	Liutun 20th St.
2	十街	Liutun 10th St.
1	村3街	Liucun 3rd St.
0	槓子寮路	Gangziliao Rd.
0	樂1路	Le 1st Rd.
1	一里	Leyi Vil.
1	仁街	Leren St.
2	路	Leren Rd.
1	全街	Lequan St.
1	利1路	Leli 1st Rd.
2	2街	Leli 2nd St.
3	路	Leli 2nd Rd.
2	3街	Leli 3rd St.
3	路	Leli 3rd Rd.
2	5街	Leli 5th St.
2	6街	Leli 6th St.
2	巷	Leli Ln.
2	村	Leli Vil.
2	街	Leli St.
2	路	Leli Rd.
2	里	Leli Vil.
1	合	Lehe
2	里	Lehe Vil.
1	和街	Lehe St.
1	善1路	Leshan 1st Rd.
2	2路	Leshan 2nd Rd.
2	3路	Leshan 3rd Rd.
2	村	Leshan Vil.
2	街	Leshan St.
1	園巷	Leyuan Ln.
2	街	Leyuan St.
1	圓	Leyuan
1	天街	Letian St.
1	學1路	Lexue 1st Rd.
2	2路	Lexue 2nd Rd.
2	3路	Lexue 3rd Rd.
2	路	Lexue Rd.
1	安1街	Le'an 1st St.
2	2街	Le'an 2nd St.
2	街	Le'an St.
2	路	Le'an Rd.
3	山下1巷	Shanxia 1st Ln., Le'an Rd.
5	2巷	Shanxia 2nd Ln., Le'an Rd.
5	3巷	Shanxia 3rd Ln., Le'an Rd.
3	廟巷	Miao Ln., Le'an Rd.
4	東巷	Miaodong Ln., Le'an Rd.
1	宮街	Legong St.
1	富2街	Lefu 2nd St.
2	3街	Lefu 3rd St.
1	山	Leshan
2	里	Leshan Vil.
1	平街	Leping St.
1	康里	Lekang Vil.
1	心街	Lexin St.
1	成里	Lecheng Vil.
1	業1路	Leye 1st Rd.
2	2路	Leye 2nd Rd.
2	南路	Leye S. Rd.
2	村	Leye Vil.
2	街	Leye St.
2	路	Leye Rd.
2	里	Leye Vil.
1	水村	Leshui Vil.
2	路	Leshui Rd.
1	活12街	Lehuo 12th St.
3	6街	Lehuo 16th St.
3	8街	Lehuo 18th St.
3	街	Lehuo 1st St.
2	22街	Lehuo 22nd St.
3	6街	Lehuo 26th St.
3	街	Lehuo 2nd St.
2	3街	Lehuo 3rd St.
2	5街	Lehuo 5th St.
2	6街	Lehuo 6th St.
2	8街	Lehuo 8th St.
2	二十街	Lehuo 20th St.
2	十街	Lehuo 10th St.
2	路	Lehuo Rd.
1	田巷	Letian Ln.
1	群1路	Lequn 1st Rd.
2	2路	Lequn 2nd Rd.
2	3路	Lequn 3rd Rd.
2	4路	Lequn 4th Rd.
2	巷	Lequn Ln.
2	新莊	Lequn New Vil.
2	街	Lequn St.
2	路	Lequn Rd.
1	英里	Leying Vil.
1	華村	Lehua Vil.
1	野	Leye
2	村	Leye Vil.
1	齡街	Leling St.
0	樓厝里	Loucuo Vil.
0	樟公北巷	Zhanggong N. Ln.
2	巷	Zhanggong Ln.
1	原	Zhangyuan
2	村	Zhangyuan Vil.
1	坑湖路	Zhangkenghu Rd.
1	山村	Zhangshan Vil.
1	新街	Zhangxin St.
2	里	Zhangxin Vil.
1	普坑	Zhangpukeng
2	寮	Zhangpuliao
1	木里	Zhangmu Vil.
1	林里	Zhanglin Vil.
1	栳寮坪	Zhanglaoliaoping
1	樹	Zhangshu
2	1路	Zhangshu 1st Rd.
2	2路	Zhangshu 2nd Rd.
2	園	Zhangshuyuan
2	坪	Zhangshuping
2	村	Zhangshu Vil.
2	湖	Zhangshuhu
2	里	Zhangshu Vil.
1	湖	Zhanghu
2	村	Zhanghu Vil.
1	空子	Zhangkongzi
1	腦寮	Zhangnaoliao
1	腳村	Zhangjiau Vil.
2	里	Zhangjiau Vil.
0	模乳巷	Moru Ln.
1	範巷	Mofan Ln.
2	市場1巷	Ln. 1, Mofan Market
4	2巷	Ln. 2, Mofan Market
2	街	Mofan St.
0	樹下街	Shuxia St.
2	里	Shuxia Vil.
1	中2街	Shuzhong 2nd St.
2	街	Shuzhong St.
1	人1街	Shuren 1st St.
2	2街	Shuren 2nd St.
2	3街	Shuren 3rd St.
2	巷	Shuren Ln.
2	村	Shuren Vil.
2	橫路	Shurenheng Rd.
2	街	Shuren St.
2	路	Shuren Rd.
2	里	Shuren Vil.
1	仁1街	Shuren 1st St.
2	2街	Shuren 2nd St.
2	3街	Shuren 3rd St.
2	5街	Shuren 5th St.
2	6街	Shuren 6th St.
2	路	Shuren Rd.
1	北里	Shubei Vil.
1	南里	Shunan Vil.
1	和路	Shuhe Rd.
1	城街	Shucheng St.
1	子林	Shuzilin
2	腳	Shuzijiao
1	孝路	Shuxiao Rd.
1	山路	Shushan Rd.
3	樹寧巷	Shuning Ln., Shushan Rd.
4	德巷	Shude Ln., Shushan Rd.
4	田巷	Shutian Ln., Shushan Rd.
1	德12街	Shude 12th St.
3	巷	Shude 1st Ln.
3	街	Shude 1st St.
2	2巷	Shude 2nd Ln.
2	3巷	Shude 3rd Ln.
2	4巷	Shude 4th Ln.
2	5街	Shude 5th St.
2	8街	Shude 8th St.
2	9街	Shude 9th St.
2	巷	Shude Ln.
2	街	Shude St.
2	路	Shude Rd.
2	里	Shude Vil.
1	新路	Shuxin Rd.
1	東里	Shudong Vil.
1	林	Shulin
2	1街	Shulin 1st St.
2	2街	Shulin 2nd St.
2	3街	Shulin 3rd St.
2	4街	Shulin 4th St.
2	5街	Shulin 5th St.
2	6街	Shulin 6th St.
2	7街	Shulin 7th St.
2	8街	Shulin 8th St.
2	9街	Shulin 9th St.
2	口	Shulinkou
2	子	Shulinzi
2	村	Shulin Vil.
2	街	Shulin St.
3	1段	Sec. 1, Shulin St.
3	2段	Sec. 2, Shulin St.
2	路	Shulin Rd.
2	里	Shulin Vil.
2	頭	Shulintou
1	梅坑	Shumeikeng
2	嶺	Shumeiling
1	湖	Shuhu
2	村	Shuhu Vil.
1	潭街	Shutan St.
1	王村	Shuwang Vil.
2	路	Shuwang Rd.
2	里	Shuwang Vil.
1	田巷	Shutian Ln.
1	福里	Shufu Vil.
1	籽路	Shuzi Rd.
1	糖街	Shutang St.
1	義1巷	Shuyi 1st Ln.
3	街	Shuyi 1st St.
2	2巷	Shuyi 2nd Ln.
3	街	Shuyi 2nd St.
2	3巷	Shuyi 3rd Ln.
2	5巷	Shuyi 5th Ln.
3	街	Shuyi 5th St.
2	6巷	Shuyi 6th Ln.
2	路	Shuyi Rd.
2	里	Shuyi Vil.
1	腳村	Shujiau Vil.
2	里	Shujiau Vil.
1	興街	Shuxing St.
2	里	Shuxing Vil.
1	西里	Shuxi Vil.
1	谷大道	Shugu Blvd.
1	頭埔	Shutoupu
0	橄樹腳	Ganshujiao
1	欖腳	Ganlanjiao
0	橋下	Qiaoxia
1	中街	Qiaozhong St.
1	仔村	Qiaozai Vil.
2	頭	Qiaozaitou
1	北里	Qiaobei Vil.
1	南	Qiaonan
2	村	Qiaonan Vil.
2	街	Qiaonan St.
2	路	Qiaonan Rd.
3	中興巷	Zhongxing Ln., Qiaonan Rd.
3	吉尾巷	Jiwei Ln., Qiaonan Rd.
3	大井巷	Dajing Ln., Qiaonan Rd.
4	溝巷	Dagou Ln., Qiaonan Rd.
3	戲院巷	Theater Ln., Qiaonan Rd.
3	新社巷	Xinshe Ln., Qiaonan Rd.
3	水宮巷	Shuigong Ln., Qiaonan Rd.
3	舊市巷	Jiushi Ln., Qiaonan Rd.
3	鐵路邊巷	Tielubian Ln., Qiaonan Rd.
3	雅歌巷	Yage Ln., Qiaonan Rd.
3	養豬場巷	Yangzhuchang Ln., Qiaonan Rd.
2	里	Qiaonan Vil.
1	和街	Qiaohe St.
2	路	Qiaohe Rd.
1	子頭	Qiaozitou
1	安街	Qiao'an St.
1	愛1街	Qiao'ai 1st St.
2	2街	Qiao'ai 2nd St.
2	3街	Qiao'ai 3rd St.
2	5街	Qiao'ai 5th St.
2	6街	Qiao'ai 6th St.
2	7街	Qiao'ai 7th St.
2	東街	Qiao'ai E. St.
2	街	Qiao'ai St.
1	新1路	Qiaoxin 1st Rd.
2	2路	Qiaoxin 2nd Rd.
2	3路	Qiaoxin 3rd Rd.
2	5路	Qiaoxin 5th Rd.
2	6路	Qiaoxin 6th Rd.
2	7路	Qiaoxin 7th Rd.
2	8路	Qiaoxin 8th Rd.
2	9路	Qiaoxin 9th Rd.
2	十路	Qiaoxin 10th Rd.
2	環路	Qiaoxinhuan Rd.
1	東街	Qiaodong St.
2	里	Qiaodong Vil.
1	江北街1段	Sec. 1, Qiaojiang N. St.
4	2段	Sec. 2, Qiaojiang N. St.
2	南街	Qiaojiang S. St.
1	燕路	Qiaoyan Rd.
1	發街	Qiaofa St.
1	科5路	Qiaoke 5th Rd.
2	6路	Qiaoke 6th Rd.
2	7路	Qiaoke 7th Rd.
2	8路	Qiaoke 8th Rd.
2	十路	Qiaoke 10th Rd.
1	興街	Qiaoxing St.
1	都路	Qiaodu Rd.
1	頭	Qiaotou
2	北	Qiaotoubei
2	南	Qiaotounan
2	巷	Qiaotou Ln.
2	村	Qiaotou Vil.
3	復興路	Fuxing Rd., Qiaotou Vil.
2	街	Qiaotou St.
2	路	Qiaotou Rd.
3	中興巷	Zhongxing Ln., Qiaotou Rd.
3	大井巷	Dajing Ln., Qiaotou Rd.
3	林厝巷	Lincuo Ln., Qiaotou Rd.
2	里	Qiaotou Vil.
0	橘園1路	Juyuan 1st Rd.
0	機場北路	Jichang N. Rd.
2	南路	Jichang S. Rd.
2	巷	Jichang Ln.
2	路	Jichang Rd.
1	捷路2段	Sec. 2, Jijie Rd.
0	橫圳巷	Hengzun Ln.
2	街	Hengzun St.
2	路	Hengzun Rd.
2	頂	Hengzunding
1	坑	Hengkeng
2	巷	Hengkeng Ln.
3	聖地1弄	Shengdi 1st Aly., Hengkeng Ln.
5	2弄	Shengdi 2nd Aly., Hengkeng Ln.
5	3弄	Shengdi 3rd Aly., Hengkeng Ln.
5	4弄	Shengdi 4th Aly., Hengkeng Ln.
1	坪	Hengping
1	屏巷	Hengping Ln.
2	背	Hengpingbei
1	山	Hengshan
2	1巷	Hengshan 1st Ln.
2	2巷	Hengshan 2nd Ln.
2	3巷	Hengshan 3rd Ln.
2	巷	Hengshan Ln.
2	村	Hengshan Vil.
2	街1段	Sec. 1, Hengshan St.
3	2段	Sec. 2, Hengshan St.
2	路	Hengshan Rd.
1	岡下	Henggangxia
1	峰村	Hengfeng Vil.
1	巷	Side Ln.
1	湳1路	Hengnan 1st Rd.
2	路	Hengnan Rd.
1	溪巷	Hengxi Ln.
2	路	Hengxi Rd.
1	礁	Hengjiao
2	村	Hengjiau Vil.
1	科路	Hengke Rd.
2	里	Hengke Vil.
1	窩	Hengwo
1	街	Heng St.
2	后巷	Hengjiehou Ln.
2	巷	Hengjie Ln.
1	路	Heng Rd.
2	村	Henglu Vil.
2	里	Henglu Vil.
1	車路	Hengche Rd.
1	通巷	Hengtong Ln.
1	龍山	Henglong Mountain
0	檔案館路	Dang'anguan Rd.
0	檜木巷	Kuaimu Ln.
1	村里	Kuaicun Vil.
0	檨仔寮	Shezailiao
2	林	Shezailin
2	腳	Shezaijiao
1	子坑	Shezikeng
2	林	Shezilin
2	腳	Shezijiao
2	里	Shezi Vil.
1	林巷	Shelin Ln.
2	路	Shelin Rd.
1	腳村	Shejiau Vil.
0	檳榔宅	Binlangzhai
2	樹角	Binlangshujiao
2	路	Binlang Rd.
0	櫻城1街	Yingcheng 1st St.
2	2街	Yingcheng 2nd St.
2	3街	Yingcheng 3rd St.
2	5街	Yingcheng 5th St.
2	6街	Yingcheng 6th St.
1	花山莊	Yinghua Villa
2	街	Yinghua St.
2	路	Yinghua Rd.
0	權郎巷	Quanlang Ln.
0	欖仁路	Lanren Rd.
0	欣北路	Xinbei Rd.
1	榮路	Xinrong Rd.
1	欣	Xinxin
2	巷	Xinxin Ln.
2	街	Xinxin St.
3	一棟	1st Bldg., Xinxin St.
3	七棟	7th Bldg., Xinxin St.
3	三棟	3rd Bldg., Xinxin St.
3	九棟	9th Bldg., Xinxin St.
3	二棟	2nd Bldg., Xinxin St.
3	五棟	5th Bldg., Xinxin St.
3	八棟	8th Bldg., Xinxin St.
3	六棟	6th Bldg., Xinxin St.
3	十一棟	11th Bldg., Xinxin St.
4	棟	10th Bldg., Xinxin St.
3	四棟	4th Bldg., Xinxin St.
0	歐厝	Oucuo
1	楓街	Oufeng St.
1	濱路	Oubin Rd.
1	香新城	Ouxiang Xincheng
0	歡園里	Huanyuan Vil.
1	聚里	Huanju Vil.
1	雅	Huanya
2	里	Huanya Vil.
0	正1街	Zheng 1st St.
1	2街	Zheng 2nd St.
1	3街	Zheng 3rd St.
1	5街	Zheng 5th St.
1	中街	Zhengzhong St.
1	仁街	Zhengren St.
2	里	Zhengren Vil.
1	信巷	Zhengxin Ln.
2	路	Zhengxin Rd.
1	光1街	Zhengguang 1st St.
2	2街	Zhengguang 2nd St.
2	3街	Zhengguang 3rd St.
2	街	Zhengguang St.
2	路	Zhengguang Rd.
2	里	Zhengguang Vil.
1	勤路	Zhengqin Rd.
1	北1路	Zhengbei 1st Rd.
2	3路	Zhengbei 3rd Rd.
2	5路	Zhengbei 5th Rd.
1	南1街	Zhengnan 1st St.
2	2街	Zhengnan 2nd St.
2	3路	Zhengnan 3rd Rd.
2	5街	Zhengnan 5th St.
2	6街	Zhengnan 6th St.
2	8街	Zhengnan 8th St.
2	里	Zhengnan Vil.
1	和街	Zhenghe St.
2	里	Zhenghe Vil.
1	大街	Zhengda St.
2	路	Zhengda Rd.
3	1段	Sec. 1, Zhengda Rd.
3	2段	Sec. 2, Zhengda Rd.
3	3段	Sec. 3, Zhengda Rd.
2	里	Zhengda Vil.
1	守里	Zhengshou Vil.
1	安街	Zheng'an St.
2	里	Zheng'an Vil.
1	定巷	Zhengding Ln.
1	展路	Zhengzhan Rd.
1	平巷	Zhengping Ln.
2	街	Zhengping St.
1	康1街	Zhengkang 1st St.
2	2街	Zhengkang 2nd St.
2	3街	Zhengkang 3rd St.
2	4街	Zhengkang 4th St.
1	強街	Zhengqiang St.
2	里	Zhengqiang Vil.
1	得里	Zhengde Vil.
1	德1巷	Zhengde 1st Ln.
2	2巷	Zhengde 2nd Ln.
2	3巷	Zhengde 3rd Ln.
2	巷	Zhengde Ln.
2	新村	Zhengde New Vil.
2	街	Zhengde St.
2	路	Zhengde Rd.
2	里	Zhengde Vil.
1	心1街	Zhengxin 1st St.
3	路	Zhengxin 1st Rd.
2	2路	Zhengxin 2nd Rd.
2	街	Zhengxin St.
2	路	Zhengxin Rd.
2	里	Zhengxin Vil.
1	忠街	Zhengzhong St.
2	路	Zhengzhong Rd.
1	思街	Zhengsi St.
1	成巷	Zhengcheng Ln.
1	文里	Zhengwen Vil.
1	新北路	Zhengxin N. Rd.
2	南路	Zhengxin S. Rd.
2	街	Zhengxin St.
2	路	Zhengxin Rd.
1	明街	Zhengming St.
2	里	Zhengming Vil.
1	業街	Zhengye St.
1	榮街	Zhengrong St.
1	氣北路	Zhengqi N. Rd.
2	巷	Zhengqi Ln.
2	街	Zhengqi St.
2	路	Zhengqi Rd.
2	里	Zhengqi Vil.
1	泰巷	Zhengtai Ln.
2	街	Zhengtai St.
2	里	Zhengtai Vil.
1	濱路	Zhengbin Rd.
2	里	Zhengbin Vil.
1	田路	Zhengtian Rd.
1	發路	Zhengfa Rd.
1	知1街	Zhengzhi 1st St.
2	2街	Zhengzhi 2nd St.
2	3街	Zhengzhi 3rd St.
2	4街	Zhengzhi 4th St.
1	砂里	Zhengsha Vil.
1	神路	Zhengshen Rd.
1	福1街	Zhengfu 1st St.
2	2街	Zhengfu 2nd St.
2	3街	Zhengfu 3rd St.
2	5街	Zhengfu 5th St.
2	7街	Zhengfu 7th St.
2	8街	Zhengfu 8th St.
2	街	Zhengfu St.
2	路	Zhengfu Rd.
1	義1街	Zhengyi 1st St.
3	路	Zhengyi 1st Rd.
2	2街	Zhengyi 2nd St.
3	路	Zhengyi 2nd Rd.
2	3街	Zhengyi 3rd St.
2	6街	Zhengyi 6th St.
2	北路	Zhengyi N. Rd.
2	南街	Zhengyi S. St.
3	路	Zhengyi S. Rd.
2	巷	Zhengyi Ln.
2	新村	Zhengyi New Vil.
2	村	Zhengyi Vil.
2	東街	Zhengyi E. St.
2	街	Zhengyi St.
2	西街	Zhengyi W. St.
3	路	Zhengyi W. Rd.
2	路	Zhengyi Rd.
2	里	Zhengyi Vil.
1	聲里	Zhengsheng Vil.
1	自里	Zhengzi Vil.
1	興	Zhengxing
2	巷	Zhengxing Ln.
2	村	Zhengxing Vil.
2	街	Zhengxing St.
2	路	Zhengxing Rd.
2	里	Zhengxing Vil.
1	船里	Zhengchuan Vil.
1	芬巷	Zhengfen Ln.
1	苓里	Zhengling Vil.
1	英11街	Zhengying 11th St.
3	2街	Zhengying 12th St.
3	3街	Zhengying 13th St.
3	5街	Zhengying 15th St.
3	6街	Zhengying 16th St.
3	街	Zhengying 1st St.
2	2街	Zhengying 2nd St.
2	3街	Zhengying 3rd St.
2	5街	Zhengying 5th St.
2	6街	Zhengying 6th St.
2	7街	Zhengying 7th St.
2	8街	Zhengying 8th St.
2	9街	Zhengying 9th St.
2	十街	Zhengying 10th St.
2	路	Zhengying Rd.
1	行路	Zhengxing Rd.
2	里	Zhengxing Vil.
1	覺街	Zhengjue St.
2	里	Zhengjue Vil.
1	言街	Zhengyan St.
2	路	Zhengyan Rd.
2	里	Zhengyan Vil.
1	誠街	Zhengcheng St.
1	豐街	Zhengfeng St.
1	賢路	Zhengxian Rd.
1	道街	Zhengdao St.
2	里	Zhengdau Vil.
1	遠路	Zhengyuan Rd.
1	陽街	Zhengyang St.
1	隆巷	Zhenglong Ln.
2	街	Zhenglong St.
2	路	Zhenglong Rd.
1	音里	Zhengyin Vil.
1	順北路	Zhengshun N. Rd.
2	街	Zhengshun St.
2	路	Zhengshun Rd.
2	里	Zhengshun Vil.
1	風里	Zhengfeng Vil.
0	武丁路	Wuding Rd.
1	中路	Wuzhong Rd.
1	仁街	Wuren St.
1	侯街	Wuhou St.
1	保路	Wubao Rd.
1	信街	Wuxin St.
1	前街	Wuqian St.
1	功巷	Wugong Ln.
2	街	Wugong St.
2	里	Wugong Vil.
1	勇街	Wuyong St.
1	垣里	Wuyuan Vil.
1	城村	Wucheng Vil.
1	塔村	Wuta Vil.
1	士街	Wushi St.
1	威1路	Wuwei 1st Rd.
2	2路	Wuwei 2nd Rd.
2	巷	Wuwei Ln.
2	村	Wuwei Vil.
2	街	Wuwei St.
2	路	Wuwei Rd.
1	安街	Wu'an St.
2	路	Wu'an Rd.
2	里	Wu'an Vil.
1	尚路	Wushang Rd.
1	山巷	Wushan Ln.
1	崙街	Wulun St.
2	路	Wulun Rd.
2	里	Wulun Vil.
1	嶺街	Wuling St.
1	平西街	Wuping W. St.
1	廟路	Wumiao Rd.
2	里	Wumiau Vil.
1	強巷	Wuqiang Ln.
2	街	Wuqiang St.
1	德巷	Wude Ln.
2	新莊	Wude New Vil.
4	自強路	Ziqiang Rd., Wude New Vil.
2	街	Wude St.
1	愛街	Wu'ai St.
1	慶1路	Wuqing 1st Rd.
2	2路	Wuqing 2nd Rd.
2	3路	Wuqing 3rd Rd.
2	里	Wuqing Vil.
1	成街	Wucheng St.
1	昌	Wuchang
2	南街	Wuchang S. St.
2	巷	Wuchang Ln.
2	街	Wuchang St.
3	1段	Sec. 1, Wuchang St.
3	2段	Sec. 2, Wuchang St.
2	路	Wuchang Rd.
2	里	Wuchang Vil.
1	智街	Wuzhi St.
1	暖路	Wunuan Rd.
1	曲里	Wuqu Vil.
1	東1街	Wudong 1st St.
2	2街	Wudong 2nd St.
2	3街	Wudong 3rd St.
2	巷	Wudong Ln.
2	村	Wudong Vil.
2	里	Wudong Vil.
1	松街	Wusong St.
2	里	Wusong Vil.
1	林街	Wulin St.
2	路	Wulin Rd.
1	榮	Wurong
2	村	Wurong Vil.
1	洛路	Wuluo Rd.
1	淵1路	Wuyuan 1st Rd.
2	2路	Wuyuan 2nd Rd.
2	3路	Wuyuan 3rd Rd.
2	村	Wuyuan Vil.
2	路	Wuyuan Rd.
1	漢街	Wuhan St.
2	路	Wuhan Rd.
2	里	Wuhan Vil.
1	潭村	Wutan Vil.
1	營街	Wuying St.
2	路	Wuying Rd.
3	臺鹼新村	Taijian New Vil., Wuying Rd.
2	里	Wuying Vil.
1	界路	Wujie Rd.
1	當路	Wudang Rd.
1	登村	Wudeng Vil.
1	盛巷	Wusheng Ln.
1	立街	Wuli St.
1	罕1路	Wuhan 1st Rd.
2	2路	Wuhan 2nd Rd.
2	3路	Wuhan 3rd Rd.
2	5路	Wuhan 5th Rd.
2	6路	Wuhan 6th Rd.
2	7路	Wuhan 7th Rd.
1	義街	Wuyi St.
1	聖街	Wusheng St.
2	路	Wusheng Rd.
2	里	Wusheng Vil.
1	興路	Wuxing Rd.
1	英北路	Wuying N. Rd.
2	南路	Wuying S. Rd.
2	巷	Wuying Ln.
2	街	Wuying St.
2	西路	Wuying W. Rd.
1	荖坑路	Wulaokeng Rd.
1	西里	Wuxi Vil.
1	訓街	Wuxun St.
2	路	Wuxun Rd.
1	進街	Wujin St.
1	道能敢	Wudaonenggan
1	陵村	Wuling Vil.
2	東1路	Wuling E. 1st Rd.
3	路	Wuling E. Rd.
2	街	Wuling St.
2	西2路	Wuling W. 2nd Rd.
3	3路	Wuling W. 3rd Rd.
3	4路	Wuling W. 4th Rd.
2	路	Wuling Rd.
2	里	Wuling Vil.
1	隆街	Wulong St.
1	順街	Wushun St.
2	里	Wushun Vil.
1	鳴巷	Wuming Ln.
1	鹿巷	Wulu Ln.
2	里	Wulu Vil.
0	歷坵	Liqiu
2	村	Liqiu Vil.
0	歸仁11路	Guiren 11th Rd.
3	2路	Guiren 12th Rd.
3	3路	Guiren 13th Rd.
5	1段	Sec. 1, Guiren 13th Rd.
5	2段	Sec. 2, Guiren 13th Rd.
3	4路	Guiren 14th Rd.
3	5路	Guiren 15th Rd.
3	6路	Guiren 16th Rd.
3	8路	Guiren 18th Rd.
3	巷	Guiren 1st Ln.
3	路	Guiren 1st Rd.
2	2路	Guiren 2nd Rd.
2	3路	Guiren 3rd Rd.
2	5路	Guiren 5th Rd.
2	6路	Guiren 6th Rd.
2	7路	Guiren 7th Rd.
2	8路	Guiren 8th Rd.
2	9路	Guiren 9th Rd.
2	十路	Guiren 10th Rd.
2	南路	Guiren S. Rd.
2	大道	Guiren Blvd.
2	村	Guiren Vil.
2	路	Guiren Rd.
2	里	Guiren Vil.
1	國一橫巷	Guiguo 1st Side Ln.
2	巷	Guiguo Ln.
1	崇村	Guichong Vil.
1	心里	Guixin Vil.
1	智巷	Guizhi Ln.
2	路	Guizhi Rd.
1	田	Guitian
1	禮巷	Guili Ln.
1	綏街	Guisui St.
1	義巷	Guiyi Ln.
0	比亞外	Biyawai
1	來	Bilai
1	利良	Bililiang
1	麟	Bilin
0	毛蟹行	Maoxiexing
0	民1街	Min 1st St.
1	2街	Min 2nd St.
1	3街	Min 3rd St.
1	4街	Min 4th St.
1	5街	Min 5th St.
1	6街	Min 6th St.
1	7街	Min 7th St.
1	主12路	Minzhu 12th Rd.
3	4路	Minzhu 14th Rd.
3	6路	Minzhu 16th Rd.
3	8路	Minzhu 18th Rd.
3	路	Minzhu 1st Rd.
2	2路	Minzhu 2nd Rd.
2	3路	Minzhu 3rd Rd.
2	4路	Minzhu 4th Rd.
2	5路	Minzhu 5th Rd.
2	6路	Minzhu 6th Rd.
2	7路	Minzhu 7th Rd.
2	8路	Minzhu 8th Rd.
2	9路	Minzhu 9th Rd.
2	十路	Minzhu 10th Rd.
2	村	Minzhu Vil.
2	橫路	Minzhuheng Rd.
2	街	Minzhu St.
2	路	Minzhu Rd.
2	里	Minzhu Vil.
1	亨巷	Minheng Ln.
2	街	Minheng St.
1	享	Minxiang
2	1街	Minxiang 1st St.
3	路	Minxiang 1st Rd.
2	2街	Minxiang 2nd St.
2	3街	Minxiang 3rd St.
2	4街	Minxiang 4th St.
2	5街	Minxiang 5th St.
2	6街	Minxiang 6th St.
2	7街	Minxiang 7th St.
2	8街	Minxiang 8th St.
2	9街	Minxiang 9th St.
2	十街	Minxiang 10th St.
2	巷	Minxiang Ln.
2	村	Minxiang Vil.
2	街	Minxiang St.
2	路	Minxiang Rd.
2	里	Minxiang Vil.
1	仁街	Minren St.
1	俗文化村	Folk Culture Vil.
1	保巷	Minbao Ln.
1	信巷	Minxin Ln.
2	街	Minxin St.
2	路	Minxin Rd.
1	光	Minguang
2	東路	Minguang E. Rd.
2	街	Minguang St.
2	路	Minguang Rd.
3	1段	Sec. 1, Minguang Rd.
3	2段	Sec. 2, Minguang Rd.
1	全街	Minquan St.
2	里	Minquan Vil.
1	利街	Minli St.
2	路	Minli Rd.
1	勇街	Minyong St.
2	路	Minyong Rd.
1	勝街	Minsheng St.
1	勤街	Minqin St.
2	里	Minqin Vil.
1	化	Minhua
1	吉里	Minji Vil.
1	和1街	Minhe 1st St.
3	路	Minhe 1st Rd.
2	2街	Minhe 2nd St.
3	路	Minhe 2nd Rd.
2	5街	Minhe 5th St.
2	6街	Minhe 6th St.
2	巷	Minhe Ln.
2	村	Minhe Vil.
2	東街	Minhe E. St.
2	街	Minhe St.
2	路	Minhe Rd.
3	1段	Sec. 1, Minhe Rd.
3	2段	Sec. 2, Minhe Rd.
2	里	Minhe Vil.
1	善街	Minshan St.
2	路	Minshan Rd.
1	國街	Minguo St.
2	路	Minguo Rd.
3	1段	Sec. 1, Minguo Rd.
3	2段	Sec. 2, Minguo Rd.
2	里	Minguo Vil.
1	壯路	Minzhuang Rd.
1	壽街	Minshou St.
1	孝街	Minxiao St.
2	路	Minxiao Rd.
1	學路	Minxue Rd.
3	東段	Sec. E., Minxue Rd.
1	安1巷	Min'an 1st Ln.
3	街	Min'an 1st St.
2	2巷	Min'an 2nd Ln.
3	街	Min'an 2nd St.
2	3街	Min'an 3rd St.
2	4街	Min'an 4th St.
2	巷	Min'an Ln.
2	東路	Min'an E. Rd.
2	街	Min'an St.
2	西路	Min'an W. Rd.
2	路	Min'an Rd.
3	1段	Sec. 1, Min'an Rd.
3	2段	Sec. 2, Min'an Rd.
2	里	Min'an Vil.
1	富11街	Minfu 11th St.
3	2街	Minfu 12th St.
3	3街	Minfu 13th St.
3	5街	Minfu 15th St.
3	6街	Minfu 16th St.
3	7街	Minfu 17th St.
3	巷	Minfu 1st Ln.
3	街	Minfu 1st St.
2	2街	Minfu 2nd St.
2	3街	Minfu 3rd St.
2	5街	Minfu 5th St.
2	8街	Minfu 8th St.
2	9街	Minfu 9th St.
2	巷	Minfu Ln.
2	街	Minfu St.
2	路	Minfu Rd.
3	1段	Sec. 1, Minfu Rd.
3	2段	Sec. 2, Minfu Rd.
3	3段	Sec. 3, Minfu Rd.
2	里	Minfu Vil.
1	峰里	Minfeng Vil.
1	康街	Minkang St.
1	強街	Minqiang St.
2	里	Minqiang Vil.
1	德1街	Minde 1st St.
2	2街	Minde 2nd St.
2	3街	Minde 3rd St.
2	4街	Minde 4th St.
2	路	Minde Rd.
2	里	Minde Vil.
1	心里	Minxin Vil.
1	忠街	Minzhong St.
1	恒路	Minheng Rd.
1	意街	Minyi St.
2	路	Minyi Rd.
2	里	Minyi Vil.
1	愛路	Min'ai Rd.
1	慶街	Minqing St.
1	成街	Mincheng St.
1	揚路	Minyang Rd.
1	政街	Minzheng St.
2	路	Minzheng Rd.
2	里	Minzheng Vil.
1	教路	Minjiao Rd.
1	新東路	Minxin E. Rd.
2	路	Minxin Rd.
1	族	Minzu
2	1街	Minzu 1st St.
3	路	Minzu 1st Rd.
2	2街	Minzu 2nd St.
3	路	Minzu 2nd Rd.
2	3街	Minzu 3rd St.
2	4街	Minzu 4th St.
2	5街	Minzu 5th St.
2	6街	Minzu 6th St.
2	7街	Minzu 7th St.
2	北街	Minzu N. St.
3	路	Minzu N. Rd.
2	南1街	Minzu S. 1st St.
3	3街	Minzu S. 3rd St.
3	街	Minzu S. St.
2	巷	Minzu Ln.
2	東路	Minzu E. Rd.
2	街	Minzu St.
3	147北1巷	147th N. 1st Ln., Minzu St.
7	2巷	147th N. 2nd Ln., Minzu St.
7	3巷	147th N. 3rd Ln., Minzu St.
7	4巷	147th N. ４th Ln., Minzu St.
2	西路	Minzu W. Rd.
2	路	Minzu Rd.
3	1段	Sec. 1, Minzu Rd.
3	2段	Sec. 2, Minzu Rd.
3	3段	Sec. 3, Minzu Rd.
3	5段	Sec. 5, Minzu Rd.
3	69巷溝邊	Goubian, Ln. 69, Minzu Rd.
4	段	Sec. 6, Minzu Rd.
3	名進巷	Mingjin Ln., Minzu Rd.
3	和傑巷	Hejie Ln., Minzu Rd.
4	興巷	Hexing Ln., Minzu Rd.
3	埔圳巷	Puzun Ln., Minzu Rd.
3	富貴巷	Fugui Ln., Minzu Rd.
3	新圍巷	Xinwei Ln., Minzu Rd.
4	庄巷	Xinzhuang Ln., Minzu Rd.
4	興巷	Xinxing Ln., Minzu Rd.
3	福生巷	Fusheng Ln., Minzu Rd.
3	雙連1段	Shuanglian Sec. 1, Minzu Rd.
5	2段	Shuanglian Sec. 2, Minzu Rd.
5	3段	Shuanglian Sec. 3, Minzu Rd.
2	里	Minzu Vil.
3		Minzu Vil.
1	昌街	Minchang St.
1	智街	Minzhi St.
2	路	Minzhi Rd.
1	有	Minyou
2	11街	Minyou 11th St.
3	2街	Minyou 12th St.
3	3街	Minyou 13th St.
3	5街	Minyou 15th St.
3	6街	Minyou 16th St.
3	街	Minyou 1st St.
3	路	Minyou 1st Rd.
2	2街	Minyou 2nd St.
3	路	Minyou 2nd Rd.
4	1段	Sec. 1, Minyou 2nd Rd.
4	2段	Sec. 2, Minyou 2nd Rd.
2	3街	Minyou 3rd St.
3	路	Minyou 3rd Rd.
2	4街	Minyou 4th St.
2	5街	Minyou 5th St.
2	6街	Minyou 6th St.
2	7街	Minyou 7th St.
2	8街	Minyou 8th St.
2	十街	Minyou 10th St.
2	巷	Minyou Ln.
2	東路	Minyou E. Rd.
2	街	Minyou St.
3	德安巷	De'an Ln., Minyou St.
2	路	Minyou Rd.
3	1段	Sec. 1, Minyou Rd.
3	2段	Sec. 2, Minyou Rd.
2	里	Minyou Vil.
1	本街	Minben St.
2	里	Minben Vil.
1	東路	Mindong Rd.
1	業路	Minye Rd.
1	榮街	Minrong St.
2	里	Minrong Vil.
1	樂	Minle
2	1街	Minle 1st St.
2	2街	Minle 2nd St.
2	3街	Minle 3rd St.
2	街	Minle St.
2	路	Minle Rd.
2	里	Minle Vil.
1	權12街	Minquan 12th St.
3	6街	Minquan 16th St.
3	巷	Minquan 1st Ln.
3	街	Minquan 1st St.
3	路	Minquan 1st Rd.
2	2街	Minquan 2nd St.
3	路	Minquan 2nd Rd.
2	3街	Minquan 3rd St.
2	4街	Minquan 4th St.
2	5街	Minquan 5th St.
2	6街	Minquan 6th St.
2	7街	Minquan 7th St.
2	8街	Minquan 8th St.
2	9街	Minquan 9th St.
2	北路	Minquan N. Rd.
2	十街	Minquan 10th St.
2	南路	Minquan S. Rd.
2	巷	Minquan Ln.
2	新路	Minquanxin Rd.
2	村	Minquan Vil.
2	東街	Minquan E. St.
3	路	Minquan E. Rd.
4	1段	Sec. 1, Minquan E. Rd.
4	2段	Sec. 2, Minquan E. Rd.
4	3段	Sec. 3, Minquan E. Rd.
4	4段	Sec. 4, Minquan E. Rd.
4	5段	Sec. 5, Minquan E. Rd.
4	6段	Sec. 6, Minquan E. Rd.
2	街	Minquan St.
3	1段	Sec. 1, Minquan St.
3	2段	Sec. 2, Minquan St.
3	中源巷	Zhongyuan Ln., Minquan St.
3	新街巷	Xinjie Ln., Minquan St.
3	鐵路巷	Railway Ln., Minquan St.
3	關前巷	Guanqian Ln., Minquan St.
2	西街	Minquan W. St.
3	路	Minquan W. Rd.
2	路	Minquan Rd.
3	1段	Sec. 1, Minquan Rd.
3	2段	Sec. 2, Minquan Rd.
3	3段	Sec. 3, Minquan Rd.
3	4段	Sec. 4, Minquan Rd.
3	5段	Sec. 5, Minquan Rd.
3	信義巷	Xinyi Ln., Minquan Rd.
3	光明巷	Guangming Ln., Minquan Rd.
3	合作巷	Hezuo Ln., Minquan Rd.
3	大光巷	Daguang Ln., Minquan Rd.
3	庄頭巷	Zhuangtou Ln., Minquan Rd.
3	建國巷	Jianguo Ln., Minquan Rd.
3	橫街巷	Hengjie Ln., Minquan Rd.
3	農昌巷	Nongchang Ln., Minquan Rd.
3	金華巷	Jinhua Ln., Minquan Rd.
2	里	Minquan Vil.
1	正路	Minzheng Rd.
1	治	Minzhi
2	12街	Minzhi 12th St.
3	4街	Minzhi 14th St.
3	6街	Minzhi 16th St.
3	8街	Minzhi 18th St.
3	街	Minzhi 1st St.
2	2街	Minzhi 2nd St.
2	3街	Minzhi 3rd St.
2	4街	Minzhi 4th St.
2	5街	Minzhi 5th St.
2	6街	Minzhi 6th St.
2	7街	Minzhi 7th St.
2	8街	Minzhi 8th St.
2	二十街	Minzhi 20th St.
2	十街	Minzhi 10th St.
2	東路	Minzhi E. Rd.
2	街	Minzhi St.
2	路	Minzhi Rd.
2	里	Minzhi Vil.
1	泰街	Mintai St.
1	溪1路	Minxi 1st Rd.
2	2路	Minxi 2nd Rd.
2	3路	Minxi 3rd Rd.
2	5路	Minxi 5th Rd.
2	6路	Minxi 6th Rd.
2	7路	Minxi 7th Rd.
2	南路	Minxi S. Rd.
2	路	Minxi Rd.
1	炤里	Minzhao Vil.
1	瑞街	Minrui St.
1	生11街	Minsheng 11th St.
3	2街	Minsheng 12th St.
3	巷	Minsheng 1st Ln.
3	街	Minsheng 1st St.
3	路	Minsheng 1st Rd.
2	2巷	Minsheng 2nd Ln.
3	街	Minsheng 2nd St.
3	路	Minsheng 2nd Rd.
2	3巷	Minsheng 3rd Ln.
3	街	Minsheng 3rd St.
2	6街	Minsheng 6th St.
2	8街	Minsheng 8th St.
2	9街	Minsheng 9th St.
2	北街	Minsheng N. St.
3	路	Minsheng N. Rd.
4	1段	Sec. 1, Minsheng N. Rd.
6	長春巷	Changchun Ln., Sec. 1, Minsheng N. Rd.
2	十街	Minsheng 10th St.
2	南街1段	Sec. 1, Minsheng S. St.
4	2段	Sec. 2, Minsheng S. St.
3	路	Minsheng S. Rd.
2	巷	Minsheng Ln.
2	新村	Minsheng New Vil.
3	街	Minshengxin St.
2	村	Minsheng Vil.
3	仁愛巷	Ren'ai Ln., Minsheng Vil.
3	新興巷	Xinxing Ln., Minsheng Vil.
2	東街	Minsheng E. St.
3	路	Minsheng E. Rd.
4	1段	Sec. 1, Minsheng E. Rd.
4	2段	Sec. 2, Minsheng E. Rd.
4	3段	Sec. 3, Minsheng E. Rd.
4	4段	Sec. 4, Minsheng E. Rd.
4	5段	Sec. 5, Minsheng E. Rd.
2	街	Minsheng St.
3	樂利巷	Leli Ln., Minsheng St.
2	西街	Minsheng W. St.
3	路	Minsheng W. Rd.
2	路	Minsheng Rd.
3	1段	Sec. 1, Minsheng Rd.
5	後厝巷	Houcuo Ln., Sec. 1, Minsheng Rd.
5	村頭巷	Cuntou Ln., Sec. 1, Minsheng Rd.
3	2段	Sec. 2, Minsheng Rd.
3	3段	Sec. 3, Minsheng Rd.
3	4段	Sec. 4, Minsheng Rd.
3	中巷	Central Ln., Minsheng Rd.
3	八德巷	Bade Ln., Minsheng Rd.
3	力行巷	Lixing Ln., Minsheng Rd.
3	南段	Sec. S., Minsheng Rd.
3	和成巷	Hecheng Ln., Minsheng Rd.
3	忠志巷	Zhongzhi Ln., Minsheng Rd.
4	明巷	Zhongming Ln., Minsheng Rd.
3	興農巷	Xingnong Ln., Minsheng Rd.
3	長龍巷	Changlong Ln., Minsheng Rd.
3	麟安巷	Lin'an Ln., Minsheng Rd.
2	里	Minsheng Vil.
1	益路	Minyi Rd.
1	眾巷	Minzhong Ln.
2	路	Minzhong Rd.
3	南巷	S. Ln., Minzhong Rd.
1	石	Minshi
1	祥街	Minxiang St.
1	福路	Minfu Rd.
2	里	Minfu Vil.
1	禮路	Minli Rd.
1	立1街	Minli 1st St.
2	2街	Minli 2nd St.
2	街	Minli St.
2	里	Minli Vil.
1	義村	Minyi Vil.
2	街	Minyi St.
2	路1段	Sec. 1, Minyi Rd.
3	2段	Sec. 2, Minyi Rd.
3	3段	Sec. 3, Minyi Rd.
1	興街	Minxing St.
2	路	Minxing Rd.
1	航1街	Minhang 1st St.
2	2街	Minhang 2nd St.
2	3街	Minhang 3rd St.
2	路	Minhang Rd.
1	華巷	Minhua Ln.
2	街	Minhua St.
1	裕	Minyu
2	巷	Minyu Ln.
2	街	Minyu St.
1	豐	Minfeng
2	1街	Minfeng 1st St.
2	6街	Minfeng 6th St.
2	街	Minfeng St.
2	路	Minfeng Rd.
1	貴1街	Mingui 1st St.
2	2街	Mingui 2nd St.
2	3街	Mingui 3rd St.
2	4街	Mingui 4th St.
2	街	Mingui St.
1	輝里	Minhui Vil.
1	農1街	Minnong 1st St.
2	2街	Minnong 2nd St.
2	路	Minnong Rd.
1	運里	Minyun Vil.
1	鋒路	Minfeng Rd.
1	間路	Minjian Rd.
1	隆路	Minlong Rd.
1	靖村	Minjing Vil.
1	順街	Minshun St.
1	風巷	Minfeng Ln.
1	魂里	Minhun Vil.
1	龍里	Minlong Vil.
0	水上巷	Shuishang Ln.
2	村	Shuishang Vil.
1	井	Shuijing
2	1路	Shuijing 1st Rd.
2	2路	Shuijing 2nd Rd.
2	3路	Shuijing 3rd Rd.
2	仔	Shuijingzai
2	巷	Shuijing Ln.
2	村	Shuijing Vil.
2	街	Shuijing St.
2	路	Shuijing Rd.
1	交社1街	Shuijiaoshe 1st St.
3	路	Shuijiaoshe Rd.
1	仔尾	Shuizaiwei
1	仙村	Shuixian Vil.
2	路	Shuixian Rd.
2	里	Shuixian Vil.
1	信路1段	Sec. 1, Shuixin Rd.
3	2段	Sec. 2, Shuixin Rd.
3	3段	Sec. 3, Shuixin Rd.
1	冬瓜	Shuidonggua
1	利村	Shuili Vil.
2	路	Shuili Rd.
1	北村	Shuibei Vil.
1	南村	Shuinan Vil.
1	哮巷	Shuixiao Ln.
2	路	Shuixiao Rd.
1	圳巷	Shuizun Ln.
1	坑	Shuikeng
2	巷	Shuikeng Ln.
2	村	Shuikeng Vil.
1	坡	Shuipo
2	里	Shuipo Vil.
1	垵	Shui'an
2	村	Shui'an Vil.
1	埔	Shuipu
2	里	Shuipu Vil.
1	堀坪	Shuikuping
1	塔1巷	Shuita 1st Ln.
2	2巷	Shuita 2nd Ln.
1	塢里	Shuiwu Vil.
1	墜	Shuizhui
1	墻巷	Shuiqiang Ln.
1	安村	Shui'an Vil.
2	街	Shui'an St.
1	宮邊巷	Shuigong Side Ln.
1	寮	Shuiliao
2	村	Shuiliau Vil.
1	尾	Shuiwei
2	1路	Shuiwei 1st Rd.
2	2路	Shuiwei 2nd Rd.
2	仔	Shuiweizai
2	坪	Shuiweiping
2	子	Shuiweizi
2	巷	Shuiwei Ln.
2	村	Shuiwei Vil.
3	太平路	Taiping Rd., Shuiwei Vil.
2	甲	Shuiweijia
2	路	Shuiwei Rd.
2	里	Shuiwei Vil.
1	山	Shuishan
1	岸1街	Shui'an 1st St.
2	2街	Shui'an 2nd St.
2	3街	Shui'an 3rd St.
2	5街	Shui'an 5th St.
2	7街	Shui'an 7th St.
2	街	Shui'an St.
1	底寮	Shuidiliao
2	村	Shuidi Vil.
1	庫巷	Shuiku Ln.
2	路	Shuiku Rd.
1	廠路	Shuichang Rd.
1	德村	Shuide Vil.
2	路	Shuide Rd.
1	新路	Shuixin Rd.
1	景巷	Shuijing Ln.
2	街	Shuijing St.
2	里	Shuijing Vil.
2	頭	Shuijingtou
1	月臺路	Shuiyuetai Rd.
1	村	Shui Vil.
1	林村	Shuilin Vil.
2	路	Shuilin Rd.
1	柳腳	Shuiliujiao
1	森路	Shuisen Rd.
1	正里	Shuizheng Vil.
1	母丁	Shuimuding
1	江路	Shuijiang Rd.
1	池街	Shuichi St.
1	汴1路	Shuibian 1st Rd.
2	2路	Shuibian 2nd Rd.
2	頭	Shuibiantou
1	沙連街	Shuishalian St.
1	河里	Shuihe Vil.
1	泉村	Shuiquan Vil.
2	街	Shuiquan St.
2	路	Shuiquan Rd.
2	里	Shuiquan Vil.
1	波林	Shuipolin
1	流	Shuiliu
2	娘	Shuiliuniang
2	東	Shuiliudong
1	浘	Shuiwei
1	湖	Shuihu
1	湳街	Shuinan St.
2	路	Shuinan Rd.
3	建昌巷	Jianchang Ln., Shuinan Rd.
2	里	Shuinan Vil.
1	源	Shuiyuan
2	1街	Shuiyuan 1st St.
3	路	Shuiyuan 1st Rd.
2	2街	Shuiyuan 2nd St.
3	路	Shuiyuan 2nd Rd.
2	3街	Shuiyuan 3rd St.
2	北街	Shuiyuan N. St.
2	南路	Shuiyuan S. Rd.
2	地	Headwaters
2	山	Shuiyuanshan
2	巷	Shuiyuan Ln.
2	新城	Shuiyuan Xincheng
2	村	Shuiyuan Vil.
2	東路	Shuiyuan E. Rd.
2	街	Shuiyuan St.
3	1段	Sec. 1, Shuiyuan St.
3	2段	Sec. 2, Shuiyuan St.
2	路	Shuiyuan Rd.
3	1段	Sec. 1, Shuiyuan Rd.
3	2段	Sec. 2, Shuiyuan Rd.
3	中坑巷	Zhongkeng Ln., Shuiyuan Rd.
3	仁安巷	Ren'an Ln., Shuiyuan Rd.
3	北坑1巷	Beikeng 1st Ln., Shuiyuan Rd.
5	巷	Beikeng Ln., Shuiyuan Rd.
3	南坑巷	Nankeng Ln., Shuiyuan Rd.
3	坪頂巷	Pingding Ln., Shuiyuan Rd.
6	青峰莊	Qingfeng Vil., Pingding Ln., Shuiyuan Rd.
2	里	Shuiyuan Vil.
2	頭	Shuiyuantou
1	漆林路2段	Sec. 2, Shuiqilin Rd.
1	漾路	Shuiyang Rd.
3	1段	Sec. 1, Shuiyang Rd.
3	2段	Sec. 2, Shuiyang Rd.
1	澗橋	Shuijian Bridge
1	瀧1街	Shuilong 1st St.
2	2街	Shuilong 2nd St.
2	3街	Shuilong 3rd St.
2	5街	Shuilong 5th St.
1	火洞	Shuihuodong
1	燭路	Shuizhu Rd.
1	璉1街	Shuilian 1st St.
2	2街	Shuilian 2nd St.
2	村	Shuilian Vil.
2	路	Shuilian Rd.
1	產園區1路	Shuichanyuanqu 1st Rd.
4	2路	Shuichanyuanqu 2nd Rd.
1	田	Shuitian
2	街	Shuitian St.
2	里	Shuitian Vil.
1	甲埔	Shuijiapu
2	田	Shuijiatian
1	碓	Shuidui
2	1路	Shuidui 1st Rd.
2	2路	Shuidui 2nd Rd.
2	3路	Shuidui 3rd Rd.
2	5路	Shuidui 5th Rd.
2	6路	Shuidui 6th Rd.
2	7路	Shuidui 7th Rd.
2	9路	Shuidui 9th Rd.
2	巷	Shuidui Ln.
2	村	Shuidui Vil.
2	街	Shuidui St.
2	路	Shuidui Rd.
2	里	Shuidui Vil.
1	社寮	Shuisheliao
2	村	Shuishe Vil.
1	祭子	Shuijizi
1	秀街	Shuixiu St.
2	路	Shuixiu Rd.
2	里	Shuixiu Vil.
1	管路	Shuiguan Rd.
3	2段	Sec. 2, Shuiguan Rd.
3	3段	Sec. 3, Shuiguan Rd.
2	頭	Shuiguantou
1	美	Shuimei
2	村	Shuimei Vil.
2	街	Shuimei St.
2	路	Shuimei Rd.
3	仁美巷	Renmei Ln., Shuimei Rd.
2	里	Shuimei Vil.
1	聳淒坑	Shuisongqikeng
1	裡巷	Shuili Ln.
2	港巷	Shuiligang Ln.
2	社巷	Shuilishe Ln.
3	街1段	Sec. 1, Shuilishe St.
1	見頭	Shuixiantou
1	資路	Shuizi Rd.
1	車寮	Shuicheliao
2	路	Shuiche Rd.
1	返港街	Shuifangang St.
1	連街	Shuilian St.
1	道巷	Shuidao Ln.
2	頭	Shuidaotou
1	里1路	Shuili 1st Rd.
2	2路	Shuili 2nd Rd.
2	3路	Shuili 3rd Rd.
2	5路	Shuili 5th Rd.
2	6路	Shuili 6th Rd.
2	村	Shuili Vil.
2	路	Shuili Rd.
1	錦里	Shuijin Vil.
1	門巷	Shuimen Ln.
2	村	Shuimen Vil.
2	路	Shuimen Rd.
1	防道路1段	Sec. 1, Shuifangdao Rd.
4	3段	Sec. 3, Shuifangdao Rd.
4	5段	Sec. 5, Shuifangdao Rd.
1	雲村	Shuiyun Vil.
2	路	Shuiyun Rd.
1	青路	Shuiqing Rd.
1	頭1路	Shuitou 1st Rd.
2	2路	Shuitou 2nd Rd.
2	厝	Shuitoucuo
2	寮	Shuitouliao
2	屋	Shuitouwu
2	巷	Shuitou Ln.
2	村	Shuitou Vil.
2	路	Shuitou Rd.
2	里	Shuitou Vil.
0	永1路	Yong 1st Rd.
1	2街	Yong 2nd St.
1	3街	Yong 3rd St.
1	中街	Yongzhong St.
1	久路	Yongjiu Rd.
1	亨路	Yongheng Rd.
1	仁街	Yongren St.
1	佳街	Yongjia St.
1	保街	Yongbao St.
1	信2巷	Yongxin 2nd Ln.
2	3巷	Yongxin 3rd Ln.
2	5巷	Yongxin 5th Ln.
2	街	Yongxin St.
2	路	Yongxin Rd.
1	倫里	Yonglun Vil.
1	儀里	Yongyi Vil.
1	元路	Yongyuan Rd.
2	里	Yongyuan Vil.
1	光村	Yongguang Vil.
2	街	Yongguang St.
2	路	Yongguang Rd.
2	里	Yongguang Vil.
1	全路	Yongquan Rd.
1	公路	Yonggong Rd.
1	利1街	Yongli 1st St.
2	2街	Yongli 2nd St.
2	3街	Yongli 3rd St.
2	中路	Yongli Central Rd.
2	街	Yongli St.
2	路	Yongli Rd.
3	1段	Sec. 1, Yongli Rd.
3	2段	Sec. 2, Yongli Rd.
1	功里	Yonggong Vil.
1	勝巷	Yongsheng Ln.
2	街	Yongsheng St.
2	路	Yongsheng Rd.
1	北村	Yongbei Vil.
2	路	Yongbei Rd.
1	南1街	Yongnan 1st St.
2	2街	Yongnan 2nd St.
2	3街	Yongnan 3rd St.
2	4街	Yongnan 4th St.
2	村	Yongnan Vil.
2	街	Yongnan St.
2	路	Yongnan Rd.
1	吉	Yongji
2	1街	Yongji 1st St.
2	2街	Yongji 2nd St.
2	3街	Yongji 3rd St.
2	4街	Yongji 4th St.
2	5街	Yongji 5th St.
2	7街	Yongji 7th St.
2	8街	Yongji 8th St.
2	巷	Yongji Ln.
2	村	Yongji Vil.
2	街	Yongji St.
2	路	Yongji Rd.
3	1段	Sec. 1, Yongji Rd.
2	里	Yongji Vil.
1	同路1段	Sec. 1, Yongtong Rd.
3	2段	Sec. 2, Yongtong Rd.
3	3段	Sec. 3, Yongtong Rd.
1	和	Yonghe
2	1街	Yonghe 1st St.
2	2街	Yonghe 2nd St.
2	3街	Yonghe 3rd St.
2	5街	Yonghe 5th St.
2	北街	Yonghe N. St.
2	巷	Yonghe Ln.
2	村	Yonghe Vil.
2	莊	Yonghe Vil.
2	街	Yonghe St.
3	福德巷	Fude Ln., Yonghe St.
2	路	Yonghe Rd.
3	1段	Sec. 1, Yonghe Rd.
3	2段	Sec. 2, Yonghe Rd.
3	三甲巷	Sanjia Ln., Yonghe Rd.
3	中興巷	Zhongxing Ln., Yonghe Rd.
3	六甲巷	Liujia Ln., Yonghe Rd.
3	富貴1巷	Fugui 1st Ln., Yonghe Rd.
5	2巷	Fugui 2nd Ln., Yonghe Rd.
5	3巷	Fugui 3rd Ln., Yonghe Rd.
5	4巷	Fugui 4th Ln., Yonghe Rd.
3	文雅巷	Wenya Ln., Yonghe Rd.
3	東昌巷	Dongchang Ln., Yonghe Rd.
3	永昌巷	Yongchang Ln., Yonghe Rd.
3	華新巷	Huaxin Ln., Yonghe Rd.
2	里	Yonghe Vil.
1	善1街	Yongshan 1st St.
2	2街	Yongshan 2nd St.
2	3街	Yongshan 3rd St.
2	路	Yongshan Rd.
1	嘉巷	Yongjia Ln.
2	新村	Yongjia New Vil.
2	街	Yongjia St.
1	固街	Yonggu St.
1	園路	Yongyuan Rd.
3	1段	Sec. 1, Yongyuan Rd.
3	2段	Sec. 2, Yongyuan Rd.
1	坡路	Yongpo Rd.
3	1段	Sec. 1, Yongpo Rd.
3	2段	Sec. 2, Yongpo Rd.
3	3段	Sec. 3, Yongpo Rd.
1	坤2巷	Yongkun 2nd Ln.
2	路	Yongkun Rd.
1	城	Yongcheng
2	路	Yongcheng Rd.
2	里	Yongcheng Vil.
1	埔街	Yongpu St.
1	基	Yongji
2	巷	Yongji Ln.
1	壽街	Yongshou St.
1	大1路	Yongda 1st Rd.
2	2路	Yongda 2nd Rd.
2	3路	Yongda 3rd Rd.
2	5路	Yongda 5th Rd.
2	街	Yongda St.
2	路	Yongda Rd.
3	1段	Sec. 1, Yongda Rd.
3	2段	Sec. 2, Yongda Rd.
3	3段	Sec. 3, Yongda Rd.
1	奉街	Yongfeng St.
1	存巷	Yongcun Ln.
1	安	Yong'an
2	1巷	Yong'an 1st Ln.
3	街	Yong'an 1st St.
3	路	Yong'an 1st Rd.
2	2巷	Yong'an 2nd Ln.
3	街	Yong'an 2nd St.
3	路	Yong'an 2nd Rd.
2	3路	Yong'an 3rd Rd.
2	北路	Yong'an N. Rd.
4	1段	Sec. 1, Yong'an N. Rd.
4	2段	Sec. 2, Yong'an N. Rd.
2	南路1段	Sec. 1, Yong'an S. Rd.
4	2段	Sec. 2, Yong'an S. Rd.
2	巷	Yong'an Ln.
2	市場	Yong'an Market
2	村	Yong'an Vil.
2	東街	Yong'an E. St.
2	莊	Yong'an Vil.
2	街	Yong'an St.
3	福安巷	Fu'an Ln., Yong'an St.
2	路	Yong'an Rd.
2	里	Yong'an Vil.
1	宏巷	Yonghong Ln.
1	定1街	Yongding 1st St.
2	2街	Yongding 2nd St.
2	5街	Yongding 5th St.
2	巷	Yongding Ln.
2	村	Yongding Vil.
2	街	Yongding St.
2	路	Yongding Rd.
2	里	Yongding Vil.
1	富村	Yongfu Vil.
2	街	Yongfu St.
2	路	Yongfu Rd.
2	里	Yongfu Vil.
1	寧村	Yongning Vil.
2	街	Yongning St.
2	路	Yongning Rd.
2	里	Yongning Vil.
1	寬里	Yongkuan Vil.
1	就	Yongjiu
2	村	Yongjiu Vil.
1	屯村	Yongtun Vil.
1	崙路	Yonglun Rd.
1	嶺路	Yongling Rd.
1	川巷	Yongchuan Ln.
1	工1路	Yonggong 1st Rd.
2	2路	Yonggong 2nd Rd.
2	3路	Yonggong 3rd Rd.
2	5路	Yonggong 5th Rd.
2	6路	Yonggong 6th Rd.
2	7路	Yonggong 7th Rd.
2	9路	Yonggong 9th Rd.
2	十路	Yonggong 10th Rd.
1	平2路	Yongping 2nd Rd.
2	7路	Yongping 7th Rd.
2	8路	Yongping 8th Rd.
2	南路	Yongping S. Rd.
2	村	Yongping Vil.
2	東街	Yongping E. St.
2	街	Yongping St.
2	西街	Yongping W. St.
2	路	Yongping Rd.
3	1段	Sec. 1, Yongping Rd.
3	2段	Sec. 2, Yongping Rd.
3	3段	Sec. 3, Yongping Rd.
2	里	Yongping Vil.
1	年街	Yongnian St.
1	康	Yongkang
2	1巷	Yongkang 1st Ln.
3	街	Yongkang 1st St.
2	2街	Yongkang 2nd St.
2	3街	Yongkang 3rd St.
2	4街	Yongkang 4th St.
2	5街	Yongkang 5th St.
2	村	Yongkang Vil.
2	街	Yongkang St.
2	路	Yongkang Rd.
2	里	Yongkang Vil.
1	廣路	Yongguang Rd.
1	強街	Yongqiang St.
1	德巷	Yongde Ln.
2	街	Yongde St.
2	路	Yongde Rd.
2	里	Yongde Vil.
1	忠街	Yongzhong St.
2	路	Yongzhong Rd.
1	恆街	Yongheng St.
1	愛街	Yong'ai St.
2	路	Yong'ai Rd.
1	慶1路	Yongqing 1st Rd.
2	2路	Yongqing 2nd Rd.
2	路	Yongqing Rd.
2	里	Yongqing Vil.
1	成北路	Yongcheng N. Rd.
2	街	Yongcheng St.
2	西路	Yongcheng W. Rd.
2	路	Yongcheng Rd.
3	1段	Sec. 1, Yongcheng Rd.
3	2段	Sec. 2, Yongcheng Rd.
3	3段	Sec. 3, Yongcheng Rd.
2	里	Yongcheng Vil.
1	新1街	Yongxin 1st St.
2	2街	Yongxin 2nd St.
2	3街	Yongxin 3rd St.
2	4街	Yongxin 4th St.
2	5街	Yongxin 5th St.
2	6街	Yongxin 6th St.
2	7街	Yongxin 7th St.
2	北巷	Yongxin N. Ln.
2	南2巷	Yongxin S. 2nd Ln.
3	街	Yongxin S. St.
2	巷	Yongxin Ln.
2	街	Yongxin St.
2	路	Yongxin Rd.
3	2段	Sec. 2, Yongxin Rd.
2	里	Yongxin Vil.
1	昌	Yongchang
2	1街	Yongchang 1st St.
3	路	Yongchang 1st Rd.
2	2街	Yongchang 2nd St.
2	3街	Yongchang 3rd St.
2	4街	Yongchang 4th St.
2	巷	Yongchang Ln.
2	村	Yongchang Vil.
2	東街	Yongchang E. St.
2	街	Yongchang St.
2	西街	Yongchang W. St.
2	路	Yongchang Rd.
2	里	Yongchang Vil.
1	明街	Yongming St.
2	里	Yongming Vil.
1	星街	Yongxing St.
1	春1街	Yongchun 1st St.
3	路	Yongchun 1st Rd.
2	2街	Yongchun 2nd St.
3	路	Yongchun 2nd Rd.
2	3街	Yongchun 3rd St.
2	4街	Yongchun 4th St.
2	5街	Yongchun 5th St.
2	北路	Yongchun N. Rd.
2	南路	Yongchun S. Rd.
2	巷	Yongchun Ln.
2	村	Yongchun Vil.
3	福德巷	Fude Ln., Yongchun Vil.
2	東1路	Yongchun E. 1st Rd.
3	2路	Yongchun E. 2nd Rd.
3	3路	Yongchun E. 3rd Rd.
3	5路	Yongchun E. 5th Rd.
3	6路	Yongchun E. 6th Rd.
3	7路	Yongchun E. 7th Rd.
3	三南路	Yongchundongsan S. Rd.
3	路	Yongchun E. Rd.
2	街	Yongchun St.
2	路	Yongchun Rd.
2	里	Yongchun Vil.
1	智街	Yongzhi St.
1	東村	Yongdong Vil.
2	街	Yongdong St.
1	業街	Yongye St.
2	路	Yongye Rd.
1	榮1街	Yongrong 1st St.
2	2街	Yongrong 2nd St.
2	3街	Yongrong 3rd St.
2	路	Yongrong Rd.
2	里	Yongrong Vil.
1	樂1街	Yongle 1st St.
2	2街	Yongle 2nd St.
2	3街	Yongle 3rd St.
2	4街	Yongle 4th St.
2	5街	Yongle 5th St.
2	南路	Yongle S. Rd.
2	巷	Yongle Ln.
2	市場	Yongle Market
2	新村	Yongle New Vil.
2	村	Yongle Vil.
2	街	Yongle St.
2	路	Yongle Rd.
3	育仁巷	Yuren Ln., Yongle Rd.
2	里	Yongle Vil.
1	櫃	Yonggui
1	欣里	Yongxin Vil.
1	正路	Yongzheng Rd.
1	泰巷	Yongtai Ln.
2	街	Yongtai St.
2	路	Yongtai Rd.
2	里	Yongtai Vil.
1	洋街	Yongyang St.
1	清街	Yongqing St.
3	1段	Sec. 1, Yongqing St.
2	路	Yongqing Rd.
2	里	Yongqing Vil.
1	源村	Yongyuan Vil.
1	漢路	Yonghan Rd.
1	煇里	Yonghui Vil.
1	瑞街	Yongrui St.
1	生巷	Yongsheng Ln.
2	街	Yongsheng St.
2	里	Yongsheng Vil.
1	田街	Yongtian St.
2	路	Yongtian Rd.
1	發巷	Yongfa Ln.
2	街	Yongfa St.
2	路	Yongfa Rd.
2	里	Yongfa Vil.
1	盛	Yongsheng
2	巷	Yongsheng Ln.
2	街	Yongsheng St.
2	里	Yongsheng Vil.
1	社路	Yongshe Rd.
1	祥北街	Yongxiang N. St.
2	巷	Yongxiang Ln.
2	街	Yongxiang St.
2	路	Yongxiang Rd.
1	祿新城	Yonglu Xincheng
1	福	Yongfu
2	1街	Yongfu 1st St.
2	2街	Yongfu 2nd St.
2	3街	Yongfu 3rd St.
2	巷	Yongfu Ln.
2	村	Yongfu Vil.
2	街	Yongfu St.
3	1段	Sec. 1, Yongfu St.
2	西街	Yongfu W. St.
2	路	Yongfu Rd.
3	1段	Sec. 1, Yongfu Rd.
3	2段	Sec. 2, Yongfu Rd.
2	里	Yongfu Vil.
1	科1路	Yongke 1st Rd.
2	3路	Yongke 3rd Rd.
2	5路	Yongke 5th Rd.
2	7路	Yongke 7th Rd.
2	北路	Yongke N. Rd.
2	南路	Yongke S. Rd.
2	東路	Yongke E. Rd.
2	王田大道	Yongkewangtian Blvd.
2	環路	Yongkehuan Rd.
1	綏街	Yongsui St.
1	續16街	Yongxu 16th St.
3	8街	Yongxu 18th St.
3	街	Yongxu 1st St.
2	22街	Yongxu 22nd St.
3	街	Yongxu 2nd St.
2	3街	Yongxu 3rd St.
2	6街	Yongxu 6th St.
2	8街	Yongxu 8th St.
2	二十街	Yongxu 20th St.
2	十街	Yongxu 10th St.
2	街	Yongxu St.
2	路	Yongxu Rd.
1	美村	Yongmei Vil.
2	街	Yongmei St.
2	路	Yongmei Rd.
3	1段	Sec. 1, Yongmei Rd.
3	2段	Sec. 2, Yongmei Rd.
3	3段	Sec. 3, Yongmei Rd.
1	群街	Yongqun St.
1	義12街	Yongyi 12th St.
2	2街	Yongyi 2nd St.
2	5街	Yongyi 5th St.
2	7街	Yongyi 7th St.
2	8街	Yongyi 8th St.
2	9街	Yongyi 9th St.
2	十街	Yongyi 10th St.
2	街	Yongyi St.
2	路	Yongyi Rd.
1	翔路	Yongxiang Rd.
1	翠路	Yongcui Rd.
1	能路	Yongneng Rd.
1	興	Yongxing
2	1巷	Yongxing 1st Ln.
3	街	Yongxing 1st St.
2	2巷	Yongxing 2nd Ln.
3	街	Yongxing 2nd St.
2	3巷	Yongxing 3rd Ln.
3	街	Yongxing 3rd St.
2	4巷	Yongxing 4th Ln.
3	街	Yongxing 4th St.
2	5巷	Yongxing 5th Ln.
3	街	Yongxing 5th St.
2	6街	Yongxing 6th St.
2	7街	Yongxing 7th St.
2	8街	Yongxing 8th St.
2	9街	Yongxing 9th St.
2	北1街	Yongxing N. 1st St.
3	2街	Yongxing N. 2nd St.
3	3路	Yongxing N. 3rd Rd.
2	南1街	Yongxing S. 1st St.
3	2街	Yongxing S. 2nd St.
3	3街	Yongxing S. 3rd St.
3	5街	Yongxing S. 5th St.
3	7路	Yongxing S. 7th Rd.
3	9路	Yongxing S. 9th Rd.
2	巷	Yongxing Ln.
2	村	Yongxing Vil.
3	仁愛路	Ren'ai Rd., Yongxing Vil.
3	光復巷	Guangfu Ln., Yongxing Vil.
3	和平巷	Heping Ln., Yongxing Vil.
3	復興巷	Fuxing Ln., Yongxing Vil.
3	永安巷	Yong'an Ln., Yongxing Vil.
3	海埔	Haipu, Yongxing Vil.
2	街	Yongxing St.
2	路	Yongxing Rd.
3	1段	Sec. 1, Yongxing Rd.
4	街	1st St., Yongxing Rd.
3	2段	Sec. 2, Yongxing Rd.
5	美和巷	Meihe Ln., Sec. 2, Yongxing Rd.
3	3段	Sec. 3, Yongxing Rd.
2	里	Yongxing Vil.
3	文明巷	Wenming Ln., Yongxing Vil.
1	芳村	Yongfang Vil.
2	路	Yongfang Rd.
1	華11街	Yonghua 11th St.
3	2街	Yonghua 12th St.
3	街	Yonghua 1st St.
2	2街	Yonghua 2nd St.
2	3街	Yonghua 3rd St.
2	4街	Yonghua 4th St.
2	5街	Yonghua 5th St.
2	6街	Yonghua 6th St.
2	7街	Yonghua 7th St.
2	8街	Yonghua 8th St.
2	9街	Yonghua 9th St.
2	十街	Yonghua 10th St.
2	巷	Yonghua Ln.
2	村	Yonghua Vil.
2	街	Yonghua St.
2	路	Yonghua Rd.
3	1段	Sec. 1, Yonghua Rd.
3	2段	Sec. 2, Yonghua Rd.
1	菱街	Yongling St.
1	裕街	Yongyu St.
2	路	Yongyu Rd.
1	西村	Yongxi Vil.
2	路	Yongxi Rd.
1	誠街	Yongcheng St.
1	豊村	Yongli Vil.
1	豐	Yongfeng
2	1街	Yongfeng 1st St.
3	路	Yongfeng 1st Rd.
2	2街	Yongfeng 2nd St.
3	路	Yongfeng 2nd Rd.
2	3街	Yongfeng 3rd St.
3	路	Yongfeng 3rd Rd.
2	4街	Yongfeng 4th St.
2	北路	Yongfeng N. Rd.
2	南路	Yongfeng S. Rd.
2	巷	Yongfeng Ln.
2	村	Yongfeng Vil.
3	復興	Fuxing, Yongfeng Vil.
2	街	Yongfeng St.
2	路	Yongfeng Rd.
3	1段	Sec. 1, Yongfeng Rd.
3	2段	Sec. 2, Yongfeng Rd.
3	3段	Sec. 3, Yongfeng Rd.
3	永新巷	Yongxin Ln., Yongfeng Rd.
2	里	Yongfeng Vil.
1	貞路	Yongzhen Rd.
3	1段	Sec. 1, Yongzhen Rd.
3	2段	Sec. 2, Yongzhen Rd.
3	3段	Sec. 3, Yongzhen Rd.
2	里	Yongzhen Vil.
1	賢村	Yongxian Vil.
1	輝街	Yonghui St.
2	路	Yonghui Rd.
1	進街	Yongjin St.
1	運2路	Yongyun 2nd Rd.
2	5路	Yongyun 5th Rd.
2	路	Yongyun Rd.
1	達7巷	Yongda 7th Ln.
2	巷	Yongda Ln.
2	街	Yongda St.
2	路	Yongda Rd.
1	里	Yong Vil.
1	金1路	Yongjin 1st Rd.
2	2路	Yongjin 2nd Rd.
2	3路	Yongjin 3rd Rd.
2	路	Yongjin Rd.
1	鎮巷	Yongzhen Ln.
2	村	Yongzhen Vil.
2	路	Yongzhen Rd.
1	隆1街	Yonglong 1st St.
2	2街	Yonglong 2nd St.
2	3街	Yonglong 3rd St.
2	5街	Yonglong 5th St.
2	6街	Yonglong 6th St.
2	7街	Yonglong 7th St.
2	8街	Yonglong 8th St.
2	9街	Yonglong 9th St.
2	巷	Yonglong Ln.
2	村	Yonglong Vil.
2	街	Yonglong St.
2	路	Yonglong Rd.
2	里	Yonglong Vil.
1	靖村	Yongjing Vil.
2	街	Yongjing St.
2	路	Yongjing Rd.
2	里	Yongjing Vil.
1	靜里	Yongjing Vil.
1	順1街	Yongshun 1st St.
2	2街	Yongshun 2nd St.
2	3街	Yongshun 3rd St.
2	村	Yongshun Vil.
2	街	Yongshun St.
2	路	Yongshun Rd.
2	里	Yongshun Vil.
1	鳴路	Yongming Rd.
1	鹿	Yonglu
1	龍新屯	Yonglong New Vil.
2	里	Yonglong Vil.
0	汀州街	Tingzhou St.
2	路1段	Sec. 1, Tingzhou Rd.
3	2段	Sec. 2, Tingzhou Rd.
3	3段	Sec. 3, Tingzhou Rd.
3	4段	Sec. 4, Tingzhou Rd.
0	汐平路1段	Sec. 1, Xiping Rd.
3	2段	Sec. 2, Xiping Rd.
1	碇路	Xiding Rd.
1	科路	Xike Rd.
1	萬路1段	Sec. 1, Xiwan Rd.
3	2段	Sec. 2, Xiwan Rd.
3	3段	Sec. 3, Xiwan Rd.
0	汕尾	Shanwei
1	頭	Shantou
2	巷	Shantou Ln.
2	街	Shantou St.
0	江元里	Jiangyuan Vil.
1	北里	Jiangbei Vil.
3		Jiangbei Vil.
1	南11街	Jiangnan 11th St.
3	街	Jiangnan 1st St.
2	2街	Jiangnan 2nd St.
2	3街	Jiangnan 3rd St.
2	4街	Jiangnan 4th St.
2	5街	Jiangnan 5th St.
2	6街	Jiangnan 6th St.
2	7街	Jiangnan 7th St.
2	8街	Jiangnan 8th St.
2	9街	Jiangnan 9th St.
2	十街	Jiangnan 10th St.
2	巷	Jiangnan Ln.
2	街	Jiangnan St.
2	里	Jiangnan Vil.
1	厝	Jiangcuo
2	中巷	Jiangcuo Central Ln.
2	仔	Jiangcuozai
2	南巷	Jiangcuo S. Ln.
2	店	Jiangcuodian
2	東巷	Jiangcuo E. Ln.
2	西巷	Jiangcuo W. Ln.
2	路	Jiangcuo Rd.
2	里	Jiangcuo Vil.
1	和街	Jianghe St.
1	埤路	Jiangpi Rd.
1	夏路	Jiangxia Rd.
1	寧路3段	Sec. 3, Jiangning Rd.
2	里	Jiangning Vil.
1	山巷	Jiangshan Ln.
2	村	Jiangshan Vil.
2	街	Jiangshan St.
2	路	Jiangshan Rd.
2	里	Jiangshan Vil.
1	川里	Jiangchuan Vil.
1	東里	Jiangdong Vil.
1	波庭園	Jiangpotingyuan
1	濱里	Jiangbin Vil.
1	竹仔腳	Jiangzhuzaijiao
1	翠里	Jiangcui Vil.
1	興街	Jiangxing St.
1	華巷	Jianghua Ln.
1	西厝巷	Jiangxicuo Ln.
2	寮	Jiangxiliao
2	村	Jiangxi Vil.
2	路	Jiangxi Rd.
2	里	Jiangxi Vil.
1	都街	Jiangdu St.
1	里	Jiang Vil.
1	陵里	Jiangling Vil.
0	池南村	Chinan Vil.
2	路1段	Sec. 1, Chinan Rd.
3	2段	Sec. 2, Chinan Rd.
3	3段	Sec. 3, Chinan Rd.
3	4段	Sec. 4, Chinan Rd.
3	5段	Sec. 5, Chinan Rd.
1	府路	Chifu Rd.
1	東村	Chidong Vil.
3	小池角	Xiaochijiao, Chidong Vil.
1	興街	Chixing St.
1	西村	Chixi Vil.
3	小池角	Xiaochijiao, Chixi Vil.
0	汫水港	Qingshuigang
2	里	Qingshui Vil.
0	汴洲里	Bianzhou Vil.
1	頭	Biantou
2	村	Biantou Vil.
2	路	Biantou Rd.
2	里	Biantou Vil.
0	汶水	Wenshui
2	坑	Wenshuikeng
2	里	Wenshui Vil.
1	沙里	Wensha Vil.
0	汽車路	Qiche Rd.
0	汾陽1巷	Fenyang 1st Ln.
2	2巷	Fenyang 2nd Ln.
2	3巷	Fenyang 3rd Ln.
2	路	Fenyang Rd.
0	沄水	Yunshui
2	村	Yunshui Vil.
2	溪內	Yunshuixinei
2	街	Yunshui St.
0	沅陵街	Yuanling St.
0	沈厝仔	Shencuozai
0	沉潭巷	Chentan Ln.
0	沙園1路	Shayuan 1st Rd.
2	5路	Shayuan 5th Rd.
2	路	Shayuan Rd.
1	地里	Shadi Vil.
1	坑	Shakeng
2	村	Shakeng Vil.
2	街	Shakeng St.
1	埔	Shapu
1	基拉雅街	Shajilaya St.
1	崗	Shagang
1	崙	Shalun
2	1街	Shalun 1st St.
2	2街	Shalun 2nd St.
2	3街	Shalun 3rd St.
2	5街	Shalun 5th St.
2	北路	Shalun N. Rd.
2	南路	Shalun S. Rd.
2	巷	Shalun Ln.
2	後	Shalunhou
2	村	Shalun Vil.
2	街	Shalun St.
2	路	Shalun Rd.
3	1段	Sec. 1, Shalun Rd.
3	2段	Sec. 2, Shalun Rd.
2	里	Shalun Vil.
1	成路	Shacheng Rd.
1	村	Sha Vil.
1	港	Shagang
2	村	Shagang Vil.
1	湖路	Shahu Rd.
1	溪村	Shaxi Vil.
1	田	Shatian
2	村	Shatian Vil.
2	路	Shatian Rd.
3	1段	Sec. 1, Shatian Rd.
3	2段	Sec. 2, Shatian Rd.
3	3段	Sec. 3, Shatian Rd.
3	4段	Sec. 4, Shatian Rd.
3	5段	Sec. 5, Shatian Rd.
5	龍目井	Longmujing, Sec. 5, Shatian Rd.
8	巷	Longmujing Ln., Sec. 5, Shatian Rd.
3	6段	Sec. 6, Shatian Rd.
5	東巷	E. Ln., Sec. 6, Shatian Rd.
3	仁安巷	Ren'an Ln., Shatian Rd.
3	文武巷	Wenwu Ln., Shatian Rd.
3	斗南巷	Dounan Ln., Shatian Rd.
3	春和巷	Chunhe Ln., Shatian Rd.
3	永和巷	Yonghe Ln., Shatian Rd.
3	興華巷	Xinghua Ln., Shatian Rd.
1	美	Shamei
2	市場路	Shamei Shichang Rd.
2	里	Shamei Vil.
1	連巷	Shalian Ln.
1	青路	Shaqing Rd.
1	頭巷	Shatou Ln.
1	鷗村	Sha'ou Vil.
1	鹿里	Shalu Vil.
0	沛陂村	Peipo Vil.
2	里	Peipo Vil.
0	沱江街	Tuojiang St.
0	河中街	Hezhong St.
1	北1街	Hebei 1st St.
3	路	Hebei 1st Rd.
2	2街	Hebei 2nd St.
3	路	Hebei 2nd Rd.
2	3街	Hebei 3rd St.
2	東街	Hebei E. St.
2	街	Hebei St.
2	西街	Hebei W. St.
2	路	Hebei Rd.
3	2段	Sec. 2, Hebei Rd.
3	3段	Sec. 3, Hebei Rd.
1	南	Henan
2	1路	Henan 1st Rd.
2	2路	Henan 2nd Rd.
2	巷	Henan Ln.
2	東1街	Henan E. 1st St.
3	2街	Henan E. 2nd St.
3	3街	Henan E. 3rd St.
3	4街	Henan E. 4th St.
3	5街	Henan E. 5th St.
2	街	Henan St.
2	路	Henan Rd.
3	1段	Sec. 1, Henan Rd.
3	2段	Sec. 2, Henan Rd.
3	3段	Sec. 3, Henan Rd.
3	4段	Sec. 4, Henan Rd.
2	里	Henan Vil.
1	堤1街	Heti 1st St.
2	2街	Heti 2nd St.
2	北路	Heti N. Rd.
4	1段	Sec. 1, Heti N. Rd.
4	2段	Sec. 2, Heti N. Rd.
2	南路	Heti S. Rd.
4	1段	Sec. 1, Heti S. Rd.
4	2段	Sec. 2, Heti S. Rd.
4	3段	Sec. 3, Heti S. Rd.
2	街	Heti St.
2	路	Heti Rd.
3	1段	Sec. 1, Heti Rd.
3	2段	Sec. 2, Heti Rd.
3	3段	Sec. 3, Heti Rd.
2	里	Heti Vil.
1	川	Hechuan
2	街	Hechuan St.
2	里	Hechuan Vil.
1	底	Hedi
1	東路	Hedong Rd.
2	里	Hedong Vil.
1	流巷	Heliu Ln.
1	溝巷	Hegou Ln.
1	濱北路	Hebin N. Rd.
2	南路	Hebin S. Rd.
2	巷	Hebin Ln.
2	街	Hebin St.
2	路	Hebin Rd.
2	里	Hebin Vil.
1	背	Hebei
1	興路	Hexing Rd.
1	華路	Hehua Rd.
1	西1路	Hexi 1st Rd.
2	路	Hexi Rd.
1	邊北街	Hebian N. St.
2	巷	Hebian Ln.
2	街	Hebian St.
2	里	Hebian Vil.
1	陽路	Heyang Rd.
1	頭	Hetou
0	油坑巷	Youkeng Ln.
1	田村	Youtian Vil.
1	石路	Youshi Rd.
1	礦	Yougong
2	巷	Yougong Ln.
1	管路	Youguan Rd.
3	1段	Sec. 1, Youguan Rd.
5	麗水巷	Lishui Ln., Sec. 1, Youguan Rd.
3	2段	Sec. 2, Youguan Rd.
1	羅	Youluo
1	車	Youche
2	1街	Youche 1st St.
2	2街	Youche 2nd St.
2	寮	Youcheliao
2	巷	Youche Ln.
2	店	Youchedian
2	村	Youche Vil.
2	里	Youche Vil.
0	治安街	Zhi'an St.
1	富街	Zhifu St.
1	平巷	Zhiping Ln.
2	街	Zhiping St.
2	路	Zhiping Rd.
1	水街	Zhishui St.
2	路	Zhishui Rd.
1	鄉里	Zhixiang Vil.
0	沿山公路1段	Sec. 1, Yanshan Highway
4	2段	Sec. 2, Yanshan Highway
4	3段	Sec. 3, Yanshan Highway
4	4段	Sec. 4, Yanshan Highway
2	路	Yanshan Rd.
3	1段	Sec. 1, Yanshan Rd.
3	2段	Sec. 2, Yanshan Rd.
1	河街	Yanhe St.
1	海1路	Yanhai 1st Rd.
2	2路	Yanhai 2nd Rd.
2	3路	Yanhai 3rd Rd.
4	友成巷	Youcheng Ln., Yanhai 3rd Rd.
2	4路	Yanhai 4th Rd.
2	5路	Yanhai 5th Rd.
2	路	Yanhai Rd.
3	1段	Sec. 1, Yanhai Rd.
3	2段	Sec. 2, Yanhai Rd.
3	3段	Sec. 3, Yanhai Rd.
3	4段	Sec. 4, Yanhai Rd.
3	5段	Sec. 5, Yanhai Rd.
0	泉利街	Quanli St.
1	北里	Quanbei Vil.
1	南里	Quannan Vil.
1	厝村	Quancuo Vil.
2	路	Quancuo Rd.
1	展街	Quanzhan St.
1	州	Quanzhou
2	厝	Quanzhoucuo
2	巷	Quanzhou Ln.
2	村	Quanzhou Vil.
3	復興路	Fuxing Rd., Quanzhou Vil.
2	街	Quanzhou St.
2	路	Quanzhou Rd.
1	水巷	Quanshui Ln.
2	窩	Quanshuiwo
2	街	Quanshui St.
1	洲巷	Quanzhou Ln.
1	源街	Quanyuan St.
2	路	Quanyuan Rd.
3	華南巷	Huanan Ln., Quanyuan Rd.
2	里	Quanyuan Vil.
1	生路	Quansheng Rd.
1	發街	Quanfa St.
1	興巷	Quanxing Ln.
2	路	Quanxing Rd.
1	西巷	Quanxi Ln.
1	順街	Quanshun St.
0	法治北街	Fazhi N. St.
2	南街	Fazhi S. St.
2	巷	Fazhi Ln.
2	村	Fazhi Vil.
2	街	Fazhi St.
2	路	Fazhi Rd.
2	里	Fazhi Vil.
1	源路	Fayuan Rd.
1	華街	Fahua St.
2	里	Fahua Vil.
1	觀路	Faguan Rd.
1	院前街	Fayuanqian St.
2	南街	Fayuan S. St.
2	後街	Fayuanhou St.
2	街	Fayuan St.
1	雲寺	Fayun Temple
1	鼓路	Fagu Rd.
0	泗林里	Silin Vil.
1	洲村	Sizhou Vil.
1	湖	Sihu
1	溝村	Sigou Vil.
0	波石巷	Poshi Ln.
1	羅村	Poluo Vil.
0	泥橋子	Niqiaozi
1	水溪	Nishuixi
0	泮宮路	Pangong Rd.
0	泰中路	Taizhong Rd.
1	仰路	Taiyang Rd.
1	來	Tailai
1	元街	Taiyuan St.
1	北路	Taibei Rd.
1	友村	Taiyou Vil.
1	和	Taihe
2	1街	Taihe 1st St.
2	中街	Taihe Central St.
2	村	Taihe Vil.
2	東街	Taihe E. St.
2	街	Taihe St.
2	路	Taihe Rd.
3	1段	Sec. 1, Taihe Rd.
3	2段	Sec. 2, Taihe Rd.
3	3段	Sec. 3, Taihe Rd.
2	里	Taihe Vil.
1	圳路	Taizun Rd.
1	安	Tai'an
2	1街	Tai'an 1st St.
2	2街	Tai'an 2nd St.
2	巷	Tai'an Ln.
2	村	Tai'an Vil.
2	街	Tai'an St.
2	路	Tai'an Rd.
2	里	Tai'an Vil.
1	宏新村	Taihong New Vil.
1	山	Taishan
2	1巷	Taishan 1st Ln.
3	街	Taishan 1st St.
2	2巷	Taishan 2nd Ln.
3	街	Taishan 2nd St.
2	3巷	Taishan 3rd Ln.
3	街	Taishan 3rd St.
2	7巷	Taishan 7th Ln.
2	9巷	Taishan 9th Ln.
2	巷	Taishan Ln.
2	村	Taishan Vil.
3	中正路	Zhongzheng Rd., Taishan Vil.
2	街	Taishan St.
2	路	Taishan Rd.
3	七結巷	Qijie Ln., Taishan Rd.
3	復國巷	Fuguo Ln., Taishan Rd.
3	民族1巷	Minzu 1st Ln., Taishan Rd.
5	2巷	Minzu 2nd Ln., Taishan Rd.
3	負郭2巷	Fuguo 2nd Ln., Taishan Rd.
2	里	Taishan Vil.
1	崗	Taigang
1	平	Taiping
2	巷	Taiping Ln.
2	村	Taiping Vil.
2	路	Taiping Rd.
1	康街	Taikang St.
1	成街	Taicheng St.
2	路	Taicheng Rd.
1	昌11街	Taichang 11th St.
3	2街	Taichang 12th St.
3	3街	Taichang 13th St.
3	街	Taichang 1st St.
2	2街	Taichang 2nd St.
2	3街	Taichang 3rd St.
2	5街	Taichang 5th St.
2	6街	Taichang 6th St.
2	7街	Taichang 7th St.
2	8街	Taichang 8th St.
2	9街	Taichang 9th St.
2	十街	Taichang 10th St.
2	街	Taichang St.
2	里	Taichang Vil.
1	林	Tailin
2	路1段	Sec. 1, Tailin Rd.
3	2段	Sec. 2, Tailin Rd.
3	3段	Sec. 3, Tailin Rd.
1	武村	Taiwu Vil.
1	源1街	Taiyuan 1st St.
2	2街	Taiyuan 2nd St.
2	村	Taiyuan Vil.
1	王路	Taiwang Rd.
1	瑞1街	Tairui 1st St.
2	2街	Tairui 2nd St.
2	3街	Tairui 3rd St.
2	4街	Tairui 4th St.
2	街	Tairui St.
1	田	Taitian
2	里	Taitian Vil.
1	祥街	Taixiang St.
1	立巷	Taili Ln.
1	興街	Taixing St.
2	路	Taixing Rd.
2	里	Taixing Vil.
1	良街	Tailiang St.
1	豊街	Taili St.
1	豐街	Taifeng St.
2	里	Taifeng Vil.
1	陽1街	Taiyang 1st St.
2	2街	Taiyang 2nd St.
2	街	Taiyang St.
1	雅1路	Taiya 1st Rd.
4	清水	Qingshui, Taiya 1st Rd.
4	牛鬥巷	Niudou Ln., Taiya 1st Rd.
2	路1段	Sec. 1, Taiya Rd.
3	2段	Sec. 2, Taiya Rd.
3	3段	Sec. 3, Taiya Rd.
3	4段	Sec. 4, Taiya Rd.
3	5段	Sec. 5, Taiya Rd.
3	6段	Sec. 6, Taiya Rd.
3	7段	Sec. 7, Taiya Rd.
1	順街	Taishun St.
2	路	Taishun Rd.
0	泳池巷	Yongchi Ln.
0	洋厝巷	Yangcuo Ln.
2	里	Yangcuo Vil.
1	子	Yangzi
2	寮	Yangziliao
1	山	Yangshan
1	灰里	Yanghui Vil.
0	洒店	Sadian
0	洗水坑	Xishuikeng
0	洛寧路	Luoning Rd.
1	泉里	Luoquan Vil.
1	津里	Luojin Vil.
1	陽南街	Luoyang S. St.
2	村	Luoyang Vil.
2	東街	Luoyang E. St.
2	街	Luoyang St.
2	路	Luoyang Rd.
1	韶	Luoshao
0	洞口	Dongkou
1	角巷	Dongjiao Ln.
1	里	Dong Vil.
1	頂路	Dongding Rd.
0	津梅1路	Jinmei 1st Rd.
2	路	Jinmei Rd.
1	沙村	Jinsha Vil.
0	洪厝	Hongcuo
2	寮	Hongcuoliao
2	巷	Hongcuo Ln.
2	街	Hongcuo St.
1	圳路	Hongzun Rd.
1	堀巷	Hongku Ln.
1	溪州	Hongxizhou
0	洲中路	Zhouzhong Rd.
1	仔北街	Zhouzai N. St.
2	寮	Zhouzailiao
2	巷	Zhouzai Ln.
2	村	Zhouzai Vil.
2	東街	Zhouzai E. St.
2	路	Zhouzai Rd.
1	倉1路	Zhoucang 1st Rd.
2	2路	Zhoucang 2nd Rd.
1	同路	Zhoutong Rd.
1	子	Zhouzi
2	村	Zhouzi Vil.
2	街	Zhouzi St.
2	路	Zhouzi Rd.
2	里	Zhouzi Vil.
1	尾街	Zhouwei St.
1	工街	Zhougong St.
1	後村	Zhouhou Vil.
1	櫃路	Zhougui Rd.
1	港路	Zhougang Rd.
1	美街	Zhoumei St.
2	里	Zhoumei Vil.
1	里	Zhou Vil.
1	際1街	Zhouji 1st St.
2	2街	Zhouji 2nd St.
2	3街	Zhouji 3rd St.
2	5街	Zhouji 5th St.
2	路	Zhouji Rd.
0	活水路	Huoshui Rd.
0	洽和街	Qiahe St.
1	水路	Qiashui Rd.
1	溪子	Qiaxizi
2	路	Qiaxi Rd.
2	里	Qiaxi Vil.
1	石巷	Qiashi Ln.
1	興村	Qiaxing Vil.
2	路	Qiaxing Rd.
0	流川巷	Liuchuan Ln.
1	東	Liudong
2	里	Liudong Vil.
1	芳里	Liufang Vil.
1	霞	Liuxia
2	路	Liuxia Rd.
1	麻溝	Liumagou
0	浙江路	Zhejiang Rd.
0	浦城街	Pucheng St.
1	山里	Pushan Vil.
1	邊	Pubian
0	浩然里	Hauran Vil.
0	浮圳南巷	Fuzun S. Ln.
2	巷	Fuzun Ln.
2	村	Fuzun Vil.
2	路	Fuzun Rd.
3	1段	Sec. 1, Fuzun Rd.
3	2段	Sec. 2, Fuzun Rd.
2	里	Fuzun Vil.
1	崙巷	Fulun Ln.
2	里	Fulun Vil.
1	景巷	Fujing Ln.
1	橋	Fuqiao
1	洲路	Fuzhou Rd.
2	里	Fuzhou Vil.
1	潭	Futan
1	筧街	Fujian St.
0	浯坑	Wukeng
1	江北堤路	Wujiangbeiti Rd.
2	街	Wujiang St.
2	路	Wujiang Rd.
0	浴井	Yujing
0	海中街	Haizhong St.
1	佃路1段	Sec. 1, Haidian Rd.
3	2段	Sec. 2, Haidian Rd.
3	3段	Sec. 3, Haidian Rd.
3	4段	Sec. 4, Haidian Rd.
2	里	Haidian Vil.
1	光二村	Haiguang 2nd Vil.
2	里	Haiguang Vil.
1	利街	Haili St.
1	前路	Haiqian Rd.
1	功東路	Haigong E. Rd.
2	路	Haigong Rd.
1	勝里	Haisheng Vil.
1	北村	Haibei Vil.
1	南村	Hainan Vil.
2	里	Hainan Vil.
1	印寺	Haiyinsi
1	原里	Haiyuan Vil.
1	口	Haikou
2	北路	Haikou N. Rd.
2	南路	Haikou S. Rd.
2	寮路	Haikouliao Rd.
2	尾	Haikouwei
2	村	Haikou Vil.
2	營	Haikouying
2	路	Haikou Rd.
2	里	Haikou Vil.
1	園路	Haiyuan Rd.
1	城里	Haicheng Vil.
1	埔	Haipu
2	1街	Haipu 1st St.
2	2街	Haipu 2nd St.
2	3街	Haipu 3rd St.
2	5街	Haipu 5th St.
2	仔	Haipuzai
2	厝巷	Haipucuo Ln.
2	巷	Haipu Ln.
2	新村	Haipu New Vil.
2	村	Haipu Vil.
2	路	Haipu Rd.
2	里	Haipu Vil.
1	墘	Haiqian
2	村	Haiqian Vil.
2	路	Haiqian Rd.
1	安街	Hai'an St.
2	路	Hai'an Rd.
3	1段	Sec. 1, Hai'an Rd.
3	2段	Sec. 2, Hai'an Rd.
3	3段	Sec. 3, Hai'an Rd.
1	富路	Haifu Rd.
1	寧巷	Haining Ln.
1	寮	Hailiao
2	村	Hailiau Vil.
1	寶里	Haibau Vil.
3	海口	Haikou, Haibao Vil.
1	專路	Haizhuan Rd.
1	尾	Haiwei
2	巷	Haiwei Ln.
2	村	Haiwei Vil.
2	路	Haiwei Rd.
2	里	Haiwei Vil.
1	山中街	Haishan Central St.
2	村	Haishan Vil.
2	東街	Haishan E. St.
3	路	Haishan E. Rd.
2	港2路	Haishangang 2nd Rd.
3	十街	Haishangang 10th St.
3	路	Haishangang Rd.
2	西路	Haishan W. Rd.
2	路	Haishan Rd.
3	1段	Sec. 1, Haishan Rd.
3	2段	Sec. 2, Haishan Rd.
5	中海巷	Zhonghai Ln., Sec. 2, Haishan Rd.
5	海寧巷	Haining Ln., Sec. 2, Haishan Rd.
3	3段	Sec. 3, Haishan Rd.
2	里	Haishan Vil.
1	岸	Hai'an
2	路	Hai'an Rd.
2	里	Hai'an Vil.
1	峰路	Haifeng Rd.
1	平街	Haiping St.
2	路	Haiping Rd.
1	康街	Haikang St.
1	德2路	Haide 2nd Rd.
2	街	Haide St.
2	路	Haide Rd.
1	成1街	Haicheng 1st St.
2	2街	Haicheng 2nd St.
2	3街	Haicheng 3rd St.
2	北街	Haicheng N. St.
2	南街	Haicheng S. St.
2	東街	Haicheng E. St.
2	街	Haicheng St.
1	方厝	Haifangcuo
2	路	Haifang Rd.
1	昌里	Haichang Vil.
1	明巷	Haiming Ln.
2	街	Haiming St.
1	景1街	Haijing 1st St.
2	2街	Haijing 2nd St.
2	3街	Haijing 3rd St.
2	4街	Haijing 4th St.
2	5街	Haijing 5th St.
2	街	Haijing St.
2	路	Haijing Rd.
1	東11街	Haidong 11th St.
3	2街	Haidong 12th St.
3	街	Haidong 1st St.
2	2街	Haidong 2nd St.
2	3街	Haidong 3rd St.
2	5街	Haidong 5th St.
2	6街	Haidong 6th St.
2	7街	Haidong 7th St.
2	8街	Haidong 8th St.
2	街	Haidong St.
2	里	Haidong Vil.
1	沙路	Haisha Rd.
1	洋1路	Haiyang 1st Rd.
2	2路	Haiyang 2nd Rd.
2	路	Haiyang Rd.
2	里	Haiyang Vil.
1	浴路	Haiyu Rd.
3	鹿興巷	Luxing Ln., Haiyu Rd.
1	涵路	Haihan Rd.
1	清路	Haiqing Rd.
1	港街	Haigang St.
2	路	Haigang Rd.
1	湖	Haihu
2	北路	Haihu N. Rd.
2	村	Haihu Vil.
2	東路	Haihu E. Rd.
1	澄里	Haicheng Vil.
1	濱	Haibin
2	街	Haibin St.
2	路	Haibin Rd.
2	里	Haibin Vil.
1	瀛村	Haiying Vil.
1	灣新城	Haiwan Xincheng
2	路	Haiwan Rd.
1	珍北路	Haizhen N. Rd.
2	南路	Haizhen S. Rd.
4	2段	Sec. 2, Haizhen S. Rd.
1	環街	Haihuan St.
1	產路	Haichan Rd.
1	甲路	Haijia Rd.
1	福路	Haifu Rd.
1	端村	Haiduan Vil.
1	興街	Haixing St.
2	路	Haixing Rd.
2	里	Haixing Vil.
1	華路	Haihua Rd.
1	萍路	Haiping Rd.
1	西里	Haixi Vil.
1	豊	Haili
2	科	Hailike
2	路	Haili Rd.
1	豐	Haifeng
2	厝	Haifengcuo
2	坡	Haifengpo
2	子	Haifengzi
2	村	Haifeng Vil.
2	街	Haifeng St.
2	路	Haifeng Rd.
3	2段	Sec. 2, Haifeng Rd.
3	新厝巷	Xincuo Ln., Haifeng Rd.
2	里	Haifeng Vil.
1	賓巷	Haibin Ln.
1	通路	Haitong Rd.
1	運街	Haiyun St.
1	邊路	Haibian Rd.
1	頂路	Haiding Rd.
1	順街	Haishun St.
1	風1街	Haifeng 1st St.
2	2街	Haifeng 2nd St.
2	3街	Haifeng 3rd St.
2	里	Haifeng Vil.
1	鷗路	Hai'ou Rd.
0	浸樹街	Jinshu St.
1	水北街	Jinshui N. St.
2	南街	Jinshui S. St.
2	街	Jinshui St.
2	里	Jinshui Vil.
0	消防街	Xiaofang St.
0	涵洋里	Hanyang Vil.
1	碧巷	Hanbi Ln.
2	路	Hanbi Rd.
0	涼山	Liangshan
1	州街	Liangzhou St.
0	淇武蘭1路	Qiwulan 1st Rd.
3	2路	Qiwulan 2nd Rd.
3	3路	Qiwulan 3rd Rd.
3	5路	Qiwulan 5th Rd.
3	6路	Qiwulan 6th Rd.
3	7路	Qiwulan 7th Rd.
3	8路	Qiwulan 8th Rd.
3	北路	Qiwulan N. Rd.
3	路	Qiwulan Rd.
0	淋漓坪	Linliping
0	淑德新村	Shude New Vil.
0	淡文湖	Danwenhu
1	海路	Danhai Rd.
1	溝北巷	Dangou N. Ln.
2	南巷	Dangou S. Ln.
2	里	Dangou Vil.
1	金路	Danjin Rd.
3	1段	Sec. 1, Danjin Rd.
3	2段	Sec. 2, Danjin Rd.
3	3段	Sec. 3, Danjin Rd.
3	4段	Sec. 4, Danjin Rd.
3	5段	Sec. 5, Danjin Rd.
0	淨修街	Jingxiu St.
0	淮子埔	Huaizipu
3	1路	Huaizipu 1st Rd.
3	路	Huaizipu Rd.
1	美	Huaimei
0	深丘里	Shenqiu Vil.
1	中路	Shenzhong Rd.
1	井1路	Shenjing 1st Rd.
2	2路	Shenjing 2nd Rd.
2	3路	Shenjing 3rd Rd.
2	5路	Shenjing 5th Rd.
2	村	Shenjing Vil.
2	路	Shenjing Rd.
1	南路	Shennan Rd.
1	圳	Shenzhen
2	11路	Shenzhen 11th Rd.
3	路	Shenzun 1st Rd.
2	2路	Shenzun 2nd Rd.
2	3路	Shenzun 3rd Rd.
2	5路	Shenzun 5th Rd.
2	6路	Shenzun 6th Rd.
2	7路	Shenzun 7th Rd.
2	8路	Shenzun 8th Rd.
2	9路	Shenzun 9th Rd.
2	十路	Shenzhen 10th Rd.
2	村	Shenzun Vil.
2	路	Shenzun Rd.
1	坑	Shenkeng
2	1街	Shenkeng 1st St.
2	2街	Shenkeng 2nd St.
2	3街	Shenkeng 3rd St.
2	子	Shenkengzi
2	巷	Shenkeng Ln.
2	村	Shenkeng Vil.
2	街	Shenkeng St.
1	按	Shen'an
1	水	Shenshui
2	村	Shenshui Vil.
2	路	Shenshui Rd.
1	洲1路	Shenzhou 1st Rd.
2	2路	Shenzhou 2nd Rd.
2	路	Shenzhou Rd.
1	溝村	Shengou Vil.
1	溪路	Shenxi Rd.
1	澳坑路	Shen'aokeng Rd.
2	路	Shen'ao Rd.
2	里	Shen'ao Vil.
1	福路	Shenfu Rd.
1	窩子	Shenwozi
1	美街	Shenmei St.
1	興路	Shenxing Rd.
1	蓁路	Shenzhen Rd.
0	淵中里	Yuanzhong Vil.
1	仔塭	Yuanzaiwen
1	官路	Yuanguan Rd.
1	明街	Yuanming St.
1	東里	Yuandong Vil.
1	源街	Yuanyuan St.
1	西1街	Yuanxi 1st St.
2	2街	Yuanxi 2nd St.
2	路	Yuanxi Rd.
2	里	Yuanxi Vil.
0	淺水灣	Qianshuiwan
3	街	Qianshuiwan St.
0	添丁街	Tianding St.
1	福	Tianfu
2	里	Tianfu Vil.
1	財街	Tiancai St.
0	清世街	Qingshi St.
1	傳街	Qingchuan St.
1	元路	Qingyuan Rd.
1	光街	Qingguang St.
1	化村	Qinghua Vil.
2	里	Qinghua Vil.
1	和村	Qinghe Vil.
2	里	Qinghe Vil.
1	坑	Qingkeng
1	埔巷	Qingpu Ln.
1	天泉	Qingtianquan
1	安村	Qing'an Vil.
2	街	Qing'an St.
2	路	Qing'an Rd.
1	寧街	Qingning St.
1	平巷	Qingping Ln.
2	街	Qingping St.
1	德巷	Qingde Ln.
2	街	Qingde St.
1	心路	Qingxin Rd.
1	成街	Qingcheng St.
1	文路	Qingwen Rd.
2	里	Qingwen Vil.
1	新巷	Qingxin Ln.
2	里	Qingxin Vil.
1	明巷	Qingming Ln.
2	街	Qingming St.
1	朗街	Qinglang St.
1	榮街	Qingrong St.
1	武巷	Qingwu Ln.
1	水	Qingshui
2	2巷	Qingshui 2nd Ln.
2	南路	Qingshui S. Rd.
2	坑	Qingshuikeng
3	街	Qingshuikeng St.
2	岩路	Qingshuiyan Rd.
2	巷	Qingshui Ln.
2	村	Qingshui Vil.
2	溪	Qingshuixi
2	街	Qingshui St.
3	營盤巷	Yingpan Ln., Qingshui St.
2	路	Qingshui Rd.
3	中學巷	Zhongxue Ln., Qingshui Rd.
3	公明巷	Gongming Ln., Qingshui Rd.
3	合興巷	Hexing Ln., Qingshui Rd.
3	朝雲巷	Chaoyun Ln., Qingshui Rd.
3	田中巷	Tianzhong Ln., Qingshui Rd.
3	象寮巷	Xiangliao Ln., Qingshui Rd.
3	路東巷	Ludong Ln., Qingshui Rd.
4	西巷	Luxi Ln., Qingshui Rd.
2	里	Qingshui Vil.
1	江路	Qingjiang Rd.
2	里	Qingjiang Vil.
1	河巷	Qinghe Ln.
1	泉	Qingquan
2	村	Qingquan Vil.
2	街	Qingquan St.
2	路	Qingquan Rd.
3	福祥巷	Fuxiang Ln., Qingquan Rd.
2	里	Qingquan Vil.
1	泰路	Qingtai Rd.
1	洲1路	Qingzhou 1st Rd.
2	2路	Qingzhou 2nd Rd.
2	3路	Qingzhou 3rd Rd.
2	5路	Qingzhou 5th Rd.
2	6路	Qingzhou 6th Rd.
2	路	Qingzhou Rd.
1	流巷	Qingliu Ln.
1	海街	Qinghai St.
1	涼路1段	Sec. 1, Qingliang Rd.
3	2段	Sec. 2, Qingliang Rd.
1	溝村	Qinggou Vil.
2	路	Qinggou Rd.
1	溪	Qingxi
2	村	Qingxi Vil.
2	路	Qingxi Rd.
2	里	Qingxi Vil.
1	潭路	Qingtan Rd.
1	營巷	Qingying Ln.
1	白巷	Qingbai Ln.
2	里	Qingbai Vil.
1	福路	Qingfu Rd.
1	秀巷	Qingxiu Ln.
1	穗村	Qingsui Vil.
2	里	Qingsui Vil.
1	美巷	Qingmei Ln.
1	聖街	Qingsheng St.
1	興街	Qingxing St.
2	路	Qingxing Rd.
1	苑里	Qingyuan Vil.
1	華1街	Qinghua 1st St.
3	路	Qinghua 1st Rd.
2	2街	Qinghua 2nd St.
3	路	Qinghua 2nd Rd.
2	巷	Qinghua Ln.
2	村	Qinghua Vil.
2	街	Qinghua St.
3	本昌巷	Benchang Ln., Qinghua St.
2	路	Qinghua Rd.
2	里	Qinghua Vil.
1	蓮村	Qinglian Vil.
1	谷巷	Qinggu Ln.
1	豐1路	Qingfeng 1st Rd.
2	2路	Qingfeng 2nd Rd.
2	3路	Qingfeng 3rd Rd.
2	5路	Qingfeng 5th Rd.
2	路	Qingfeng Rd.
2	里	Qingfeng Vil.
1	進巷	Qingjin Ln.
2	路	Qingjin Rd.
1	陽1路	Qingyang 1st Rd.
2	2路	Qingyang 2nd Rd.
2	路	Qingyang Rd.
1	隆巷	Qinglong Ln.
1	雲1街	Qingyun 1st St.
2	2路	Qingyun 2nd Rd.
2	3街	Qingyun 3rd St.
2	5路	Qingyun 5th Rd.
2	6街	Qingyun 6th St.
2	街	Qingyun St.
2	路	Qingyun Rd.
1	靜巷	Qingjing Ln.
1	風巷	Qingfeng Ln.
2	街	Qingfeng St.
2	路	Qingfeng Rd.
1	香巷	Qingxiang Ln.
0	渡假山莊	Dujia Villa
1	子頭	Duzitou
1	船巷	Duchuan Ln.
2	里	Duchuan Vil.
2	頭	Duchuantou
3	街	Duchuantou St.
1	頭村	Dutou Vil.
0	渤海街	Bohai St.
0	渭南路	Weinan Rd.
1	水路	Weishui Rd.
0	港1街	Gang 1st St.
1	2街	Gang 2nd St.
1	3街	Gang 3rd St.
1	4街	Gang 4th St.
1	5街	Gang 5th St.
1	6街	Gang 6th St.
1	7街	Gang 7th St.
1	8街	Gang 8th St.
1	9街	Gang 9th St.
1	中街	Gangzhong St.
1	仔嘴	Gangzaizui
2	墘	Gangzaiqian
2	村	Gangzai Vil.
2	西街	Gangzai W. St.
2	路	Gangzai Rd.
2	里	Gangzai Vil.
1	信路	Gangxin Rd.
1	內里	Gangnei Vil.
1	北	Gangbei
2	1街	Gangbei 1st St.
2	2街	Gangbei 2nd St.
2	3街	Gangbei 3rd St.
2	6街	Gangbei 6th St.
2	路	Gangbei Rd.
2	里	Gangbei Vil.
1	區	Gangqu
2	商場	Gangqu Market
2	街	Gangqu St.
1	十街	Gang 10th St.
1	南1街	Gangnan 1st St.
2	2街	Gangnan 2nd St.
2	3街	Gangnan 3rd St.
2	5街	Gangnan 5th St.
2	村	Gangnan Vil.
2	里	Gangnan Vil.
1	口	Gangkou
2	村	Gangkou Vil.
2	路	Gangkou Rd.
2	里	Gangkou Vil.
1	后路	Ganghou Rd.
2	里	Ganghou Vil.
1	嘴1路	Gangzui 1st Rd.
2	2路	Gangzui 2nd Rd.
2	3路	Gangzui 3rd Rd.
2	村	Gangzui Vil.
2	里	Gangzui Vil.
1	坪里	Gangping Vil.
1	埔1街	Gangpu 1st St.
3	路	Gangpu 1st Rd.
2	2街	Gangpu 2nd St.
3	路	Gangpu 2nd Rd.
2	3街	Gangpu 3rd St.
3	路	Gangpu 3rd Rd.
2	村	Gangpu Vil.
2	路	Gangpu Rd.
1	埠路1段	Sec. 1, Gangbu Rd.
3	2段	Sec. 2, Gangbu Rd.
3	3段	Sec. 3, Gangbu Rd.
3	4段	Sec. 4, Gangbu Rd.
3	5段	Sec. 5, Gangbu Rd.
3	6段	Sec. 6, Gangbu Rd.
1	墘	Gangqian
2	厝	Gangqiancuo
2	村	Gangqian Vil.
2	路	Gangqian Rd.
2	里	Gangqian Vil.
1	壽街	Gangshou St.
1	子	Gangzi
2	坪1街	Gangziping 1st St.
2	尾	Gangziwei
2	村	Gangzi Vil.
2	頭	Gangzitou
1	安街	Gang'an St.
3	1段	Sec. 1, Gang'an St.
3	2段	Sec. 2, Gang'an St.
1	富路	Gangfu Rd.
2	里	Gangfu Vil.
1	尾	Gangwei
2	寮	Gangweiliao
2	村	Gangwei Vil.
2	溪街	Gangweixi St.
2	路	Gangwei Rd.
2	里	Gangwei Vil.
1	崗路	Ganggang Rd.
1	平路	Gangping Rd.
1	庄路	Gangzhuang Rd.
1	底	Gangdi
1	後	Ganghou
2	巷	Ganghou Ln.
2	村	Ganghou Vil.
2	路	Ganghou Rd.
1	德里	Gangde Vil.
1	新1路	Gangxin 1st Rd.
2	2路	Gangxin 2nd Rd.
2	3路	Gangxin 3rd Rd.
2	4路	Gangxin 4th Rd.
2	5路	Gangxin 5th Rd.
2	巷	Gangxin Ln.
2	路	Gangxin Rd.
2	里	Gangxin Vil.
1	昇路	Gangsheng Rd.
1	明街	Gangming St.
2	里	Gangming Vil.
1	東	Gangdong
2	巷	Gangdong Ln.
2	新屯	Gangdong New Vil.
2	村	Gangdong Vil.
2	街	Gangdong St.
2	里	Gangdong Vil.
1	林街	Ganglin St.
1	正里	Gangzheng Vil.
1	清1街	Gangqing 1st St.
2	2街	Gangqing 2nd St.
2	3街	Gangqing 3rd St.
2	街	Gangqing St.
1	源街	Gangyuan St.
1	濱	Gangbin
1	盛街	Gangsheng St.
1	福街	Gangfu St.
1	美村	Gangmei Vil.
2	街	Gangmei St.
1	興街	Gangxing St.
2	路	Gangxing Rd.
2	里	Gangxing Vil.
1	莊巷	Gangzhuang Ln.
1	華街	Ganghua St.
2	里	Ganghua Vil.
1	西	Gangxi
2	村	Gangxi Vil.
2	街	Gangxi St.
2	里	Gangxi Vil.
1	豐路	Gangfeng Rd.
1	通里	Gangtong Vil.
1	邊	Gangbian
2	路	Gangbian Rd.
2	里	Gangbian Vil.
1	都1路	Gangdu 1st Rd.
2	2路	Gangdu 2nd Rd.
2	3路	Gangdu 3rd Rd.
2	4路	Gangdu 4th Rd.
2	5路	Gangdu 5th Rd.
2	路	Gangdu Rd.
2	里	Gangdu Vil.
1	順街	Gangshun St.
1	頭巷	Gangtou Ln.
0	渴望1路	Kewang 1st Rd.
2	2路	Kewang 2nd Rd.
2	路	Kewang Rd.
0	游厝庄	Youcuozhuang
1	東村	Youdong Vil.
1	泳路	Youyong Rd.
3	慈光二十九村	Ciguang 29th Vil., Youyong Rd.
3	懷恩巷	Huai'en Ln., Youyong Rd.
1	西村	Youxi Vil.
0	湄洲里	Meizhou Vil.
0	湖下	Huxia
2	村	Huxia Vil.
1	中路	Huzhong Rd.
1	井頭	Hujingtou
1	仔厝	Huzaicuo
2	嶺	Huzailing
1	元里	Huyuan Vil.
1	光村	Huguang Vil.
2	里	Huguang Vil.
1	內	Hunei
2	1街	Hunei 1st St.
2	2街	Hunei 2nd St.
2	巷	Hunei Ln.
2	村	Hunei Vil.
2	街	Hunei St.
2	路	Hunei Rd.
2	里	Hunei Vil.
1	前	Huqian
2	村	Huqian Vil.
2	街	Huqian St.
2	路	Huqian Rd.
2	農舍	Huqiannongshe
1	北村	Hubei Vil.
2	街	Hubei St.
2	路	Hubei Rd.
2	里	Hubei Vil.
1	南	Hunan
2	村	Hunan Vil.
2	路	Hunan Rd.
2	里	Hunan Vil.
1	口	Hukou
2	村	Hukou Vil.
2	老街	Hukoulao St.
2	街	Hukou St.
1	地路	Hudi Rd.
1	埔3路	Hupu 3rd Rd.
2	村	Hupu Vil.
1	子	Huzi
2	內	Huzinei
3	路	Huzinei Rd.
1	寮村	Huliau Vil.
1	尾	Huwei
1	山村	Hushan Vil.
2	街	Hushan St.
2	路	Hushan Rd.
3	1段	Sec. 1, Hushan Rd.
3	2段	Sec. 2, Hushan Rd.
2	里	Hushan Vil.
1	峰1街	Hufeng 1st St.
2	2街	Hufeng 2nd St.
2	7街	Hufeng 7th St.
2	路	Hufeng Rd.
1	平巷	Huping Ln.
2	路	Huping Rd.
1	底	Hudi
2	巷	Hudi Ln.
2	路	Hudi Rd.
1	後村	Huhou Vil.
1	新路	Huxin Rd.
1	日村	Huri Vil.
1	本村	Huben Vil.
1	村	Hu Vil.
1	東	Hudong
2	村	Hudong Vil.
2	街	Hudong St.
2	路	Hudong Rd.
2	里	Hudong Vil.
1	桶巷	Hutong Ln.
2	底	Hutongdi
1	水巷	Hushui Ln.
2	路	Hushui Rd.
2	里	Hushui Vil.
1	海路1段	Sec. 1, Huhai Rd.
3	2段	Sec. 2, Huhai Rd.
1	濱1路	Hubin 1st Rd.
2	2路	Hubin 2nd Rd.
2	3路	Hubin 3rd Rd.
2	里	Hubin Vil.
1	田里	Hutian Vil.
1	竹路	Huzhu Rd.
1	美11路	Humei 11th Rd.
3	街	Humei 1st St.
3	路	Humei 1st Rd.
2	2街	Humei 2nd St.
3	路	Humei 2nd Rd.
2	3街	Humei 3rd St.
3	路	Humei 3rd Rd.
2	5街	Humei 5th St.
2	6街	Humei 6th St.
2	7街	Humei 7th St.
2	8路	Humei 8th Rd.
2	9街	Humei 9th St.
2	十路	Humei 10th Rd.
2	村	Humei Vil.
2	街	Humei St.
1	肚	Hudu
2	里	Hudu Vil.
1	興	Huxing
2	路	Huxing Rd.
2	里	Huxing Vil.
1	裏巷	Huli Ln.
1	裡	Huli
1	西	Huxi
2	巷	Huxi Ln.
2	村	Huxi Vil.
2	里	Huxi Vil.
1	農新屯	Hunong New Vil.
1	邊里	Hubian Vil.
1	鏡村	Hujing Vil.
0	湧光路	Yongguang Rd.
3	1段	Sec. 1, Yongguang Rd.
2	里	Yongguang Vil.
1	安路	Yong'an Rd.
2	里	Yong'an Vil.
1	峰路	Yongfeng Rd.
1	東路	Yongdong Rd.
1	泉巷	Yongquan Ln.
2	路	Yongquan Rd.
1	興路	Yongxing Rd.
1	豐里	Yongfeng Vil.
0	湯元巷	Tangyuan Ln.
1	圍街	Tangwei St.
1	山大道	Tangshan Blvd.
0	湳中街	Nanzhong St.
2	里	Nanzhong Vil.
1	仔巷	Nanzai Ln.
2	村	Nanzai Vil.
2	溝	Nanzaigou
1	坑1街	Nankeng 1st St.
2	2街	Nankeng 2nd St.
2	3街	Nankeng 3rd St.
2	路1段	Sec. 1, Nankeng Rd.
3	2段	Sec. 2, Nankeng Rd.
1	埔	Lanpu
2	巷	Nanpu Ln.
2	路	Lanpu Rd.
1	墘	Lanqian
2	村	Nanqian Vil.
1	子	Nanzi
2	路	Nanzi Rd.
1	底1巷	Nandi 1st Ln.
2	2巷	Nandi 2nd Ln.
2	北路	Nandi N. Rd.
2	南1路	Nandi S. 1st Rd.
3	2路	Nandi S. 2nd Rd.
2	巷	Nandi Ln.
2	村	Nandi Vil.
2	東1路	Nandi E. 1st Rd.
2	西路	Nandi W. Rd.
2	路	Nandi Rd.
3	湳底1巷	Nandi 1st Ln., Nandi Rd.
5	東巷	Nandi E. Ln., Nandi Rd.
2	里	Nandi Vil.
1	抵巷	Nandi Ln.
1	港村	Nangang Vil.
1	湖	Nanhu
1	窟	Nanku
1	窩口	Nanwokou
2	路	Nanwo Rd.
1	興里	Nanxing Vil.
1	雅村	Nanya Vil.
2	街	Nanya St.
2	里	Nanya Vil.
1	頭港	Lantougang
0	源勝東村	Yuanshengdong Vil.
2	西村	Yuanshengxi Vil.
1	和	Yuanhe
1	園	Yuanyuan
1	城里	Yuancheng Vil.
1	埤里	Yuanpi Vil.
1	成巷	Yuancheng Ln.
2	東路	Yuancheng E. Rd.
2	路	Yuancheng Rd.
1	林街	Yuanlin St.
1	泉	Yuanquan
2	巷	Yuanquan Ln.
2	村	Yuanquan Vil.
2	街	Yuanquan St.
2	路	Yuanquan Rd.
3	1段	Sec. 1, Yuanquan Rd.
3	2段	Sec. 2, Yuanquan Rd.
1	潭路	Yuantan Rd.
2	里	Yuantan Vil.
1	福1街	Yuanfu 1st St.
2	2街	Yuanfu 2nd St.
2	3街	Yuanfu 3rd St.
2	5街	Yuanfu 5th St.
2	6街	Yuanfu 6th St.
2	街	Yuanfu St.
1	興路	Yuanxing Rd.
1	豐路	Yuanfeng Rd.
1	通巷	Yuantong Ln.
1	遠街	Yuanyuan St.
2	路	Yuanyuan Rd.
1	頭	Yuantou
2	村	Yuantou Vil.
0	溝內村	Gounei Vil.
2	路	Gounei Rd.
1	南	Gounan
1	坪村	Gouping Vil.
2	路	Gouping Rd.
1	埧里	Gouju Vil.
1	墘巷	Gouqian Ln.
2	里	Gouqian Vil.
1	子墘	Gouziqian
1	尾	Gouwei
2	巷	Gouwei Ln.
1	底巷	Goudi Ln.
2	路	Goudi Rd.
1	後街	Gouhou St.
1	心	Gouxin
2	路	Gouxin Rd.
1	明	Gouming
1	東	Goudong
1	渚路	Gouzhu Rd.
1	漧巷	Gouqian Ln.
1	皂	Gouzao
2	1街	Gouzao 1st St.
2	2街	Gouzao 2nd St.
2	3街	Gouzao 3rd St.
2	5街	Gouzao 5th St.
2	6街	Gouzao 6th St.
2	7街	Gouzao 7th St.
2	8街	Gouzao 8th St.
2	9街	Gouzao 9th St.
2	北1街	Gouzao N. 1st St.
3	2街	Gouzao N. 2nd St.
3	3街	Gouzao N. 3rd St.
2	巷	Gouzao Ln.
2	東街	Gouzao E. St.
2	街	Gouzao St.
2	里	Gouzao Vil.
1	美	Goumei
2	里	Goumei Vil.
1	背	Goubei
2	巷	Goubei Ln.
2	里	Goubei Vil.
1	西	Gouxi
1	貝街	Goubei St.
1	頭巷	Goutou Ln.
0	溪2路	Xi 2nd Rd.
1	下村	Xixia Vil.
2	路	Xixia Rd.
3	1段	Sec. 1, Xixia Rd.
3	2段	Sec. 2, Xixia Rd.
3	3段	Sec. 3, Xixia Rd.
3	4段	Sec. 4, Xixia Rd.
1	中路	Xizhong Rd.
1	仔口	Xizaikou
2	底	Xizaidi
1	北	Xibei
2	巷	Xibei Ln.
2	村	Xibei Vil.
2	街	Xibei St.
2	路	Xibei Rd.
2	里	Xibei Vil.
1	南	Xinan
2	1街	Xinan 1st St.
2	2街	Xinan 2nd St.
2	巷	Xinan Ln.
2	村	Xinan Vil.
2	街	Xinan St.
2	路	Xinan Rd.
3	1段	Sec. 1, Xinan Rd.
3	2段	Sec. 2, Xinan Rd.
3	3段	Sec. 3, Xinan Rd.
2	里	Xinan Vil.
1	厝村	Xicuo Vil.
3	中山巷	Zhongshan Ln., Xicuo Vil.
3	太平路	Taiping Rd., Xicuo Vil.
3	溪埔巷	Xipu Ln., Xicuo Vil.
3	蔡厝路	Caicuo Rd., Xicuo Vil.
1	口	Xikou
2	1街	Xikou 1st St.
2	2街	Xikou 2nd St.
2	3街	Xikou 3rd St.
2	4街	Xikou 4th St.
2	村	Xikou Vil.
2	臺	Xikoutai
2	街	Xikou St.
2	路	Xikou Rd.
2	里	Xikou Vil.
1	園路	Xiyuan Rd.
1	坪	Xiping
1	城路	Xicheng Rd.
1	埔	Xipu
2	寮	Xipuliao
2	巷	Xipu Ln.
2	村	Xipu Vil.
2	路	Xipu Rd.
1	埧村	Xiju Vil.
1	墘	Xiqian
2	仔	Xiqianzai
2	厝	Xiqiancuo
2	巷	Xiqian Ln.
2	村	Xiqian Vil.
2	街	Xiqian St.
2	路	Xiqian Rd.
2	里	Xiqian Vil.
1	子下	Xizixia
1	寮村	Xiliau Vil.
2	路	Xiliao Rd.
3	2段	Sec. 2, Xiliao Rd.
1	尾	Xiwei
2	寮	Xiweiliao
2	村	Xiwei Vil.
2	街	Xiwei St.
1	山路	Xishan Rd.
2	里	Xishan Vil.
1	岸路	Xi'an Rd.
3	新厝巷	Xincuo Ln., Xi'an Rd.
1	崑1街	Xikun 1st St.
2	2街	Xikun 2nd St.
1	崙街	Xilun St.
1	州	Xizhou
2	1路	Xizhou 1st Rd.
2	2路	Xizhou 2nd Rd.
2	3路	Xizhou 3rd Rd.
2	仔	Xizhouzai
2	寮	Xizhouliao
2	村	Xizhou Vil.
2	路	Xizhou Rd.
2	里	Xizhou Vil.
1	底	Xidi
2	寮	Xidiliao
2	巷	Xidi Ln.
2	村	Xidi Vil.
2	路	Xidi Rd.
2	部仔	Xidibuzai
1	心	Xixin
2	1街	Xixin 1st St.
3	路	Xixin 1st Rd.
2	2街	Xixin 2nd St.
2	3街	Xixin 3rd St.
2	寮	Xixinliao
2	街	Xixin St.
2	路	Xixin Rd.
2	里	Xixin Vil.
1	斗路	Xidou Rd.
1	明村	Ximing Vil.
1	村	Xi Vil.
1	東	Xidong
2	1街	Xidong 1st St.
2	2街	Xidong 2nd St.
2	3街	Xidong 3rd St.
2	村	Xidong Vil.
2	路	Xidong Rd.
2	里	Xidong Vil.
1	林路	Xilin Rd.
1	民路	Ximin Rd.
1	洲	Xizhou
2	2街	Xizhou 2nd St.
2	3街	Xizhou 3rd St.
2	仔	Xizhouzai
2	村	Xizhou Vil.
2	街	Xizhou St.
2	西路	Xizhou W. Rd.
2	路	Xizhou Rd.
2	農場	Xizhou Farm
2	里	Xizhou Vil.
1	海村	Xihai Vil.
2	路	Xihai Rd.
2	里劉厝	Liucuo, Xihai Vil.
1	清路	Xiqing Rd.
1	湖	Xihu
2	村	Xihu Vil.
2	里	Xihu Vil.
1	濱1街	Xibin 1st St.
2	路	Xibin Rd.
3	1段	Sec. 1, Xibin Rd.
3	2段	Sec. 2, Xibin Rd.
3	3段	Sec. 3, Xibin Rd.
1	灘	Xitan
1	田里	Xitian Vil.
1	畔巷	Xipan Ln.
2	村	Xipan Vil.
1	福路	Xifu Rd.
2	里	Xifu Vil.
1	美	Ximei
2	里	Ximei Vil.
1	興街	Xixing St.
1	西村	Xixi Vil.
2	路	Xixi Rd.
1	角仔	Xijiaozai
1	邊	Xibian
2	寮	Xibianliao
2	巷	Xibian Ln.
2	路	Xibian Rd.
2	里	Xibian Vil.
1	里	Xi Vil.
1	門巷	Ximen Ln.
1	陽路	Xiyang Rd.
1	頂	Xiding
2	村	Xiding Vil.
2	路	Xiding Rd.
2	里	Xiding Vil.
1	頭	Xitou
2	村	Xitou Vil.
2	街	Xitou St.
2	路	Xitou Rd.
2	里	Xitou Vil.
1	龍巷	Xilong Ln.
0	溫厝	Wencuo
1	和里	Wenhe Vil.
1	州1街	Wenzhou 1st St.
3	路	Wenzhou 1st Rd.
2	2街	Wenzhou 2nd St.
2	街	Wenzhou St.
1	水巷	Wenshui Ln.
2	溪	Wenshuixi
1	江街	Wenjiang St.
1	泉	Wenquan
2	1街	Wenquan 1st St.
2	巷	Wenquan Ln.
2	村	Wenquan Vil.
3	民生	Minsheng, Wenquan Vil.
2	街	Wenquan St.
2	路	Wenquan Rd.
3	1段	Sec. 1, Wenquan Rd.
3	2段	Sec. 2, Wenquan Rd.
3	3段	Sec. 3, Wenquan Rd.
3	天主巷	Tianzhu Ln., Wenquan Rd.
3	小溪巷	Xiaoxi Ln., Wenquan Rd.
3	湯元巷	Tangyuan Ln., Wenquan Rd.
3	玉泉巷	Yuquan Ln., Wenquan Rd.
3	銀光巷	Yinguang Ln., Wenquan Rd.
2	里	Wenquan Vil.
1	陵里	Wenling Vil.
1	龍巷	Wenlong Ln.
0	滇池街	Dianchi St.
0	滴水子路	Dishuizi Rd.
0	滾水路	Gunshui Rd.
0	滿州村	Manzhou Vil.
1	平2街	Manping 2nd St.
2	街	Manping St.
1	翠里	Mancui Vil.
1	花里	Manhua Vil.
0	漁人	Yuren
1	光村	Yuguang Vil.
2	路	Yuguang Rd.
2	里	Yuguang Vil.
1	南街	Yunan St.
1	吉路	Yuji Rd.
1	場	Yuchang
2	街	Yuchang St.
1	墘路	Yuqian Rd.
1	富路	Yufu Rd.
1	寮街	Yuliao St.
1	工新村	Yugong New Vil.
1	市場	Fish Market
1	村	Yu Vil.
2	街	Yucun St.
1	港	Fish Port
2	1街	Yugang 1st St.
3	路	Yugang 1st Rd.
2	2街	Yugang 2nd St.
3	路	Yugang 2nd Rd.
2	3街	Yugang 3rd St.
3	路	Yugang 3rd Rd.
2	5路	Yugang 5th Rd.
2	6路	Yugang 6th Rd.
2	7路	Yugang 7th Rd.
2	中1路	Yugang Central 1st Rd.
3	2路	Yugang Central 2nd Rd.
2	北1路	Yugang N. 1st Rd.
3	2路	Yugang N. 2nd Rd.
3	3路	Yugang N. 3rd Rd.
2	南1路	Yugang S. 1st Rd.
3	2路	Yugang S. 2nd Rd.
3	3路	Yugang S. 3rd Rd.
2	東1路	Yugang E. 1st Rd.
3	2路	Yugang E. 2nd Rd.
3	3路	Yugang E. 3rd Rd.
2	街	Yugang St.
2	路	Yugang Rd.
1	澳	Yu'ao
1	祥路	Yuxiang Rd.
1	福村	Yufu Vil.
1	隆路	Yulong Rd.
0	漏嗂巷	Louyao Ln.
1	窯巷	Louyau Ln.
0	演戲埔腳	Yanxipujiao
1	藝路	Yanyi Rd.
0	漢中街	Hanzhong St.
2	路	Hanzhong Rd.
1	光	Hanguang
2	1街	Hanguang 1st St.
2	2街	Hanguang 2nd St.
2	巷	Hanguang Ln.
2	里	Hanguang Vil.
1	口南1街	Hankou S. 1st St.
3	2街	Hankou S. 2nd St.
2	街	Hankou St.
3	1段	Sec. 1, Hankou St.
3	2段	Sec. 2, Hankou St.
2	路	Hankou Rd.
3	1段	Sec. 1, Hankou Rd.
3	2段	Sec. 2, Hankou Rd.
3	3段	Sec. 3, Hankou Rd.
3	4段	Sec. 4, Hankou Rd.
3	5段	Sec. 5, Hankou Rd.
1	威街	Hanwei St.
1	寶1路	Hanbao 1st Rd.
2	2路	Hanbao 2nd Rd.
2	3路	Hanbao 3rd Rd.
2	村	Hanbau Vil.
1	崙路	Hanlun Rd.
1	志街	Hanzhi St.
1	慶街	Hanqing St.
1	成1街	Hancheng 1st St.
2	2街	Hancheng 2nd St.
2	3街	Hancheng 3rd St.
2	4街	Hancheng 4th St.
2	5街	Hancheng 5th St.
2	6街	Hancheng 6th St.
2	7街	Hancheng 7th St.
2	街	Hancheng St.
1	文街	Hanwen St.
1	昌街	Hanchang St.
1	民路	Hanmin Rd.
2	里	Hanmin Vil.
1	泰中路	Hantai Central Rd.
2	街	Hantai St.
1	溪路	Hanxi Rd.
1	生東路	Hansheng E. Rd.
2	西路	Hansheng W. Rd.
2	里	Hansheng Vil.
1	祖街	Hanzu St.
1	翔北街	Hanxiang N. St.
2	東路	Hanxiang E. Rd.
2	路	Hanxiang Rd.
1	興北路	Hanxing N. Rd.
2	路	Hanxing Rd.
1	陽1街	Hanyang 1st St.
2	2街	Hanyang 2nd St.
2	3街	Hanyang 3rd St.
2	4街	Hanyang 4th St.
2	北路	Hanyang N. Rd.
2	南路	Hanyang S. Rd.
2	街	Hanyang St.
2	西街	Hanyang W. St.
2	路	Hanyang Rd.
0	漯底村	Tadi Vil.
2	路	Tadi Rd.
0	漳和村	Zhanghe Vil.
2	里	Zhanghe Vil.
1	洲街	Zhangzhou St.
2	里	Zhangzhou Vil.
1	福路	Zhangfu Rd.
1	興巷	Zhangxing Ln.
2	里	Zhangxing Vil.
0	潔園	Jieyuan
0	潘厝巷	Pancuo Ln.
2	橫巷	Pancuo Side Ln.
0	潛園里	Qianyuan Vil.
0	潤泰街	Runtai St.
0	潭中巷	Tanzhong Ln.
1	內	Tannei
1	北巷	Tanbei Ln.
2	村	Tanbei Vil.
2	路	Tanbei Rd.
1	南巷	Tannan Ln.
2	村	Tannan Vil.
1	坪	Tanping
1	城路	Tancheng Rd.
1	墘	Tanqian
2	村	Tanqian Vil.
2	街	Tanqian St.
2	路	Tanqian Rd.
2	里	Tanqian Vil.
1	大村	Tanda Vil.
1	子內	Tanzinei
2	墘	Tanziqian
2	巷	Tanzi Ln.
2	街1段	Sec. 1, Tanzi St.
3	2段	Sec. 2, Tanzi St.
3	3段	Sec. 3, Tanzi St.
5	公廳巷	Gongting Ln., Sec. 3, Tanzi St.
5	潭秀巷	Tanxiu Ln., Sec. 3, Tanzi St.
1	安里	Tan'an Vil.
1	富1街	Tanfu 1st St.
2	2街	Tanfu 2nd St.
2	路1段	Sec. 1, Tanfu Rd.
3	2段	Sec. 2, Tanfu Rd.
5	萬豐巷	Wanfeng Ln., Sec. 2, Tanfu Rd.
3	3段	Sec. 3, Tanfu Rd.
1	工1路	Tangong 1st Rd.
1	平路	Tanping Rd.
1	底子	Tandizi
2	路	Tandi Rd.
3	塭仔	Wenzai, Tandi Rd.
2	里	Tandi Vil.
2	零售市場2樓	2 F, Tandi Retail Market
6	3樓	3 F, Tandi Retail Market
1	情路	Tanqing Rd.
1	村	Tan Vil.
1	東村	Tandong Vil.
2	街	Tandong St.
1	港村	Tangang Vil.
1	秀巷	Tanxiu Ln.
2	村	Tanxiu Vil.
1	美街	Tanmei St.
1	肚寮	Tanduliao
1	興街	Tanxing St.
2	路1段	Sec. 1, Tanxing Rd.
5	湳底巷	Nandi Ln., Sec. 1, Tanxing Rd.
3	2段	Sec. 2, Tanxing Rd.
3	3段	Sec. 3, Tanxing Rd.
1	西村	Tanxi Vil.
1	豐路2段	Sec. 2, Tanfeng Rd.
1	邊	Tanbian
2	村	Tanbian Vil.
1	陽村	Tanyang Vil.
2	路	Tanyang Rd.
1	頂	Tanding
2	村	Tanding Vil.
2	路	Tanding Rd.
1	頭村	Tantou Vil.
2	路	Tantou Rd.
0	潮仁路	Chaoren Rd.
1	信路	Chaoxin Rd.
1	勇路	Chaoyong Rd.
1	厝	Chaocuo
2	村	Chaucuo Vil.
2	路	Chaocuo Rd.
1	和路	Chaohe Rd.
1	安路	Chao'an Rd.
1	寮村	Chauliau Vil.
2	路	Chaoliao Rd.
2	里光華路	Guanghua Rd., Chaoliao Vil.
1	州湖	Chaozhouhu
2	街	Chaozhou St.
2	路	Chaozhou Rd.
2	里	Chauzhou Vil.
1	平路	Chaoping Rd.
1	德路	Chaode Rd.
1	忠路	Chaozhong Rd.
1	春街	Chaochun St.
1	林路	Chaolin Rd.
1	洋村	Chauyang Vil.
2	里	Chauyang Vil.
1	洲街	Chaozhou St.
1	發路	Chaofa Rd.
1	義路	Chaoyi Rd.
1	興路	Chaoxing Rd.
1	隆路	Chaolong Rd.
1	音1路	Chaoyin 1st Rd.
2	2路	Chaoyin 2nd Rd.
2	北路	Chaoyin N. Rd.
2	路1段	Sec. 1, Chaoyin Rd.
3	2段	Sec. 2, Chaoyin Rd.
1	順路	Chaoshun Rd.
1	龍路	Chaolong Rd.
0	潼關街	Tongguan St.
0	澄仁東街	Chengren E. St.
2	西街	Chengren W. St.
2	路	Chengren Rd.
1	信街	Chengxin St.
1	合1街	Chenghe 1st St.
2	2街	Chenghe 2nd St.
2	3街	Chenghe 3rd St.
2	4街	Chenghe 4th St.
2	5街	Chenghe 5th St.
2	6街	Chenghe 6th St.
2	街	Chenghe St.
1	和路	Chenghe Rd.
1	山	Chengshan
2	村	Chengshan Vil.
1	平街	Chengping St.
1	德路	Chengde Rd.
1	新11街	Chengxin 11th St.
3	街	Chengxin 1st St.
2	2街	Chengxin 2nd St.
2	3街	Chengxin 3rd St.
2	4街	Chengxin 4th St.
2	5街	Chengxin 5th St.
2	6街	Chengxin 6th St.
2	7街	Chengxin 7th St.
2	8街	Chengxin 8th St.
2	9街	Chengxin 9th St.
2	十街	Chengxin 10th St.
2	街	Chengxin St.
1	明街	Chengming St.
2	路	Chengming Rd.
1	清巷	Chengqing Ln.
2	路	Chengqing Rd.
1	湖路	Chenghu Rd.
1	照街	Chengzhao St.
1	觀路	Chengguan Rd.
3	1段	Sec. 1, Chengguan Rd.
3	2段	Sec. 2, Chengguan Rd.
0	澎城村	Pengcheng Vil.
1	水新村	Pengshui New Vil.
1	湖厝	Penghucuo
0	澢滴水路	Dangdishui Rd.
0	澤人路	Zeren Rd.
1	仁村	Zeren Vil.
1	藩路	Zefan Rd.
0	澳花村	Aohua Vil.
0	濁水巷	Zhuoshui Ln.
2	村	Zhuoshui Vil.
0	濃1街	Nong 1st St.
1	2街	Nong 2nd St.
1	3街	Nong 3rd St.
1	中街	Nongzhong St.
1	公路	Nonggong Rd.
0	濆水	Fenshui
0	濕地路	Shidi Rd.
0	濟世街	Jishi St.
1	公巷	Jigong Ln.
1	南街	Jinan St.
2	路1段	Sec. 1, Jinan Rd.
3	2段	Sec. 2, Jinan Rd.
3	3段	Sec. 3, Jinan Rd.
2	里	Jinan Vil.
1	同里	Jitong Vil.
1	安街	Ji'an St.
1	慈路	Jici Rd.
1	生街	Jisheng St.
2	路	Jisheng Rd.
0	濫坑	Lankeng
2	里	Lan Valley Vil.
1	田仔	Lantianzai
0	濱2路	Bin 2nd Rd.
1	北街	Binbei St.
1	南街	Binnan St.
2	路	Binnan Rd.
1	山街	Binshan St.
1	江街	Binjiang St.
1	河街	Binhe St.
1	海1路	Binhai 1st Rd.
2	2路	Binhai 2nd Rd.
2	村	Binhai Vil.
2	路	Binhai Rd.
3	1段	Sec. 1, Binhai Rd.
3	2段	Sec. 2, Binhai Rd.
3	3段	Sec. 3, Binhai Rd.
3	4段	Sec. 4, Binhai Rd.
3	5段	Sec. 5, Binhai Rd.
3	6段	Sec. 6, Binhai Rd.
3	7段	Sec. 7, Binhai Rd.
3	保生段	Baosheng Sec., Binhai Rd.
3	大潭段	Datan Sec., Binhai Rd.
3	廣興段	Guangxing Sec., Binhai Rd.
3	武威段	Sec. Wuwei, Binhai Rd.
3	永安段	Sec. Yong'an, Binhai Rd.
4	興段	Sec. Yongxing, Binhai Rd.
3	深圳段	Sec. Shenzun, Binhai Rd.
3	笨港段	Sec. Bengang, Binhai Rd.
2	里	Binhai Vil.
1	湖東路	Binhu E. Rd.
2	路	Binhu Rd.
0	瀋陽北路	Shenyang N. Rd.
2	街	Shenyang St.
2	路1段	Sec. 1, Shenyang Rd.
3	2段	Sec. 2, Shenyang Rd.
3	3段	Sec. 3, Shenyang Rd.
0	瀑布	Pubu
0	瀧下	Longxia
1	林巷	Longlin Ln.
1	淋巷	Longlin Ln.
1	觀巷	Longguan Ln.
0	瀨南街	Lainan St.
2	里	Lainan Vil.
0	瀰力村	Mili Vil.
2	路	Mili Rd.
1	濃里	Minong Vil.
0	灣丘	Wanqiu
2	村	Wanqiu Vil.
1	中街	Wanzhong St.
2	里	Wanzhong Vil.
1	仔巷	Wanzai Ln.
1	內	Wannei
2	1巷	Wannei 1st Ln.
2	2巷	Wannei 2nd Ln.
2	3巷	Wannei 3rd Ln.
2	4巷	Wannei 4th Ln.
2	巷	Wannei Ln.
2	村	Wannei Vil.
2	街	Wannei St.
2	路	Wannei Rd.
1	利里	Wanli Vil.
1	勝里	Wansheng Vil.
1	北村	Wanbei Vil.
1	南村	Wannan Vil.
1	子內	Wanzinei
2	埔	Wanzipu
2	巷	Wanzi Ln.
2	里	Wanzi Vil.
1	寶庄	Wanbaozhuang
2	里	Wanbau Vil.
3	海口	Haikou, Wanbao Vil.
1	復街	Wanfu St.
2	里	Wanfu Vil.
1	愛街	Wan'ai St.
2	里	Wan'ai Vil.
1	成里	Wancheng Vil.
1	東巷	Wandong Ln.
2	村	Wandong Vil.
2	路	Wandong Rd.
1	橋	Wanqiao
2	村	Wanqiao Vil.
1	潭	Wantan
2	村	Wantan Vil.
2	路	Wantan Rd.
1	瓦	Wanwa
1	福巷	Wanfu Ln.
2	路	Wanfu Rd.
1	興街	Wanxing St.
2	里	Wanxing Vil.
1	華里	Wanhua Vil.
1	裡路	Wanli Rd.
2	里	Wanli Vil.
1	西村	Wanxi Vil.
1	雅村	Wanya Vil.
1	頭北巷	Wantou N. Ln.
2	南巷	Wantou S. Ln.
0	火山	Huoshan
1	炭埔	Huotanpu
1	燒坪	Huoshaoping
2	寮	Huoshaoliao
2	山	Huoshao Mountain
2	樟	Huoshaozhang
2	珠	Huoshaozhu
0	灰嗂港	Huiyaogang
1	村	Hui Vil.
1	窯	Huiyao
1	里	Hui Vil.
0	炎峰街	Yanfeng St.
3	青年巷	Qingnian Ln., Yanfeng St.
3	館前巷	Guanqian Ln., Yanfeng St.
2	里	Yanfeng Vil.
0	炭寮巷	Tanliao Ln.
2	村	Tanliau Vil.
0	炮子崙	Paozilun
0	炯興路	Jiongxing Rd.
0	為公路	Weigong Rd.
3	三東巷	Sandong Ln., Weigong Rd.
1	民街	Weimin St.
1	隨東路	Weisui E. Rd.
2	西路	Weisui W. Rd.
2	路	Weisui Rd.
2	里	Weisui Vil.
0	烈新2路	Liexin 2nd Rd.
1	美街	Liemei St.
0	烏來村	Wulai Vil.
2	街	Wulai St.
1	勢巷	Wushi Ln.
1	土坪	Wutuping
2	巷	Wutu Ln.
1	塗	Wutu
2	村	Wutu Vil.
2	炭	Wututan
2	窟	Wutuku
3	路	Wutuku Rd.
1	山	Wushan
2	坑	Wushankeng
2	巷	Wushan Ln.
2	腳	Wushanjiao
2	頭	Wushantou
1	崁	Wukan
2	里	Wukan Vil.
1	撒霏荷路	Wusafeihe Rd.
1	日村	Wuri Vil.
1	月路	Wuyue Rd.
1	杙	Wuyi
1	林	Wulin
2	村	Wulin Vil.
1	樹村	Wushu Vil.
2	林	Wushulin
1	橋	Wuqiao
2	中路	Wuqiao Central Rd.
1	眉	Wumei
2	坑	Wumeikeng
3	村	Wumeikeng Vil.
2	路	Wumei Rd.
2	里	Wumei Vil.
1	石壁	Wushibi
2	巷	Wushi Ln.
2	港路	Wushigang Rd.
2	鼻	Wushibi
1	窟子	Wukuzi
1	竹北街	Wuzhu N. St.
2	林	Wuzhulin
2	街	Wuzhu St.
2	里	Wuzhu Vil.
1	華村	Wuhua Vil.
1	西崙	Wuxilun
1	麻園街	Wumayuan St.
2	村	Wuma Vil.
1	龍村	Wulong Vil.
0	烘內里	Hongnei Vil.
0	無底潭	Wuditan
0	焦吧哖東路	Tapani E. Rd.
3	西路	Tapani W. Rd.
0	煙墩巷	Yandun Ln.
1	草間	Yancaojian
0	煤源	Meiyuan
0	煥昌	Huanchang
2	里	Huanchang Vil.
0	煦輝巷	Xuhui Ln.
0	照南	Zhaonan
2	路	Zhaonan Rd.
2	里	Zhaonan Vil.
1	安1路	Zhao'an 1st Rd.
2	2路	Zhao'an 2nd Rd.
2	北路	Zhao'an N. Rd.
2	南路	Zhao'an S. Rd.
2	路	Zhao'an Rd.
1	平巷	Zhaoping Ln.
1	東仔	Zhaodongzai
1	林路1段	Sec. 1, Zhaolin Rd.
3	2段	Sec. 2, Zhaolin Rd.
3	3段	Sec. 3, Zhaolin Rd.
1	興村	Zhaoxing Vil.
1	西南路	Zhaoxi S. Rd.
2	路	Zhaoxi Rd.
1	鏡	Zhaojing
1	門里	Zhaomen Vil.
0	熱河1街	Rehe 1st St.
2	2街	Rehe 2nd St.
2	3街	Rehe 3rd St.
2	路1段	Sec. 1, Rehe Rd.
3	2段	Sec. 2, Rehe Rd.
3	3段	Sec. 3, Rehe Rd.
0	燄溫村	Yanwen Vil.
0	燈塔	Dengta
2	路	Dengta Rd.
1	會街	Denghui St.
0	燒水巷	Shaoshui Ln.
1	灰子	Shaohuizi
0	燕北街	Yanbei St.
1	南2街	Yannan 2nd St.
2	3街	Yannan 3rd St.
2	路	Yannan Rd.
1	平街	Yanping St.
1	新1街	Yanxin 1st St.
2	2街	Yanxin 2nd St.
2	3街	Yanxin 3rd St.
2	5街	Yanxin 5th St.
1	霧巷	Yanwu Ln.
0	營中路	Yingzhong Rd.
1	仔巷	Yingzai Ln.
1	前巷	Yingqian Ln.
2	村	Yingqian Vil.
2	街	Yingqian St.
1	北路	Yingbei Rd.
2	里	Yingbei Vil.
1	區路	Yingqu Rd.
1	南里	Yingnan Vil.
1	口路	Yingkou Rd.
1	埔1街	Yingpu 1st St.
2	2街	Yingpu 2nd St.
2	3街	Yingpu 3rd St.
2	巷	Yingpu Ln.
2	村	Yingpu Vil.
1	子巷	Yingzi Ln.
1	安路	Ying'an Rd.
1	後	Yinghou
2	街	Yinghou St.
1	德路	Yingde Rd.
1	東路	Yingdong Rd.
1	林巷	Yinglin Ln.
1	盤下	Yingpanxia
2	坑	Yingpankeng
2	埔	Yingpanpu
2	巷	Yingpan Ln.
2	村	Yingpan Vil.
2	路	Yingpan Rd.
2	邊	Yingpanbian
2	里	Yingpan Vil.
1	西村	Yingxi Vil.
1	邊路	Yingbian Rd.
2	里	Yingbian Vil.
1	頂	Yingding
2	里	Yingding Vil.
0	燥坑	Zaokeng
1	樹排	Zaoshupai
0	燦光寮	Canguangliao
0	爪里	Zhua Vil.
0	爺亨	Yeheng
0	爽文村	Shuangwen Vil.
2	路	Shuangwen Rd.
0	片埔路	Pianpu Rd.
0	牛厝村	Niucuo Vil.
1	埔	Niupu
2	仔	Niupuzai
2	北路	Niupu N. Rd.
2	南路	Niupu S. Rd.
2	子	Niupuzi
2	寮	Niupuliao
2	巷	Niupu Ln.
2	村	Niupu Vil.
2	東路	Niupu E. Rd.
2	街	Niupu St.
2	路	Niupu Rd.
2	里	Niupu Vil.
1	寮	Niuliao
2	坑	Niuliaokeng
2	埔	Niuliaopu
2	路	Niuliao Rd.
1	尾路	Niuwei Rd.
1	山	Niushan
1	巷	Niu Ln.
1	庄	Niuzhuang
2	里	Niuzhuang Vil.
1	挑灣	Niutiaowan
1	斗山	Niudoushan
1	欄河	Niulanhe
2	窩	Niulanwo
2	肚	Niulandu
1	眠1巷	Niumian 1st Ln.
2	2巷	Niumian 2nd Ln.
2	3巷	Niumian 3rd Ln.
2	4巷	Niumian 4th Ln.
2	5巷	Niumian 5th Ln.
2	路	Niumian Rd.
2	里	Niumian Vil.
1	稠坑	Niuchoukeng
2	埔	Niuchoupu
2	子	Niuchouzi
2	崙	Niuchoulun
2	底	Niuchoudi
2	村	Niuchou Vil.
2	溪	Niuchouxi
1	肉寮	Niurouliao
2	崎	Niurouqi
1	角坑路	Niujiaokeng Rd.
2	坡	Niujiaopo
3	路	Niujiaopo Rd.
2	村	Niujiau Vil.
1	頭	Niutou
1	鬥巷	Niudou Ln.
0	牡丹	Mudan
2	村	Mudan Vil.
2	路	Mudan Rd.
0	牧場	Pasture
2	巷	Muchang Ln.
2	後巷	Muchang Hou Ln.
2	路	Muchang Rd.
0	物流北路	Wuliu N. Rd.
0	牯嶺街	Guling St.
0	特富野	Tefuye
0	犁份	Lifen
2	路	Lifen Rd.
1	分里	Lifen Vil.
1	盛里	Lisheng Vil.
1	頭巷	Litou Ln.
2	洲	Litouzhou
2	窠	Litouke
0	狀元街	Zhuangyuan St.
2	路	Zhuangyuan Rd.
0	狗寮	Gouliao
1	頸崙	Goujinglun
0	猴廚底	Houchudi
1	探井街	Houtanjing St.
1	洞坑	Houdongkeng
2	腳	Houdongjiao
0	猿樹村	Yuanshu Vil.
0	獅1路	Shi 1st Rd.
1	2路	Shi 2nd Rd.
1	3路	Shi 3rd Rd.
1	4路	Shi 4th Rd.
1	5路	Shi 5th Rd.
1	埜村	Shiye Vil.
1	子	Shizi
2	1巷	Shizi 1st Ln.
2	3巷	Shizi 3rd Ln.
2	村	Shizi Vil.
2	路	Shizi Rd.
2	頭	Shizitou
1	尾巷	Shiwei Ln.
1	山	Shishan
2	巷	Shishan Ln.
2	村	Shishan Vil.
3	田美	Tianmei, Shishan Vil.
2	街	Shishan St.
2	里	Shishan Vil.
1	座巷	Shizuo Ln.
1	潭	Shitan
2	村	Shitan Vil.
1	球路	Shiqiu Rd.
2	里	Shiqiu Vil.
1	興街	Shixing St.
1	頭	Shitou
2	巷	Shitou Ln.
2	路	Shitou Rd.
3	顧問巷	Guwen Ln., Shitou Rd.
0	獨立山	Duli Mountain
1	鰲村	Du'ao Vil.
2	路1段	Sec. 1, Du'ao Rd.
3	2段	Sec. 2, Du'ao Rd.
0	獻肚	Xiandu
0	玄中路	Xuanzhong Rd.
1	佑街	Xuanyou St.
1	奘路	Xuanzhuang Rd.
1	威1路	Xuanwei 1st Rd.
2	2路	Xuanwei 2nd Rd.
2	路	Xuanwei Rd.
1	廟路	Xuanmiao Rd.
1	德街	Xuande St.
1	武路	Xuanwu Rd.
0	玉井	Yujing
2	村	Yujing Vil.
2	街	Yujing St.
1	光巷	Yuguang Ln.
2	村	Yuguang Vil.
3	中正路	Zhongzheng Rd., Yuguang Vil.
2	街	Yuguang St.
2	路	Yuguang Rd.
2	里	Yuguang Vil.
1	塘埤	Yutangpi
3	1路	Yutangpi 1st Rd.
3	2路	Yutangpi 2nd Rd.
3	3路	Yutangpi 3rd Rd.
1	安街	Yu'an St.
1	寶路	Yubao Rd.
1	尊路	Yuzun Rd.
1	屏巷	Yuping Ln.
2	路	Yuping Rd.
3	北新巷	Beixin Ln., Yuping Rd.
3	新厝巷	Xincuo Ln., Yuping Rd.
3	杏林巷	Xinglin Ln., Yuping Rd.
3	濟公巷	Jigong Ln., Yuping Rd.
3	長壽巷	Changshou Ln., Yuping Rd.
4	祿巷	Changlu Ln., Yuping Rd.
4	福巷	Changfu Ln., Yuping Rd.
4	青巷	Changqing Ln., Yuping Rd.
2	里	Yuping Vil.
1	山	Yushan
2	一村	Yushan 1st Vil.
2	二村	Yushan 2nd Vil.
2	北峰	Yushanbeifeng
2	巷	Yushan Ln.
2	村	Yushan Vil.
2	街	Yushan St.
2	路	Yushan Rd.
2	里	Yushan Vil.
1	峰	Yufeng
2	1路	Yufeng 1st Rd.
2	村	Yufeng Vil.
3	斯馬庫斯	Simakusi, Yufeng Vil.
2	街	Yufeng St.
2	路	Yufeng Rd.
2	里	Yufeng Vil.
1	崑12街	Yukun 12th St.
3	6街	Yukun 16th St.
3	街	Yukun 1st St.
2	2街	Yukun 2nd St.
2	3街	Yukun 3rd St.
2	5街	Yukun 5th St.
2	6街	Yukun 6th St.
2	7街	Yukun 7th St.
2	8街	Yukun 8th St.
2	十街	Yukun 10th St.
1	府巷	Yufu Ln.
1	庫	Yuku
2	村	Yuku Vil.
2	路	Yuku Rd.
1	康路	Yukang Rd.
1	成	Yucheng
2	村	Yucheng Vil.
2	街	Yucheng St.
2	路	Yucheng Rd.
2	里	Yucheng Vil.
1	新街	Yuxin St.
1	映巷	Yuying Ln.
2	里	Yuying Vil.
1	春街	Yuchun St.
1	村	Yu Vil.
1	東路	Yudong Rd.
1	林路1段	Sec. 1, Yulin Rd.
3	2段	Sec. 2, Yulin Rd.
1	桂嶺	Yuguiling
2	村	Yugui Vil.
1	民路1段	Sec. 1, Yumin Rd.
3	2段	Sec. 2, Yumin Rd.
1	水巷	Yushui Ln.
2	村	Yushui Vil.
2	橋	Yushui Bridge
2	路	Yushui Rd.
1	泉	Yuquan
2	巷	Yuquan Ln.
2	村	Yuquan Vil.
2	街	Yuquan St.
2	路	Yuquan Rd.
2	里	Yuquan Vil.
1	清1街	Yuqing 1st St.
2	2街	Yuqing 2nd St.
2	3街	Yuqing 3rd St.
2	街	Yuqing St.
3	坡塘巷	Potang Ln., Yuqing St.
3	稅舍	Shuishe, Yuqing St.
3	臺銀	Taiyin, Yuqing St.
3	靜安	Jing'an, Yuqing St.
2	路	Yuqing Rd.
2	里	Yuqing Vil.
1	港村	Yugang Vil.
1	爐路	Yulu Rd.
1	環路	Yuhuan Rd.
1	生路	Yusheng Rd.
1	田	Yutian
2	1路	Yutian 1st Rd.
2	2路	Yutian 2nd Rd.
2	村	Yutian Vil.
2	街	Yutian St.
2	路	Yutian Rd.
2	里	Yutian Vil.
1	皇街	Yuhuang St.
1	石村	Yushi Vil.
2	路	Yushi Rd.
3	玉屏巷	Yuping Ln., Yushi Rd.
1	磚路	Yuzhuan Rd.
1	章路	Yuzhang Rd.
1	竹1街	Yuzhu 1st St.
2	2街	Yuzhu 2nd St.
2	3街	Yuzhu 3rd St.
1	米1巷	Yumi 1st Ln.
2	2巷	Yumi 2nd Ln.
2	3巷	Yumi 3rd Ln.
1	維1街	Yuwei 1st St.
2	2街	Yuwei 2nd St.
2	3街	Yuwei 3rd St.
2	路	Yuwei Rd.
3	文德巷	Wende Ln., Yuwei Rd.
1	美街	Yumei St.
1	興	Yuxing
2	巷	Yuxing Ln.
2	東街	Yuxing E. St.
2	街	Yuxing St.
2	西街	Yuxing W. St.
1	苗里	Yumiau Vil.
1	華里	Yuhua Vil.
1	蘭	Yulan
2	巷	Yulan Ln.
1	衡里	Yuheng Vil.
1	谷	Yugu
2	村	Yugu Vil.
1	豐街	Yufeng St.
2	里	Yufeng Vil.
1	輝路	Yuhui Rd.
1	門	Yumen
2	街	Yumen St.
2	路	Yumen Rd.
1	露里	Yulou Vil.
1	順里	Yushun Vil.
1	龍路	Yulong Rd.
3	1段	Sec. 1, Yulong Rd.
3	2段	Sec. 2, Yulong Rd.
0	王公1路	Wanggong 1st Rd.
2	2路	Wanggong 2nd Rd.
2	園	Wanggongyuan
2	村	Wanggong Vil.
2	路	Wanggong Rd.
2	里	Wanggong Vil.
1	功村	Wanggong Vil.
3	仁愛巷	Ren'ai Ln., Wanggong Vil.
3	新復巷	Xinfu Ln., Wanggong Vil.
4	生巷	Xinsheng Ln., Wanggong Vil.
3	海埔	Haipu, Wanggong Vil.
1	厝	Wangcuo
2	一橫巷	Wangcuo 1st Side Ln.
2	寮	Wangcuoliao
2	巷	Wangcuo Ln.
2	路	Wangcuo Rd.
1	子2街	Wangzi 2nd St.
2	5街	Wangzi 5th St.
2	街	Wangzi St.
1	新路	Wangxin Rd.
1	爺坑	Wangyekeng
2	宮	Wangye Temple
2	巷	Wangye Ln.
2	村	Wangye Vil.
1	生明路	Wangshengming Rd.
4	市場巷	Shichang Ln., Wangshengming Rd.
1	田	Wangtian
2	村	Wangtian Vil.
2	里	Wangtian Vil.
1	甲路	Wangjia Rd.
1	福街	Wangfu St.
1	禪老祖路	Wangchanlaozu Rd.
1	行東路	Wangxing E. Rd.
2	路	Wangxing Rd.
2	里	Wangxing Vil.
1	軍寮	Wangjunliao
0	玖厝村	Jiucuo Vil.
1	橋里	Jiuqiao Vil.
0	玫瑰新村	Meigui New Vil.
2	路	Meigui Rd.
2	里	Meigui Vil.
0	珊湖里	Shanhu Vil.
1	瑚路	Shanhu Rd.
0	珍東巷	Zhendong Ln.
1	珠1路	Zhenzhu 1st Rd.
2	2路	Zhenzhu 2nd Rd.
2	3路	Zhenzhu 3rd Rd.
2	5路	Zhenzhu 5th Rd.
2	村	Zhenzhu Vil.
2	路	Zhenzhu Rd.
0	珠山	Zhushan
2	村	Zhushan Vil.
1	崙巷	Zhulun Ln.
1	格里	Zhuge Vil.
1	水路	Zhushui Rd.
3	古風巷	Gufeng Ln., Zhushui Rd.
1	江	Zhujiang
2	街	Zhujiang St.
1	沙里	Zhusha Vil.
1	浦北路	Zhupu N. Rd.
2	南路	Zhupu S. Rd.
2	東路	Zhupu E. Rd.
2	西路	Zhupu W. Rd.
1	海路	Zhuhai Rd.
1	生路	Zhusheng Rd.
1	螺村	Zhuluo Vil.
0	珩厝	Hengcuo
0	班芝花坑	Banzhihuakeng
1	超路	Banchao Rd.
1	鳩	Banjiu
0	現岱路	Xiandai Rd.
0	球場路	Qiuchang Rd.
3	文中1巷	Wenzhong 1st Ln., Qiuchang Rd.
5	2巷	Wenzhong 2nd Ln., Qiuchang Rd.
4	化巷	Wenhua Ln., Qiuchang Rd.
5	橫巷	Wenhua Side Ln., Qiuchang Rd.
4	康巷	Wenkang Ln., Qiuchang Rd.
4	心巷	Wenxin Ln., Qiuchang Rd.
2	里	Qiuchang Vil.
1	崙1路	Qiulun 1st Rd.
2	2路	Qiulun 2nd Rd.
2	街	Qiulun St.
1	庭巷	Qiuting Ln.
2	路	Qiuting Rd.
0	琅環1街	Langhuan 1st St.
2	2街	Langhuan 2nd St.
2	3街	Langhuan 3rd St.
0	理安街	Li'an St.
1	想路	Lixiang Rd.
2	里	Lixiang Vil.
0	琉園1街	Liuyuan 1st St.
2	2街	Liuyuan 2nd St.
1	球村	Liuqiu Vil.
2	路	Liuqiu Rd.
0	琯溪街	Guanxi St.
0	瑚璉村	Hulian Vil.
2	路	Hulian Rd.
0	瑞中街	Ruizhong St.
1	井村	Ruijing Vil.
2	路	Ruijing Rd.
1	仁路	Ruiren Rd.
1	信街	Ruixin St.
1	光1巷	Ruiguang 1st Ln.
2	2巷	Ruiguang 2nd Ln.
2	南路	Ruiguang S. Rd.
2	街	Ruiguang St.
2	路	Ruiguang Rd.
3	1段	Sec. 1, Ruiguang Rd.
3	2段	Sec. 2, Ruiguang Rd.
3	3段	Sec. 3, Ruiguang Rd.
2	里	Ruiguang Vil.
1	北	Ruibei
2	村	Ruibei Vil.
2	路	Ruibei Rd.
2	車站路	Ruibeichezhan Rd.
2	里	Ruibei Vil.
1	南巷	Ruinan Ln.
2	街	Ruinan St.
2	里	Ruinan Vil.
1	原里	Ruiyuan Vil.
1	吉街	Ruiji St.
2	里	Ruiji Vil.
1	和	Ruihe
2	村	Ruihe Vil.
2	街	Ruihe St.
2	路	Ruihe Rd.
2	里	Ruihe Vil.
1	國街	Ruiguo St.
1	坪路	Ruiping Rd.
2	里	Ruiping Vil.
1	城1街	Ruicheng 1st St.
2	2街	Ruicheng 2nd St.
2	村	Ruicheng Vil.
2	里	Ruicheng Vil.
1	塘里	Ruitang Vil.
1	士街	Ruishi St.
1	大街	Ruida St.
1	孝街	Ruixiao St.
1	安3街	Rui'an 3rd St.
2	街	Rui'an St.
2	路	Rui'an Rd.
3	1段	Sec. 1, Rui'an Rd.
3	2段	Sec. 2, Rui'an Rd.
1	屏街	Ruiping St.
2	路	Ruiping Rd.
2	里	Ruiping Vil.
1	山巷	Ruishan Ln.
2	村	Ruishan Vil.
2	街	Ruishan St.
1	峰	Ruifeng
2	里	Ruifeng Vil.
1	崗1街	Ruigang 1st St.
2	2街	Ruigang 2nd St.
2	3街	Ruigang 3rd St.
2	里	Ruigang Vil.
1	平村	Ruiping Vil.
2	街	Ruiping St.
2	路	Ruiping Rd.
2	里	Ruiping Vil.
1	強路	Ruiqiang Rd.
1	德街	Ruide St.
2	路	Ruide Rd.
2	里	Ruide Vil.
1	忠街	Ruizhong St.
1	恩街	Rui'en St.
1	愛街	Rui'ai St.
1	慶路	Ruiqing Rd.
1	政街	Ruizheng St.
1	文街	Ruiwen St.
2	里	Ruiwen Vil.
1	日街	Ruiri St.
1	昌街	Ruichang St.
2	里	Ruichang Vil.
1	明街	Ruiming St.
1	星街	Ruixing St.
1	春新城	Ruichun Xincheng
2	街	Ruichun St.
1	景路1段	Sec. 1, Ruijing Rd.
3	2段	Sec. 2, Ruijing Rd.
3	3段	Sec. 3, Ruijing Rd.
3	4段	Sec. 4, Ruijing Rd.
1	智街	Ruizhi St.
1	村	Rui Vil.
1	東1街	Ruidong 1st St.
2	2街	Ruidong 2nd St.
2	巷	Ruidong Ln.
2	街	Ruidong St.
2	里	Ruidong Vil.
1	松街	Ruisong St.
1	梅街	Ruimei St.
1	樹坑	Ruishukeng
1	民路	Ruimin Rd.
1	泉	Ruiquan
1	泰街	Ruitai St.
2	里	Ruitai Vil.
1	湖街	Ruihu St.
1	源1街	Ruiyuan 1st St.
2	2街	Ruiyuan 2nd St.
2	3街	Ruiyuan 3rd St.
2	村	Ruiyuan Vil.
2	街	Ruiyuan St.
2	路	Ruiyuan Rd.
2	里	Ruiyuan Vil.
1	溪路1段	Sec. 1, Ruixi Rd.
3	2段	Sec. 2, Ruixi Rd.
1	濱路	Ruibin Rd.
3	阿美家園	Ameijiayuan, Ruibin Rd.
2	里	Ruibin Vil.
1	田巷	Ruitian Ln.
2	村	Ruitian Vil.
2	街	Ruitian St.
1	發街	Ruifa St.
2	里	Ruifa Vil.
1	益路	Ruiyi Rd.
1	祥	Ruixiang
2	1街	Ruixiang 1st St.
2	2街	Ruixiang 2nd St.
2	3街	Ruixiang 3rd St.
2	5街	Ruixiang 5th St.
2	村	Ruixiang Vil.
2	街	Ruixiang St.
2	路	Ruixiang Rd.
2	里	Ruixiang Vil.
1	福東路	Ruifu E. Rd.
2	街	Ruifu St.
2	路	Ruifu Rd.
1	穗村	Ruisui Vil.
2	路	Ruisui Rd.
2	里	Ruisui Vil.
1	竹巷	Ruizhu Ln.
2	街	Ruizhu St.
2	路	Ruizhu Rd.
2	里	Ruizhu Vil.
1	美村	Ruimei Vil.
2	路	Ruimei Rd.
1	義街	Ruiyi St.
1	聖街	Ruisheng St.
1	興	Ruixing
2	北街	Ruixing N. St.
2	國宅	Ruixing Civil House
2	村	Ruixing Vil.
2	街	Ruixing St.
2	路	Ruixing Rd.
2	里	Ruixing Vil.
1	良村	Ruiliang Vil.
1	芳街	Ruifang St.
1	華中街	Ruihua Central St.
2	街	Ruihua St.
2	路	Ruihua Rd.
2	里	Ruihua Vil.
1	蓮路	Ruilian Rd.
1	西巷	Ruixi Ln.
2	村	Ruixi Vil.
2	街	Ruixi St.
2	里	Ruixi Vil.
1	誠街	Ruicheng St.
2	里	Ruicheng Vil.
1	豊	Ruili
2	村	Ruili Vil.
1	豐市場1巷	Ruifeng Shichang 1st Ln.
2	村	Ruifeng Vil.
2	街	Ruifeng St.
2	路	Ruifeng Rd.
2	里	Ruifeng Vil.
1	賢街	Ruixian St.
1	農	Ruinong
1	進路	Ruijin Rd.
1	達街	Ruida St.
2	路1段	Sec. 1, Ruida Rd.
3	2段	Sec. 2, Ruida Rd.
1	里村	Ruili Vil.
1	陽街	Ruiyang St.
2	里	Ruiyang Vil.
1	隆村	Ruilong Vil.
2	東路	Ruilong E. Rd.
2	街	Ruilong St.
2	路	Ruilong Rd.
2	里	Ruilong Vil.
1	雄街	Ruixiong St.
1	雪巷	Ruixue Ln.
1	雲街	Ruiyun St.
1	順街	Ruishun St.
1	鳳街	Ruifeng St.
1	麟路	Ruilin Rd.
0	瑤林街	Yaolin St.
1	鳳路1段	Sec. 1, Yaofeng Rd.
3	2段	Sec. 2, Yaofeng Rd.
3	3段	Sec. 3, Yaofeng Rd.
3	4段	Sec. 4, Yaofeng Rd.
0	瑪僯路	Malin Rd.
1	南里	Manan Vil.
1	卡札亞街	Makazhaya St.
1	家	Majia
2	村	Majia Vil.
1	東里	Madong Vil.
1	蓋旦街	Magaidan St.
1	西里	Maxi Vil.
1	豹克路	Mabaoke Rd.
1	鋉下街	Masuxia St.
2	路	Masu Rd.
2	頂街	Masuding St.
0	環中東路	Huanzhong E. Rd.
4	1段	Sec. 1, Huanzhong E. Rd.
4	2段	Sec. 2, Huanzhong E. Rd.
4	3段	Sec. 3, Huanzhong E. Rd.
4	4段	Sec. 4, Huanzhong E. Rd.
4	5段	Sec. 5, Huanzhong E. Rd.
4	6段	Sec. 6, Huanzhong E. Rd.
4	7段	Sec. 7, Huanzhong E. Rd.
2	街	Huanzhong St.
2	路	Huanzhong Rd.
3	1段	Sec. 1, Huanzhong Rd.
3	2段	Sec. 2, Huanzhong Rd.
3	3段	Sec. 3, Huanzhong Rd.
3	4段	Sec. 4, Huanzhong Rd.
3	5段	Sec. 5, Huanzhong Rd.
3	6段	Sec. 6, Huanzhong Rd.
3	7段	Sec. 7, Huanzhong Rd.
3	8段	Sec. 8, Huanzhong Rd.
3	9段	Sec. 9, Huanzhong Rd.
1	保路	Huanbao Rd.
1	北街	Huanbei St.
2	路	Huanbei Rd.
3	1段	Sec. 1, Huanbei Rd.
3	2段	Sec. 2, Huanbei Rd.
3	3段	Sec. 3, Huanbei Rd.
3	5段	Sec. 5, Huanbei Rd.
1	區1路	Huanqu 1st Rd.
2	2路	Huanqu 2nd Rd.
2	3路	Huanqu 3rd Rd.
2	4路	Huanqu 4th Rd.
2	中路	Huanqu Central Rd.
2	北路	Huanqu N. Rd.
2	南路	Huanqu S. Rd.
2	東路	Huanqu E. Rd.
2	西路	Huanqu W. Rd.
1	南街	Huannan St.
2	路	Huannan Rd.
3	2段	Sec. 2, Huannan Rd.
3	3段	Sec. 3, Huannan Rd.
1	園東路1段	Sec. 1, Huanyuan E. Rd.
4	2段	Sec. 2, Huanyuan E. Rd.
2	西街	Huanyuan W. St.
3	路1段	Sec. 1, Huanyuan W. Rd.
4	2段	Sec. 2, Huanyuan W. Rd.
1	城北路	Huancheng N. Rd.
2	南路	Huancheng S. Rd.
2	東路	Huancheng E. Rd.
2	西路	Huancheng W. Rd.
1	堤大道	Huanti Blvd.
2	路	Huandi Rd.
3	1段	Sec. 1, Huanti Rd.
3	2段	Sec. 2, Huanti Rd.
1	太東路	Huantai E. Rd.
1	山1巷	Huanshan 1st Ln.
2	2巷	Huanshan 2nd Ln.
2	3巷	Huanshan 3rd Ln.
2	街	Huanshan St.
2	路	Huanshan Rd.
3	1段	Sec. 1, Huanshan Rd.
3	2段	Sec. 2, Huanshan Rd.
3	3段	Sec. 3, Huanshan Rd.
1	島北路	Huandao N. Rd.
4	1段	Sec. 1, Huandao N. Rd.
4	2段	Sec. 2, Huandao N. Rd.
6	東堡溝巷	Dongbaogou Ln., Sec. 2, Huandao N. Rd.
4	3段	Sec. 3, Huandao N. Rd.
4	4段	Sec. 4, Huandao N. Rd.
2	南路	Huandao S. Rd.
4	1段	Sec. 1, Huandao S. Rd.
4	2段	Sec. 2, Huandao S. Rd.
4	3段	Sec. 3, Huandao S. Rd.
4	4段	Sec. 4, Huandao S. Rd.
4	5段	Sec. 5, Huandao S. Rd.
4	塔后段	Sec. Tahou, Huandao S. Rd.
4	湖前段	Sec. Huqian, Huandao S. Rd.
2	東路1段	Sec. 1, Huandao E. Rd.
4	2段	Sec. 2, Huandao E. Rd.
4	3段	Sec. 3, Huandao E. Rd.
4	4段	Sec. 4, Huandao E. Rd.
4	5段	Sec. 5, Huandao E. Rd.
2	西路1段	Sec. 1, Huandao W. Rd.
4	2段	Sec. 2, Huandao W. Rd.
1	工12路	Huangong 12th Rd.
3	6路	Huangong 16th Rd.
3	路	Huangong 1st Rd.
2	2路	Huangong 2nd Rd.
2	3路	Huangong 3rd Rd.
2	5路	Huangong 5th Rd.
2	6路	Huangong 6th Rd.
2	7路	Huangong 7th Rd.
2	8路	Huangong 8th Rd.
2	9路	Huangong 9th Rd.
2	十路	Huangong 10th Rd.
2	路	Huangong Rd.
1	市南路	Huanshi S. Rd.
2	東路1段	Sec. 1, Huanshi E. Rd.
4	2段	Sec. 2, Huanshi E. Rd.
4	3段	Sec. 3, Huanshi E. Rd.
2	路1段	Sec. 1, Huanshi Rd.
3	2段	Sec. 2, Huanshi Rd.
3	3段	Sec. 3, Huanshi Rd.
1	東街	Huandong St.
2	路	Huandong Rd.
3	1段	Sec. 1, Huandong Rd.
3	2段	Sec. 2, Huandong Rd.
1	河北路	Huanhe N. Rd.
4	1段	Sec. 1, Huanhe N. Rd.
4	2段	Sec. 2, Huanhe N. Rd.
4	3段	Sec. 3, Huanhe N. Rd.
2	南路	Huanhe S. Rd.
4	1段	Sec. 1, Huanhe S. Rd.
4	2段	Sec. 2, Huanhe S. Rd.
4	3段	Sec. 3, Huanhe S. Rd.
4	特	Te, Huanhe S. Rd.
2	東街	Huanhe E. St.
3	路	Huanhe E. Rd.
4	1段	Sec. 1, Huanhe E. Rd.
4	2段	Sec. 2, Huanhe E. Rd.
4	3段	Sec. 3, Huanhe E. Rd.
4	4段	Sec. 4, Huanhe E. Rd.
2	街	Huanhe St.
2	西路	Huanhe W. Rd.
4	1段	Sec. 1, Huanhe W. Rd.
4	2段	Sec. 2, Huanhe W. Rd.
4	3段	Sec. 3, Huanhe W. Rd.
4	4段	Sec. 4, Huanhe W. Rd.
4	5段	Sec. 5, Huanhe W. Rd.
2	路	Huanhe Rd.
3	1段	Sec. 1, Huanhe Rd.
3	2段	Sec. 2, Huanhe Rd.
3	3段	Sec. 3, Huanhe Rd.
3	4段	Sec. 4, Huanhe Rd.
3	5段	Sec. 5, Huanhe Rd.
2	里	Huanhe Vil.
1	清路	Huanqing Rd.
1	港街	Huangang St.
2	路	Huangang Rd.
1	湖	Huanhu
2	1街	Huanhu 1st St.
3	路	Huanhu 1st Rd.
2	2街	Huanhu 2nd St.
3	路	Huanhu 2nd Rd.
2	3街	Huanhu 3rd St.
2	村	Huanhu Vil.
2	東路	Huanhu E. Rd.
2	西路	Huanhu W. Rd.
2	路	Huanhu Rd.
3	1段	Sec. 1, Huanhu Rd.
3	2段	Sec. 2, Huanhu Rd.
1	溪1街	Huanxi 1st St.
2	2街	Huanxi 2nd St.
2	3街	Huanxi 3rd St.
2	4街	Huanxi 4th St.
1	漢路1段	Sec. 1, Huanhan Rd.
3	2段	Sec. 2, Huanhan Rd.
3	3段	Sec. 3, Huanhan Rd.
3	4段	Sec. 4, Huanhan Rd.
3	5段	Sec. 5, Huanhan Rd.
1	潭北路	Huantan N. Rd.
2	南路	Huantan S. Rd.
2	路	Huantan Rd.
1	澤街	Huanze St.
1	營南路1段	Sec. 1, Huanying S. Rd.
4	2段	Sec. 2, Huanying S. Rd.
1	球北路	Huanqiu N. Rd.
2	路	Huanqiu Rd.
1	福街	Huanfu St.
1	科1路	Huanke 1st Rd.
2	路	Huanke Rd.
1	美11街	Huanmei 11th St.
3	街	Huanmei 1st St.
2	2街	Huanmei 2nd St.
2	3街	Huanmei 3rd St.
2	5街	Huanmei 5th St.
2	6街	Huanmei 6th St.
2	7街	Huanmei 7th St.
2	8街	Huanmei 8th St.
2	9街	Huanmei 9th St.
2	路	Huanmei Rd.
1	翠里	Huancui Vil.
1	興街	Huanxing St.
1	西街	Huanxi St.
2	路	Huanxi Rd.
3	1段	Sec. 1, Huanxi Rd.
3	2段	Sec. 2, Huanxi Rd.
1	金路	Huanjin Rd.
1	鎮東路1段	Sec. 1, Huanzhen E. Rd.
4	2段	Sec. 2, Huanzhen E. Rd.
2	路	Huanzhen Rd.
1	館3路	Huanguan 3rd Rd.
2	5路	Huanguan 5th Rd.
2	北路	Huanguan N. Rd.
2	路	Huanguan Rd.
1	龍2巷	Huanlong 2nd Ln.
2	4巷	Huanlong 4th Ln.
2	5巷	Huanlong 5th Ln.
2	路	Huanlong Rd.
0	瓊埔路	Qiongpu Rd.
1	安路	Qiong'an Rd.
1	徑路	Qiongjing Rd.
1	招路	Qiongzhao Rd.
1	文巷	Qiongwen Ln.
1	林	Qionglin
2	北路	Qionglin N. Rd.
2	南路	Qionglin S. Rd.
2	村	Qionglin Vil.
2	街	Qionglin St.
2	路	Qionglin Rd.
3	瓊英巷	Qiongying Ln., Qionglin Rd.
2	里	Qionglin Vil.
1	沙村	Qiongsha Vil.
1	泰路	Qiongtai Rd.
1	義路	Qiongyi Rd.
1	興路	Qiongxing Rd.
1	英巷	Qiongying Ln.
0	瓜寮坑	Gualiaokeng
1	山里	Guashan Vil.
0	瓦中1街	Wazhong 1st St.
2	村	Wazhong Vil.
2	街	Wazhong St.
1	北村	Wabei Vil.
1	南1街	Wanan 1st St.
2	村	Wanan Vil.
2	街	Wanan St.
1	厝	Wacuo
2	埔	Wacuopu
2	子	Wacuozi
2	巷	Wacuo Ln.
2	村	Wacuo Vil.
3	太平路	Taiping Rd., Wacuo Vil.
2	街	Wacuo St.
2	路	Wacuo Rd.
1	嗂	Wayao
2	1路	Wayao 1st Rd.
2	2路	Wayao 2nd Rd.
2	3路	Wayao 3rd Rd.
2	5路	Wayao 5th Rd.
2	6路	Wayao 6th Rd.
2	厝街	Wayaocuo St.
2	坑	Wayaokeng
2	子	Wayaozi
2	街	Wayao St.
2	路	Wayao Rd.
1	寮	Waliao
1	村	Wa Vil.
1	硐	Watong
2	村	Watong Vil.
1	窯下	Wayaoxia
2	巷	Wayao Ln.
2	村	Wayao Vil.
1	里	Wa Vil.
1	阿係路	Wa'axi Rd.
0	甘厝	Gancuo
2	村	Gancuo Vil.
1	塘路	Gantang Rd.
1	宅	Ganzhai
2	里	Ganzhai Vil.
1	州1街	Ganzhou 1st St.
2	2街	Ganzhou 2nd St.
2	4街	Ganzhou 4th St.
2	5街	Ganzhou 5th St.
2	6街	Ganzhou 6th St.
2	街	Ganzhou St.
1	棠村	Gantang Vil.
2	路	Gantang Rd.
1	水路1段	Sec. 1, Ganshui Rd.
3	2段	Sec. 2, Ganshui Rd.
1	河路	Ganhe Rd.
1	泉街	Ganquan St.
1	肅1街	Gansu 1st St.
2	2街	Gansu 2nd St.
2	3街	Gansu 3rd St.
2	路1段	Sec. 1, Gansu Rd.
3	2段	Sec. 2, Gansu Rd.
1	蔗崙	Ganzhelun
2	村	Ganzhe Vil.
1	西	Ganxi
2	村	Ganxi Vil.
1	谷街	Gangu St.
0	生存巷	Shengcun Ln.
1	態1街	Shengtai 1st St.
2	2街	Shengtai 2nd St.
2	街	Shengtai St.
1	旺巷	Shengwang Ln.
1	明街	Shengming St.
2	里	Shengming Vil.
1	毛樹	Shengmaoshu
1	活田園	Shenghuotianyuan
1	產街	Shengchan St.
2	路	Shengchan Rd.
1	醫1路	Shengyi 1st Rd.
2	2路	Shengyi 2nd Rd.
2	3路	Shengyi 3rd Rd.
2	5路	Shengyi 5th Rd.
2	6路	Shengyi 6th Rd.
2	路1段	Sec. 1, Shengyi Rd.
3	2段	Sec. 2, Shengyi Rd.
0	甡甡路	Shenshen Rd.
0	產學3路	Chanxue 3rd Rd.
2	4路	Chanxue 4th Rd.
2	5路	Chanxue 5th Rd.
1	業路	Chanye Rd.
3	建設巷	Jianshe Ln., Chanye Rd.
3	技術巷	Jishu Ln., Chanye Rd.
3	東1巷	E. 1st Ln., Chanye Rd.
4	2巷	E. 2nd Ln., Chanye Rd.
3	溪邊巷	Xibian Ln., Chanye Rd.
3	西1巷	W. 1st Ln., Chanye Rd.
4	2巷	W. 2nd Ln., Chanye Rd.
0	田中	Tianzhong
2	一橫巷	Tianzhong 1st Side Ln.
2	三橫巷	Tianzhong 3rd Side Ln.
2	二橫巷	Tianzhong 2nd Side Ln.
2	四橫巷	Tianzhong 4th Side Ln.
2	央	Tianzhongyang
3	巷	Tianzhongyang Ln.
3	路	Tianzhongyang Rd.
4	1段	Sec. 1, Tianzhongyang Rd.
4	2段	Sec. 2, Tianzhongyang Rd.
2	巷	Tianzhong Ln.
2	村	Tianzhong Vil.
2	秧	Tianzhongyang
2	街	Tianzhong St.
2	路	Tianzhong Rd.
2	里	Tianzhong Vil.
1	仁路	Tianren Rd.
1	仔1巷	Tianzai 1st Ln.
2	2巷	Tianzai 2nd Ln.
2	內巷	Tianzainei Ln.
2	坑	Tianzaikeng
2	巷	Tianzai Ln.
2	村	Tianzai Vil.
2	腳	Tianzaijiao
2	里	Tianzai Vil.
1	內	Tiannei
1	北路	Tianbei Rd.
1	南1路	Tiannan 1st Rd.
2	巷	Tiannan Ln.
2	路	Tiannan Rd.
1	厝	Tiancuo
2	1街	Tiancuo 1st St.
3	路	Tiancuo 1st Rd.
2	2街	Tiancuo 2nd St.
3	路	Tiancuo 2nd Rd.
2	3街	Tiancuo 3rd St.
2	巷	Tiancuo Ln.
2	村	Tiancuo Vil.
2	街	Tiancuo St.
2	路	Tiancuo Rd.
1	單1街	Tiandan 1st St.
2	2街	Tiandan 2nd St.
2	3街	Tiandan 3rd St.
2	4街	Tiandan 4th St.
2	5街	Tiandan 5th St.
2	6街	Tiandan 6th St.
2	7街	Tiandan 7th St.
2	北街	Tiandan N. St.
2	街	Tiandan St.
2	路	Tiandan Rd.
2	里	Tiandan Vil.
1	坑路1段	Sec. 1, Tiankeng Rd.
3	2段	Sec. 2, Tiankeng Rd.
1	埔	Tianpu
2	巷	Tianpu Ln.
1	墘	Tianqian
2	巷	Tianqian Ln.
1	墩	Tiandun
1	大路	Tianda Rd.
1	子	Tianzi
2	墘	Tianziqian
2	村	Tianzi Vil.
3	共榮巷	Gongrong Ln., Tianzi Vil.
2	林	Tianzilin
2	里	Tianzi Vil.
1	安里	Tian'an Vil.
1	寮	Tianliao
2	1巷	Tianliao 1st Ln.
2	一橫巷	Tianliao 1st Side Ln.
2	仔	Tianliaozai
2	坑	Tianliaokeng
2	巷	Tianliao Ln.
2	村	Tianliau Vil.
2	洋街	Tianliaoyang St.
2	路	Tianliao Rd.
2	里	Tianliau Vil.
1	尾	Tianwei
2	厝巷	Tianweicuo Ln.
2	巷	Tianwei Ln.
2	村	Tianwei Vil.
2	街	Tianwei St.
2	路	Tianwei Rd.
2	里	Tianwei Vil.
1	庄	Tianzhuang
1	底	Tiandi
2	巷	Tiandi Ln.
1	德路	Tiande Rd.
1	心	Tianxin
2	1街	Tianxin 1st St.
2	2街	Tianxin 2nd St.
2	3街	Tianxin 3rd St.
2	仔	Tianxinzai
2	北1巷	Tianxin N. 1st Ln.
3	2巷	Tianxin N. 2nd Ln.
3	3巷	Tianxin N. 3rd Ln.
3	4巷	Tianxin N. 4th Ln.
3	巷	Tianxin N. Ln.
3	路	Tianxin N. Rd.
2	南2巷	Tianxin S. 2nd Ln.
3	路	Tianxin S. Rd.
2	子	Tianxinzi
2	村	Tianxin Vil.
2	街	Tianxin St.
2	路1段	Sec. 1, Tianxin Rd.
3	2段	Sec. 2, Tianxin Rd.
2	里	Tianxin Vil.
3	崁腳	Kanjiao, Tianxin Vil.
1	新11街	Tianxin 11th St.
3	2街	Tianxin 12th St.
2	2街	Tianxin 2nd St.
2	3街	Tianxin 3rd St.
2	5街	Tianxin 5th St.
2	6街	Tianxin 6th St.
2	7街	Tianxin 7th St.
2	8街	Tianxin 8th St.
2	十街	Tianxin 10th St.
2	路	Tianxin Rd.
2	里	Tianxin Vil.
1	東路	Tiandong Rd.
1	沃村	Tianwo Vil.
1	河路	Tianhe Rd.
1	洋巷	Tianyang Ln.
2	村	Tianyang Vil.
2	橫巷	Tianyang Side Ln.
2	街	Tianyang St.
1	浦	Tianpu
1	溪路	Tianxi Rd.
1	福路	Tianfu Rd.
1	窩	Tianwo
1	組	Tianzu
1	美1街	Tianmei 1st St.
2	2街	Tianmei 2nd St.
2	3街	Tianmei 3rd St.
2	村	Tianmei Vil.
3	四灣	Siwan, Tianmei Vil.
3	田美	Tianmei, Tianmei Vil.
2	路	Tianmei Rd.
1	義路	Tianyi Rd.
1	興路	Tianxing Rd.
1	芳路	Tianfang Rd.
1	草崙	Tiancaolun
1	衙路	Tianya Rd.
1	西路	Tianxi Rd.
2	里	Tianxi Vil.
1	道村	Tiandau Vil.
1	部	Tianbu
1	里	Tian Vil.
1	頂1巷	Tianding 1st Ln.
2	2巷	Tianding 2nd Ln.
2	4巷	Tianding 4th Ln.
2	巷	Tianding Ln.
1	頭	Tiantou
2	中路	Tiantou Central Rd.
2	崎	Tiantouqi
2	巷	Tiantou Ln.
2	村	Tiantou Vil.
2	路	Tiantou Rd.
2	里	Tiantou Vil.
0	甲1街	Jia 1st St.
1	2街	Jia 2nd St.
1	3街	Jia 3rd St.
1	5街	Jia 5th St.
1	6路	Jia 6th Rd.
1	中村	Jiazhong Vil.
1	典街	Jiadian St.
2	路	Jiadian Rd.
1	北村	Jiabei Vil.
1	南村	Jianan Vil.
2	路	Jianan Rd.
1	后路1段	Sec. 1, Jiahou Rd.
3	2段	Sec. 2, Jiahou Rd.
3	3段	Sec. 3, Jiahou Rd.
3	4段	Sec. 4, Jiahou Rd.
3	5段	Sec. 5, Jiahou Rd.
1	圍村	Jiawei Vil.
2	路	Jiawei Rd.
3	建北巷	Jianbei Ln., Jiawei Rd.
4	南巷	Jiannan Ln., Jiawei Rd.
4	東巷	Jiandong Ln., Jiawei Rd.
3	復興巷	Fuxing Ln., Jiawei Rd.
3	豐田巷	Fengtian Ln., Jiawei Rd.
1	園1街	Jiayuan 1st St.
2	街	Jiayuan St.
1	埔大道	Jiapu Blvd.
1	堤11街	Jiati 11th St.
3	2街	Jiati 12th St.
3	街	Jiati 1st St.
2	2街	Jiati 2nd St.
2	3街	Jiati 3rd St.
2	5街	Jiati 5th St.
2	6街	Jiati 6th St.
2	7街	Jiati 7th St.
2	8街	Jiati 8th St.
2	9街	Jiati 9th St.
2	十街	Jiati 10th St.
2	南路	Jiati S. Rd.
2	路	Jiati Rd.
1	寅村	Jiayin Vil.
1	新路	Jiaxin Rd.
3	廟邊巷	Miaobian Ln., Jiaxin Rd.
1	昌路	Jiachang Rd.
3	市場巷	Shichang Ln., Jiachang Rd.
3	復興巷	Fuxing Ln., Jiachang Rd.
3	文昌巷	Wenchang Ln., Jiachang Rd.
3	華富巷	Huafu Ln., Jiachang Rd.
4	昌巷	Huachang Ln., Jiachang Rd.
4	榮巷	Huarong Ln., Jiachang Rd.
4	興巷	Huaxing Ln., Jiachang Rd.
4	豐巷	Huafeng Ln., Jiachang Rd.
3	輝興巷	Huixing Ln., Jiachang Rd.
3	通山巷	Tongshan Ln., Jiachang Rd.
3	隆昌巷	Longchang Ln., Jiachang Rd.
3	龍泉巷	Longquan Ln., Jiachang Rd.
1	智路	Jiazhi Rd.
1	東村	Jiadong Vil.
2	路	Jiadong Rd.
1	樹路	Jiashu Rd.
1	田路	Jiatian Rd.
1	興路	Jiaxing Rd.
1	頂路	Jiading Rd.
2	里	Jiading Vil.
1	頭厝	Jiatoucuo
0	界和路	Jiehe Rd.
1	山巷	Jieshan Ln.
1	樹巷	Jieshu Ln.
1	橋	Jieqiao
0	留侯里	Liuhou Vil.
1	茂安巷	Liumau'an Ln.
0	番仔坑	Fanzaikeng
2	溝	Fanzaigou
2	潭	Fanzaitan
2	田	Fanzaitian
2	路科	Fanzailuke
1	割田路	Fangetian Rd.
1	婆	Fanpo
2	坑	Fanpokeng
2	村	Fanpo Vil.
2	林	Fanpolin
2	汶	Fanpofen
2	街	Fanpo St.
2	里	Fanpo Vil.
1	子厝	Fanzicuo
2	園	Fanziyuan
2	坑	Fanzikeng
2	寮	Fanziliao
2	崙	Fanzilun
2	田	Fanzitian
3	路	Fanzitian Rd.
2	窩路	Fanziwo Rd.
2	路	Fanzi Rd.
1	寮路	Fanliao Rd.
1	湖村	Fanhu Vil.
1	溝	Fangou
2	里	Fangou Vil.
1	田1巷	Fantian 1st Ln.
2	2巷	Fantian 2nd Ln.
2	路	Fantian Rd.
1	社	Fanshe
2	前	Fansheqian
2	后	Fanshehou
2	村	Fanshe Vil.
2	街	Fanshe St.
1	花路	Fanhua Rd.
3	1段	Sec. 1, Fanhua Rd.
3	2段	Sec. 2, Fanhua Rd.
1	路	Fanlu
2	村	Fanlu Vil.
3	瓦厝仔	Wacuozai, Fanlu Vil.
1	金路	Fanjin Rd.
0	疊溪村	Diexi Vil.
0	疏洪16路	Shuhong 16th Rd.
2	北路	Shuhong N. Rd.
2	東路1段	Sec. 1, Shuhong E. Rd.
4	2段	Sec. 2, Shuhong E. Rd.
2	西路	Shuhong W. Rd.
0	登寺巷	Dengsi Ln.
1	山巷	Dengshan Ln.
2	街	Dengshan St.
2	路	Dengshan Rd.
3	1段	Sec. 1, Dengshan Rd.
3	2段	Sec. 2, Dengshan Rd.
3	3段	Sec. 3, Dengshan Rd.
3	4段	Sec. 4, Dengshan Rd.
2	里	Dengshan Vil.
1	林路	Denglin Rd.
3	貿商巷	Maoshang Ln., Denglin Rd.
1	科街	Dengke St.
1	輝路	Denghui Rd.
1	雲路	Dengyun Rd.
1	龍巷	Denglong Ln.
2	街	Denglong St.
2	路	Denglong Rd.
0	發祥村	Faxiang Vil.
2	街	Faxiang St.
1	電所	Power Station
0	白不仔路	Baibuzai Rd.
1	地街	Baidi St.
2	里	Baidi Vil.
1	坑村	Baikeng Vil.
1	埔林	Baipulin
1	宮巷	Baigong Ln.
2	街	Baigong St.
1	布帆	Baibufan
1	杞	Baiqi
2	村	Baiqi Vil.
1	東	Baidong
2	里	Baidong Vil.
3	中山路	Zhongshan Rd., Baidong Vil.
1	樹村	Baishu Vil.
2	腳	Baishujiao
2	路	Baishu Rd.
3	先永巷	Xianyong Ln., Baishu Rd.
3	六合巷	Liuhe Ln., Baishu Rd.
3	合作巷	Hezuo Ln., Baishu Rd.
3	新興巷	Xinxing Ln., Baishu Rd.
3	界樹巷	Jieshu Ln., Baishu Rd.
3	莒光巷	Juguang Ln., Baishu Rd.
3	長壽巷	Changshou Ln., Baishu Rd.
1	水湖	Baishuihu
2	溪	Baishuixi
1	沙屯	Baishatun
3	東	Baishatundong
3	西	Baishatunxi
2	村	Baisha Vil.
2	灣別墅	Pak Sha Wan Villa
2	路	Baisha Rd.
1	河里	Baihe Vil.
1	渚里	Baizhu Vil.
1	猿坑	Baiyuankeng
1	玉1路	Baiyu 1st Rd.
2	2路	Baiyu 2nd Rd.
2	3路	Baiyu 3rd Rd.
2	北路	Baiyu N. Rd.
2	南路	Baiyu S. Rd.
2	村	Baiyu Vil.
1	石	Baishi
2	下	Baishixia
2	村	Baishi Vil.
2	湖	Baishihu
2	腳	Baishijiao
3	路	Baishijiao Rd.
1	砂路	Baisha Rd.
1	端	Baiduan
1	米巷	Baimi Ln.
2	路	Baimi Rd.
2	里	Baimi Vil.
1	蓮路	Bailian Rd.
1	蘭	Bailan
2	巷	Bailan Ln.
1	西	Baixi
2	里	Baixi Vil.
1	金里	Baijin Vil.
1	雁村	Baiyan Vil.
1	雞	Baiji
1	雪村	Baixue Vil.
2	里	Baixue Vil.
1	雲1路	Baiyun 1st Rd.
2	2路	Baiyun 2nd Rd.
2	3路	Baiyun 3rd Rd.
2	5路	Baiyun 5th Rd.
2	6路	Baiyun 6th Rd.
2	山莊	Baiyun Villa
2	巷	Baiyun Ln.
2	村	Baiyun Vil.
2	路	Baiyun Rd.
2	里	Baiyun Vil.
1	馬莊	Baima Vil.
1	鮠	Baiwei
1	鴿厝農場	Baigecuo Farm
1	鵝村	Bai'e Vil.
1	鷺路	Bailu Rd.
2	里	Bailu Vil.
1	鹿巷	Bailu Ln.
0	百1街	Bai 1st St.
1	2街	Bai 2nd St.
1	3街	Bai 3rd St.
1	5街	Bai 5th St.
1	6街	Bai 6th St.
1	7街	Bai 7th St.
1	三	Baisan
1	世新村	Baishi New Vil.
1	二份	Bai'erfen
2	甲	Bai'erjia
1	六戛	Bailiujia
1	合路	Baihe Rd.
1	吉	Baiji
1	和里	Baihe Vil.
1	善街	Baishan St.
1	壽	Baishou
2	村	Baishou Vil.
2	里	Baishou Vil.
1	好街	Baihao St.
1	寧新村	Baining New Vil.
1	年1街	Bainian 1st St.
2	2街	Bainian 2nd St.
2	3街	Bainian 3rd St.
2	5街	Bainian 5th St.
2	路	Bainian Rd.
1	忍街	Bairen St.
2	里	Bairen Vil.
1	畝	Baimu
1	福街	Baifu St.
2	里	Baifu Vil.
1	興巷	Baixing Ln.
1	葉巷	Baiye Ln.
1	韜1街	Baitao 1st St.
2	2街	Baitao 2nd St.
1	齡1路	Bailing 1st Rd.
2	2路	Bailing 2nd Rd.
2	里	Bailing Vil.
0	皇城街	Huangcheng St.
1	家1街	Huangjia 1st St.
2	2街	Huangjia 2nd St.
2	3街	Huangjia 3rd St.
2	5街	Huangjia 5th St.
2	6街	Huangjia 6th St.
2	7街	Huangjia 7th St.
2	8街	Huangjia 8th St.
2	別莊	Huangjia Villa
1	盛巷	Huangsheng Ln.
1	福街	Huangfu St.
0	皓東街	Haodong St.
2	路	Haodong Rd.
0	皮仔寮巷	Pizailiao Ln.
0	益則路	Yize Rd.
1	壽1街	Yishou 1st St.
2	2街	Yishou 2nd St.
2	7街	Yishou 7th St.
2	8街	Yishou 8th St.
1	安路	Yi'an Rd.
1	文1街	Yiwen 1st St.
2	2街	Yiwen 2nd St.
2	3街	Yiwen 3rd St.
1	新1街	Yixin 1st St.
2	2街	Yixin 2nd St.
2	3街	Yixin 3rd St.
1	昌1街	Yichang 1st St.
2	2街	Yichang 2nd St.
2	3街	Yichang 3rd St.
2	5街	Yichang 5th St.
2	6街	Yichang 6th St.
1	東街	Yidong St.
1	民1街	Yimin 1st St.
2	2街	Yimin 2nd St.
2	北街	Yimin N. St.
2	寮	Yiminliao
2	新村	Yimin New Vil.
2	街	Yimin St.
2	路	Yimin Rd.
3	1段	Sec. 1, Yimin Rd.
3	2段	Sec. 2, Yimin Rd.
1	源巷	Yiyuan Ln.
1	群路	Yiqun Rd.
1	華街	Yihua St.
1	豐東街	Yifeng E. St.
2	西街	Yifeng W. St.
2	路3段	Sec. 3, Yifeng Rd.
3	4段	Sec. 4, Yifeng Rd.
0	盛北街	Shengbei St.
1	南街	Shengnan St.
1	和巷	Shenghe Ln.
1	市路	Shengshi Rd.
1	昌街	Shengchang St.
2	里	Shengchang Vil.
1	春2巷	Shengchun 2nd Ln.
2	4巷	Shengchun 4th Ln.
2	路	Shengchun Rd.
1	漁里	Shengyu Vil.
1	興	Shengxing
2	里	Shengxing Vil.
1	豐	Shengfeng
2	路	Shengfeng Rd.
2	里	Shengfeng Vil.
1	都巷	Shengdu Ln.
1	隆	Shenglong
2	村	Shenglong Vil.
0	監理南街	Jianli S. St.
2	街	Jianli St.
0	盤山坑	Panshankeng
2	村	Panshan Vil.
1	果路	Panguo Rd.
0	盧厝	Lucuo
2	挖	Lucuowa
2	里	Lucuo Vil.
1	山路	Lushan Rd.
1	義路	Luyi Rd.
0	盪鈀山	Dangba Mountain
0	目加溜灣大道	Backloun Blvd.
1	崙巷	Mulun Ln.
0	直加弄大道	Zhijialong Blvd.
1	坑	Zhikeng
1	潭1街	Zhitan 1st St.
2	2街	Zhitan 2nd St.
2	3街	Zhitan 3rd St.
2	4街	Zhitan 4th St.
2	5街	Zhitan 5th St.
2	6街	Zhitan 6th St.
2	7街	Zhitan 7th St.
2	8街	Zhitan 8th St.
2	9街	Zhitan 9th St.
2	十街	Zhitan 10th St.
2	路	Zhitan Rd.
2	里	Zhitan Vil.
1	興街	Zhixing St.
2	里	Zhixing Vil.
0	相公山	Xianggongshan
1	助巷	Xiangzhu Ln.
1	埔路	Xiangpu Rd.
0	省中巷	Shengzhong Ln.
2	街	Shengzhong St.
1	北路	Shengbei Rd.
3	2段	Sec. 2, Shengbei Rd.
1	府1路	Shengfu 1st Rd.
2	路	Shengfu Rd.
1	躬1街	Shenggong 1st St.
2	2街	Shenggong 2nd St.
2	3街	Shenggong 3rd St.
2	橫街	Shenggongheng St.
2	里	Shenggong Vil.
0	眉仔陶	Meizaitao
1	原路	Meiyuan Rd.
1	山村	Meishan Vil.
2	路	Meishan Rd.
1	豐路	Meifeng Rd.
0	看坪	Kanping
2	村	Kanping Vil.
1	東村	Kandong Vil.
1	西村	Kanxi Vil.
2	路	Kanxi Rd.
0	真君路	Zhenjun Rd.
1	如路	Zhenru Rd.
1	愛路	Zhen'ai Rd.
1	柄	Zhenbing
1	武路	Zhenwu Rd.
1	理村	Zhenli Vil.
2	街	Zhenli St.
1	砂里	Zhensha Vil.
0	眾和巷	Zhonghe Ln.
1	聖路	Zhongsheng Rd.
0	睦光	Muguang
2	村	Muguang Vil.
1	和街	Muhe St.
1	宜村	Muyi Vil.
2	路	Muyi Rd.
0	瞻聖里	Zhansheng Vil.
0	知亞甘	Zhiyagan
1	卡宣大道1段	Sec. 1, Zhikaxuan Blvd.
5	2段	Sec. 2, Zhikaxuan Blvd.
5	3段	Sec. 3, Zhikaxuan Blvd.
1	安路	Zhi'an Rd.
1	恥路	Zhichi Rd.
1	本路1段	Sec. 1, Zhiben Rd.
3	2段	Sec. 2, Zhiben Rd.
3	3段	Sec. 3, Zhiben Rd.
3	4段	Sec. 4, Zhiben Rd.
2	里	Zhiben Vil.
1	母義	Zhimuyi
1	義里	Zhiyi Vil.
1	行路	Zhixing Rd.
1	足街	Zhizu St.
0	短竹巷	Duanzhu Ln.
2	里	Duanzhu Vil.
0	矮山	Aishan
0	石中里	Shizhong Vil.
1	井	Shijing
2	村	Shijing Vil.
1	仔缸	Shizaigang
1	仙路	Shixian Rd.
1	保路	Shibao Rd.
1	傘路	Shisan Rd.
1	光村	Shiguang Vil.
2	街	Shiguang St.
2	里	Shiguang Vil.
1	內	Shinei
1	化1路	Shihua 1st Rd.
2	2路	Shihua 2nd Rd.
2	3路	Shihua 3rd Rd.
2	4路	Shihua 4th Rd.
1	北里	Shibei Vil.
1	南里	Shinan Vil.
1	厝里	Shicuo Vil.
1	古坪	Shiguping
1	園路	Shiyuan Rd.
1	坊街	Shifang St.
2	里	Shifang Vil.
1	坑	Shikeng
2	1巷	Shikeng 1st Ln.
2	2巷	Shikeng 2nd Ln.
2	巷	Shikeng Ln.
2	村	Shikeng Vil.
2	街	Shikeng St.
2	路	Shikeng Rd.
2	里	Shikeng Vil.
1	城村	Shicheng Vil.
2	街	Shicheng St.
3	圳寮巷	Zunliao Ln., Shicheng St.
3	崁下巷	Kanxia Ln., Shicheng St.
3	復興巷	Fuxing Ln., Shicheng St.
3	珍東巷	Zhendong Ln., Shicheng St.
3	石山巷	Shishan Ln., Shicheng St.
4	嵙巷	Shike Ln., Shicheng St.
3	竹山巷	Zhushan Ln., Shicheng St.
2	路	Shicheng Rd.
2	里	Shicheng Vil.
1	埤巷	Shipi Ln.
2	村	Shipi Vil.
1	塔巷	Shita Ln.
1	墻	Shiqiang
2	村	Shiqiang Vil.
1	壁	Shibi
2	坑	Shibikeng
3	街	Shibikeng St.
3	路	Shibikeng Rd.
2	潭	Shibitan
2	腳	Shibijiao
2	街	Shibi St.
2	頭	Shibitou
1	子坑	Shizikeng
2	崎	Shiziqi
2	瀨	Shizilai
1	安	Shi'an
2	村	Shi'an Vil.
2	路	Shi'an Rd.
1	寮	Shiliao
1	尖巷	Shijian Ln.
1	尾路	Shiwei Rd.
1	屋	Shiwu
1	山巷	Shishan Ln.
2	店仔	Shishandianzai
2	里	Shishan Vil.
1	岡子	Shigangzi
2	村	Shigang Vil.
2	街	Shigang St.
3	下坑巷	Xiakeng Ln., Shigang St.
3	廟前巷	Miaoqian Ln., Shigang St.
3	金川巷	Jinchuan Ln., Shigang St.
3	頭坪巷	Touping Ln., Shigang St.
1	岩巷	Shiyan Ln.
1	峎	Shilang
1	崁	Shikan
2	巷	Shikan Ln.
1	崎子	Shiqizi
1	崗	Shigang
1	崩山	Shibengshan
1	川路	Shichuan Rd.
3	味全巷	Weiquan Ln., Shichuan Rd.
2	里	Shichuan Vil.
1	平	Shiping
2	街	Shiping St.
2	路	Shiping Rd.
1	底村	Shidi Vil.
2	街	Shidi St.
1	廟	Shi Temple
2	里	Shimiau Vil.
1	弄	Shinong
1	排巷	Shipai Ln.
1	斑路	Shiban Rd.
1	景里	Shijing Vil.
1	曹子坑	Shicaozikeng
1	村	Shi Vil.
1	林村	Shilin Vil.
2	路	Shilin Rd.
1	桶	Shitong
1	梯	Shiti
2	坪	Shitiping
2	港	Shitigang
2	灣	Shitiwan
1	棹	Shizhuo
1	椿臼	Shichunjiu
1	榴路	Shiliu Rd.
1	槽	Shicao
1	橋	Shiqiao
2	路	Shiqiao Rd.
2	里	Shiqiao Vil.
1	汐路	Shixi Rd.
1	泉	Shiquan
2	里	Shiquan Vil.
1	湖村	Shihu Vil.
1	溪里	Shixi Vil.
1	潭北1街	Shitan N. 1st St.
3	2街	Shitan N. 2nd St.
3	3街	Shitan N. 3rd St.
3	街	Shitan N. St.
2	村	Shitan Vil.
2	東1街	Shitan E. 1st St.
3	街	Shitan E. St.
2	橫巷	Shitan Side Ln.
2	路	Shitan Rd.
3	橫巷	Side Ln., Shitan Rd.
2	里	Shitan Vil.
1	灘	Shitan
1	灼坑	Shizhuokeng
2	巷	Shizhuo Ln.
1	牌	Shipai
2	嶺	Shipailing
2	巷	Shipai Ln.
2	村	Shipai Vil.
2	路	Shipai Rd.
3	1段	Sec. 1, Shipai Rd.
3	2段	Sec. 2, Shipai Rd.
2	里	Shipai Vil.
1	牛巷	Shiniu Ln.
1	獅	Shishi
1	盤巃	Shipanlong
2	巷	Shipan Ln.
1	硤內	Shixianei
1	硬子	Shiyingzi
1	硿子	Shikongzi
1	碇子埔	Shidingzipu
2	村	Shiding Vil.
2	東街	Shiding E. St.
2	西街	Shiding W. St.
1	碑巷	Shibei Ln.
1	碣後	Shijiehou
1	磊	Shilei
2	村	Shilei Vil.
1	空子	Shikongzi
2	路	Shikong Rd.
1	筍	Shisun
2	尖	Shisunjian
1	腳桶	Shijiaotong
1	莊路	Shizhuang Rd.
1	螺仔	Shiluozai
1	角	Shijiao
1	車	Shiche
1	鎮	Shizhen
2	里	Shizhen Vil.
1	門	Shimen
2	埔	Shimenpu
2	新村	Shimen New Vil.
2	村	Shimen Vil.
2	溪	Shimenxi
2	街	Shimen St.
2	路	Shimen Rd.
2	里	Shimen Vil.
1	雅	Shiya
1	雲路	Shiyun Rd.
1	頭厝	Shitoucuo
3	路	Shitoucuo Rd.
2	城路	Shitoucheng Rd.
2	埔	Shitoupu
2	里	Shitou Vil.
1	馬店	Shimadian
1	鵝路	Shi'e Rd.
3	石鵝巷	Shi'e Ln., Shi'e Rd.
1	麻園	Shimayuan
2	巷	Shima Ln.
1	鼓盤	Shigupan
1	龜坑	Shiguikeng
2	里	Shigui Vil.
0	矺子	Tuozi
0	砂凹子	Sha'aozi
1	坑	Shakeng
1	坪	Shaping
1	子里	Shazi Vil.
1	尾路	Shawei Rd.
1	島路	Shadao Rd.
1	崙子	Shalunzi
2	巷	Shalun Ln.
2	湖	Shalunhu
2	腳路	Shalunjiao Rd.
2	里	Shalun Vil.
1	港路	Shagang Rd.
1	灣里	Shawan Vil.
0	研新1路	Yanxin 1st Rd.
2	2路	Yanxin 2nd Rd.
2	3路	Yanxin 3rd Rd.
2	4路	Yanxin 4th Rd.
1	海街	Yanhai St.
1	發1路	Yanfa 1st Rd.
2	2路	Yanfa 2nd Rd.
2	3路	Yanfa 3rd Rd.
2	5路	Yanfa 5th Rd.
2	6路	Yanfa 6th Rd.
2	路	Yanfa Rd.
1	究路	Yanjiu Rd.
2	院路1段	Sec. 1, Academia Rd.
4	2段	Sec. 2, Academia Rd.
4	3段	Sec. 3, Academia Rd.
4	4段	Sec. 4, Academia Rd.
0	砲石	Paoshi
1	臺山	Fortress Mountain
0	破布子腳	Pobuzijiao
2	湖	Pobuhu
1	瓦厝子	Powacuozi
0	硫酸錏巷	Liusuanya Ln.
1	黃村	Liuhuang Vil.
0	硬桃巷	Yingtao Ln.
0	碇內街	Dingnei St.
2	里	Dingnei Vil.
1	南路2段	Sec. 2, Dingnan Rd.
5	松柏崎巷	Songboqi Ln., Sec. 2, Dingnan Rd.
5	鹿窟巷	Luku Ln., Sec. 2, Dingnan Rd.
1	和里	Dinghe Vil.
1	坪路1段	Sec. 1, Dingping Rd.
3	2段	Sec. 2, Dingping Rd.
1	安里	Ding'an Vil.
1	格路2段	Sec. 2, Dingge Rd.
1	祥里	Dingxiang Vil.
0	碧候村	Bihou Vil.
2	路自治巷	Zizhi Ln., Bihou Rd.
4	覺巷	Zijue Ln., Bihou Rd.
3	陽明巷	Yangming Ln., Bihou Rd.
1	園路1段	Sec. 1, Biyuan Rd.
3	2段	Sec. 2, Biyuan Rd.
1	安街	Bi'an St.
1	山	Bishan
2	南路	Bishan S. Rd.
2	巷	Bishan Ln.
2	村	Bishan Vil.
2	路	Bishan Rd.
3	中華巷	Zhonghua Ln., Bishan Rd.
3	碧華巷	Bihua Ln., Bishan Rd.
3	美華巷	Meihua Ln., Bishan Rd.
3	興業巷	Xingye Ln., Bishan Rd.
4	華巷	Xinghua Ln., Bishan Rd.
3	陳平巷	Chenping Ln., Bishan Rd.
2	里	Bishan Vil.
1	峰路	Bifeng Rd.
2	里	Bifeng Vil.
1	柳1巷	Biliu 1st Ln.
2	2巷	Biliu 2nd Ln.
1	江街	Bijiang St.
1	沙街	Bisha St.
1	河里	Bihe Vil.
1	洲里	Bizhou Vil.
1	海路	Bihai Rd.
1	湖	Bihu
2	村	Bihu Vil.
2	路	Bihu Rd.
1	潭村	Bitan Vil.
2	路	Bitan Rd.
1	砂里	Bisha Vil.
1	紅街	Bihong St.
2	里	Bihong Vil.
1	綠	Bilu
2	巷	Bilu Ln.
1	興路	Bixing Rd.
3	1段	Sec. 1, Bixing Rd.
3	2段	Sec. 2, Bixing Rd.
1	華巷	Bihua Ln.
2	街	Bihua St.
2	里	Bihua Vil.
1	霞街	Bixia St.
1	龍巷	Bilong Ln.
0	碩仁里	Shiren Vil.
0	碼崙巷	Malun Ln.
2	路	Malun Rd.
1	頭巷	Matou Ln.
0	磅空子	Bangkongzi
0	磐石路	Panshi Rd.
2	里	Panshi Vil.
0	磚井里	Zhuanjing Vil.
1	仔窯	Zhuanzaiyao
1	嗂	Zhuanyao
2	路	Zhuanyao Rd.
1	子井	Zhuanzijing
1	寮村	Zhuanliau Vil.
1	廠巷	Zhuanchang Ln.
2	街	Zhuanchang St.
1	里	Zhuan Vil.
1	雅厝	Zhuanyacuo
0	磨坑巷	Mokeng Ln.
1	壁潭	Mobitan
1	石坑	Moshikeng
0	磯崎	Jiqi
2	村	Jiqi Vil.
0	磺清路	Huangqing Rd.
1	港村	Huanggang Vil.
2	路	Huanggang Rd.
1	溪	Huangxi
2	村	Huangxi Vil.
2	街	Huangxi St.
2	頭	Huangxitou
1	潭村	Huangtan Vil.
0	礁坑子	Jiaokengzi
2	里	Jiaukeng Vil.
1	溪街	Jiaoxi St.
2	路1段	Sec. 1, Jiaoxi Rd.
3	2段	Sec. 2, Jiaoxi Rd.
3	3段	Sec. 3, Jiaoxi Rd.
3	4段	Sec. 4, Jiaoxi Rd.
3	5段	Sec. 5, Jiaoxi Rd.
3	6段	Sec. 6, Jiaoxi Rd.
3	7段	Sec. 7, Jiaoxi Rd.
2	里	Jiauxi Vil.
0	礦底巷	Gongdi Ln.
0	社上村	Sheshang Vil.
2	路	Sheshang Rd.
1	中村	Shezhong Vil.
2	街	Shezhong St.
2	路	Shezhong Rd.
2	里	Shezhong Vil.
1	內	Shenei
2	村	Shenei Vil.
2	里	Shenei Vil.
1	前湖	Sheqianhu
1	北路	Shebei Rd.
2	里	Shebei Vil.
1	區巷	Shequ Ln.
2	路	Shequ Rd.
1	南村	Shenan Vil.
2	街	Shenan St.
1	厝坑	Shecuokeng
1	口	Shekou
2	村	Shekou Vil.
2	街	Shekou St.
2	路	Shekou Rd.
2	里	Shekou Vil.
1	園里	Sheyuan Vil.
1	團新村	Shetuan New Vil.
1	子	Shezi
2	村	Shezi Vil.
2	街	Shezi St.
2	路	Shezi Rd.
2	里	Shezi Vil.
1	寮	Sheliao
2	前	Sheliaoqian
2	坑	Sheliaokeng
2	街	Sheliao St.
2	角	Sheliaojiao
2	里	Sheliau Vil.
1	尾村	Shewei Vil.
2	街	Shewei St.
2	路	Shewei Rd.
1	崙1街	Shelun 1st St.
2	2街	Shelun 2nd St.
2	街	Shelun St.
1	後坪	Shehouping
2	里	Shehou Vil.
1	教路	Shejiao Rd.
1	斗路1段	Sec. 1, Shedou Rd.
3	2段	Sec. 2, Shedou Rd.
1	新里	Shexin Vil.
1	東村	Shedong Vil.
2	里	Shedong Vil.
1	正路	Shezheng Rd.
2	里	Shezheng Vil.
1	溝	Shegou
1	皮	Shepi
2	村	Shepi Vil.
2	路	Shepi Rd.
3	1段	Sec. 1, Shepi Rd.
3	2段	Sec. 2, Shepi Rd.
3	3段	Sec. 3, Shepi Rd.
2	里	Shepi Vil.
1	石路	Sheshi Rd.
1	福路	Shefu Rd.
1	站路	Shezhan Rd.
1	美路	Shemei Rd.
1	腳村	Shejiau Vil.
1	興1街	Shexing 1st St.
2	2街	Shexing 2nd St.
2	3街	Shexing 3rd St.
2	4街	Shexing 4th St.
2	5街	Shexing 5th St.
2	路	Shexing Rd.
1	苓	Sheling
2	里	Sheling Vil.
1	西村	Shexi Vil.
2	里	Shexi Vil.
1	角	Shejiao
1	邊路	Shebian Rd.
1	頭村	Shetou Vil.
1	龍街	Shelong St.
0	祈協里	Qixie Vil.
1	堂路	Qitang Rd.
0	祐民巷	Youmin Ln.
2	里	Youmin Vil.
0	祖師街	Zushi St.
2	里	Zushi Vil.
1	田村	Zutian Vil.
2	里	Zutian Vil.
1	祠東路	Zuci E. Rd.
2	路	Zuci Rd.
1	聖里	Zusheng Vil.
0	神圳路	Shenzun Rd.
1	山巷	Shenshan Ln.
1	岡村	Shengang Vil.
2	東街	Shengang E. St.
2	路	Shengang Rd.
1	州巷	Shenzhou Ln.
1	木巷	Shenmu Ln.
2	村	Shenmu Vil.
1	林南路	Shenlin S. Rd.
4	文葉巷	Wenye Ln., Shenlin S. Rd.
2	路	Shenlin Rd.
3	1段	Sec. 1, Shenlin Rd.
1	桌山	Shenzhuo Mountain
1	棹山	Shenzhuo Mountain
1	洲北路	Shenzhou N. Rd.
2	巷	Shenzhou Ln.
2	村	Shenzhou Vil.
2	路	Shenzhou Rd.
2	里	Shenzhou Vil.
1	清路	Shenqing Rd.
1	港村	Shengang Vil.
1	田路	Shentian Rd.
1	社路	Shenshe Rd.
1	農	Shennong
2	1街	Shennong 1st St.
2	2街	Shennong 2nd St.
2	3街	Shennong 3rd St.
2	5街	Shennong 5th St.
2	北路	Shennong N. Rd.
2	巷	Shennong Ln.
2	村	Shennong Vil.
2	東路	Shennong E. Rd.
2	街	Shennong St.
2	西路	Shennong W. Rd.
2	路	Shennong Rd.
3	1段	Sec. 1, Shennong Rd.
3	2段	Sec. 2, Shennong Rd.
2	里	Shennong Vil.
1	達1路	Shenda 1st Rd.
2	路	Shenda Rd.
1	龍路	Shenlong Rd.
0	祠後里	Cihou Vil.
0	祥全路	Xiangquan Rd.
1	北路1段	Sec. 1, Xiangbei Rd.
3	2段	Sec. 2, Xiangbei Rd.
1	和1街	Xianghe 1st St.
3	路東段	Sec. E., Xianghe 1st Rd.
4	西段	Sec. W., Xianghe 1st Rd.
2	2街	Xianghe 2nd St.
3	路東段	Sec. E., Xianghe 2nd Rd.
4	西段	Sec. W., Xianghe 2nd Rd.
2	3街	Xianghe 3rd St.
3	路東段	Sec. E., Xianghe 3rd Rd.
4	西段	Sec. W., Xianghe 3rd Rd.
2	5街	Xianghe 5th St.
2	新莊	Xianghe New Vil.
4	東1巷	E. 1st Ln., Xianghe New Vil.
5	2巷	E. 2nd Ln., Xianghe New Vil.
5	3巷	E. 3rd Ln., Xianghe New Vil.
2	東路	Xianghe E. Rd.
2	街	Xianghe St.
2	路	Xianghe Rd.
2	里	Xianghe Vil.
1	喜村	Xiangxi Vil.
2	路	Xiangxi Rd.
1	園街	Xiangyuan St.
1	安街	Xiang'an St.
1	平街	Xiangping St.
1	泰巷	Xiangtai Ln.
2	新屯	Xiangtai New Vil.
1	瑞街	Xiangrui St.
1	發街	Xiangfa St.
1	禮路	Xiangli Rd.
1	義路	Xiangyi Rd.
1	興1巷	Xiangxing 1st Ln.
2	2巷	Xiangxing 2nd Ln.
2	3巷	Xiangxing 3rd Ln.
2	街	Xiangxing St.
2	路	Xiangxing Rd.
2	里	Xiangxing Vil.
1	豐街	Xiangfeng St.
1	賀街	Xianghe St.
1	雲	Xiangyun
2	街	Xiangyun St.
1	順1街	Xiangshun 1st St.
2	2路	Xiangshun 2nd Rd.
2	3街	Xiangshun 3rd St.
2	5街	Xiangshun 5th St.
2	6街	Xiangshun 6th St.
2	7街	Xiangshun 7th St.
2	8街	Xiangshun 8th St.
2	9街	Xiangshun 9th St.
2	十街	Xiangshun 10th St.
2	東路1段	Sec. 1, Xiangshun E. Rd.
4	2段	Sec. 2, Xiangshun E. Rd.
2	路1段	Sec. 1, Xiangshun Rd.
3	2段	Sec. 2, Xiangshun Rd.
1	騰別墅	Xiangteng Villa
1	鳳里	Xiangfeng Vil.
1	鶴路	Xianghe Rd.
1	鷺村	Xianglu Vil.
2	里	Xianglu Vil.
0	祭山湖	Jishanhu
0	祿元街	Luyuan St.
1	德里	Lude Vil.
1	興里	Luxing Vil.
0	禁草湖	Jincaohu
0	福1街	Fu 1st St.
1	2街	Fu 2nd St.
1	3街	Fu 3rd St.
2	路3段	Sec. 3, Fu 3rd Rd.
3	4段	Sec. 4, Fu 3rd Rd.
1	5街	Fu 5th St.
1	6街	Fu 6th St.
1	9路	Fu 9th Rd.
1	上巷	Fushang Ln.
3	龍欣1弄	Longxin 1st Aly., Fushang Ln.
5	2弄	Longxin 2nd Aly., Fushang Ln.
5	3弄	Longxin 3rd Aly., Fushang Ln.
5	4弄	Longxin 4th Aly., Fushang Ln.
1	丘里	Fuqiu Vil.
1	中11街	Fuzhong 11th St.
3	2街	Fuzhong 12th St.
3	5街	Fuzhong 15th St.
3	6街	Fuzhong 16th St.
3	街	Fuzhong 1st St.
2	2街	Fuzhong 2nd St.
2	3街	Fuzhong 3rd St.
2	5街	Fuzhong 5th St.
2	6街	Fuzhong 6th St.
2	7街	Fuzhong 7th St.
2	8街	Fuzhong 8th St.
2	9街	Fuzhong 9th St.
2	十街	Fuzhong 10th St.
2	巷	Fuzhong Ln.
2	街	Fuzhong St.
2	里	Fuzhong Vil.
1	丸1路	Fuwan 1st Rd.
2	2路	Fuwan 2nd Rd.
1	人街	Furen St.
2	路	Furen Rd.
2	里	Furen Vil.
1	仁村	Furen Vil.
2	街	Furen St.
2	里	Furen Vil.
1	住巷	Fuzhu Ln.
2	村	Fuzhu Vil.
2	里	Fuzhu Vil.
1	佑路	Fuyou Rd.
2	里	Fuyou Vil.
1	佳里	Fujia Vil.
1	來路	Fulai Rd.
1	信街	Fuxin St.
1	僑街	Fuqiao St.
1	元街	Fuyuan St.
2	路	Fuyuan Rd.
1	光街	Fuguang St.
1	全街	Fuquan St.
2	路	Fuquan Rd.
2	里	Fuquan Vil.
1	利村	Fuli Vil.
2	街	Fuli St.
2	路	Fuli Rd.
2	里	Fuli Vil.
1	前街	Fuqian St.
1	功路	Fugong Rd.
1	勇街	Fuyong St.
1	北路	Fubei Rd.
1	南	Funan
2	2巷	Funan 2nd Ln.
2	3巷	Funan 3rd Ln.
2	村	Funan Vil.
2	街	Funan St.
2	里	Funan Vil.
1	原	Fuyuan
2	巷	Fuyuan Ln.
2	村	Fuyuan Vil.
2	路	Fuyuan Rd.
1	吉1街	Fuji 1st St.
2	2街	Fuji 2nd St.
2	3街	Fuji 3rd St.
2	4街	Fuji 4th St.
2	5街	Fuji 5th St.
2	街	Fuji St.
2	路	Fuji Rd.
1	和1路	Fuhe 1st Rd.
2	2路	Fuhe 2nd Rd.
2	街	Fuhe St.
2	路	Fuhe Rd.
2	里	Fuhe Vil.
1	善路	Fushan Rd.
2	里	Fushan Vil.
1	嘉巷	Fujia Ln.
2	街	Fujia St.
1	國北街	Fuguo N. St.
2	街	Fuguo St.
2	路	Fuguo Rd.
1	園街	Fuyuan St.
1	地1街	Fudi 1st St.
2	2街	Fudi 2nd St.
2	街	Fudi St.
2	里	Fudi Vil.
1	圳街1段	Sec. 1, Fuzun St.
3	2段	Sec. 2, Fuzun St.
1	坪路	Fuping Rd.
1	城街	Fucheng St.
1	基	Fuji
2	村	Fuji Vil.
2	里	Fuji Vil.
1	境里	Fujing Vil.
1	壽11街	Fushou 11th St.
3	街	Fushou 1st St.
2	2街	Fushou 2nd St.
2	5街	Fushou 5th St.
2	6街	Fushou 6th St.
2	7街	Fushou 7th St.
2	8街	Fushou 8th St.
2	9街	Fushou 9th St.
2	十街	Fushou 10th St.
2	巷	Fushou Ln.
2	街	Fushou St.
2	路	Fushou Rd.
3	仁禮巷	Renli Ln., Fushou Rd.
3	介壽巷	Jieshou Ln., Fushou Rd.
3	有恒巷	Youheng Ln., Fushou Rd.
2	里	Fushou Vil.
1	大北路	Fuda N. Rd.
2	巷	Fuda Ln.
2	路	Fuda Rd.
1	安11街	Fu'an 11th St.
3	街	Fu'an 1st St.
2	2街	Fu'an 2nd St.
2	3街	Fu'an 3rd St.
2	5街	Fu'an 5th St.
2	6街	Fu'an 6th St.
2	7街	Fu'an 7th St.
2	8街	Fu'an 8th St.
2	9街	Fu'an 9th St.
2	北巷	Fu'an N. Ln.
2	十街	Fu'an 10th St.
2	巷	Fu'an Ln.
2	新村	Fu'an New Vil.
2	村	Fu'an Vil.
2	街	Fu'an St.
2	路	Fu'an Rd.
2	里	Fu'an Vil.
1	宏路	Fuhong Rd.
1	容路	Furong Rd.
1	寧街	Funing St.
2	路	Funing Rd.
2	里	Funing Vil.
1	寶村	Fubau Vil.
1	居街	Fuju St.
2	里	Fuju Vil.
1	山	Fushan
2	1路	Fushan 1st Rd.
2	2路	Fushan 2nd Rd.
2	巷	Fushan Ln.
2	村	Fushan Vil.
2	橫巷	Fushan Side Ln.
2	街	Fushan St.
3	福山橫巷	Fushan Side Ln., Fushan St.
2	路	Fushan Rd.
3	1段	Sec. 1, Fushan Rd.
3	2段	Sec. 2, Fushan Rd.
3	3段	Sec. 3, Fushan Rd.
2	里	Fushan Vil.
1	崗	Fugang
2	路1段	Sec. 1, Fugang Rd.
1	崙街	Fulun St.
1	嶺路	Fuling Rd.
3	1段	Sec. 1, Fuling Rd.
3	2段	Sec. 2, Fuling Rd.
1	州1街	Fuzhou 1st St.
2	2街	Fuzhou 2nd St.
2	3街	Fuzhou 3rd St.
2	4街	Fuzhou 4th St.
2	5街	Fuzhou 5th St.
2	6街	Fuzhou 6th St.
2	7街	Fuzhou 7th St.
2	8街	Fuzhou 8th St.
2	街	Fuzhou St.
2	路	Fuzhou Rd.
1	工路	Fugong Rd.
1	平東巷	Fuping E. Ln.
2	街	Fuping St.
2	西巷	Fuping W. Ln.
2	路	Fuping Rd.
2	里	Fuping Vil.
1	幼街	Fuyou St.
1	庄街	Fuzhuang St.
1	康街	Fukang St.
2	路	Fukang Rd.
2	里	Fukang Vil.
1	建1街	Fujian 1st St.
2	2街	Fujian 2nd St.
2	3街	Fujian 3rd St.
2	坪	Fujianping
2	巷	Fujian Ln.
2	街	Fujian St.
2	路	Fujian Rd.
3	1段	Sec. 1, Fujian Rd.
3	2段	Sec. 2, Fujian Rd.
1	強街	Fuqiang St.
1	得里	Fude Vil.
1	德	Fude
2	1巷	Fude 1st Ln.
3	街	Fude 1st St.
3	路	Fude 1st Rd.
2	2巷	Fude 2nd Ln.
3	街	Fude 2nd St.
3	路	Fude 2nd Rd.
2	3街	Fude 3rd St.
3	路	Fude 3rd Rd.
2	4街	Fude 4th St.
2	5街	Fude 5th St.
2	北路	Fude N. Rd.
2	南路	Fude S. Rd.
2	坑	Fudekeng
2	大樓2樓	2 F, Fude Bldg.
4	3樓	3 F, Fude Bldg.
4	4樓	4 F, Fude Bldg.
4	5樓	5 F, Fude Bldg.
4	6樓	6 F, Fude Bldg.
2	居	Fudeju
2	巷	Fude Ln.
2	新村	Fude New Vil.
2	村	Fude Vil.
2	東巷	Fude E. Ln.
3	路	Fude E. Rd.
2	街	Fude St.
2	西巷	Fude W. Ln.
2	路	Fude Rd.
2	里	Fude Vil.
1	志路	Fuzhi Rd.
2	里	Fuzhi Vil.
1	恩街	Fu'en St.
2	路	Fu'en Rd.
3	1段	Sec. 1, Fu'en Rd.
1	慧路	Fuhui Rd.
1	慶	Fuqing
1	成街	Fucheng St.
2	路	Fucheng Rd.
2	里	Fucheng Vil.
1	文村	Fuwen Vil.
2	里	Fuwen Vil.
1	新街	Fuxin St.
2	路	Fuxin Rd.
1	旗巷	Fuqi Ln.
1	昌1街	Fuchang 1st St.
2	2街	Fuchang 2nd St.
2	3街	Fuchang 3rd St.
2	5街	Fuchang 5th St.
2	街	Fuchang St.
2	路	Fuchang Rd.
2	里	Fuchang Vil.
1	明街	Fuming St.
1	星	Fuxing
2	1街	Fuxing 1st St.
2	2街	Fuxing 2nd St.
2	3街	Fuxing 3rd St.
2	5街	Fuxing 5th St.
2	6街	Fuxing 6th St.
2	7街	Fuxing 7th St.
2	北1街	Fuxing N. 1st St.
3	2街	Fuxing N. 2nd St.
3	3街	Fuxing N. 3rd St.
3	路	Fuxing N. Rd.
2	山	Fuxing Mountain
2	巷	Fuxing Ln.
2	村	Fuxing Vil.
2	街	Fuxing St.
2	西1街	Fuxing W. 1st St.
3	路	Fuxing W. Rd.
2	路	Fuxing Rd.
2	里	Fuxing Vil.
3	福星	Fuxing, Fuxing Vil.
1	智街	Fuzhi St.
2	路	Fuzhi Rd.
1	村	Fu Vil.
1	東1路	Fudong 1st Rd.
2	2路	Fudong 2nd Rd.
2	巷	Fudong Ln.
2	街	Fudong St.
2	路	Fudong Rd.
3	1段	Sec. 1, Fudong Rd.
2	里	Fudong Vil.
1	松街	Fusong St.
2	里	Fusong Vil.
1	林巷	Fulin Ln.
2	街	Fulin St.
2	路	Fulin Rd.
2	里	Fulin Vil.
1	榮村	Furong Vil.
3	上林路	Shanglin Rd., Furong Vil.
3	小西路	Xiaoxi Rd., Furong Vil.
3	新復巷	Xinfu Ln., Furong Vil.
2	街	Furong St.
2	里	Furong Vil.
1	樂	Fule
2	新村	Fule New Vil.
2	村	Fule Vil.
2	街	Fule St.
2	里	Fule Vil.
1	樹巷	Fushu Ln.
2	街	Fushu St.
2	里	Fushu Vil.
1	權	Fuquan
2	村	Fuquan Vil.
1	正巷	Fuzheng Ln.
2	村	Fuzheng Vil.
2	街	Fuzheng St.
2	路	Fuzheng Rd.
1	民	Fumin
2	巷	Fumin Ln.
2	街	Fumin St.
2	路	Fumin Rd.
2	里	Fumin Vil.
1	沃村	Fuwo Vil.
1	泉巷	Fuquan Ln.
1	泰	Futai
2	村	Futai Vil.
2	東路	Futai E. Rd.
2	街	Futai St.
2	路	Futai Rd.
1	洲1街	Fuzhou 1st St.
3	路	Fuzhou 1st Rd.
2	2街	Fuzhou 2nd St.
2	3街	Fuzhou 3rd St.
2	5街	Fuzhou 5th St.
2	6街	Fuzhou 6th St.
2	路	Fuzhou Rd.
1	海街	Fuhai St.
2	里	Fuhai Vil.
1	清巷	Fuqing Ln.
2	街	Fuqing St.
1	港街	Fugang St.
1	源	Fuyuan
2	村	Fuyuan Vil.
2	街	Fuyuan St.
2	路	Fuyuan Rd.
2	里	Fuyuan Vil.
1	溝巷	Fugou Ln.
1	潭路	Futan Rd.
1	澤街	Fuze St.
2	里	Fuze Vil.
1	營路	Fuying Rd.
2	里	Fuying Vil.
1	玄路	Fuxuan Rd.
1	瑞街	Furui St.
1	環里	Fuhuan Vil.
1	生1街	Fusheng 1st St.
2	2街	Fusheng 2nd St.
2	3街	Fusheng 3rd St.
2	4街	Fusheng 4th St.
2	5街	Fusheng 5th St.
2	巷	Fusheng Ln.
1	田	Futian
2	1街	Futian 1st St.
3	路	Futian 1st Rd.
2	2街	Futian 2nd St.
3	路	Futian 2nd Rd.
2	3街	Futian 3rd St.
2	5街	Futian 5th St.
2	北街	Futian N. St.
2	南街	Futian S. St.
2	巷	Futian Ln.
2	村	Futian Vil.
2	路	Futian Rd.
2	里	Futian Vil.
1	町路	Futing Rd.
1	益里	Fuyi Vil.
1	盛村	Fusheng Vil.
2	街	Fusheng St.
1	真里	Fuzhen Vil.
1	社里	Fushe Vil.
1	祉街	Fuzhi St.
2	里	Fuzhi Vil.
1	神巷	Fushen Ln.
2	路	Fushen Rd.
1	祥1街	Fuxiang 1st St.
2	巷	Fuxiang Ln.
2	街	Fuxiang St.
2	路	Fuxiang Rd.
3	1段	Sec. 1, Fuxiang Rd.
2	里	Fuxiang Vil.
1	祿1街	Fulu 1st St.
2	2街	Fulu 2nd St.
2	3街	Fulu 3rd St.
2	5街	Fulu 5th St.
2	6街	Fulu 6th St.
2	7街	Fulu 7th St.
2	8街	Fulu 8th St.
2	十街	Fulu 10th St.
2	街	Fulu St.
2	里	Fulu Vil.
1	科1街	Fuke 1st St.
2	2路	Fuke 2nd Rd.
2	路	Fuke Rd.
1	立街	Fuli St.
1	竹巷	Fuzhu Ln.
2	街	Fuzhu St.
2	路	Fuzhu Rd.
1	美村	Fumei Vil.
2	街	Fumei St.
2	路	Fumei Rd.
2	里	Fumei Vil.
1	羚路	Fuling Rd.
1	義街	Fuyi St.
2	路	Fuyi Rd.
1	翠里	Fucui Vil.
1	聖街	Fusheng St.
1	聯街	Fulian St.
1	至路	Fuzhi Rd.
1	興	Fuxing
2	1街	Fuxing 1st St.
3	路	Fuxing 1st Rd.
2	2巷	Fuxing 2nd Ln.
3	街	Fuxing 2nd St.
3	路	Fuxing 2nd Rd.
2	3街	Fuxing 3rd St.
2	4街	Fuxing 4th St.
2	5街	Fuxing 5th St.
2	6街	Fuxing 6th St.
2	7街	Fuxing 7th St.
2	8街	Fuxing 8th St.
2	9街	Fuxing 9th St.
2	南路	Fuxing S. Rd.
2	巷	Fuxing Ln.
2	村	Fuxing Vil.
2	東路	Fuxing E. Rd.
4	1段	Sec. 1, Fuxing E. Rd.
4	2段	Sec. 2, Fuxing E. Rd.
2	街	Fuxing St.
2	西路	Fuxing W. Rd.
2	路	Fuxing Rd.
3	橋頭巷	Qiaotou Ln., Fuxing Rd.
2	里	Fuxing Vil.
1	華街	Fuhua St.
2	路	Fuhua Rd.
2	里	Fuhua Vil.
1	裕街	Fuyu St.
2	路	Fuyu Rd.
1	西街	Fuxi St.
2	里	Fuxi Vil.
1	誠1街	Fucheng 1st St.
2	2街	Fucheng 2nd St.
2	3街	Fucheng 3rd St.
2	5街	Fucheng 5th St.
2	路	Fucheng Rd.
2	里	Fucheng Vil.
1	豐北街	Fufeng N. St.
2	南街	Fufeng S. St.
2	東街	Fufeng E. St.
2	街	Fufeng St.
2	西街	Fufeng W. St.
1	貴路	Fugui Rd.
2	里	Fugui Vil.
1	農路	Funong Rd.
1	連村	Fulian Vil.
2	街	Fulian St.
1	進路	Fujin Rd.
1	達路1段	Sec. 1, Fuda Rd.
3	2段	Sec. 2, Fuda Rd.
1	金新村	Fujin New Vil.
1	錦路	Fujin Rd.
3	池西巷	Chixi Ln., Fujin Rd.
1	鎮街	Fuzhen St.
1	長路	Fuchang Rd.
1	陵巷	Fuling Ln.
2	路	Fuling Rd.
1	陽1街	Fuyang 1st St.
2	2街	Fuyang 2nd St.
2	3街	Fuyang 3rd St.
2	5街	Fuyang 5th St.
2	6街	Fuyang 6th St.
2	街	Fuyang St.
1	隆1街	Fulong 1st St.
2	2街	Fulong 2nd St.
2	村	Fulong Vil.
2	街	Fulong St.
2	路	Fulong Rd.
3	1段	Sec. 1, Fulong Rd.
3	2段	Sec. 2, Fulong Rd.
2	里	Fulong Vil.
1	雅路	Fuya Rd.
1	音3巷	Fuyin 3rd Ln.
2	山莊	Fuyin Villa
2	橫巷	Fuyin Side Ln.
2	街	Fuyin St.
2	路	Fuyin Rd.
2	里	Fuyin Vil.
1	順巷	Fushun Ln.
2	街	Fushun St.
2	路	Fushun Rd.
2	里	Fushun Vil.
1	頭崙巷	Futoulun Ln.
1	馬街	Fuma St.
1	鹿街	Fulu St.
2	路	Fulu Rd.
1	麗	Fuli
2	里	Fuli Vil.
1	龍	Fulong
2	街	Fulong St.
2	路	Fulong Rd.
3	1段	Sec. 1, Fulong Rd.
3	2段	Sec. 2, Fulong Rd.
3	3段	Sec. 3, Fulong Rd.
2	里	Fulong Vil.
1	龜村	Fugui Vil.
0	禮仁路	Liren Rd.
1	儀里	Liyi Vil.
1	化里	Lihua Vil.
1	文街	Liwen St.
2	里	Liwen Vil.
1	明路	Liming Rd.
1	智路	Lizhi Rd.
1	東里	Lidong Vil.
1	節巷	Lijie Ln.
1	義巷	Liyi Ln.
2	路	Liyi Rd.
1	蘭新村	Lilan New Vil.
2	路	Lilan Rd.
1	蚵村	Like Vil.
1	賢路	Lixian Rd.
1	運路	Liyun Rd.
1	門街	Limen St.
2	里	Limen Vil.
0	禾和1街	Hehe 1st St.
1	田巷	Hetian Ln.
1	豐11路	Hefeng 11th Rd.
3	路	Hefeng 1st Rd.
2	2路	Hefeng 2nd Rd.
2	3路	Hefeng 3rd Rd.
2	5路	Hefeng 5th Rd.
2	6路	Hefeng 6th Rd.
2	7路	Hefeng 7th Rd.
2	9路	Hefeng 9th Rd.
0	秀中街	Xiuzhong St.
1	仁里	Xiuren Vil.
1	元里	Xiuyuan Vil.
1	厝1街	Xiucuo 1st St.
2	2街	Xiucuo 2nd St.
2	村	Xiucuo Vil.
1	和里	Xiuhe Vil.
1	園新村	Xiuyuan New Vil.
1	士里	Xiushi Vil.
1	安1街	Xiu'an 1st St.
2	2街	Xiu'an 2nd St.
2	街	Xiu'an St.
2	路	Xiu'an Rd.
1	山	Xiushan
2	11路	Xiushan 11th Rd.
3	3路	Xiushan 13th Rd.
3	路	Xiushan 1st Rd.
2	2路	Xiushan 2nd Rd.
2	3路	Xiushan 3rd Rd.
2	5路	Xiushan 5th Rd.
2	7路	Xiushan 7th Rd.
2	村	Xiushan Vil.
2	街	Xiushan St.
2	路	Xiushan Rd.
3	文山巷	Wenshan Ln., Xiushan Rd.
2	里	Xiushan Vil.
1	岡2街	Xiugang 2nd St.
2	3街	Xiugang 3rd St.
2	5街	Xiugang 5th St.
2	6街1段	Sec. 1, Xiugang 6th St.
4	2段	Sec. 2, Xiugang 6th St.
4	3段	Sec. 3, Xiugang 6th St.
1	峰	Xiufeng
2	1街	Xiufeng 1st St.
2	坪	Xiufengping
2	村	Xiufeng Vil.
2	街	Xiufeng St.
2	路	Xiufeng Rd.
2	里	Xiufeng Vil.
1	嶺巷	Xiuling Ln.
1	巒	Xiuluan
2	村	Xiuluan Vil.
3	斯馬庫斯	Simakusi, Xiuluan Vil.
2	街	Xiuluan St.
1	川街	Xiuchuan St.
2	里	Xiuchuan Vil.
1	得里	Xiude Vil.
1	成里	Xiucheng Vil.
1	才	Xiucai
2	路	Xiucai Rd.
2	里	Xiucai Vil.
1	昌街	Xiuchang St.
2	里	Xiuchang Vil.
1	明村	Xiuming Vil.
2	街	Xiuming St.
2	路1段	Sec. 1, Xiuming Rd.
3	2段	Sec. 2, Xiuming Rd.
2	里	Xiuming Vil.
1	景里	Xiujing Vil.
1	朗路1段	Sec. 1, Xiulang Rd.
3	2段	Sec. 2, Xiulang Rd.
3	3段	Sec. 3, Xiulang Rd.
2	里	Xiulang Vil.
1	東路	Xiudong Rd.
1	林	Xiulin
2	巷	Xiulin Ln.
2	村	Xiulin Vil.
2	路	Xiulin Rd.
2	里	Xiulin Vil.
1	正路	Xiuzheng Rd.
3	康樂巷	Kangle Ln., Xiuzheng Rd.
3	新興巷	Xinxing Ln., Xiuzheng Rd.
1	水	Xiushui
2	巷	Xiushui Ln.
2	村	Xiushui Vil.
2	路	Xiushui Rd.
2	里	Xiushui Vil.
1	江街	Xiujiang St.
2	里	Xiujiang Vil.
1	湖村	Xiuhu Vil.
1	潭	Xiutan
1	祐里	Xiuyou Vil.
1	福路	Xiufu Rd.
2	里	Xiufu Vil.
1	群路	Xiuqun Rd.
1	義里	Xiuyi Vil.
1	蘭	Xiulan
1	隆街	Xiulong St.
0	秋元街	Qiuyuan St.
1	尾巷	Qiuwei Ln.
1	山里	Qiushan Vil.
1	津村	Qiujin Vil.
1	田街	Qiutian St.
1	茂路	Qiumao Rd.
0	科1街	Ke 1st St.
1	2街	Ke 2nd St.
1	3街	Ke 3rd St.
1	4街	Ke 4th St.
1	5街	Ke 5th St.
1	6街	Ke 6th St.
1	7街	Ke 7th St.
1	8街	Ke 8th St.
1	9街	Ke 9th St.
1	中路	Kezhong Rd.
1	仔林	Kezailin
2	腳	Kezaijiao
1	加1路	Kejia 1st Rd.
2	2路	Kejia 2nd Rd.
2	3路	Kejia 3rd Rd.
2	5路	Kejia 5th Rd.
2	6路	Kejia 6th Rd.
2	路	Kejia Rd.
1	北1路	Kebei 1st Rd.
2	2路	Kebei 2nd Rd.
2	3路	Kebei 3rd Rd.
2	5路	Kebei 5th Rd.
2	6路	Kebei 6th Rd.
1	園1路	Keyuan 1st Rd.
2	2路	Keyuan 2nd Rd.
2	3路	Keyuan 3rd Rd.
2	南路	Keyuan S. Rd.
2	路	Keyuan Rd.
2	里	Keyuan Vil.
1	大1路	Keda 1st Rd.
2	2街	Keda 2nd St.
2	北路	Keda N. Rd.
2	路1段	Sec. 1, Keda Rd.
3	2段	Sec. 2, Keda Rd.
3	3段	Sec. 3, Keda Rd.
1	子林	Kezilin
1	學園路	Kexueyuan Rd.
2	巷	Kexue Ln.
2	路	Kexue Rd.
1	專1路	Kezhuan 1st Rd.
2	2路	Kezhuan 2nd Rd.
2	3路	Kezhuan 3rd Rd.
2	5路	Kezhuan 5th Rd.
2	6路	Kezhuan 6th Rd.
2	7路	Kezhuan 7th Rd.
2	8路	Kezhuan 8th Rd.
2	路	Kezhuan Rd.
1	尾	Kewei
1	屯1路	Ketun 1st Rd.
2	2路	Ketun 2nd Rd.
1	工12路	Kegong 12th Rd.
3	6路	Kegong 16th Rd.
3	8路	Kegong 18th Rd.
3	路	Kegong 1st Rd.
2	2路	Kegong 2nd Rd.
2	3路	Kegong 3rd Rd.
2	5路	Kegong 5th Rd.
2	6路	Kegong 6th Rd.
2	7路	Kegong 7th Rd.
2	8路	Kegong 8th Rd.
2	9路	Kegong 9th Rd.
2	十路	Kegong 10th Rd.
1	平路	Keping Rd.
1	底	Kedi
1	技1路	Keji 1st Rd.
2	2路	Keji 2nd Rd.
2	3路	Keji 3rd Rd.
2	4路	Keji 4th Rd.
2	5路	Keji 5th Rd.
2	6路	Keji 6th Rd.
2	7路	Keji 7th Rd.
2	8路	Keji 8th Rd.
2	公園大道	Kejigongyuan Blvd.
2	南路	Keji S. Rd.
2	路	Keji Rd.
1	東1路	Kedong 1st Rd.
2	2路	Kedong 2nd Rd.
2	3路	Kedong 3rd Rd.
2	5路	Kedong 5th Rd.
1	班1路	Keban 1st Rd.
2	2路	Keban 2nd Rd.
2	3路	Keban 3rd Rd.
2	路	Keban Rd.
1	環1路	Kehuan 1st Rd.
2	2路	Kehuan 2nd Rd.
2	路	Kehuan Rd.
1	研路	Keyan Rd.
1	福1街	Kefu 1st St.
2	2街	Kefu 2nd St.
2	3街	Kefu 3rd St.
2	街	Kefu St.
1	義街	Keyi St.
1	虎1路	Kehu 1st Rd.
2	2路	Kehu 2nd Rd.
2	3路	Kehu 3rd Rd.
2	路	Kehu Rd.
1	西1路	Kexi 1st Rd.
2	2路	Kexi 2nd Rd.
1	里	Ke Vil.
2	村	Keli Vil.
1	雅1路	Keya 1st Rd.
2	2路	Keya 2nd Rd.
2	3路	Keya 3rd Rd.
2	5路	Keya 5th Rd.
2	6路	Keya 6th Rd.
2	7路	Keya 7th Rd.
2	東路	Keya E. Rd.
2	西路	Keya W. Rd.
2	路	Keya Rd.
1	雲北路	Keyun N. Rd.
2	南路	Keyun S. Rd.
2	路	Keyun Rd.
0	秦漢街	Qinhan St.
0	移民路	Yimin Rd.
0	稅務新村	Shuiwu New Vil.
1	舍	Shuishe
0	程南路	Chengnan Rd.
1	東路	Chengdong Rd.
1	泰	Chengtai
1	海村	Chenghai Vil.
2	路	Chenghai Rd.
1	香路	Chengxiang Rd.
2	里	Chengxiang Vil.
0	稔田里	Rentian Vil.
0	稚暉街	Zhihui St.
0	種瓜巷	Zhonggua Ln.
2	路	Zhonggua Rd.
0	稻元里	Dauyuan Vil.
1	康街	Daokang St.
1	新里	Dauxin Vil.
1	興1街	Daoxing 1st St.
2	2街	Daoxing 2nd St.
2	3街	Daoxing 3rd St.
1	葉路	Daoye Rd.
1	香1街	Daoxiang 1st St.
2	2街	Daoxiang 2nd St.
2	3街	Daoxiang 3rd St.
2	4街	Daoxiang 4th St.
2	5街	Daoxiang 5th St.
2	6街	Daoxiang 6th St.
2	村	Dauxiang Vil.
2	路	Daoxiang Rd.
3	竹圍巷	Zhuwei Ln., Daoxiang Rd.
2	里	Dauxiang Vil.
0	穀保街	Gubao St.
1	倉路	Gucang Rd.
1	興里	Guxing Vil.
0	積善里	Jishan Vil.
1	穗村	Jisui Vil.
2	里	Jisui Vil.
0	穎寧街	Yingning St.
1	川路	Yingchuan Rd.
2	里	Yingchuan Vil.
1	源路	Yingyuan Rd.
0	穗田里	Suitian Vil.
0	究芎坪	Jiuqiongping
0	空翔里	Kongxiang Vil.
1	醫院路	Airforce Hospital Rd.
0	窯前	Yaoqian
0	立中1街	Lizhong 1st St.
2	2街	Lizhong 2nd St.
2	3街	Lizhong 3rd St.
2	5街	Lizhong 5th St.
2	6街	Lizhong 6th St.
2	街	Lizhong St.
2	路	Lizhong Rd.
1	人南街	Liren S. St.
2	街	Liren St.
2	路	Liren Rd.
2	里	Liren Vil.
1	仁1路	Liren 1st Rd.
2	2路	Liren 2nd Rd.
2	3路	Liren 3rd Rd.
2	4路	Liren 4th Rd.
2	5路	Liren 5th Rd.
2	村	Liren Vil.
2	街	Liren St.
2	路	Liren Rd.
2	里	Liren Vil.
1	信1街	Lixin 1st St.
2	3街	Lixin 3rd St.
2	5街	Lixin 5th St.
2	街	Lixin St.
2	路	Lixin Rd.
1	元路	Liyuan Rd.
1	全新村	Liquan New Vil.
1	功巷	Ligong Ln.
2	街	Ligong St.
2	路	Ligong Rd.
2	里	Ligong Vil.
1	勳巷	Lixun Ln.
1	和路	Lihe Rd.
1	基里	Liji Vil.
1	大路	Lida Rd.
1	學街	Lixue St.
1	安路	Li'an Rd.
1	富街	Lifu St.
1	山	Lishan
2	村	Lishan Vil.
1	峰巷	Lifeng Ln.
1	廷里	Liting Vil.
1	強街	Liqiang St.
1	德	Lide
2	11路	Lide 11th Rd.
3	路	Lide 1st Rd.
2	2路	Lide 2nd Rd.
2	3路	Lide 3rd Rd.
2	4路	Lide 4th Rd.
2	5路	Lide 5th Rd.
2	6路	Lide 6th Rd.
2	7路	Lide 7th Rd.
2	8路	Lide 8th Rd.
2	9路	Lide 9th Rd.
2	十路	Lide 10th Rd.
2	巷	Lide Ln.
2	東街	Lide E. St.
2	街	Lide St.
2	西街	Lide W. St.
2	路	Lide Rd.
2	里	Lide Vil.
1	心巷	Lixin Ln.
1	志中街	Lizhi Central St.
2	巷	Lizhi Ln.
2	街	Lizhi St.
2	里	Lizhi Vil.
1	忠路	Lizhong Rd.
1	憲街	Lixian St.
1	文街	Liwen St.
2	路	Liwen Rd.
1	新1街	Lixin 1st St.
2	2街	Lixin 2nd St.
2	街	Lixin St.
1	昌街	Lichang St.
1	明街	Liming St.
1	智街	Lizhi St.
1	業巷	Liye Ln.
2	街	Liye St.
2	路	Liye Rd.
2	里	Liye Vil.
1	民路	Limin Rd.
1	泰里	Litai Vil.
1	清街	Liqing St.
1	竹巷	Lizhu Ln.
2	街	Lizhu St.
1	群街	Liqun St.
2	路	Liqun Rd.
1	興街	Lixing St.
1	莊路	Lizhuang Rd.
1	華街	Lihua St.
1	行街	Lixing St.
1	言巷	Liyan Ln.
2	街	Liyan St.
2	里	Liyan Vil.
1	誠里	Licheng Vil.
1	賢路	Lixian Rd.
3	1段	Sec. 1, Lixian Rd.
3	2段	Sec. 2, Lixian Rd.
2	里	Lixian Vil.
1	農街1段	Sec. 1, Linong St.
3	2段	Sec. 2, Linong St.
2	里	Linong Vil.
1	道路	Lidao Rd.
1	達街	Lida St.
1	隆街	Lilong St.
1	雲街	Liyun St.
1	鵬路	Lipeng Rd.
0	站前	Zhanqian
2	1街	Zhanqian 1st St.
2	北1路	Zhanqian N. 1st Rd.
3	路	Zhanqian N. Rd.
2	南路	Zhanqian S. Rd.
2	巷	Zhanqian Ln.
2	東路	Zhanqian E. Rd.
2	街	Zhanqian St.
3	復興巷	Fuxing Ln., Zhanqian St.
3	鐵路北舍	Tielubeishe, Zhanqian St.
5	南舍	Tielunanshe, Zhanqian St.
2	西路	Zhanqian W. Rd.
2	路	Zhanqian Rd.
1	區1路	Zhanqu 1st Rd.
2	2路	Zhanqu 2nd Rd.
2	3路	Zhanqu 3rd Rd.
2	5路	Zhanqu 5th Rd.
2	6路	Zhanqu 6th Rd.
2	7路	Zhanqu 7th Rd.
2	8路	Zhanqu 8th Rd.
2	9路	Zhanqu 9th Rd.
2	北路	Zhanqu N. Rd.
2	十路	Zhanqu 10th Rd.
2	南路	Zhanqu S. Rd.
2	路1段	Sec. 1, Zhanqu Rd.
3	2段	Sec. 2, Zhanqu Rd.
3	3段	Sec. 3, Zhanqu Rd.
1	後南路	Zhanhou S. Rd.
1	東街	Zhandong St.
2	路	Zhandong Rd.
1	舍巷	Zhanshe Ln.
0	端正里	Duanzheng Vil.
0	竹5路	Zhu 5th Rd.
3	中原巷	Zhongyuan Ln., Zhu 5th Rd.
3	頂庄巷	Dingzhuang Ln., Zhu 5th Rd.
1	中	Zhuzhong
2	巷	Zhuzhong Ln.
2	街	Zhuzhong St.
2	路	Zhuzhong Rd.
2	里	Zhuzhong Vil.
1	仁街	Zhuren St.
2	里	Zhuren Vil.
1	仔尖	Zhuzaijian
2	巷	Zhuzai Ln.
2	腳路	Zhuzaijiao Rd.
2	苓	Zhuzailing
1	元村	Zhuyuan Vil.
1	光路	Zhuguang Rd.
1	內里	Zhunei Vil.
1	北巷	Zhubei Ln.
2	路	Zhubei Rd.
2	里	Zhubei Vil.
1	南	Zhunan
2	村	Zhunan Vil.
2	街	Zhunan St.
2	路	Zhunan Rd.
2	里	Zhunan Vil.
1	和路	Zhuhe Rd.
1	圍	Zhuwei
2	1街	Zhuwei 1st St.
2	2巷	Zhuwei 2nd Ln.
2	3路	Zhuwei 3rd Rd.
2	4路	Zhuwei 4th Rd.
2	中街	Zhuwei Central St.
2	仔	Zhuweizai
3	街	Zhuweizai St.
2	內	Zhuweinei
2	北街	Zhuwei N. St.
2	南街	Zhuwei S. St.
2	子	Zhuweizi
2	巷	Zhuwei Ln.
2	後	Zhuweihou
2	村	Zhuwei Vil.
2	東巷	Zhuwei E. Ln.
3	街	Zhuwei E. St.
2	街	Zhuwei St.
2	西巷	Zhuwei W. Ln.
3	街	Zhuwei W. St.
2	路	Zhuwei Rd.
2	里	Zhuwei Vil.
3	崁腳	Kanjiao, Zhuwei Vil.
1	園1街	Zhuyuan 1st St.
2	2街	Zhuyuan 2nd St.
2	村	Zhuyuan Vil.
2	街	Zhuyuan St.
2	路	Zhuyuan Rd.
2	里	Zhuyuan Vil.
1	坑	Zhukeng
2	巷	Zhukeng Ln.
2	村	Zhukeng Vil.
1	坡村	Zhupo Vil.
1	坪巷	Zhuping Ln.
1	埔里	Zhupu Vil.
1	塘村	Zhutang Vil.
2	街	Zhutang St.
1	子山腳	Zhuzi Shanjiau
2	巷	Zhuzi Ln.
2	易	Zhuziyi
2	村	Zhuzi Vil.
2	湖	Zhuzihu
3	路	Zhuzihu Rd.
2	腳	Zhuzijiao
2	街	Zhuzi St.
2	門	Zhuzimen
1	安1路	Zhu'an 1st Rd.
2	2路	Zhu'an 2nd Rd.
2	3路	Zhu'an 3rd Rd.
2	街	Zhu'an St.
2	路	Zhu'an Rd.
2	里	Zhu'an Vil.
1	寮	Zhuliao
2	坑	Zhuliaokeng
2	巷	Zhuliao Ln.
2	村	Zhuliau Vil.
2	路	Zhuliao Rd.
1	山	Zhushan
2	巷	Zhushan Ln.
2	村	Zhushan Vil.
2	溝	Zhushangou
2	路	Zhushan Rd.
2	里	Zhushan Vil.
1	峰里	Zhufeng Vil.
1	崎村	Zhuqi Vil.
1	崙	Zhulun
2	路	Zhulun Rd.
2	里	Zhulun Vil.
1	工1巷	Zhugong 1st Ln.
2	2巷	Zhugong 2nd Ln.
2	3巷	Zhugong 3rd Ln.
2	巷	Zhugong Ln.
1	巷	Zhu Ln.
2	仔	Zhuxiangzai
2	里	Zhuxiang Vil.
1	師路1段	Sec. 1, Zhushi Rd.
3	2段	Sec. 2, Zhushi Rd.
1	後巷	Zhuhou Ln.
2	村	Zhuhou Vil.
1	戈寮	Zhugeliao
1	文街	Zhuwen St.
2	里	Zhuwen Vil.
1	新村	Zhuxin Vil.
1	木村	Zhumu Vil.
1	本村	Zhuben Vil.
1	村	Zhu Vil.
2	1路	Zhucun 1st Rd.
2	2路	Zhucun 2nd Rd.
2	3路	Zhucun 3rd Rd.
2	5路	Zhucun 5th Rd.
2	7路	Zhucun 7th Rd.
2	巷	Zhucun Ln.
2	路	Zhucun Rd.
2	里	Zhucun Vil.
1	東	Zhudong
2	巷	Zhudong Ln.
2	村	Zhudong Vil.
2	路	Zhudong Rd.
2	里	Zhudong Vil.
1	林	Zhulin
2	1路	Zhulin 1st Rd.
2	巷	Zhulin Ln.
2	村	Zhulin Vil.
2	街	Zhulin St.
2	路	Zhulin Rd.
3	1段	Sec. 1, Zhulin Rd.
5	北元巷	Beiyuan Ln., Sec. 1, Zhulin Rd.
5	大新巷	Daxin Ln., Sec. 1, Zhulin Rd.
4	街	1st St., Zhulin Rd.
3	2段	Sec. 2, Zhulin Rd.
5	大橋巷	Daqiao Ln., Sec. 2, Zhulin Rd.
4	街	2nd St., Zhulin Rd.
3	3段	Sec. 3, Zhulin Rd.
4	街	3rd St., Zhulin Rd.
2	里	Zhulin Vil.
1	森	Zhusen
2	村	Zhusen Vil.
1	楠路	Zhunan Rd.
1	業巷	Zhuye Ln.
1	榮街	Zhurong St.
1	橋	Zhuqiao
2	村	Zhuqiao Vil.
1	正路	Zhuzheng Rd.
1	民巷	Zhumin Ln.
2	路	Zhumin Rd.
1	港	Zhugang
2	村	Zhugang Vil.
1	湖	Zhuhu
2	巷	Zhuhu Ln.
2	村	Zhuhu Vil.
3	移民	Yimin, Zhuhu Vil.
1	源街	Zhuyuan St.
1	溪巷	Zhuxi Ln.
2	街	Zhuxi St.
2	路	Zhuxi Rd.
2	里	Zhuxi Vil.
1	滬村	Zhuhu Vil.
1	灣村	Zhuwan Vil.
1	營里	Zhuying Vil.
1	田1巷	Zhutian 1st Ln.
2	巷	Zhutian Ln.
2	村	Zhutian Vil.
2	路	Zhutian Rd.
1	社路	Zhushe Rd.
1	福路	Zhufu Rd.
3	詔安巷	Zhao'an Ln., Zhufu Rd.
1	窩子	Zhuwozi
1	站路	Zhuzhan Rd.
1	箋寮巷	Zhujianliao Ln.
1	篙厝	Zhugaocuo
2	山	Zhugao Mountain
2	灣	Zhugaowan
2	里	Zhugau Vil.
1	美路1段	Sec. 1, Zhumei Rd.
3	2段	Sec. 2, Zhumei Rd.
1	義街	Zhuyi St.
2	路	Zhuyi Rd.
2	里	Zhuyi Vil.
1	翠里	Zhucui Vil.
1	興1街	Zhuxing 1st St.
2	2街	Zhuxing 2nd St.
2	3街	Zhuxing 3rd St.
2	街	Zhuxing St.
2	路	Zhuxing Rd.
2	里	Zhuxing Vil.
1	茂	Zhumao
1	茹巷	Zhuru Ln.
1	華村	Zhuhua Vil.
1	蓮街	Zhulian St.
2	里	Zhulian Vil.
1	西巷	Zhuxi Ln.
2	村	Zhuxi Vil.
2	路	Zhuxi Rd.
3	中州巷	Zhongzhou Ln., Zhuxi Rd.
3	永興巷	Yongxing Ln., Zhuxi Rd.
2	里	Zhuxi Vil.
1	豐巷	Zhufeng Ln.
2	村	Zhufeng Vil.
1	銑櫃	Zhuxiangui
1	門	Zhumen
2	巷	Zhumen Ln.
2	街	Zhumen St.
2	里	Zhumen Vil.
1	雲巷	Zhuyun Ln.
1	頭	Zhutou
2	仔路	Zhutouzai Rd.
2	圍	Zhutouwei
2	尾	Zhutouwei
2	崎	Zhutouqi
1	香北路	Zhuxiang N. Rd.
2	南路	Zhuxiang S. Rd.
1	高厝	Zhugaocuo
2	屋	Zhugaowu
2	新村	Zhugao New Vil.
1	鹿路	Zhulu Rd.
3	保安巷	Bao'an Ln., Zhulu Rd.
4	民巷	Baomin Ln., Zhulu Rd.
3	竹圍巷	Zhuwei Ln., Zhulu Rd.
3	西南巷	Xinan Ln., Zhulu Rd.
1	龍路	Zhulong Rd.
0	竿子寮	Ganziliao
1	蓁1街	Ganzhen 1st St.
2	2街	Ganzhen 2nd St.
2	坑	Ganzhenkeng
2	林	Ganzhenlin
2	里	Ganzhen Vil.
0	笨子港	Benzigang
1	港村	Bengang Vil.
0	第31號碼頭	31st Wharf
2	2號碼頭	32nd Wharf
2	3號碼頭	33th Wharf
2	4號碼頭	34th Wharf
2	5號碼頭	35th Wharf
2	6號碼頭	36th Wharf
2	7號碼頭	37th Wharf
2	8號碼頭	38th Wharf
2	9號碼頭	39th Wharf
1	41號碼頭	41st Wharf
2	2號碼頭	42nd Wharf
2	3號碼頭	43rd Wharf
2	4號碼頭	44th Wharf
2	5號碼頭	45th Wharf
2	6號碼頭	46th Wharf
2	7號碼頭	47th Wharf
2	8號碼頭	48th Wharf
2	9號碼頭	49th Wharf
1	51號碼頭	51st Wharf
2	2號碼頭	52nd Wharf
2	3號碼頭	53rd Wharf
2	4號碼頭	54th Wharf
2	5號碼頭	55th Wharf
2	6號碼頭	56th Wharf
1	63號碼頭	63rd Wharf
2	5號碼頭	65th Wharf
2	6號碼頭	66th Wharf
2	8號碼頭	68th Wharf
2	9號碼頭	69th Wharf
1	71號碼頭	71st Wharf
2	2號碼頭	72nd Wharf
2	3號碼頭	73rd Wharf
2	4號碼頭	74th Wharf
2	5號碼頭	75th Wharf
2	6號碼頭	76th Wharf
2	7號碼頭	77th Wharf
2	8號碼頭	78th Wharf
2	9號碼頭	79th Wharf
1	81號碼頭	81st Wharf
1	一商場	1st Market
2	富康農莊	Fukang 1st Farm
2	市場	1st Market
2	橫街	1st Side St.
1	七十號碼頭	70th Wharf
2	橫街	7th Side St.
1	三十號碼頭	30th Wharf
2	商場	3rd Market
2	市場	3rd Market
2	橫街	3rd Side St.
2	農場	3th Farm
1	二商場	2nd Market
2	富康農莊	Fukang 2nd Farm
2	市場	2nd Market
4	一棟	1st Bldg., 2nd Market
4	七棟	7th Bldg., 2nd Market
4	三棟	3rd Bldg., 2nd Market
4	九棟	9th Bldg., 2nd Market
4	二棟	2nd Bldg., 2nd Market
4	五棟	5th Bldg., 2nd Market
4	八棟	8th Bldg., 2nd Market
4	六棟	6th Bldg., 2nd Market
4	十一棟	11th Bldg., 2nd Market
5	棟	10th Bldg., 2nd Market
4	四棟	4th Bldg., 2nd Market
2	橫街	2nd Side St.
1	五十號碼頭	50th Wharf
2	橫街	5th Side St.
4	中和巷	Zhonghe Ln.,5th Side St.
1	八十號碼頭	80th Wharf
1	六橫街	6th Side St.
1	四十號碼頭	40th Wharf
2	商場	4th Market
2	橫街	4th Side St.
0	筆秀村	Bixiu Vil.
2	東路	Bixiu E. Rd.
4	光明巷	Guangming Ln., Bixiu E. Rd.
2	路	Bixiu Rd.
3	信義巷	Xinyi Ln., Bixiu Rd.
3	和平巷	Heping Ln., Bixiu Rd.
3	廟前巷	Miaoqian Ln., Bixiu Rd.
3	忠孝巷	Zhongxiao Ln., Bixiu Rd.
3	秀成巷	Xiucheng Ln., Bixiu Rd.
3	農舍巷	Nongshe Ln., Bixiu Rd.
0	筏堤東街1段	Sec. 1, Fati E. St.
2	西街1段	Sec. 1, Fati W. St.
1	子東街1段	Sec. 1, Fazi E. St.
4	2段	Sec. 2, Fazi E. St.
2	頭	Fazitou
1	灣村	Fawan Vil.
1	路頭	Falutou
3	巷	Falutou Ln.
0	筧橋路	Jianqiao Rd.
1	窩	Jianwo
0	箔子	Bozi
2	寮	Boziliao
0	箕湖村	Jihu Vil.
0	管事厝	Guanshicuo
1	仲南路	Guanzhong S. Rd.
2	路	Guanzhong Rd.
1	厝街	Guancuo St.
1	寮	Guanliao
2	村	Guanliau Vil.
0	箭瑛路	Jianying Rd.
1	竹坑	Jianzhukeng
2	窩	Jianzhuwo
0	節約街	Jieyue St.
0	築城里	Zhucheng Vil.
1	港巷	Zhugang Ln.
2	路	Zhugang Rd.
3	築港巷	Zhugang Ln., Zhugang Rd.
0	篤信街	Duxin St.
1	加	Dujia
2	村	Dujia Vil.
1	實巷	Dushi Ln.
1	敬路	Dujing Rd.
1	行	Duxing
2	1路	Duxing 1st Rd.
2	新城	Duxing Xincheng
2	路	Duxing Rd.
3	1段	Sec. 1, Duxing Rd.
3	2段	Sec. 2, Duxing Rd.
3	3段	Sec. 3, Duxing Rd.
5	玉平巷	Yuping Ln., Sec. 3, Duxing Rd.
2	里	Duxing Vil.
1	誠街	Ducheng St.
1	農村	Dunong Vil.
0	籃厝	Lancuo
1	口巷	Lankou Ln.
1	城1巷	Lancheng 1st Ln.
2	2巷	Lancheng 2nd Ln.
2	3巷	Lancheng 3rd Ln.
2	4巷	Lancheng 4th Ln.
2	5巷	Lancheng 5th Ln.
2	6巷	Lancheng 6th Ln.
2	路	Lancheng Rd.
2	里	Lancheng Vil.
1	子厝	Lanzicuo
0	籐寮仔	Tengliaozai
1	湖巷	Tenghu Ln.
0	籠埔路	Longpu Rd.
1	山路	Longshan Rd.
0	籬仔內路	Lizainei Rd.
0	米亞丸	Miyawan
1	倉	Micang
2	村	Micang Vil.
1	堤街	Miti St.
1	崙村	Milun Vil.
1	市園	Mishiyuan
2	街	Mishi St.
1	棧1段	Mizhan Sec. 1,
2	2段	Mizhan Sec. 2,
2	村	Mizhan Vil.
1	粉宮	Mifen Temple
2	街	Mifen St.
0	粉寮	Fenliao
2	1街	Fenliao 1st St.
2	巷	Fenliau Ln.
2	路1段	Sec. 1, Fenliao Rd.
3	2段	Sec. 2, Fenliao Rd.
2	醒吾新村	Fenliao, Xingwu New Vil.
1	鳥林	Fenniaolin
0	粗坑	Cukeng
2	口路	Cukengkou Rd.
2	巷	Cukeng Ln.
2	路	Cukeng Rd.
2	里	Cukeng Vil.
1	溪	Cuxi
2	村	Cuxi Vil.
1	石斛	Cushihu
1	窟	Cuku
2	村	Cuku Vil.
0	粟仔園	Suzaiyuan
0	粵寧街	Yuening St.
3	中路巷	Zhonglu Ln., Yuening St.
2	里	Yuening Vil.
1	江街	Yuejiang St.
0	精1路	Jing 1st Rd.
1	工路	Jinggong Rd.
1	忠1街	Jingzhong 1st St.
2	2街	Jingzhong 2nd St.
2	3街	Jingzhong 3rd St.
2	一村	Jingzhong 1st Vil.
2	七村	Jingzhong 7th Vil.
2	巷	Jingzhong Ln.
2	新城	Jingzhong Xincheng
3	村	Jingzhong New Vil.
4	一棟	1st Bldg., Jingzhong New Vil.
6	1樓	1 F, 1st Bldg., Jingzhong New Vil.
6	2樓	2 F, 1st Bldg., Jingzhong New Vil.
6	3樓	3 F, 1st Bldg., Jingzhong New Vil.
6	4樓	4 F, 1st Bldg., Jingzhong New Vil.
4	三棟	3rd Bldg., Jingzhong New Vil.
6	1樓	1 F, 3rd Bldg., Jingzhong New Vil.
6	2樓	2 F, 3rd Bldg., Jingzhong New Vil.
6	3樓	3 F, 3rd Bldg., Jingzhong New Vil.
6	4樓	4 F, 3rd Bldg., Jingzhong New Vil.
4	二棟	2nd Bldg., Jingzhong New Vil.
6	1樓	1 F, 2nd Bldg., Jingzhong New Vil.
6	2樓	2 F, 2nd Bldg., Jingzhong New Vil.
6	3樓	3 F, 2nd Bldg., Jingzhong New Vil.
6	4樓	4 F, 2nd Bldg., Jingzhong New Vil.
4	五棟	5th Bldg., Jingzhong New Vil.
6	1樓	1 F, Wudongyilou, Jingzhong New Vil.
6	2樓	2 F, Wudong'erlou, Jingzhong New Vil.
6	3樓	3 F, Wudongsanlou, Jingzhong New Vil.
6	4樓	4 F, Wudongsilou, Jingzhong New Vil.
4	六棟	6th Bldg., Jingzhong New Vil.
6	1樓	1 F, 6th Bldg., Jingzhong New Vil.
6	2樓	2 F, 6th Bldg., Jingzhong New Vil.
6	3樓	3 F, 6th Bldg., Jingzhong New Vil.
6	4樓	4 F, 6th Bldg., Jingzhong New Vil.
4	四棟	4th Bldg., Jingzhong New Vil.
6	1樓	1 F, 4th Bldg., Jingzhong New Vil.
6	2樓	2 F, 4th Bldg., Jingzhong New Vil.
6	3樓	3 F, 4th Bldg., Jingzhong New Vil.
6	4樓	4 F, 4th Bldg., Jingzhong New Vil.
2	村	Jingzhong Vil.
2	街	Jingzhong St.
2	路	Jingzhong Rd.
2	里	Jingzhong Vil.
1	明1街	Jingming 1st St.
2	2街	Jingming 2nd St.
2	路	Jingming Rd.
1	武東路	Jingwu E. Rd.
2	街	Jingwu St.
2	路	Jingwu Rd.
1	科1路	Jingke 1st Rd.
2	2路	Jingke 2nd Rd.
2	3路	Jingke 3rd Rd.
2	5路	Jingke 5th Rd.
2	6路	Jingke 6th Rd.
2	7路	Jingke 7th Rd.
2	8路	Jingke 8th Rd.
2	中1路	Jingke Central 1st Rd.
3	2路	Jingke Central 2nd Rd.
3	路	Jingke Central Rd.
2	北路	Jingke N. Rd.
2	南路	Jingke S. Rd.
2	東路	Jingke E. Rd.
2	路	Jingke Rd.
1	美1街	Jingmei 1st St.
2	街	Jingmei St.
2	路	Jingmei Rd.
1	舍街	Jingshe St.
1	英村	Jingying Vil.
1	華街	Jinghua St.
2	里	Jinghua Vil.
1	誠11街	Jingcheng 11th St.
3	2街	Jingcheng 12th St.
3	3街	Jingcheng 13th St.
3	4街	Jingcheng 14th St.
3	5街	Jingcheng 15th St.
3	6街	Jingcheng 16th St.
3	7街	Jingcheng 17th St.
3	8街	Jingcheng 18th St.
3	9街	Jingcheng 19th St.
3	街	Jingcheng 1st St.
2	21街	Jingcheng 21st St.
3	2街	Jingcheng 22nd St.
3	3街	Jingcheng 23rd St.
3	4街	Jingcheng 24th St.
3	5街	Jingcheng 25th St.
3	7街	Jingcheng 27th St.
3	8街	Jingcheng 28th St.
3	9街	Jingcheng 29th St.
3	街	Jingcheng 2nd St.
2	31街	Jingcheng 31st St.
3	街	Jingcheng 3rd St.
2	4街	Jingcheng 4th St.
2	5街	Jingcheng 5th St.
2	6街	Jingcheng 6th St.
2	7街	Jingcheng 7th St.
2	8街	Jingcheng 8th St.
2	9街	Jingcheng 9th St.
2	三十街	Jingcheng 30th St.
2	二十街	Jingcheng 20th St.
2	十街	Jingcheng 10th St.
2	南路	Jingcheng S. Rd.
2	路	Jingcheng Rd.
1	進路	Jingjin Rd.
0	粿店巷	Guodian Ln.
0	糖北1巷	Tang N. 1st Ln.
2	2巷	Tang N. 2nd Ln.
2	3巷	Tang N. 3rd Ln.
2	4巷	Tang N. 4th Ln.
2	5巷	Tang N. 5th Ln.
2	6巷	Tang N. 6th Ln.
2	7巷	Tang N. 7th Ln.
2	8巷	Tang N. 8th Ln.
2	東街	Tangbei E. St.
2	街	Tangbei St.
2	路	Tangbei Rd.
1	南1巷	Tang S. 1st Ln.
2	2街	Tangnan 2nd St.
2	宿舍	Dormitory of Tangnan
2	巷	Tangnan Ln.
2	街	Tangnan St.
2	路	Tangnan Rd.
3	糖南巷	Tangnan Ln., Tangnan Rd.
1	友1街	Tangyou 1st St.
2	2街	Tangyou 2nd St.
2	3街	Tangyou 3rd St.
2	街	Tangyou St.
2	里	Tangyou Vil.
1	工路	Tanggong Rd.
1	廠	Tangchang
2	巷	Tangchang Ln.
2	村	Tangchang Vil.
2	街	Tangchang St.
2	路	Tangchang Rd.
3	廠區1巷	Changqu 1st Ln., Tangchang Rd.
5	2巷	Changqu 2nd Ln., Tangchang Rd.
2	里	Tangchang Vil.
1	東1街	Tangdong 1st St.
2	2街	Tangdong 2nd St.
1	部	Tangbu
2	路	Tangbu Rd.
1	里	Tang Vil.
0	糞箕湖	Fenjihu
2	窩	Fenjiwo
0	糶糴村	Tiaudi Vil.
0	紀念埤巷	Jinanbi Ln.
2	碑	Jinianbei
0	約禮巷	Yueli Ln.
0	紅南坑	Hongnankeng
1	厝村	Hongcuo Vil.
1	嗂	Hongyao
1	土厝路	Hongtucuo Rd.
1	坭坡	Hongnipo
1	寶1街	Hongbao 1st St.
2	3街	Hongbao 3rd St.
2	5街	Hongbao 5th St.
2	7街	Hongbao 7th St.
1	山巷	Hongshan Ln.
2	路	Hongshan Rd.
1	柴路	Hongchai Rd.
1	梅里	Hongmei Vil.
1	樹林路	Hongshulin Rd.
1	橋路	Hongqiao Rd.
1	毛	Hongmao
2	厝	Hongmaocuo
2	埔	Hongmaopu
2	埤	Hongmaopi
2	寮	Hongmaoliao
2	村	Hongmau Vil.
2	港路	Hongmaogang Rd.
2	館	Hongmaoguan
1	水坑	Hongshuikeng
2	子	Hongshuizi
1	河	Honghe
1	竹巷	Hongzhu Ln.
1	筆仔壽	Hongbizaishou
1	羅村	Hongluo Vil.
2	罩	Hongluozhao
1	茄	Hongqie
2	里	Hongjia Vil.
1	葉	Hongye
2	村	Hongye Vil.
2	街	Hongye St.
2	路	Hongye Rd.
1	谷路	Honggu Rd.
1	頭	Hongtou
2	村	Hongtou Vil.
1	龜面	Hongguimian
0	純精路1段	Sec. 1, Chunjing Rd.
3	2段	Sec. 2, Chunjing Rd.
3	3段	Sec. 3, Chunjing Rd.
1	翠里	Chuncui Vil.
0	紗帽路	Shamao Rd.
2	里	Shamau Vil.
0	紙坑	Zhikeng
1	寮窩	Zhiliaowo
1	廠	Zhichang
2	路	Zhichang Rd.
0	素心屯	Suxintun
0	紫來村	Zilai Vil.
1	和路	Zihe Rd.
1	園	Ziyuan
2	1巷	Ziyuan 1st Ln.
2	2巷	Ziyuan 2nd Ln.
2	3巷	Ziyuan 3rd Ln.
2	巷	Ziyuan Ln.
2	街	Ziyuan St.
2	西巷	Ziyuan W. Ln.
1	微南路	Ziwei S. Rd.
2	路	Ziwei Rd.
1	新路	Zixin Rd.
1	星里	Zixing Vil.
1	東里	Zidong Vil.
1	楝路	Zilian Rd.
1	金山莊	Zijin Villa
1	陽里	Ziyang Vil.
1	雲村	Ziyun Vil.
3	崁腳	Kanjiao, Ziyun Vil.
2	街	Ziyun St.
2	里	Ziyun Vil.
0	累藤巷	Leiteng Ln.
0	紹安路	Shao'an Rd.
1	興北街	Shaoxing N. St.
2	南街	Shaoxing S. St.
2	街	Shaoxing St.
2	路	Shaoxing Rd.
0	絨中路	Rongzhong Rd.
0	統埔村	Tongpu Vil.
2	路	Tongpu Rd.
1	嶺巷	Tongling Ln.
2	村	Tongling Vil.
2	路	Tongling Rd.
0	綏平路	Suiping Rd.
1	東路	Suidong Rd.
1	遠1街	Suiyuan 1st St.
2	2街	Suiyuan 2nd St.
2	路1段	Sec. 1, Suiyuan Rd.
3	2段	Sec. 2, Suiyuan Rd.
3	3段	Sec. 3, Suiyuan Rd.
0	經1路	Jing 1st Rd.
1	2路	Jing 2nd Rd.
1	3路	Jing 3rd Rd.
1	4路	Jing 4th Rd.
1	5路	Jing 5th Rd.
1	6路	Jing 6th Rd.
1	中路	Jingzhong Rd.
1	口村	Jingkou Vil.
2	路	Jingkou Rd.
1	國1路	Jingguo 1st Rd.
2	2路	Jingguo 2nd Rd.
2	路	Jingguo Rd.
3	1段	Sec. 1, Jingguo Rd.
3	2段	Sec. 2, Jingguo Rd.
3	3段	Sec. 3, Jingguo Rd.
3	4段	Sec. 4, Jingguo Rd.
3	6段	Sec. 6, Jingguo Rd.
1	園街	Jingyuan St.
1	崙	Jinglun
1	建11路	Jingjian 11th Rd.
3	路	Jingjian 1st Rd.
2	2路	Jingjian 2nd Rd.
2	3路	Jingjian 3rd Rd.
2	4路	Jingjian 4th Rd.
2	5路	Jingjian 5th Rd.
2	6路	Jingjian 6th Rd.
2	7路	Jingjian 7th Rd.
2	8路	Jingjian 8th Rd.
2	9路	Jingjian 9th Rd.
2	街	Jingjian St.
2	路	Jingjian Rd.
1	武路	Jingwu Rd.
1	華路	Jinghua Rd.
1	補路	Jingbu Rd.
1	貿11街	Jingmao 11th St.
3	路	Jingmao 1st Rd.
2	2路	Jingmao 2nd Rd.
4	貿易巷	Maoyi Ln., Jingmao 2nd Rd.
2	3路2段	Sec. 2, Jingmao 3rd Rd.
2	5路	Jingmao 5th Rd.
2	6街	Jingmao 6th St.
2	7路	Jingmao 7th Rd.
2	8路	Jingmao 8th Rd.
2	9路	Jingmao 9th Rd.
2	東路	Jingmao E. Rd.
2	路1段	Sec. 1, Jingmao Rd.
3	2段	Sec. 2, Jingmao Rd.
0	綜合市場	Comprehensive Market
0	綠原巷	Luyuan Ln.
1	園1街	Luyuan 1st St.
2	2街	Luyuan 2nd St.
2	山莊	Luyuan Villa
2	新村	Luyuan New Vil.
2	街	Luyuan St.
2	路	Luyuan Rd.
1	堤街	Luti St.
2	里	Luti Vil.
1	山1街	Lushan 1st St.
4	福陽巷	Fuyang Ln., Lushan 1st St.
2	2街	Lushan 2nd St.
2	3街	Lushan 3rd St.
2	4街	Lushan 4th St.
2	5街	Lushan 5th St.
2	巷	Lushan Ln.
1	川北街	Luchuan N. St.
2	東街	Luchuan E. St.
2	街	Luchuan St.
2	西街	Luchuan W. St.
2	路	Luchuan Rd.
2	里	Luchuan Vil.
1	柳里	Luliu Vil.
1	水路	Lushui Rd.
2	里	Lushui Vil.
1	溪	Luxi
1	獅1街	Lushi 1st St.
2	3街	Lushi 3rd St.
2	5街	Lushi 5th St.
1	筍路	Lusun Rd.
1	美巷	Lumei Ln.
3	烏松崙	Wusonglun, Lumei Ln.
1	能1街	Luneng 1st St.
2	2街	Luneng 2nd St.
2	3街	Luneng 3rd St.
1	苗里	Lumiau Vil.
1	莊巷	Luzhuang Ln.
1	葉街	Luye St.
1	野1街	Luye 1st St.
2	2街	Luye 2nd St.
2	3街	Luye 3rd St.
2	5街	Luye 5th St.
2	6街	Luye 6th St.
2	街	Luye St.
1	陽	Luyang
0	維仁巷	Weiren Ln.
2	街	Weiren St.
2	路	Weiren Rd.
2	里	Weiren Vil.
1	勝街	Weisheng St.
1	和街	Weihe St.
1	安街	Wei'an St.
2	里	Wei'an Vil.
1	德街	Weide St.
2	里	Weide Vil.
1	忠街	Weizhong St.
1	揚路	Weiyang Rd.
1	新巷	Weixin Ln.
2	新村	Weixin New Vil.
2	村	Weixin Vil.
2	東街	Weixin E. St.
2	街	Weixin St.
2	路	Weixin Rd.
3	光明1巷	Guangming 1st Ln., Weixin Rd.
5	2巷	Guangming 2nd Ln., Weixin Rd.
5	3巷	Guangming 3rd Ln., Weixin Rd.
5	5巷	Guangming 5th Ln., Weixin Rd.
5	6巷	Guangming 6th Ln., Weixin Rd.
5	7巷	Guangming 7th Ln., Weixin Rd.
5	8巷	Guangming 8th Ln., Weixin Rd.
5	9巷	Guangming 9th Ln., Weixin Rd.
5	十巷	Guangming 10th Ln., Weixin Rd.
2	里	Weixin Vil.
1	東12街	Weidong 12th St.
3	6街	Weidong 16th St.
3	街	Weidong 1st St.
2	2街	Weidong 2nd St.
2	3路	Weidong 3rd Rd.
2	5街	Weidong 5th St.
2	6街	Weidong 6th St.
2	8街	Weidong 8th St.
2	十街	Weidong 10th St.
2	路	Weidong Rd.
1	武路	Weiwu Rd.
1	生里	Weisheng Vil.
1	真街	Weizhen St.
1	祥	Weixiang
2	街	Weixiang St.
2	里	Weixiang Vil.
3	楊屋	Yangwu, Weixiang Vil.
1	興路	Weixing Rd.
2	里	Weixing Vil.
0	網寮	Wangliao
2	村	Wangliau Vil.
2	里	Wangliau Vil.
1	形	Wangxing
1	溪里	Wangxi Vil.
1	紗路	Wangsha Rd.
3	石光巷	Shiguang Ln., Wangsha Rd.
2	里	Wangsha Vil.
3	坑內路	Kengnei Rd., Wangsha Vil.
1	絃	Wangxian
0	綺湖	Qihu
0	綿和路	Mianhe Rd.
0	線伸路	Xianshen Rd.
1	安路	Xian'an Rd.
1	工北1路	Xiangong N. 1st Rd.
3	2路	Xiangong N. 2nd Rd.
3	3路	Xiangong N. 3rd Rd.
3	4路	Xiangong N. 4th Rd.
2	南1路	Xiangong S. 1st Rd.
3	2路	Xiangong S. 2nd Rd.
3	3街	Xiangong S. 3rd St.
3	4路	Xiangong S. 4th Rd.
2	路	Xiangong Rd.
1	平路	Xianping Rd.
1	東路	Xiandong Rd.
3	1段	Sec. 1, Xiandong Rd.
3	2段	Sec. 2, Xiandong Rd.
3	3段	Sec. 3, Xiandong Rd.
3	4段	Sec. 4, Xiandong Rd.
3	5段	Sec. 5, Xiandong Rd.
3	6段	Sec. 6, Xiandong Rd.
3	7段	Sec. 7, Xiandong Rd.
1	西村	Xianxi Vil.
2	路	Xianxi Rd.
0	緝馬灣	Qimawan
0	緞繻村	Duanxu Vil.
0	緯11路	Wei 11th Rd.
2	2路	Wei 12th Rd.
2	路	Wei 1st Rd.
1	2路	Wei 2nd Rd.
1	3路	Wei 3rd Rd.
1	4路	Wei 4th Rd.
1	5路	Wei 5th Rd.
1	6路	Wei 6th Rd.
1	7路	Wei 7th Rd.
1	8路	Wei 8th Rd.
1	9路	Wei 9th Rd.
1	十路	Wei 10th Rd.
0	練武路	Lianwu Rd.
2	里	Lianwu Vil.
0	縣中	Xianzhong
1	口里	Xiankou Vil.
1	安路	Xian'an Rd.
1	庄村	Xianzhuang Vil.
1	府1街	Xianfu 1st St.
2	2街	Xianfu 2nd St.
2	3街	Xianfu 3rd St.
2	5街	Xianfu 5th St.
2	6街	Xianfu 6th St.
2	巷	Xianfu Ln.
2	新村	Xianfu New Vil.
2	路	Xianfu Rd.
1	政11街	Xianzheng 11th St.
3	2街	Xianzheng 12th St.
3	3路	Xianzheng 13th Rd.
3	4街	Xianzheng 14th St.
3	6街	Xianzheng 16th St.
3	7街	Xianzheng 17th St.
3	8街	Xianzheng 18th St.
3	9街	Xianzheng 19th St.
3	街	Xianzheng 1st St.
2	21街	Xianzheng 21st St.
3	街	Xianzheng 2nd St.
3	路	Xianzheng 2nd Rd.
4	南段	Sec. S., Xianzheng 2nd Rd.
2	3街	Xianzheng 3rd St.
2	5街	Xianzheng 5th St.
2	6街	Xianzheng 6th St.
3	路	Xianzheng 6th Rd.
2	7街	Xianzheng 7th St.
2	8街	Xianzheng 8th St.
2	9街	Xianzheng 9th St.
3	路	Xianzheng 9th Rd.
4	南段	Sec. S., Xianzheng 9th Rd.
2	二十路	Xianzheng 20th Rd.
2	北路	Xianzheng N. Rd.
2	十街	Xianzheng 10th St.
2	西路	Xianzheng W. Rd.
1	民大道1段	Sec. 1, Xianmin Blvd.
4	2段	Sec. 2, Xianmin Blvd.
4	3段	Sec. 3, Xianmin Blvd.
1	芬路	Xianfen Rd.
1	華街	Xianhua St.
1	衙里	Xianya Vil.
0	總安街1段	Sec. 1, Zong'an St.
3	2段	Sec. 2, Zong'an St.
1	榮里	Zongrong Vil.
1	爺	Zongye
2	庄	Zongyezhuang
1	頭里	Zongtou Vil.
0	繁昌1街	Fanchang 1st St.
2	2街	Fanchang 2nd St.
2	村	Fanchang Vil.
1	榮村	Fanrong Vil.
2	街	Fanrong St.
1	盛里	Fansheng Vil.
1	華村	Fanhua Vil.
2	路	Fanhua Rd.
1	隆村	Fanlong Vil.
2	街	Fanlong St.
0	織襪1路	Zhiwa 1st Rd.
2	2路	Zhiwa 2nd Rd.
2	3路	Zhiwa 3rd Rd.
0	繼光街	Jiguang St.
2	里	Jiguang Vil.
1	榮里	Jirong Vil.
0	纘祥路	Zuanxiang Rd.
0	缺仔	Quezai
0	羅北里	Luobei Vil.
1	厝	Luocuo
2	村	Luocuo Vil.
2	路1段	Sec. 1, Luocuo Rd.
3	2段	Sec. 2, Luocuo Rd.
3	3段	Sec. 3, Luocuo Rd.
1	娜村	Luona Vil.
1	山	Luoshan
2	村	Luoshan Vil.
1	庵村	Luo'an Vil.
1	斯福路1段	Sec. 1, Roosevelt Rd.
4	2段	Sec. 2, Roosevelt Rd.
4	3段	Sec. 3, Roosevelt Rd.
4	4段	Sec. 4, Roosevelt Rd.
4	5段	Sec. 5, Roosevelt Rd.
4	6段	Sec. 6, Roosevelt Rd.
1	東第三市場	Luodong 3rd Market
2	里	Luodong Vil.
1	榮路	Luorong Rd.
1	永路	Luoyong Rd.
1	浮	Luofu
2	村	Luofu Vil.
1	湖村	Luohu Vil.
1	福路	Luofu Rd.
1	莊1街	Luozhuang 1st St.
2	2街	Luozhuang 2nd St.
2	北街	Luozhuang N. St.
2	街	Luozhuang St.
2	里	Luozhuang Vil.
1	馬路1段	Sec. 1, Luoma Rd.
3	2段	Sec. 2, Luoma Rd.
3	3段	Sec. 3, Luoma Rd.
3	4段	Sec. 4, Luoma Rd.
3	5段	Sec. 5, Luoma Rd.
3	6段	Sec. 6, Luoma Rd.
0	羊城1街	Yangcheng 1st St.
1	林里	Yanglin Vil.
1	橋	Yangqiao
1	灣巷	Yangwan Ln.
1	稠厝	Yangchoucuo
2	坑	Yangchoukeng
2	村	Yangchou Vil.
2	街	Yangchou St.
1	窩村	Yangwo Vil.
1	調村	Yangdiau Vil.
0	羌仔寮	Qiangzailiao
2	崙	Qiangzailun
2	科	Qiangzaike
1	光路	Qiangguang Rd.
1	園巷	Qiangyuan Ln.
2	村	Qiangyuan Vil.
1	子坑	Qiangzikeng
1	母寮	Qiangmuliao
0	美中路	Meizhong Rd.
1	之城	Meizhicheng
3	1街	Meizhicheng 1st St.
3	9街	Meizhicheng 9th St.
1	人路	Meiren Rd.
1	仁巷	Meiren Ln.
2	里	Meiren Vil.
1	侖	Meilun
1	信巷	Meixin Ln.
3	阿里不動	Qalipusungan, Meixin Ln.
1	光街	Meiguang St.
1	功路1段	Sec. 1, Meigong Rd.
3	2段	Sec. 2, Meigong Rd.
1	勝1街	Meisheng 1st St.
2	2街	Meisheng 2nd St.
2	3街	Meisheng 3rd St.
2	4街	Meisheng 4th St.
2	5街	Meisheng 5th St.
2	6街	Meisheng 6th St.
2	7街	Meisheng 7th St.
1	北村	Meibei Vil.
1	南村	Meinan Vil.
2	街	Meinan St.
1	和	Meihe
2	巷	Meihe Ln.
2	村	Meihe Vil.
2	街	Meihe St.
2	路	Meihe Rd.
3	1段	Sec. 1, Meihe Rd.
3	2段	Sec. 2, Meihe Rd.
2	里	Meihe Vil.
1	國路	Meiguo Rd.
1	園	Meiyuan
2	巷	Meiyuan Ln.
1	城1路	Meicheng 1st Rd.
2	2路	Meicheng 2nd Rd.
2	3路	Meicheng 3rd Rd.
2	村	Meicheng Vil.
2	路	Meicheng Rd.
2	里	Meicheng Vil.
1	堤街	Meiti St.
1	學街	Meixue St.
1	宜路	Meiyi Rd.
1	實路	Meishi Rd.
1	寧街	Meining St.
1	寮路1段	Sec. 1, Meiliao Rd.
3	2段	Sec. 2, Meiliao Rd.
1	山街	Meishan St.
2	路	Meishan Rd.
3	1段	Sec. 1, Meishan Rd.
3	2段	Sec. 2, Meishan Rd.
3	市場巷	Shichang Ln., Meishan Rd.
2	里	Meishan Vil.
1	崙	Meilun
2	山新村	Meilunshan New Vil.
2	市場	Meilun Market
2	村	Meilun Vil.
2	街	Meilun St.
1	工3街	Meigong 3rd St.
2	4街	Meigong 4th St.
2	5街	Meigong 5th St.
2	6街	Meigong 6th St.
2	7街	Meigong 7th St.
2	8街	Meigong 8th St.
2	9街	Meigong 9th St.
2	路	Meigong Rd.
1	市街	Meishi St.
1	庄路	Meizhuang Rd.
1	德1街	Meide 1st St.
2	2街	Meide 2nd St.
2	3街	Meide 3rd St.
2	巷	Meide Ln.
2	街	Meide St.
2	里	Meide Vil.
1	昌街	Meichang St.
1	明路	Meiming Rd.
1	村南路	Meicun S. Rd.
2	巷	Meicun Ln.
2	街	Meicun St.
2	路	Meicun Rd.
3	1段	Sec. 1, Meicun Rd.
3	2段	Sec. 2, Meicun Rd.
1	林	Meilin
1	森街	Meisen St.
1	樂街	Meile St.
2	路	Meile Rd.
1	樹街	Meishu St.
1	港公路	Meigang Highway
4	1段	Sec. 1, Meigang Highway
4	2段	Sec. 2, Meigang Highway
4	3段	Sec. 3, Meigang Highway
2	巷	Meigang Ln.
2	村	Meigang Vil.
2	橫巷	Meigang Side Ln.
2	路	Meigang Rd.
1	源村	Meiyuan Vil.
2	街	Meiyuan St.
2	里	Meiyuan Vil.
1	溪巷	Meixi Ln.
2	路1段	Sec. 1, Meixi Rd.
3	2段	Sec. 2, Meixi Rd.
1	滿東1巷	Meiman E. 1st Ln.
3	2巷	Meiman E. 2nd Ln.
3	3巷	Meiman E. 3rd Ln.
2	街	Meiman St.
1	潭里	Meitan Vil.
1	灩山街	Meiyanshan St.
1	田村	Meitian Vil.
2	里	Meitian Vil.
1	福1路	Meifu 1st Rd.
2	2路	Meifu 2nd Rd.
2	3路	Meifu 3rd Rd.
2	5路	Meifu 5th Rd.
2	6路	Meifu 6th Rd.
2	7路	Meifu 7th Rd.
2	村	Meifu Vil.
2	路	Meifu Rd.
3	1段	Sec. 1, Meifu Rd.
3	2段	Sec. 2, Meifu Rd.
3	3段	Sec. 3, Meifu Rd.
1	秀巷	Meixiu Ln.
1	竹街	Meizhu St.
1	群北路	Meiqun N. Rd.
2	路	Meiqun Rd.
1	興街	Meixing St.
2	路	Meixing Rd.
1	華巷	Meihua Ln.
2	路	Meihua Rd.
2	里	Meihua Vil.
1	蘭	Meilan
1	術北1街	Meishu N. 1st St.
3	3路	Meishu N. 3rd Rd.
3	5街	Meishu N. 5th St.
2	南1街	Meishu S. 1st St.
3	2路	Meishu S. 2nd Rd.
3	3路	Meishu S. 3rd Rd.
3	5街	Meishu S. 5th St.
3	6街	Meishu S. 6th St.
2	東1路	Meishu E. 1st Rd.
3	2路	Meishu E. 2nd Rd.
3	3路	Meishu E. 3rd Rd.
3	4路	Meishu E. 4th Rd.
3	5路	Meishu E. 5th Rd.
3	6街	Meishu E. 6th St.
3	7街	Meishu E. 7th St.
3	8街	Meishu E. 8th St.
2	館路	Meishuguan Rd.
1	豐	Meifeng
2	村	Meifeng Vil.
2	街	Meifeng St.
2	里	Meifeng Vil.
1	賢街	Meixian St.
1	農村	Meinong Vil.
1	都路	Meidu Rd.
1	間村	Meijian Vil.
1	雅村	Meiya Vil.
1	麗街	Meili St.
1	齡里	Meiling Vil.
0	群義路	Qunyi Rd.
1	英村	Qunying Vil.
2	街	Qunying St.
2	路	Qunying Rd.
2	里	Qunying Vil.
1	賢里	Qunxian Vil.
0	義1路	Yi 1st Rd.
1	2路	Yi 2nd Rd.
1	3路	Yi 3rd Rd.
1	4路	Yi 4th Rd.
1	5路	Yi 5th Rd.
1	6路	Yi 6th Rd.
1	7路	Yi 7th Rd.
1	9路	Yi 9th Rd.
1	亭村	Yiting Vil.
1	仁村	Yiren Vil.
3	坪頂	Pingding, Yiren Vil.
2	東路	Yiren E. Rd.
2	街	Yiren St.
2	路	Yiren Rd.
1	信里	Yixin Vil.
1	倉里	Yicang Vil.
1	光街	Yiguang St.
1	利街	Yili St.
2	路	Yili Rd.
1	勇街	Yiyong St.
2	路	Yiyong Rd.
2	里	Yiyong Vil.
1	合	Yihe
2	村	Yihe Vil.
1	吉街	Yiji St.
1	和	Yihe
2	1街	Yihe 1st St.
3	路	Yihe 1st Rd.
2	2街	Yihe 2nd St.
3	路	Yihe 2nd Rd.
2	3街	Yihe 3rd St.
3	路	Yihe 3rd Rd.
2	巷	Yihe Ln.
2	村	Yihe Vil.
2	街	Yihe St.
2	路	Yihe Rd.
2	里	Yihe Vil.
1	士路1段	Sec. 1, Yishi Rd.
3	2段	Sec. 2, Yishi Rd.
3	3段	Sec. 3, Yishi Rd.
3	5段	Sec. 5, Yishi Rd.
1	大11街	Yida 11th St.
3	3街	Yida 13th St.
2	2街	Yida 2nd St.
3	路	Yida 2nd Rd.
2	5街	Yida 5th St.
2	6街	Yida 6th St.
2	7街	Yida 7th St.
2	8街	Yida 8th St.
2	路	Yida Rd.
1	學村	Yixue Vil.
1	安街	Yi'an St.
2	路	Yi'an Rd.
2	里	Yi'an Vil.
1	富1路	Yifu 1st Rd.
2	2路	Yifu 2nd Rd.
1	寶村	Yibau Vil.
1	山路1段	Sec. 1, Yishan Rd.
3	2段	Sec. 2, Yishan Rd.
2	里	Yishan Vil.
1	崎	Yiqi
1	工1路	Yigong 1st Rd.
2	2路	Yigong 2nd Rd.
2	3路	Yigong 3rd Rd.
1	平路	Yiping Rd.
1	幸里	Yixing Vil.
1	庄村	Yizhuang Vil.
1	德1路	Yide 1st Rd.
2	2路	Yide 2nd Rd.
2	村	Yide Vil.
2	街	Yide St.
2	路	Yide Rd.
2	里	Yide Vil.
1	忠街	Yizhong St.
1	成路1段	Sec. 1, Yicheng Rd.
3	2段	Sec. 2, Yicheng Rd.
3	3段	Sec. 3, Yicheng Rd.
5	安居巷	Anju Ln., Sec. 3, Yicheng Rd.
5	臺電巷	Taidian Ln., Sec. 3, Yicheng Rd.
1	教東路	Yijiao E. Rd.
2	街	Yijiao St.
2	西路	Yijiao W. Rd.
1	新路	Yixin Rd.
1	方街	Yifang St.
2	里	Yifang Vil.
1	昌巷	Yichang Ln.
2	街	Yichang St.
2	路	Yichang Rd.
2	里	Yichang Vil.
1	明街	Yiming St.
1	昭里	Yizhao Vil.
1	村里	Yicun Vil.
1	東街	Yidong St.
1	林	Yilin
2	11街	Yilin 11th St.
3	2街	Yilin 12th St.
3	街	Yilin 1st St.
2	2街	Yilin 2nd St.
2	3街	Yilin 3rd St.
2	5街	Yilin 5th St.
2	6街	Yilin 6th St.
2	7街	Yilin 7th St.
2	8街	Yilin 8th St.
2	9街	Yilin 9th St.
2	十街	Yilin 10th St.
2	南路	Yilin S. Rd.
2	村	Yilin Vil.
2	路	Yilin Rd.
1	橋	Yiqiao
1	民巷	Yimin Ln.
2	村	Yimin Vil.
2	街	Yimin St.
2	路	Yimin Rd.
3	1段	Sec. 1, Yimin Rd.
3	2段	Sec. 2, Yimin Rd.
3	3段	Sec. 3, Yimin Rd.
2	里	Yimin Vil.
1	永路	Yiyong Rd.
1	洲路1段	Sec. 1, Yizhou Rd.
3	2段	Sec. 2, Yizhou Rd.
3	3段	Sec. 3, Yizhou Rd.
1	理街	Yili St.
1	發街	Yifa St.
2	路	Yifa Rd.
1	盛村	Yisheng Vil.
1	稠	Yichou
2	里	Yichou Vil.
1	竹	Yizhu
2	巷	Yizhu Ln.
2	村	Yizhu Vil.
2	街	Yizhu St.
1	美路	Yimei Rd.
1	興	Yixing
2	南街	Yixing S. St.
2	村	Yixing Vil.
2	街	Yixing St.
2	路	Yixing Rd.
2	里	Yixing Vil.
1	芳街	Yifang St.
1	華路	Yihua Rd.
1	豐街	Yifeng St.
1	賢路	Yixian Rd.
1	里村	Yili Vil.
1	重里	Yichong Vil.
1	門巷	Yimen Ln.
1	隆村	Yilong Vil.
2	街	Yilong St.
1	雅巷	Yiya Ln.
0	翁園村	Wengyuan Vil.
2	路	Wengyuan Rd.
1	子里	Wengzi Vil.
1	明里	Wengming Vil.
1	社里	Wengshe Vil.
0	翠亨北路	Cuiheng N. Rd.
2	南路	Cuiheng S. Rd.
2	路	Cuiheng Rd.
1	和街	Cuihe St.
1	園	Cuiyuan
1	堤路	Cuiti Rd.
1	宜路	Cuiyi Rd.
1	屏巷	Cuiping Ln.
2	村	Cuiping Vil.
2	路	Cuiping Rd.
2	里	Cuiping Vil.
1	山街	Cuishan St.
2	里	Cuishan Vil.
1	岱里	Cuidai Vil.
1	峰街	Cuifeng St.
2	路	Cuifeng Rd.
1	嶺路	Cuiling Rd.
1	巒路	Cuiluan Rd.
1	文街	Cuiwen St.
1	明路	Cuiming Rd.
1	村街	Cuicun St.
1	福街	Cuifu St.
1	禮街	Cuili St.
1	華巷	Cuihua Ln.
2	街	Cuihua St.
2	路	Cuihua Rd.
1	谷街	Cuigu St.
1	雲街	Cuiyun St.
0	翡翠路	Feicui Rd.
0	翰林別莊	Hanlin Villa
2	街	Hanlin St.
1	第里	Handi Vil.
0	老佛路	Laofo Rd.
1	古里	Laugu Vil.
1	吸街	Laoxi St.
1	埤村	Laupi Vil.
1	屋	Laowu
1	崎	Laoqi
1	崩山	Laobengshan
1	師里	Laushi Vil.
1	庄	Laozhuang
2	里	Lauzhuang Vil.
1	庚寮	Laogengliao
1	梅村	Laumei Vil.
2	路	Laomei Rd.
1	泉村	Lauquan Vil.
2	街	Laoquan St.
2	里	Lauquan Vil.
1	潭巷	Laotan Ln.
1	爺2街	Laoye 2nd St.
2	4街	Laoye 4th St.
2	里	Lauye Vil.
1	社寮	Laosheliao
1	莊路	Laozhuang Rd.
1	街	Lao St.
0	考潭	Kaotan
2	村	Kautan Vil.
1	試潭	Kaoshitan
2	里	Kaushi Vil.
0	耆老村	Qilau Vil.
2	路	Qilao Rd.
0	聖亭路	Shengting Rd.
3	八德段	Sec. Bade, Shengting Rd.
1	公巷	Shenggong Ln.
2	路	Shenggong Rd.
1	前里	Shengqian Vil.
1	化巷	Shenghua Ln.
2	村	Shenghua Vil.
1	北里	Shengbei Vil.
1	南	Shengnan
2	街	Shengnan St.
2	里	Shengnan Vil.
1	右	Shengyou
1	后里	Shenghou Vil.
1	天路	Shengtian Rd.
1	安1街	Sheng'an 1st St.
2	2街	Sheng'an 2nd St.
2	街	Sheng'an St.
2	路	Sheng'an Rd.
1	宮路	Shenggong Rd.
1	山里	Shengshan Vil.
1	帝里	Shengdi Vil.
1	後街	Shenghou St.
1	得路	Shengde Rd.
1	德2街	Shengde 2nd St.
2	北路	Shengde N. Rd.
2	巷	Shengde Ln.
2	街	Shengde St.
2	路	Shengde Rd.
3	1段	Sec. 1, Shengde Rd.
3	2段	Sec. 2, Shengde Rd.
1	心1街	Shengxin 1st St.
2	2街	Shengxin 2nd St.
2	路	Shengxin Rd.
1	愛路	Sheng'ai Rd.
1	景路	Shengjing Rd.
1	東路	Shengdong Rd.
1	森路	Shengsen Rd.
1	母2路	Shengmu 2nd Rd.
2	5街	Shengmu 5th St.
2	7路	Shengmu 7th Rd.
2	8街	Shengmu 8th St.
2	9路	Shengmu 9th Rd.
2	街	Shengmu St.
2	路	Shengmu Rd.
1	湖新村	Shenghu New Vil.
2	路	Shenghu Rd.
2	里	Shenghu Vil.
1	溪1路	Shengxi 1st Rd.
2	2路	Shengxi 2nd Rd.
2	3路	Shengxi 3rd Rd.
1	王崎下	Shengwangqixia
2	街	Shengwang St.
1	瑤東路	Shengyao E. Rd.
2	西路1段	Sec. 1, Shengyao W. Rd.
4	2段	Sec. 2, Shengyao W. Rd.
1	福里	Shengfu Vil.
1	西里	Shengxi Vil.
1	賢村	Shengxian Vil.
2	路	Shengxian Rd.
1	軍路	Shengjun Rd.
1	雲街	Shengyun St.
1	龍街	Shenglong St.
0	聚仙里	Juxian Vil.
1	安里	Ju'an Vil.
1	德里	Jude Vil.
1	盛里	Jusheng Vil.
1	福街	Jufu St.
1	興工1路	Juxinggong 1st Rd.
3	2路	Juxinggong 2nd Rd.
2	村	Juxing Vil.
2	路	Juxing Rd.
1	英里	Juying Vil.
1	葉里	Juye Vil.
1	賢路	Juxian Rd.
0	聯合村	Lianhe Vil.
1	和新村	Lianhe New Vil.
2	街	Lianhe St.
1	大	Lianda
2	南路	Lianda S. Rd.
1	太路	Liantai Rd.
1	怡路	Lianyi Rd.
1	成里	Liancheng Vil.
1	明1街	Lianming 1st St.
2	2街	Lianming 2nd St.
2	街	Lianming St.
1	發街	Lianfa St.
1	福巷	Lianfu Ln.
2	街	Lianfu St.
3	聯福巷	Lianfu Ln., Lianfu St.
1	美村	Lianmei Vil.
2	路	Lianmei Rd.
1	翠里	Liancui Vil.
1	興1街	Lianxing 1st St.
2	2街	Lianxing 2nd St.
2	3街	Lianxing 3rd St.
2	路	Lianxing Rd.
2	里	Lianxing Vil.
1	華街	Lianhua St.
1	豐路	Lianfeng Rd.
1	通街	Liantong St.
1	邦巷	Lianbang Ln.
0	聽濤街	Tingtao St.
2	路	Tingtao Rd.
1	竹街	Tingzhu St.
0	肇興里	Zhaoxing Vil.
0	肚仔坪路	Duzaiping Rd.
1	兜角	Dudoujiao
0	股坑巷	Gukeng Ln.
1	聲巷	Gusheng Ln.
0	育人路	Yuren Rd.
1	仁南路	Yuren S. Rd.
2	巷	Yuren Ln.
2	街	Yuren St.
2	路	Yuren Rd.
3	1段	Sec. 1, Yuren Rd.
3	2段	Sec. 2, Yuren Rd.
2	里	Yuren Vil.
1	北街	Yubei St.
1	南街	Yunan St.
1	善1街	Yushan 1st St.
2	街	Yushan St.
1	嬰	Yuying
2	巷	Yuying Ln.
1	安1街	Yu'an 1st St.
2	2街	Yu'an 2nd St.
2	3街	Yu'an 3rd St.
2	4街	Yu'an 4th St.
2	街	Yu'an St.
1	平1街	Yuping 1st St.
2	2街	Yuping 2nd St.
2	3街	Yuping 3rd St.
2	4街	Yuping 4th St.
2	5街	Yuping 5th St.
2	6街	Yuping 6th St.
2	7街	Yuping 7th St.
2	8街	Yuping 8th St.
2	9街	Yuping 9th St.
2	路	Yuping Rd.
2	里	Yuping Vil.
1	強街	Yuqiang St.
1	德11街	Yude 11th St.
3	街	Yude 1st St.
2	2街	Yude 2nd St.
3	路	Yude 2nd Rd.
2	3街	Yude 3rd St.
2	5街	Yude 5th St.
2	7街	Yude 7th St.
2	9街	Yude 9th St.
2	北路	Yude N. Rd.
2	巷	Yude Ln.
2	街	Yude St.
2	路	Yude Rd.
2	里	Yude Vil.
1	成1街	Yucheng 1st St.
2	2街	Yucheng 2nd St.
2	3街	Yucheng 3rd St.
2	路	Yucheng Rd.
1	才北路	Yucai N. Rd.
2	南街	Yucai S. St.
2	巷	Yucai Ln.
2	街	Yucai St.
2	路	Yucai Rd.
2	里	Yucai Vil.
1	文街	Yuwen St.
2	路	Yuwen Rd.
1	新巷	Yuxin Ln.
1	智街	Yuzhi St.
2	路	Yuzhi Rd.
1	林街	Yulin St.
1	樂1街	Yule 1st St.
2	巷	Yule Ln.
2	新村	Yule New Vil.
2	街	Yule St.
2	路	Yule Rd.
2	里	Yule Vil.
1	民巷	Yumin Ln.
2	街	Yumin St.
1	溪路	Yuxi Rd.
1	祥街	Yuxiang St.
1	禮街	Yuli St.
1	群街	Yuqun St.
2	路	Yuqun Rd.
1	興街	Yuxing St.
1	英1街	Yuying 1st St.
2	2街	Yuying 2nd St.
2	3街	Yuying 3rd St.
2	5街	Yuying 5th St.
2	6街	Yuying 6th St.
2	7街	Yuying 7th St.
2	8街	Yuying 8th St.
2	北街	Yuying N. St.
2	南街	Yuying S. St.
2	巷	Yuying Ln.
2	街	Yuying St.
3	南苑	Nanyuan, Yuying St.
3	女中宿舍	Nuzhongsushe, Yuying St.
2	路	Yuying Rd.
3	實中巷	Shizhong Ln., Yuying Rd.
3	文化巷	Wenhua Ln., Yuying Rd.
2	里	Yuying Vil.
1	誠街	Yucheng St.
1	賢街	Yuxian St.
2	路	Yuxian Rd.
2	里	Yuxian Vil.
1	農巷	Yunong Ln.
1	達路	Yuda Rd.
3	2段	Sec. 2, Yuda Rd.
1	金路	Yujin Rd.
1	隆路	Yulong Rd.
1	龍路	Yulong Rd.
0	胡厝寮	Hucuoliao
2	巷	Hucuo Ln.
2	路	Hucuo Rd.
2	里	Hucuo Vil.
1	家里	Hujia Vil.
0	能仁街	Nengren St.
1	雅	Nengya
0	腦寮	Naoliao
2	庄	Naoliaozhuang
1	窟寮	Naokuliao
0	腳帛寮	Jiaoboliao
1	腿仔大道	Jiaotuizai Blvd.
0	膽曼	Danman
0	臥牛巷	Woniu Ln.
1	龍街	Wolong St.
2	路	Wolong Rd.
2	里	Wolong Vil.
0	臨安路1段	Sec. 1, Lin'an Rd.
3	2段	Sec. 2, Lin'an Rd.
1	東里	Lindong Vil.
1	水南路	Linshui S. Rd.
1	江街	Linjiang St.
2	路	Linjiang Rd.
2	里	Linjiang Vil.
1	沂街	Linyi St.
1	海1路	Linhai 1st Rd.
2	2路	Linhai 2nd Rd.
2	3路	Linhai 3rd Rd.
2	別墅	Linhai Villa
2	新村	Linhai New Vil.
3	路	Linhaixin Rd.
2	街	Linhai St.
2	路	Linhai Rd.
3	1段	Sec. 1, Linhai Rd.
3	2段	Sec. 2, Linhai Rd.
3	3段	Sec. 3, Linhai Rd.
3	民有巷	Minyou Ln., Linhai Rd.
3	海關巷	Haiguan Ln., Linhai Rd.
2	里	Linhai Vil.
1	港東路1段	Sec. 1, Lingang E. Rd.
4	2段	Sec. 2, Lingang E. Rd.
2	路	Lingang Rd.
3	1段	Sec. 1, Lingang Rd.
3	2段	Sec. 2, Lingang Rd.
3	3段	Sec. 3, Lingang Rd.
3	4段	Sec. 4, Lingang Rd.
3	5段	Sec. 5, Lingang Rd.
3	6段	Sec. 6, Lingang Rd.
3	7段	Sec. 7, Lingang Rd.
1	溝里	Lingou Vil.
1	溪路	Linxi Rd.
2	里	Linxi Vil.
1	潼街	Lintong St.
0	自來街	Zilai St.
1	信街	Zixin St.
2	里	Zixin Vil.
1	力路	Zili Rd.
2	里	Zili Vil.
1	助街	Zizhu St.
2	里	Zizhu Vil.
1	勉新村	Zimian New Vil.
2	路	Zimian Rd.
2	里	Zimian Vil.
1	安里	Zi'an Vil.
1	強	Ziqiang
2	1街	Ziqiang 1st St.
3	路	Ziqiang 1st Rd.
2	2街	Ziqiang 2nd St.
3	路	Ziqiang 2nd Rd.
2	3街	Ziqiang 3rd St.
3	路	Ziqiang 3rd Rd.
2	4街	Ziqiang 4th St.
3	路	Ziqiang 4th Rd.
2	5街	Ziqiang 5th St.
3	路	Ziqiang 5th Rd.
2	6街	Ziqiang 6th St.
3	路	Ziqiang 6th Rd.
2	7街	Ziqiang 7th St.
3	路	Ziqiang 7th Rd.
2	8街	Ziqiang 8th St.
2	9街	Ziqiang 9th St.
2	乙村	Ziqiangyi Vil.
2	北路	Ziqiang N. Rd.
2	南街	Ziqiang S. St.
3	路	Ziqiang S. Rd.
2	巷	Ziqiang Ln.
2	新村	Ziqiang New Vil.
3	路	Ziqiangxin Rd.
2	村	Ziqiang Vil.
2	東路	Ziqiang E. Rd.
2	甲村	Ziqiangjia Vil.
2	莊	Ziqiang Vil.
2	街	Ziqiang St.
3	1段	Sec. 1, Ziqiang St.
3	2段	Sec. 2, Ziqiang St.
3	3段	Sec. 3, Ziqiang St.
2	西路	Ziqiang W. Rd.
2	路	Ziqiang Rd.
3	1段	Sec. 1, Ziqiang Rd.
3	2段	Sec. 2, Ziqiang Rd.
3	3段	Sec. 3, Ziqiang Rd.
4	街	3rd St., Ziqiang Rd.
3	4段	Sec. 4, Ziqiang Rd.
3	5段	Sec. 5, Ziqiang Rd.
3	埔頂巷	Puding Ln., Ziqiang Rd.
3	忠孝巷	Zhongxiao Ln., Ziqiang Rd.
3	自強巷	Ziqiang Ln., Ziqiang Rd.
3	華泰巷	Huatai Ln., Ziqiang Rd.
2	里	Ziqiang Vil.
1	忠	Zizhong
2	2街	Zizhong 2nd St.
2	3街	Zizhong 3rd St.
2	街	Zizhong St.
2	里	Zizhong Vil.
1	成街	Zicheng St.
1	樂街	Zile St.
1	治北街	Zizhi N. St.
2	南街	Zizhi S. St.
2	巷	Zizhi Ln.
2	新村	Zizhi New Vil.
2	街	Zizhi St.
2	路	Zizhi Rd.
2	里	Zizhi Vil.
1	然街	Ziran St.
1	由1街	Ziyou 1st St.
3	路	Ziyou 1st Rd.
2	2街	Ziyou 2nd St.
3	路	Ziyou 2nd Rd.
2	3街	Ziyou 3rd St.
3	路	Ziyou 3rd Rd.
2	4路	Ziyou 4th Rd.
2	5街	Ziyou 5th St.
2	6街	Ziyou 6th St.
2	二橫巷	Zihyou 2nd Side Ln.
2	巷	Ziyou Ln.
2	村	Ziyou Vil.
2	街	Ziyou St.
2	路	Ziyou Rd.
3	1段	Sec. 1, Ziyou Rd.
3	2段	Sec. 2, Ziyou Rd.
3	3段	Sec. 3, Ziyou Rd.
3	4段	Sec. 4, Ziyou Rd.
3	西段	Sec. W., Ziyou Rd.
2	里	Ziyou Vil.
1	祥街	Zixiang St.
1	立1街	Zili 1st St.
3	路	Zili 1st Rd.
2	2街	Zili 2nd St.
3	路	Zili 2nd Rd.
2	3街	Zili 3rd St.
3	路	Zili 3rd Rd.
2	4街	Zili 4th St.
2	5街	Zili 5th St.
2	南路	Zili S. Rd.
2	巷	Zili Ln.
2	新村	Zili New Vil.
2	東街	Zili E. St.
2	橫路	Ziliheng Rd.
2	街	Zili St.
2	路	Zili Rd.
3	1段	Sec. 1, Zili Rd.
3	2段	Sec. 2, Zili Rd.
3	橋下	Qiaoxia, Zili Rd.
2	里	Zili Vil.
1	行1巷	Zixing 1st Ln.
1	覺巷	Zijue Ln.
2	里	Zijue Vil.
1	重街	Zizhong St.
0	至公路	Zhigong Rd.
1	善巷	Zhishan Ln.
2	街	Zhishan St.
2	路	Zhishan Rd.
3	1段	Sec. 1, Zhishan Rd.
3	2段	Sec. 2, Zhishan Rd.
3	3段	Sec. 3, Zhishan Rd.
2	里	Zhishan Vil.
1	學路	Zhixue Rd.
1	平街	Zhiping St.
1	真路	Zhizhen Rd.
1	聖路	Zhisheng Rd.
2	里	Zhisheng Vil.
1	誠巷	Zhicheng Ln.
2	街	Zhicheng St.
2	路	Zhicheng Rd.
3	1段	Sec. 1, Zhicheng Rd.
3	2段	Sec. 2, Zhicheng Rd.
1	賢巷	Zhixian Ln.
2	街	Zhixian St.
0	致善路1段	Sec. 1, Zhishan Rd.
3	2段	Sec. 2, Zhishan Rd.
1	富巷	Zhifu Ln.
1	成路	Zhicheng Rd.
1	理街	Zhili St.
1	祥1街	Zhixiang 1st St.
2	2街	Zhixiang 2nd St.
2	3街	Zhixiang 3rd St.
1	維街	Zhiwei St.
1	興巷	Zhixing Ln.
1	遠1路	Zhiyuan 1st Rd.
4	1段	Sec. 1, Zhiyuan 1st Rd.
4	2段	Sec. 2, Zhiyuan 1st Rd.
2	2路	Zhiyuan 2nd Rd.
2	3路	Zhiyuan 3rd Rd.
2	新村	Zhiyuan New Vil.
2	街	Zhiyuan St.
2	路	Zhiyuan Rd.
2	里	Zhiyuan Vil.
0	臺上1路	Taishang 1st Rd.
2	路	Taishang Rd.
2	里	Taishang Vil.
1	中路	Taichung Rd.
1	元1街	Taiyuan 1st St.
2	2街	Taiyuan 2nd St.
2	街	Taiyuan St.
1	化一莊	Taihua 1st Vil.
2	街	Taihua St.
1	南觀光城	Tainan Tourism Market
1	塑1巷	Taisu 1st Ln.
2	2巷	Taisu 2nd Ln.
2	3巷	Taisu 3rd Ln.
2	4巷	Taisu 4th Ln.
2	5巷	Taisu 5th Ln.
2	6巷	Taisu 6th Ln.
2	工業園區	Taisu Industrial Park
1	子村	Taizi Vil.
1	安街	Tai'an St.
1	拓	Taituo
2	里	Taituo Vil.
1	斗街	Taidou St.
1	新街	Taixin St.
1	村	Tai Vil.
1	板	Taiban
2	路	Taiban Rd.
1	林街	Tailin St.
1	榮	Tairong
1	機路	Taiji Rd.
1	江大道1段	Sec. 1, Taijiang Blvd.
4	2段	Sec. 2, Taijiang Blvd.
4	3段	Sec. 3, Taijiang Blvd.
4	4段	Sec. 4, Taijiang Blvd.
4	5段	Sec. 5, Taijiang Blvd.
4	6段	Sec. 6, Taijiang Blvd.
1	溪里	Taixi Vil.
1	潭	Taitan
2	村	Taitan Vil.
1	灣大道1段	Sec. 1, Taiwan Blvd.
4	2段	Sec. 2, Taiwan Blvd.
4	3段	Sec. 3, Taiwan Blvd.
4	4段	Sec. 4, Taiwan Blvd.
4	5段	Sec. 5, Taiwan Blvd.
4	6段	Sec. 6, Taiwan Blvd.
4	7段	Sec. 7, Taiwan Blvd.
4	8段	Sec. 8, Taiwan Blvd.
4	9段	Sec. 9, Taiwan Blvd.
4	十段	Sec. 10, Taiwan Blvd.
1	牛寮	Tainiuliao
1	科路	Taike Rd.
1	糖	Taitang
2	1街	Taitang 1st St.
2	2街	Taitang 2nd St.
2	3街	Taitang 3rd St.
2	巷	Taitang Ln.
2	街	Taitang St.
2	路	Taitang Rd.
1	興東路	Taixing E. Rd.
2	路	Taixing Rd.
1	蓄街	Taixu St.
1	西南路	Taixi S. Rd.
2	村	Taixi Vil.
1	貿1街	Taimao 1st St.
2	2街	Taimao 2nd St.
2	3街	Taimao 3rd St.
2	路	Taimao Rd.
1	鋁11巷	Tailu 11th Ln.
3	2巷	Tailu 12th Ln.
3	3巷	Tailu 13th Ln.
3	4巷	Tailu 14th Ln.
3	5巷	Tailu 15th Ln.
3	巷	Tailu 1st Ln.
2	2巷	Tailu 2nd Ln.
2	3巷	Tailu 3rd Ln.
2	4巷	Tailu 4th Ln.
2	5巷	Tailu 5th Ln.
2	6巷	Tailu 6th Ln.
2	7巷	Tailu 7th Ln.
2	8巷	Tailu 8th Ln.
2	9巷	Tailu 9th Ln.
2	中巷	Tailu Central Ln.
2	北巷	Tailu N. Ln.
2	十巷	Tailu 10th Ln.
2	南巷	Tailu S. Ln.
1	電	Taidian
2	前巷	Taidian Front Ln.
2	巷	Taidian Ln.
2	新屯	Taidian New Vil.
3	村	Taidian New Vil.
1	鳳街	Taifeng St.
2	路	Taifeng Rd.
2	里	Taifeng Vil.
1	麗街	Taili St.
0	興1街	Xing 1st St.
1	2街	Xing 2nd St.
1	3街	Xing 3rd St.
1	4街	Xing 4th St.
1	中	Xingzhong
2	1巷	Xingzhong 1st Ln.
3	路	Xingzhong 1st Rd.
2	2巷	Xingzhong 2nd Ln.
3	路	Xingzhong 2nd Rd.
2	3巷	Xingzhong 3rd Ln.
2	南1街	Xingzhong S. 1st St.
3	2街	Xingzhong S. 2nd St.
3	3街	Xingzhong S. 3rd St.
3	5街	Xingzhong S. 5th St.
3	6街	Xingzhong S. 6th St.
3	8街	Xingzhong S. 8th St.
2	巷	Xingzhong Ln.
2	市場	Xingzhong Market
2	村	Xingzhong Vil.
2	東1街	Xingzhong E. 1st St.
3	2街	Xingzhong E. 2nd St.
3	3街	Xingzhong E. 3rd St.
2	街	Xingzhong St.
2	路	Xingzhong Rd.
3	興國巷	Xingguo Ln., Xingzhong Rd.
2	里	Xingzhong Vil.
1	亞里	Xingya Vil.
1	仁村	Xingren Vil.
3	仁愛巷	Ren'ai Ln., Xingren Vil.
2	街	Xingren St.
2	路	Xingren Rd.
3	1段	Sec. 1, Xingren Rd.
3	2段	Sec. 2, Xingren Rd.
3	3段	Sec. 3, Xingren Rd.
2	里	Xingren Vil.
1	元路	Xingyuan Rd.
1	光路	Xingguang Rd.
2	里	Xingguang Vil.
1	全村	Xingquan Vil.
2	路	Xingquan Rd.
1	勇街	Xingyong St.
1	化	Xinghua
2	寮	Xinghualiao
2	巷	Xinghua Ln.
2	店	Xinghuadian
2	街	Xinghua St.
2	路	Xinghua Rd.
2	部	Xinghuabu
3	路	Xinghuabu Rd.
2	里	Xinghua Vil.
1	北	Xingbei
2	1路	Xingbei 1st Rd.
2	2路	Xingbei 2nd Rd.
2	3路	Xingbei 3rd Rd.
2	巷	Xingbei Ln.
2	東路	Xingbei E. Rd.
2	街	Xingbei St.
2	路	Xingbei Rd.
3	中興巷	Zhongxing Ln., Xingbei Rd.
3	興中巷	Xingzhong Ln., Xingbei Rd.
4	東巷	Xingdong Ln., Xingbei Rd.
2	里	Xingbei Vil.
1	南	Xingnan
2	巷	Xingnan Ln.
2	村	Xingnan Vil.
2	街	Xingnan St.
2	路	Xingnan Rd.
3	1段	Sec. 1, Xingnan Rd.
3	2段	Sec. 2, Xingnan Rd.
3	3段	Sec. 3, Xingnan Rd.
2	里	Xingnan Vil.
1	厝路	Xingcuo Rd.
1	原街	Xingyuan St.
1	合路	Xinghe Rd.
1	和巷	Xinghe Ln.
2	路	Xinghe Rd.
2	里	Xinghe Vil.
1	善巷	Xingshan Ln.
1	國街	Xingguo St.
2	路	Xingguo Rd.
3	1段	Sec. 1, Xingguo Rd.
3	2段	Sec. 2, Xingguo Rd.
2	里	Xingguo Vil.
1	園	Xingyuan
1	城街	Xingcheng St.
2	路	Xingcheng Rd.
1	埔街	Xingpu St.
2	路	Xingpu Rd.
1	大南街	Xingda S. St.
2	路	Xingda Rd.
1	學1街	Xingxue 1st St.
2	2街	Xingxue 2nd St.
2	北街	Xingxue N. St.
2	街	Xingxue St.
2	路	Xingxue Rd.
1	安	Xing'an
2	1街	Xing'an 1st St.
2	2街	Xing'an 2nd St.
2	3街	Xing'an 3rd St.
2	村	Xing'an Vil.
2	街	Xing'an St.
2	路	Xing'an Rd.
3	1段	Sec. 1, Xing'an Rd.
3	2段	Sec. 2, Xing'an Rd.
2	里	Xing'an Vil.
1	宗里	Xingzong Vil.
1	家里	Xingjia Vil.
1	寧巷	Xingning Ln.
2	街	Xingning St.
2	路	Xingning Rd.
1	山村	Xingshan Vil.
2	路	Xingshan Rd.
1	峰巷	Xingfeng Ln.
1	工街	Xinggong St.
2	路	Xinggong Rd.
2	里	Xinggong Vil.
1	市巷	Xingshi Ln.
1	平路	Xingping Rd.
1	店路	Xingdian Rd.
1	建街	Xingjian St.
1	得里	Xingde Vil.
1	德巷	Xingde Ln.
2	街	Xingde St.
2	路	Xingde Rd.
2	里	Xingde Vil.
1	忠街	Xingzhong St.
1	成里	Xingcheng Vil.
1	文街	Xingwen St.
1	新里	Xingxin Vil.
1	旺路	Xingwang Rd.
2	里	Xingwang Vil.
1	昌	Xingchang
2	巷	Xingchang Ln.
2	村	Xingchang Vil.
2	街	Xingchang St.
2	路	Xingchang Rd.
3	1段	Sec. 1, Xingchang Rd.
3	2段	Sec. 2, Xingchang Rd.
2	里	Xingchang Vil.
1	村街	Xingcun St.
2	里	Xingcun Vil.
1	東	Xingdong
2	1街	Xingdong 1st St.
2	2街	Xingdong 2nd St.
2	3街	Xingdong 3rd St.
2	4街	Xingdong 4th St.
2	中街	Xingdong Central St.
2	南路	Xingdong S. Rd.
2	巷	Xingdong Ln.
2	街	Xingdong St.
2	路	Xingdong Rd.
3	1段	Sec. 1, Xingdong Rd.
3	2段	Sec. 2, Xingdong Rd.
2	里	Xingdong Vil.
1	林1街	Xinglin 1st St.
2	2街	Xinglin 2nd St.
2	路	Xinglin Rd.
1	桐村	Xingtong Vil.
1	楠橫巷	Xingnan Side Ln.
2	路	Xingnan Rd.
1	業1街	Xingye 1st St.
2	2路	Xingye 2nd Rd.
2	三村	Xingye 3rd Vil.
2	二村	Xingye 2nd Vil.
2	巷	Xingye Ln.
2	新村	Xingye New Vil.
2	東路	Xingye E. Rd.
2	街	Xingye St.
3	興業巷	Xingye Ln., Xingye St.
2	西路	Xingye W. Rd.
2	路	Xingye Rd.
2	里	Xingye Vil.
1	樂里	Xingle Vil.
1	樹路	Xingshu Rd.
3	字豪巷	Zihao Ln., Xingshu Rd.
3	成功巷	Chenggong Ln., Xingshu Rd.
3	東林段	Sec. Donglin, Xingshu Rd.
3	橫通巷	Hengtong Ln., Xingshu Rd.
3	民生巷	Minsheng Ln., Xingshu Rd.
1	民街	Xingmin St.
2	路	Xingmin Rd.
2	里	Xingmin Vil.
1	泰街	Xingtai St.
2	里	Xingtai Vil.
1	海巷	Xinghai Ln.
2	街	Xinghai St.
2	路	Xinghai Rd.
1	清路	Xingqing Rd.
1	港北街	Xinggang N. St.
2	南街	Xinggang S. St.
2	路	Xinggang Rd.
1	漁2路	Xingyu 2nd Rd.
2	3路	Xingyu 3rd Rd.
2	4路	Xingyu 4th Rd.
2	街	Xingyu St.
2	里	Xingyu Vil.
1	漢里	Xinghan Vil.
1	濱路	Xingbin Rd.
1	珍村	Xingzhen Vil.
1	產路	Xingchan Rd.
3	觀湖巷	Guanhu Ln., Xingchan Rd.
1	田村	Xingtian Vil.
2	路	Xingtian Rd.
1	發街	Xingfa St.
1	益路	Xingyi Rd.
1	盛北路	Xingsheng N. Rd.
2	街	Xingsheng St.
2	路	Xingsheng Rd.
1	社街1段	Sec. 1, Xingshe St.
5	國校巷	Guoxiao Ln., Sec. 1, Xingshe St.
3	2段	Sec. 2, Xingshe St.
3	3段	Sec. 3, Xingshe St.
3	4段	Sec. 4, Xingshe St.
1	祥街	Xingxiang St.
1	福寮	Xingfuliao
2	街	Xingfu St.
2	路	Xingfu Rd.
2	里	Xingfu Vil.
1	竹街	Xingzhu St.
1	糖村	Xingtang Vil.
2	路	Xingtang Rd.
1	美1街	Xingmei 1st St.
2	2巷	Xingmei 2nd Ln.
3	路	Xingmei 2nd Rd.
2	3街	Xingmei 3rd St.
2	5街	Xingmei 5th St.
2	6路	Xingmei 6th Rd.
2	7街	Xingmei 7th St.
2	8街	Xingmei 8th St.
2	9街	Xingmei 9th St.
2	十街	Xingmei 10th St.
2	路	Xingmei Rd.
3	興民巷	Xingmin Ln., Xingmei Rd.
4	華巷	Xinghua Ln., Xingmei Rd.
2	里	Xingmei Vil.
1	義巷	Xingyi Ln.
2	街	Xingyi St.
2	路	Xingyi Rd.
2	里	Xingyi Vil.
1	臺里	Xingtai Vil.
1	航2街	Xinghang 2nd St.
2	街	Xinghang St.
1	芝路	Xingzhi Rd.
1	華	Xinghua
2	1街	Xinghua 1st St.
3	路	Xinghua 1st Rd.
2	2街	Xinghua 2nd St.
3	路	Xinghua 2nd Rd.
2	3街	Xinghua 3rd St.
2	4街	Xinghua 4th St.
2	5街	Xinghua 5th St.
2	巷	Xinghua Ln.
2	村	Xinghua Vil.
2	東街	Xinghua E. St.
2	街	Xinghua St.
2	路	Xinghua Rd.
2	里	Xinghua Vil.
1	西1路	Xingxi 1st Rd.
2	2路	Xingxi 2nd Rd.
2	3路	Xingxi 3rd Rd.
2	巷	Xingxi Ln.
2	街	Xingxi St.
2	路	Xingxi Rd.
1	豐山莊	Xingfeng Villa
4	東1巷	E. 1st Ln., Xingfeng Villa
5	2巷	E. 2nd Ln., Xingfeng Villa
5	3巷	E. 3rd Ln., Xingfeng Villa
5	4巷	E. 4th Ln., Xingfeng Villa
5	5巷	E. 5th Ln., Xingfeng Villa
5	7巷	E. 7th Ln., Xingfeng Villa
5	9巷	E. 9th Ln., Xingfeng Villa
5	十巷	E. 10th Ln., Xingfeng Villa
2	巷	Xingfeng Ln.
2	路	Xingfeng Rd.
3	聯福巷	Lianfu Ln., Xingfeng Rd.
2	里	Xingfeng Vil.
1	貴村	Xinggui Vil.
1	賢路	Xingxian Rd.
1	農1街	Xingnong 1st St.
2	2街	Xingnong 2nd St.
2	3街	Xingnong 3rd St.
2	巷	Xingnong Ln.
2	村	Xingnong Vil.
2	東路	Xingnong E. Rd.
2	街	Xingnong St.
2	西路	Xingnong W. Rd.
2	路	Xingnong Rd.
3	1段	Sec. 1, Xingnong Rd.
3	2段	Sec. 2, Xingnong Rd.
2	里	Xingnong Vil.
1	通路	Xingtong Rd.
1	進路	Xingjin Rd.
1	達巷	Xingda Ln.
2	街	Xingda St.
2	路	Xingda Rd.
3	1段	Sec. 1, Xingda Rd.
3	興達巷	Xingda Ln., Xingda Rd.
1	邦路	Xingbang Rd.
2	里	Xingbang Vil.
1	酪路1段	Sec. 1, Xinglao Rd.
3	2段	Sec. 2, Xinglao Rd.
3	3段	Sec. 3, Xinglao Rd.
1	鋁里	Xinglu Vil.
1	陽街	Xingyang St.
1	隆	Xinglong
2	1街	Xinglong 1st St.
2	2街	Xinglong 2nd St.
2	3街	Xinglong 3rd St.
2	4街	Xinglong 4th St.
2	5街	Xinglong 5th St.
2	6街	Xinglong 6th St.
2	巷	Xinglong Ln.
2	村	Xinglong Vil.
2	街	Xinglong St.
2	路	Xinglong Rd.
3	1段	Sec. 1, Xinglong Rd.
3	2段	Sec. 2, Xinglong Rd.
3	3段	Sec. 3, Xinglong Rd.
3	4段	Sec. 4, Xinglong Rd.
3	5段	Sec. 5, Xinglong Rd.
3	興旺巷	Xingwang Ln., Xinglong Rd.
2	里	Xinglong Vil.
1	雅路	Xingya Rd.
2	里	Xingya Vil.
1	霖路	Xinglin Rd.
1	順街	Xingshun St.
1	鶴1街	Xinghe 1st St.
2	2街	Xinghe 2nd St.
2	路1段	Sec. 1, Xinghe Rd.
3	2段	Sec. 2, Xinghe Rd.
3	3段	Sec. 3, Xinghe Rd.
1	龍巷	Xinglong Ln.
2	村	Xinglong Vil.
2	路	Xinglong Rd.
0	舉人街	Juren St.
0	舊2路	Jiu 2nd Rd.
1	下莊	Jiuxiazhuang
1	佳里	Jiujia Vil.
1	公路	Jiugong Rd.
1	南港	Jiunangang
1	厝子	Jiucuozi
1	圳路	Jiuzun Rd.
1	城北路	Jiucheng N. Rd.
2	南路	Jiucheng S. Rd.
4	力行3巷	Lixing 3rd Ln., Jiucheng S. Rd.
4	縣府1巷	Xianfu 1st Ln., Jiucheng S. Rd.
6	2巷	Xianfu 2nd Ln., Jiucheng S. Rd.
2	巷	Jiucheng Ln.
2	村	Jiucheng Vil.
2	東路	Jiucheng E. Rd.
2	西路	Jiucheng W. Rd.
4	光大巷	Guangda Ln., Jiucheng W. Rd.
2	路	Jiucheng Rd.
1	埕	Jiucheng
2	村	Jiucheng Vil.
1	埤里	Jiupi Vil.
1	宗路1段	Sec. 1, Jiuzong Rd.
3	2段	Sec. 2, Jiuzong Rd.
2	里	Jiuzong Vil.
1	寮村	Jiuliau Vil.
3	永安路	Yong'an Rd., Jiuliao Vil.
2	路	Jiuliao Rd.
1	市巷	Jiushi Ln.
2	里	Jiushi Vil.
1	庄	Jiuzhuang
2	巷	Jiuzhuang Ln.
2	村	Jiuzhuang Vil.
3	光復路	Guangfu Rd., Jiuzhuang Vil.
3	大平路	Daping Rd., Jiuzhuang Vil.
2	路	Jiuzhuang Rd.
2	里	Jiuzhuang Vil.
1	店子	Jiudianzi
2	路	Jiudian Rd.
1	廟路	Jiumiao Rd.
1	明里	Jiuming Vil.
1	村	Jiu Vil.
2	1街	Jiucun 1st St.
2	2街	Jiucun 2nd St.
2	3街	Jiucun 3rd St.
2	4街	Jiucun 4th St.
2	5街	Jiucun 5th St.
2	6街	Jiucun 6th St.
1	正村	Jiuzheng Vil.
1	泉州	Jiuquanzhou
1	港	Jiugang
2	巷	Jiugang Ln.
2	村	Jiugang Vil.
2	橫路	Jiugangheng Rd.
4	1段	Sec. 1, Jiugangheng Rd.
4	北2巷	N. 2nd Ln., Jiugangheng Rd.
5	3巷	N. 3rd Ln., Jiugangheng Rd.
5	5巷	N. 5th Ln., Jiugangheng Rd.
4	南2巷	S. 2nd Ln., Jiugangheng Rd.
4	魚塭	Yuwen, Jiugangheng Rd.
2	路	Jiugang Rd.
3	北1巷	N. 1st Ln., Jiugang Rd.
4	2巷	N. 2nd Ln., Jiugang Rd.
4	3巷	N. 3rd Ln., Jiugang Rd.
3	南1巷	S. 1st Ln., Jiugang Rd.
4	2巷	S. 2nd Ln., Jiugang Rd.
3	東1巷	E. 1st Ln., Jiugang Rd.
4	2巷	E. 2nd Ln., Jiugang Rd.
4	巷	E. Ln., Jiugang Rd.
4	段	Sec. E., Jiugang Rd.
3	港邊巷	Gangbian Ln., Jiugang Rd.
3	西1巷	W. 1st Ln., Jiugang Rd.
4	2巷	W. 2nd Ln., Jiugang Rd.
2	里	Jiugang Vil.
1	溪路1段	Sec. 1, Jiuxi Rd.
3	2段	Sec. 2, Jiuxi Rd.
1	潭	Jiutan
1	營	Jiuying
2	里	Jiuying Vil.
1	眉村	Jiumei Vil.
3	蔡厝路	Caicuo Rd., Jiumei Vil.
1	社	Jiushe
2	巷	Jiushe Ln.
2	村	Jiushe Vil.
2	路	Jiushe Rd.
2	里	Jiushe Vil.
1	站里	Jiuzhan Vil.
1	糖廠	Jiutangchang
1	莊巷	Jiuzhuang Ln.
2	街1段	Sec. 1, Jiuzhuang St.
3	2段	Sec. 2, Jiuzhuang St.
1	街	Jiu St.
2	1巷	Jiujie 1st Ln.
3	路	Jiujie 1st Rd.
2	2巷	Jiujie 2nd Ln.
3	路	Jiujie 2nd Rd.
2	巷	Jiujie Ln.
2	路	Jiujie Rd.
2	里	Jiujie Vil.
1	路村	Jiulu Vil.
1	車站	Jiuchezhan
2	路	Jiuche Rd.
3	北1巷	N. 1st Ln., Jiuche Rd.
3	南1巷	S. 1st Ln., Jiuche Rd.
3	福壽巷	Fushou Ln., Jiuche Rd.
1	部	Jiubu
2	里	Jiubu Vil.
1	里	Jiu Vil.
1	金城	Jiujincheng
1	香蘭	Jiuxianglan
0	舜耕路	Shungeng Rd.
1	苑街	Shunyuan St.
0	舞臺巷	Wutai Ln.
1	鶴	Wuhe
2	村	Wuhe Vil.
0	舟山路	Zhoushan Rd.
0	航勤北路	Hangqin N. Rd.
2	南路	Hangqin S. Rd.
1	城路2段	Sec. 2, Hangcheng Rd.
1	盛街	Hangsheng St.
1	福8路	Hangfu 8th Rd.
2	路	Hangfu Rd.
1	科路	Hangke Rd.
1	空站	Airport
1	站北路	Hangzhan N. Rd.
2	南路	Hangzhan S. Rd.
1	翔路	Hangxiang Rd.
1	青路	Hangqing Rd.
0	船埔	Chuanpu
1	子頭	Chuanzitou
1	帆路	Chuanfan Rd.
1	底窩	Chuandiwo
1	戶里	Chuanhu Vil.
1	頂路	Chuanding Rd.
1	頭1街	Chuantou 1st St.
2	2街	Chuantou 2nd St.
2	3街	Chuantou 3rd St.
2	5街	Chuantou 5th St.
2	6街	Chuantou 6th St.
2	巷	Chuantou Ln.
2	路	Chuantou Rd.
3	國宅巷	Guozhai Ln., Chuantou Rd.
2	里	Chuantou Vil.
0	艋舺大道	Bangka Blvd.
0	良和里	Lianghe Vil.
1	德里	Liangde Vil.
1	文港	Liangwengang
1	武巷	Liangwu Ln.
1	都街	Liangdu St.
0	色霧鬧	Sewunao
0	芋內巷	Yunei Ln.
1	園	Yuyuan
1	寮村	Yuliau Vil.
2	路	Yuliao Rd.
3	仁愛巷	Ren'ai Ln., Yuliao Rd.
3	信義巷	Xinyi Ln., Yuliao Rd.
3	南段	Sec. S., Yuliao Rd.
3	和平巷	Heping Ln., Yuliao Rd.
3	壽生巷	Shousheng Ln., Yuliao Rd.
3	廟邊巷	Miaobian Ln., Yuliao Rd.
3	忠孝巷	Zhongxiao Ln., Yuliao Rd.
3	文明巷	Wenming Ln., Yuliao Rd.
3	禮義巷	Liyi Ln., Yuliao Rd.
1	林路	Yulin Rd.
3	壽生巷	Shousheng Ln., Yulin Rd.
3	廟邊巷	Miaobian Ln., Yulin Rd.
3	文明巷	Wenming Ln., Yulin Rd.
0	芎林1街	Qionglin 1st St.
2	2街	Qionglin 2nd St.
2	3街	Qionglin 3rd St.
2	5街	Qionglin 5th St.
2	6街	Qionglin 6th St.
2	7街	Qionglin 7th St.
2	村	Qionglin Vil.
2	路	Qionglin Rd.
1	蕉1街	Qiongjiao 1st St.
2	2街	Qiongjiao 2nd St.
2	3街	Qiongjiao 3rd St.
2	5街	Qiongjiao 5th St.
2	坑	Qiongjiaokeng
2	宅	Qiongjiaozhai
2	山	Qiongjiao Mountain
2	村	Qiongjiau Vil.
2	林	Qiongjiaolin
2	湖	Qiongjiaohu
2	路	Qiongjiao Rd.
0	芒果大道	Mangguo Blvd.
1	頭埔	Mangtoupu
0	芙朝村	Fuchau Vil.
2	路	Fuchao Rd.
0	芝山莊	Zhi Villa
2	里	Zhishan Vil.
1	柏1街	Zhibo 1st St.
2	2街	Zhibo 2nd St.
2	3街	Zhibo 3rd St.
2	5街	Zhibo 5th St.
2	巷	Zhibo Ln.
2	路	Zhibo Rd.
1	玉路1段	Sec. 1, Zhiyu Rd.
3	2段	Sec. 2, Zhiyu Rd.
1	田路	Zhitian Rd.
1	芭	Zhiba
2	里	Zhiba Vil.
1	麻1街	Zhima 1st St.
2	2街	Zhima 2nd St.
2	3街	Zhima 3rd St.
2	4街	Zhima 4th St.
2	5街	Zhima 5th St.
2	莊	Zhima Vil.
0	芬園村	Fenyuan Vil.
1	草路1段	Sec. 1, Fencao Rd.
5	圳寮巷	Zunliao Ln., Sec. 1, Fencao Rd.
3	2段	Sec. 2, Fencao Rd.
3	3段	Sec. 3, Fencao Rd.
0	芭奇	Baqi
0	花南路	Huanan Rd.
1	商新村	Huashang New Vil.
1	固	Huagu
1	圃里	Huapu Vil.
1	園	Huayuan
2	12路	Huayuan 12th Rd.
3	街	Huayuan 1st St.
3	路1段	Sec. 1, Huayuan 1st Rd.
4	2段	Sec. 2, Huayuan 1st Rd.
4	3段	Sec. 3, Huayuan 1st Rd.
4	4段	Sec. 4, Huayuan 1st Rd.
2	2街	Huayuan 2nd St.
3	路1段	Sec. 1, Huayuan 2nd Rd.
4	2段	Sec. 2, Huayuan 2nd Rd.
4	3段	Sec. 3, Huayuan 2nd Rd.
2	3街	Huayuan 3rd St.
2	5街	Huayuan 5th St.
3	路1段	Sec. 1, Huayuan 5th Rd.
4	2段	Sec. 2, Huayuan 5th Rd.
2	6街	Huayuan 6th St.
3	路	Huayuan 6th Rd.
4	2段	Sec. 2, Huayuan 6th Rd.
4	3段	Sec. 3, Huayuan 6th Rd.
2	7路	Huayuan 7th Rd.
4	1段	Sec. 1, Huayuan 7th Rd.
2	北路	Huayuan N. Rd.
2	十路1段	Sec. 1, Huayuan 10th Rd.
4	2段	Sec. 2, Huayuan 10th Rd.
2	新城1街	Huayuanxincheng 1st St.
4	2街	Huayuanxincheng 2nd St.
4	3街	Huayuanxincheng 3rd St.
4	5街	Huayuanxincheng 5th St.
4	街	Huayuanxincheng St.
2	村	Huayuan Vil.
2	東路	Huayuan E. Rd.
2	街	Huayuan St.
2	里	Huayuan Vil.
1	壇村	Huatan Vil.
2	街	Huatan St.
1	好月圓	Huahaoyueyuan
1	宅	Huazhai
1	崗街	Huagang St.
2	里	Huagang Vil.
1	嶼	Huayu
2	村	Huayu Vil.
1	師街	Huashi St.
1	旗1路	Huaqi 1st Rd.
2	2路	Huaqi 2nd Rd.
2	路	Huaqi Rd.
1	橋街	Huaqiao St.
1	源1街	Huayuan 1st St.
2	3街	Huayuan 3rd St.
2	5街	Huayuan 5th St.
2	7街	Huayuan 7th St.
2	9街	Huayuan 9th St.
1	眉巷	Huamei Ln.
1	秀路	Huaxiu Rd.
1	草林	Huacaolin
1	蓮街	Hualien St.
1	麟里	Hualin Vil.
0	芳中村	Fangzhong Vil.
3	光華巷	Guanghua Ln., Fangzhong Vil.
3	和平路	Heping Rd., Fangzhong Vil.
1	光巷	Fangguang Ln.
1	和里	Fanghe Vil.
1	園街	Fangyuan St.
1	安路	Fang'an Rd.
2	里	Fang'an Vil.
1	寮	Fangliao
2	路	Fangliao Rd.
1	庭路	Fangting Rd.
1	德街	Fangde St.
1	新路新街段	Sec. Xinjie, Fangxin Rd.
3	芳苑段	Sec. Fangyuan, Fangxin Rd.
1	明巷	Fangming Ln.
1	東路	Fangdong Rd.
1	林大道3段	Sec. 3, Fanglin Blvd.
1	榮村	Fangrong Vil.
1	樂街	Fangle St.
1	泉巷	Fangquan Ln.
1	洲1路	Fangzhou 1st Rd.
2	2路	Fangzhou 2nd Rd.
2	3路	Fangzhou 3rd Rd.
2	5路	Fangzhou 5th Rd.
2	6路	Fangzhou 6th Rd.
2	7路	Fangzhou 7th Rd.
2	8路	Fangzhou 8th Rd.
2	9路	Fangzhou 9th Rd.
2	路	Fangzhou Rd.
1	漢路	Fanghan Rd.
3	新寶段	Sec. Xinbau, Fanghan Rd.
3	永興段	Sec. Yongxing, Fanghan Rd.
3	漢1段	Han Sec. 1, Fanghan Rd.
4	2段	Han Sec. 2, Fanghan Rd.
3	王功段	Sec. Wanggong, Fanghan Rd.
3	芳1段	Fang Sec. 1, Fanghan Rd.
4	2段	Fang Sec. 2, Fanghan Rd.
1	美路	Fangmei Rd.
1	興街	Fangxing St.
1	苑村	Fangyuan Vil.
3	仁愛巷	Ren'ai Ln., Fangyuan Vil.
3	光復巷	Guangfu Ln., Fangyuan Vil.
3	和平路	Heping Rd., Fangyuan Vil.
3	文明巷	Wenming Ln., Fangyuan Vil.
3	永安巷	Yong'an Ln., Fangyuan Vil.
4	興巷	Yongxing Ln., Fangyuan Vil.
1	草	Fangcao
2	街	Fangcao St.
2	路	Fangcao Rd.
3	文津段	Sec. Wenjin, Fangcao Rd.
2	里	Fangcao Vil.
1	蘭路	Fanglan Rd.
1	頂路	Fangding Rd.
0	芹壁村	Qinbi Vil.
1	蕉山	Qinjiaoshan
2	湖	Qinjiaohu
0	苑北里	Yuanbei Vil.
1	南里	Yuannan Vil.
1	坑	Yuankeng
2	里	Yuankeng Vil.
1	平街	Yuanping St.
1	東里	Yuandong Vil.
1	港	Yuangang
2	里	Yuangang Vil.
1	西里	Yuanxi Vil.
0	苓中巷	Lingzhong Ln.
2	路	Lingzhong Rd.
2	里	Lingzhong Vil.
1	保	Lingbao
2	村	Lingbau Vil.
1	光里	Lingguang Vil.
1	南路	Lingnan Rd.
2	里	Lingnan Vil.
1	和	Linghe
2	村	Linghe Vil.
1	子林	Lingzilin
3	2街	Lingzilin 2nd St.
3	3街	Lingzilin 3rd St.
1	安路	Ling'an Rd.
1	川里	Lingchuan Vil.
1	德路	Lingde Rd.
1	昇里	Lingsheng Vil.
1	東路	Lingdong Rd.
2	里	Lingdong Vil.
1	洲巷	Lingzhou Ln.
2	西里	Lingzhou W. Vil.
2	里	Lingzhou Vil.
1	興里	Lingxing Vil.
1	西里	Lingxi Vil.
1	蹟里	Lingji Vil.
1	雅1路	Lingya 1st Rd.
2	2路	Lingya 2nd Rd.
2	市場	Lingya Market
2	里	Lingya Vil.
0	苗中	Miaozhong
2	巷	Miauzhong Ln.
2	路	Miaozhong Rd.
1	圃巷	Miaopu Ln.
2	路	Miaopu Rd.
1	專1路	Miaozhuan 1st Rd.
2	2路	Miaozhuan 2nd Rd.
2	3路	Miaozhuan 3rd Rd.
1	環1路	Miaohuan 1st Rd.
1	甫	Miaofu
1	豐	Miaofeng
2	里	Miaufeng Vil.
0	苦瓜寮	Kugualiao
1	練村	Kulian Vil.
2	腳	Kulianjiao
1	苓埔	Kulingpu
2	巷	Kuling Ln.
2	林	Kulinglin
2	橋	Kuling Bridge
2	湖	Kulinghu
2	腳	Kulingjiao
0	苧園48巷	Zhuyuan 48th Ln.
2	巷	Zhuyuan Ln.
1	子園	Zhuziyuan
0	英1街	Ying 1st St.
1	2街	Ying 2nd St.
1	3街	Ying 3rd St.
1	4街	Ying 4th St.
1	5街	Ying 5th St.
1	6街	Ying 6th St.
1	7街	Ying 7th St.
1	8街	Ying 8th St.
1	仁里	Yingren Vil.
1	坑	Yingkeng
1	士1街	Yingshi 1st St.
2	2街	Yingshi 2nd St.
2	3街	Yingshi 3rd St.
2	村	Yingshi Vil.
2	路	Yingshi Rd.
1	專路	Yingzhuan Rd.
1	山街	Yingshan St.
1	德橫巷	Yingde Side Ln.
2	街	Yingde St.
1	才路	Yingcai Rd.
1	明1路	Yingming 1st Rd.
2	街	Yingming St.
2	路	Yingming Rd.
2	里	Yingming Vil.
1	祥街	Yingxiang St.
1	義村	Yingyi Vil.
2	街	Yingyi St.
2	路	Yingyi Rd.
1	雄崗	Yingxionggang
2	路	Yingxiong Rd.
0	茂大街	Maoda St.
1	安村	Mau'an Vil.
1	東路	Maodong Rd.
1	林巷	Maolin Ln.
2	村	Maulin Vil.
2	社區	Maolin Community
2	街	Maolin St.
1	興	Maoxing
2	店	Maoxingdian
2	里	Mauxing Vil.
1	長村	Mauchang Vil.
0	茄典村	Jiadian Vil.
1	冬坑	Jiadongkeng
1	南街	Jianan St.
2	里	Jianan Vil.
1	塘	Jiatang
1	安路	Jia'an Rd.
1	投路	Jiatou Rd.
3	1段	Sec. 1, Jiatou Rd.
3	海埔仔巷	Haipuzai Ln., Jiatou Rd.
3	田尾厝巷	Tianweicuo Ln., Jiatou Rd.
3	福頭崙巷	Futoulun Ln., Jiatou Rd.
1	拔	Jiaba
2	路	Jiaba Rd.
1	明里	Jiaming Vil.
1	湖里	Jiahu Vil.
1	福街	Jiafu St.
1	興街	Jiaxing St.
1	芝路	Jiazhi Rd.
1	苳仔	Jiadongzai
2	北街	Jiadong N. St.
2	坑	Jiadongkeng
2	子	Jiadongzi
2	崙	Jiadonglun
2	巷	Jiadong Ln.
2	村	Jiadong Vil.
2	東街	Jiadong E. St.
2	樹下	Jiadongshuxia
2	湖	Jiadonghu
3	巷	Jiadonghu Ln.
2	腳	Jiadongjiao
2	路	Jiadong Rd.
3	1段	Sec. 1, Jiadong Rd.
3	2段	Sec. 2, Jiadong Rd.
3	仁德巷	Rende Ln., Jiadong Rd.
3	德林巷	Delin Ln., Jiadong Rd.
3	清河巷	Qinghe Ln., Jiadong Rd.
3	福東巷	Fudong Ln., Jiadong Rd.
3	萬泉巷	Wanquan Ln., Jiadong Rd.
2	里	Jiadong Vil.
1	荖村	Jialau Vil.
1	萣路1段	Sec. 1, Jiading Rd.
3	2段	Sec. 2, Jiading Rd.
1	農巷	Jianong Ln.
0	茅仔埔	Maozaipu
1	圃	Maopu
1	埔	Maopu
2	1路	Maopu 1st Rd.
2	2路	Maopu 2nd Rd.
2	3路	Maopu 3rd Rd.
2	5路	Maopu 5th Rd.
2	6路	Maopu 6th Rd.
2	7路	Maopu 7th Rd.
2	8路	Maopu 8th Rd.
2	路	Maopu Rd.
2	頭	Maoputou
1	子埔	Maozipu
1	港尾	Maogangwei
2	村	Maugang Vil.
1	草山	Maocaoshan
0	茭白1路	Jiaobai 1st Rd.
2	2路	Jiaobai 2nd Rd.
2	3路	Jiaobai 3rd Rd.
2	路	Jiaobai Rd.
2	里	Jiaubai Vil.
0	茶亭	Chating
1	園巷	Chayuan Ln.
1	專1街	Chazhuan 1st St.
2	2街	Chazhuan 2nd St.
2	路	Chazhuan Rd.
1	山	Chashan
2	村	Chashan Vil.
2	路	Chashan Rd.
1	科	Chake
1	頂街	Chading St.
1	館街	Chaguan St.
0	草中巷	Caozhong Ln.
2	里	Caozhong Vil.
1	仔埤巷	Caozaipi Ln.
2	崎路	Caozaiqi Rd.
1	原路	Caoyuan Rd.
1	地尾	Caodiwei
1	坪	Caoping
1	埔1巷	Caopu 1st Ln.
2	3巷	Caopu 3rd Ln.
2	6巷	Caopu 6th Ln.
2	7巷	Caopu 7th Ln.
2	坪	Caopuping
2	尾	Caopuwei
2	村	Caopu Vil.
2	路	Caopu Rd.
1	埤巷	Caopi Ln.
1	堤路	Caoti Rd.
1	子巷	Caozi Ln.
1	寮村	Caoliau Vil.
1	山	Caoshan
2	巷	Caoshan Ln.
2	村	Caoshan Vil.
2	路	Caoshan Rd.
2	里	Caoshan Vil.
1	崙路	Caolun Rd.
1	崠	Caodong
1	嶺	Caoling
2	巷	Caoling Ln.
2	村	Caoling Vil.
1	嶼	Caoyu
1	店	Caodian
2	尾	Caodianwei
3	1巷	Caodianwei 1st Ln.
3	2巷	Caodianwei 2nd Ln.
3	一橫巷	Caodianwei 1st Side Ln.
3	二橫巷	Caodianwei 2nd Side Ln.
2	里	Caodian Vil.
1	排	Caopai
1	新1路	Caoxin 1st Rd.
2	路	Caoxin Rd.
1	本村	Caoben Vil.
1	東里	Caodong Vil.
1	林	Caolin
1	柱里	Caozhu Vil.
1	江里	Caojiang Vil.
1	港巷	Caogang Ln.
1	湖	Caohu
2	2路	Caohu 2nd Rd.
2	村	Caohu Vil.
3	二溪路	Erxi Rd., Caohu Vil.
3	仁愛路	Ren'ai Rd., Caohu Vil.
3	光華巷	Guanghua Ln., Caohu Vil.
3	新興巷	Xinxing Ln., Caohu Vil.
3	永興巷	Yongxing Ln., Caohu Vil.
2	街	Caohu St.
2	路	Caohu Rd.
2	里	Caohu Vil.
1	湳里	Caonan Vil.
1	溪東路	Caoxi E. Rd.
2	西路	Caoxi W. Rd.
2	路	Caoxi Rd.
3	中庄巷	Zhongzhuang Ln., Caoxi Rd.
3	富貴巷	Fugui Ln., Caoxi Rd.
3	明德巷	Mingde Ln., Caoxi Rd.
3	民富巷	Minfu Ln., Caoxi Rd.
3	溝墘巷	Gouqian Ln., Caoxi Rd.
1	漢北路	Caohan N. Rd.
2	路漢寶段	Sec. Hanbau, Caohan Rd.
3	草1段	Cao Sec. 1, Caohan Rd.
4	2段	Cao Sec. 2, Caohan Rd.
1	漯	Caota
2	村	Caota Vil.
2	街	Caota St.
1	潭6街	Caotan 6th St.
2	路	Caotan Rd.
1	濫里	Caolan Vil.
1	蓆厝	Caoxicuo
1	衙1路	Caoya 1st Rd.
2	2路	Caoya 2nd Rd.
2	3路	Caoya 3rd Rd.
2	中街	Caoya Central St.
2	南4巷	Caoya S. 4th Ln.
2	里	Caoya Vil.
1	豐路	Caofeng Rd.
1	里村	Caoli Vil.
1	鞋墩1街	Caoxiedun 1st St.
0	荒野	Huangye
0	荔宅里	Lizhai Vil.
0	荖園仔	Laoyuanzai
1	寮街	Laoliao St.
1	山	Laoshan
1	溪	Laoxi
1	濃村	Launong Vil.
1	藤宅	Laotengzhai
2	里	Lauteng Vil.
1	阡坑路	Laoqiankeng Rd.
2	村	Lauqian Vil.
0	荳子埔	Douzipu
1	蘭1街	Doulan 1st St.
2	2街	Doulan 2nd St.
2	3街	Doulan 3rd St.
2	4街	Doulan 4th St.
2	5街	Doulan 5th St.
2	6街	Doulan 6th St.
2	7街	Doulan 7th St.
0	荷園街	Heyuan St.
1	新路	Hexin Rd.
1	苞厝	Hebaocuo
2	村	Hebau Vil.
0	莊1街	Zhuang 1st St.
1	2街	Zhuang 2nd St.
1	3街	Zhuang 3rd St.
1	一橫巷	Zhuang 1st Side Ln.
1	內巷	Zhuangnei Ln.
1	園街	Zhuangyuan St.
1	尾巷	Zhuangwei Ln.
2	橫巷	Zhuangwei Side Ln.
1	崑路	Zhuangkun Rd.
1	敬1街	Zhuangjing 1st St.
3	路	Zhuangjing 1st Rd.
2	2街	Zhuangjing 2nd St.
2	3街	Zhuangjing 3rd St.
3	路	Zhuangjing 3rd Rd.
2	5街	Zhuangjing 5th St.
2	6街	Zhuangjing 6th St.
2	7街	Zhuangjing 7th St.
2	北路	Zhuangjing N. Rd.
2	南路	Zhuangjing S. Rd.
2	巷	Zhuangjing Ln.
2	街	Zhuangjing St.
3	1段	Sec. 1, Zhuangjing St.
3	2段	Sec. 2, Zhuangjing St.
2	路	Zhuangjing Rd.
3	1段	Sec. 1, Zhuangjing Rd.
3	2段	Sec. 2, Zhuangjing Rd.
3	自強1巷	Ziqiang 1st Ln., Zhuangjing Rd.
5	2巷	Ziqiang 2nd Ln., Zhuangjing Rd.
2	里	Zhuangjing Vil.
1	正里	Zhuangzheng Vil.
1	泰路	Zhuangtai Rd.
1	田路	Zhuangtian Rd.
1	福路	Zhuangfu Rd.
1	禮寮	Zhuangliliao
2	里	Zhuangli Vil.
1	邊巷	Zhuangbian Ln.
1	隆街	Zhuanglong St.
1	雅巷	Zhuangya Ln.
2	村	Zhuangya Vil.
1	頂路	Zhuangding Rd.
0	莎都部落	Sadu Tribe
0	莒光1街	Juguang 1st St.
2	2街	Juguang 2nd St.
2	3街	Juguang 3rd St.
2	三村	Juguang 3rd Vil.
2	大橋路	Juguangdaqiao Rd.
2	巷	Juguang Ln.
2	村	Juguang Vil.
2	街	Juguang St.
2	路	Juguang Rd.
3	1段	Sec. 1, Juguang Rd.
3	2段	Sec. 2, Juguang Rd.
3	3段	Sec. 3, Juguang Rd.
2	里	Juguang Vil.
1	園巷	Juyuan Ln.
0	莫于村	Moyu Vil.
0	莿仔寮	Cizailiao
1	子埔	Cizipu
1	桐北路1段	Sec. 1, Citong N. Rd.
4	2段	Sec. 2, Citong N. Rd.
2	南路1段	Sec. 1, Citong S. Rd.
4	2段	Sec. 2, Citong S. Rd.
2	村	Citong Vil.
2	路	Citong Rd.
2	里	Citong Vil.
0	菁仔腳	Jingzaijiao
1	埔	Jingpu
2	寮	Jingpuliao
2	村	Jingpu Vil.
2	路	Jingpu Rd.
2	里	Jingpu Vil.
1	寮	Jingliao
2	村	Jingliau Vil.
1	山路	Jingshan Rd.
2	里	Jingshan Vil.
1	桐村	Jingtong Vil.
2	街	Jingtong St.
1	湖村	Jinghu Vil.
1	華街	Jinghua St.
1	豊村	Jingli Vil.
0	菊中巷	Juzhong Ln.
2	街	Juzhong St.
1	東路	Judong Rd.
0	菜公1路	Caigong 1st Rd.
2	厝	Caigongcuo
2	坑	Caigongkeng
2	巷	Caigong Ln.
2	店	Caigongdian
2	村	Caigong Vil.
2	東巷	Caigong E. Ln.
2	西巷	Caigong W. Ln.
2	路	Caigong Rd.
2	里	Caigong Vil.
1	園	Caiyuan
2	巷	Caiyuan Ln.
2	街	Caiyuan St.
2	路	Caiyuan Rd.
2	里	Caiyuan Vil.
2	頂	Caiyuanding
1	堂	Caitang
2	下	Caitangxia
2	巷	Caitang Ln.
2	頂	Caitangding
1	寮	Cailiao
2	村	Cailiau Vil.
3	中山路	Zhongshan Rd., Cailiao Vil.
4	正路	Zhongzheng Rd., Cailiao Vil.
3	大平路	Daping Rd., Cailiao Vil.
3	東平路	Dongping Rd., Cailiao Vil.
3	永樂巷	Yongle Ln., Cailiao Vil.
3	西平路	Xiping Rd., Cailiao Vil.
2	路	Cailiao Rd.
2	里	Cailiau Vil.
1	市場	Vegetable Market
3	路	Caishichang Rd.
2	街	Caishi St.
1	庄巷	Caizhuang Ln.
1	瓜坪	Caiguaping
2	窩	Caiguawo
1	舖部	Caipubu
2	里	Caipu Vil.
1	莊巷	Caizhuang Ln.
0	菩提1路	Puti 1st Rd.
2	2路	Puti 2nd Rd.
1	薩里	Pusa Vil.
0	華1街	Hua 1st St.
1	2街	Hua 2nd St.
1	3街	Hua 3rd St.
1	4街	Hua 4th St.
1	5街	Hua 5th St.
1	6街	Hua 6th St.
1	7街	Hua 7th St.
1	8街	Hua 8th St.
1	中1街	Huazhong 1st St.
3	路	Huazhong 1st Rd.
2	2街	Huazhong 2nd St.
2	3街	Huazhong 3rd St.
2	6街	Huazhong 6th St.
2	8街	Huazhong 8th St.
2	北街	Huazhong N. St.
2	十街	Huazhong 10th St.
2	南路	Huazhong S. Rd.
2	街	Huazhong St.
2	路	Huazhong Rd.
2	里	Huazhong Vil.
1	亞1路	Huaya 1st Rd.
2	2路	Huaya 2nd Rd.
2	3路	Huaya 3rd Rd.
2	5路	Huaya 5th Rd.
1	亭街	Huating St.
1	仁1街	Huaren 1st St.
2	街	Huaren St.
1	信街	Huaxin St.
1	偉街	Huawei St.
1	光巷	Huaguang Ln.
2	街	Huaguang St.
2	路	Huaguang Rd.
1	勛街	Huaxun St.
2	里	Huaxun Vil.
1	勝路	Huasheng Rd.
2	里	Huasheng Vil.
1	北1街	Huabei 1st St.
2	2路	Huabei 2nd Rd.
2	3街	Huabei 3rd St.
2	街	Huabei St.
2	路	Huabei Rd.
2	里	Huabei Vil.
1	南	Huanan
2	2路	Huanan 2nd Rd.
2	巷	Huanan Ln.
2	村	Huanan Vil.
2	街	Huanan St.
2	路	Huanan Rd.
3	1段	Sec. 1, Huanan Rd.
2	里	Huanan Vil.
1	國巷	Huaguo Ln.
2	新村	Huaguo New Vil.
2	街	Huaguo St.
1	園	Huayuan
2	1路	Huayuan 1st Rd.
2	2路	Huayuan 2nd Rd.
2	莊	Huayuan Vil.
2	街	Huayuan St.
2	路	Huayuan Rd.
1	城1街	Huacheng 1st St.
3	路	Huacheng 1st Rd.
2	2街	Huacheng 2nd St.
3	路	Huacheng 2nd Rd.
2	3街	Huacheng 3rd St.
3	路	Huacheng 3rd Rd.
2	5街	Huacheng 5th St.
2	6街	Huacheng 6th St.
2	7街	Huacheng 7th St.
2	8街	Huacheng 8th St.
2	9街	Huacheng 9th St.
2	街	Huacheng St.
2	路	Huacheng Rd.
3	1段	Sec. 1, Huacheng Rd.
3	2段	Sec. 2, Huacheng Rd.
1	堂里	Huatang Vil.
1	夏一村	Huaxia 1st Vil.
4	市場	Market, Huaxia 1st Vil.
2	二村	Huaxia 2nd Vil.
2	巷東1弄	E. 1st Aly., Huaxia Ln.
4	2弄	E. 2nd Aly., Huaxia Ln.
4	3弄	E. 3rd Aly., Huaxia Ln.
4	4弄	E. 4th Aly., Huaxia Ln.
4	5弄	E. 5th Aly., Huaxia Ln.
4	6弄	E. 6th Aly., Huaxia Ln.
3	西1弄	W. 1st Aly., Huaxia Ln.
4	2弄	W. 2nd Aly., Huaxia Ln.
4	3弄	W. 3rd Aly., Huaxia Ln.
4	4弄	W. 4th Aly., Huaxia Ln.
4	5弄	W. 5th Aly., Huaxia Ln.
4	6弄	W. 6th Aly., Huaxia Ln.
2	新村	Huaxia New Vil.
2	路	Huaxia Rd.
1	安2路	Hua'an 2nd Rd.
2	3路	Hua'an 3rd Rd.
2	巷	Hua'an Ln.
2	街	Hua'an St.
2	路	Hua'an Rd.
2	里	Hua'an Vil.
1	宗路	Huazong Rd.
1	富山	Huafushan
2	巷	Huafu Ln.
2	街	Huafu St.
2	路	Huafu Rd.
1	寧路	Huaning Rd.
1	山	Huashan
2	1巷	Huashan 1st Ln.
3	街	Huashan 1st St.
2	2巷	Huashan 2nd Ln.
3	街	Huashan 2nd St.
2	3巷	Huashan 3rd Ln.
2	4巷	Huashan 4th Ln.
2	5巷	Huashan 5th Ln.
2	6巷	Huashan 6th Ln.
2	7巷	Huashan 7th Ln.
2	巷	Huashan Ln.
2	村	Huashan Vil.
2	街	Huashan St.
3	華山巷	Huashan Ln., Huashan St.
2	路	Huashan Rd.
2	里	Huashan Vil.
1	岡	Huagang
2	街	Huagang St.
2	路	Huagang Rd.
1	峰1街	Huafeng 1st St.
2	2街	Huafeng 2nd St.
2	3街	Huafeng 3rd St.
1	崗	Huagang
2	巷	Huagang Ln.
2	路	Huagang Rd.
2	里	Huagang Vil.
1	崙里	Hualun Vil.
1	巖街	Huayan St.
1	川路	Huachuan Rd.
1	工3路	Huagong 3rd Rd.
2	4路	Huagong 4th Rd.
2	5路	Huagong 5th Rd.
2	6路	Huagong 6th Rd.
1	平路	Huaping Rd.
2	里	Huaping Vil.
1	幸里	Huaxing Vil.
1	康巷	Huakang Ln.
2	街	Huakang St.
2	里	Huakang Vil.
1	廈巷	Huaxia Ln.
2	街	Huaxia St.
1	強巷	Huaqiang Ln.
1	德福街	Huadefu St.
2	街	Huade St.
2	里	Huade Vil.
1	愛1街	Hua'ai 1st St.
2	街	Hua'ai St.
1	成巷	Huacheng Ln.
1	文街	Huawen St.
1	新1路	Huaxin 1st Rd.
2	2路	Huaxin 2nd Rd.
2	巷	Huaxin Ln.
2	街	Huaxin St.
2	路	Huaxin Rd.
2	里	Huaxin Vil.
1	昌巷	Huachang Ln.
2	街	Huachang St.
2	路	Huachang Rd.
1	明街	Huaming St.
2	里	Huaming Vil.
1	映路	Huaying Rd.
1	月巷	Huayue Ln.
1	東	Huadong
2	街	Huadong St.
2	路	Huadong Rd.
2	里	Huadong Vil.
1	林街	Hualin St.
2	里	Hualin Vil.
1	梵路	Huafan Rd.
1	榮1街	Huarong 1st St.
2	2街	Huarong 2nd St.
2	3街	Huarong 3rd St.
2	巷	Huarong Ln.
2	街	Huarong St.
2	路	Huarong Rd.
1	樂巷	Huale Ln.
2	里	Huale Vil.
1	欣路	Huaxin Rd.
1	正路	Huazheng Rd.
1	民巷	Huamin Ln.
2	街	Huamin St.
2	路	Huamin Rd.
1	江1路	Huajiang 1st Rd.
2	2路	Huajiang 2nd Rd.
2	3路	Huajiang 3rd Rd.
2	5路	Huajiang 5th Rd.
2	6路	Huajiang 6th Rd.
2	7路	Huajiang 7th Rd.
2	8路	Huajiang 8th Rd.
2	9路	Huajiang 9th Rd.
2	北街	Huajiang N. St.
2	南街1段	Sec. 1, Huajiang S. St.
4	2段	Sec. 2, Huajiang S. St.
2	街	Huajiang St.
2	里	Huajiang Vil.
1	泰1街	Huatai 1st St.
2	2街	Huatai 2nd St.
2	3街	Huatai 3rd St.
2	5街	Huatai 5th St.
2	巷	Huatai Ln.
2	東街	Huatai E. St.
2	街	Huatai St.
2	西街	Huatai W. St.
2	路	Huatai Rd.
1	清街	Huaqing St.
1	源村	Huayuan Vil.
1	潭街	Huatan St.
1	玉巷	Huayu Ln.
1	盛1街	Huasheng 1st St.
2	2街	Huasheng 2nd St.
2	3街	Huasheng 3rd St.
2	巷	Huasheng Ln.
2	街	Huasheng St.
1	祥1街	Huaxiang 1st St.
2	2街	Huaxiang 2nd St.
2	3街	Huaxiang 3rd St.
2	路	Huaxiang Rd.
1	祿巷	Hualu Ln.
1	福巷	Huafu Ln.
2	街	Huafu St.
2	里	Huafu Vil.
1	立街	Huali St.
1	綠溪	Hualuxi
1	美1街	Huamei 1st St.
3	路	Huamei 1st Rd.
2	2街	Huamei 2nd St.
2	3路	Huamei 3rd Rd.
2	7街	Huamei 7th St.
2	巷	Huamei Ln.
2	村	Huamei Vil.
2	街	Huamei St.
3	2段	Sec. 2, Huamei St.
2	西街1段	Sec. 1, Huamei W. St.
4	2段	Sec. 2, Huamei W. St.
2	路	Huamei Rd.
1	翠里	Huacui Vil.
1	聲街	Huasheng St.
2	里	Huasheng Vil.
1	興	Huaxing
2	1街	Huaxing 1st St.
2	2街	Huaxing 2nd St.
2	3街	Huaxing 3rd St.
2	4街	Huaxing 4th St.
2	5街	Huaxing 5th St.
2	6街	Huaxing 6th St.
2	7街	Huaxing 7th St.
2	巷	Huaxing Ln.
2	街	Huaxing St.
2	路	Huaxing Rd.
3	1段	Sec. 1, Huaxing Rd.
3	2段	Sec. 2, Huaxing Rd.
2	里	Huaxing Vil.
1	西	Huaxi
2	街	Huaxi St.
2	路	Huaxi Rd.
1	豐1街	Huafeng 1st St.
2	3街	Huafeng 3rd St.
2	5街	Huafeng 5th St.
2	街	Huafeng St.
3	三村巷	Sancun Ln., Huafeng St.
2	里	Huafeng Vil.
1	貴街	Huagui St.
2	路	Huagui Rd.
2	里	Huagui Vil.
1	錦路	Huajin Rd.
1	陰街	Huayin St.
1	陵村	Hualing Vil.
1	陽巷	Huayang Ln.
2	新村	Huayang New Vil.
2	街	Huayang St.
2	路	Huayang Rd.
2	里	Huayang Vil.
1	隆街	Hualong St.
1	順街	Huashun St.
1	鹿	Hualu
1	齡街	Hualing St.
1	龍巷	Hualong Ln.
2	村	Hualong Vil.
0	菸廠東巷	Yanchang E. Ln.
2	西巷	Yanchang W. Ln.
2	路	Yanchang Rd.
0	萃豐路	Cuifeng Rd.
0	萊園村	Laiyuan Vil.
2	路	Laiyuan Rd.
1	坑	Laikeng
1	竿寮	Laiganliao
1	衣街	Laiyi St.
0	萬丹村	Wandan Vil.
2	路	Wandan Rd.
3	1段	Sec. 1, Wandan Rd.
3	2段	Sec. 2, Wandan Rd.
3	3段	Sec. 3, Wandan Rd.
1	仙街	Wanxian St.
3	仙塘坪巷	Xiantangping Ln., Wanxian St.
3	岡仙巷	Gangxian Ln., Wanxian St.
3	食水嵙巷	Shishuike Ln., Wanxian St.
1	倉街	Wancang St.
1	全村	Wanquan Vil.
2	街	Wanquan St.
2	里	Wanquan Vil.
1	利街	Wanli St.
1	原路	Wanyuan Rd.
3	1段	Sec. 1, Wanyuan Rd.
3	2段	Sec. 2, Wanyuan Rd.
1	合里	Wanhe Vil.
3	太平路	Taiping Rd., Wanhe Vil.
1	和南街	Wanhe S. St.
2	村	Wanhe Vil.
2	街	Wanhe St.
2	路	Wanhe Rd.
3	1段	Sec. 1, Wanhe Rd.
3	2段	Sec. 2, Wanhe Rd.
2	里	Wanhe Vil.
1	墩巷	Wandun Ln.
2	街	Wandun St.
1	壽巷	Wanshou Ln.
2	村	Wanshou Vil.
2	街	Wanshou St.
2	路	Wanshou Rd.
3	1段	Sec. 1, Wanshou Rd.
5	頂好巷	Dinghao Ln., Sec. 1, Wanshou Rd.
3	2段	Sec. 2, Wanshou Rd.
3	3段	Sec. 3, Wanshou Rd.
2	里	Wanshou Vil.
1	大街	Wanda St.
2	路	Wanda Rd.
1	學街	Wanxue St.
1	安	Wan'an
2	村	Wan'an Vil.
2	街	Wan'an St.
2	路	Wan'an Rd.
2	里	Wan'an Vil.
1	富	Wanfu
2	1路	Wanfu 1st Rd.
2	2路	Wanfu 2nd Rd.
2	3路	Wanfu 3rd Rd.
2	5路	Wanfu 5th Rd.
2	6路	Wanfu 6th Rd.
2	7路	Wanfu 7th Rd.
2	8路	Wanfu 8th Rd.
2	新村	Wanfu New Vil.
2	村	Wanfu Vil.
1	寧	Wanning
2	村	Wanning Vil.
2	街	Wanning St.
1	山巷	Wanshan Ln.
2	村	Wanshan Vil.
1	巒村	Wanluan Vil.
2	路	Wanluan Rd.
1	川巷	Wanchuan Ln.
1	年1街	Wannian 1st St.
2	2街	Wannian 2nd St.
2	3街	Wannian 3rd St.
2	5街	Wannian 5th St.
2	6街	Wannian 6th St.
2	7街	Wannian 7th St.
2	8街	Wannian 8th St.
2	北路	Wannian N. Rd.
2	巷	Wannian Ln.
2	東街	Wannian E. St.
3	路	Wannian E. Rd.
2	路	Wannian Rd.
3	1段	Sec. 1, Wannian Rd.
3	2段	Sec. 2, Wannian Rd.
3	3段	Sec. 3, Wannian Rd.
3	4段	Sec. 4, Wannian Rd.
2	里	Wannian Vil.
1	康里	Wankang Vil.
1	建村	Wanjian Vil.
1	後村	Wanhou Vil.
1	得路	Wande Rd.
1	德2路	Wande 2nd Rd.
2	3路	Wande 3rd Rd.
2	6路	Wande 6th Rd.
2	7路	Wande 7th Rd.
2	8路	Wande 8th Rd.
2	村	Wande Vil.
2	街	Wande St.
2	路	Wande Rd.
1	惠村	Wanhui Vil.
1	慶街	Wanqing St.
1	新路	Wanxin Rd.
1	昌街	Wanchang St.
1	有里	Wanyou Vil.
1	朝	Wanchao
2	1路	Wanchao 1st Rd.
2	2路	Wanchao 2nd Rd.
1	板路	Wanban Rd.
1	森路	Wansen Rd.
1	榮	Wanrong
2	村	Wanrong Vil.
2	街	Wanrong St.
1	泉巷	Wanquan Ln.
1	瑞里	Wanrui Vil.
1	生村	Wansheng Vil.
2	路	Wansheng Rd.
1	皇1路	Wanhuang 1st Rd.
2	路	Wanhuang Rd.
1	盛街	Wansheng St.
2	里	Wansheng Vil.
1	眉路	Wanmei Rd.
1	祥巷	Wanxiang Ln.
2	里	Wanxiang Vil.
1	福村	Wanfu Vil.
2	街	Wanfu St.
2	路	Wanfu Rd.
2	里	Wanfu Vil.
1	穀路	Wangu Rd.
1	竹路	Wanzhu Rd.
1	美街	Wanmei St.
3	1段	Sec. 1, Wanmei St.
3	2段	Sec. 2, Wanmei St.
1	聖巷	Wansheng Ln.
2	路	Wansheng Rd.
1	能路	Wanneng Rd.
1	興	Wanxing
2	村	Wanxing Vil.
2	街	Wanxing St.
2	路	Wanxing Rd.
2	里	Wanxing Vil.
3	二溪路	Erxi Rd., Wanxing Vil.
3	農場巷	Nongchang Ln., Wanxing Vil.
1	芳路	Wanfang Rd.
2	里	Wanfang Vil.
1	華村	Wanhua Vil.
2	街	Wanhua St.
2	路	Wanhua Rd.
1	萬	Wanwan
1	豐巷	Wanfeng Ln.
2	村	Wanfeng Vil.
1	里加投	Wanlijiatou
2	村	Wanli Vil.
2	路	Wanli Rd.
1	金巷	Wanjin Ln.
2	村	Wanjin Vil.
2	路	Wanjin Rd.
1	鍾里	Wanzhong Vil.
1	隆村	Wanlong Vil.
2	街	Wanlong St.
2	里	Wanlong Vil.
1	雄街	Wanxiong St.
1	青街	Wanqing St.
1	順1街	Wanshun 1st St.
2	2街	Wanshun 2nd St.
2	3街	Wanshun 3rd St.
2	村	Wanshun Vil.
2	路1段	Sec. 1, Wanshun Rd.
3	2段	Sec. 2, Wanshun Rd.
1	麗	Wanli
1	龍里	Wanlong Vil.
0	落羽松路	Luoyusong Rd.
0	葆禎1街	Baozhen 1st St.
2	路	Baozhen Rd.
0	葉厝村	Yecuo Vil.
2	路	Yecuo Rd.
1	子寮	Yeziliao
1	村	Ye Vil.
0	董公街	Donggong St.
1	厝	Dongcuo
1	門巷	Dongmen Ln.
0	葫東街	Hudong St.
2	里	Hudong Vil.
1	洲里	Huzhou Vil.
1	爐路	Hulu Rd.
1	蘆墩1街	Huludun 1st St.
3	2街	Huludun 2nd St.
3	3街	Huludun 3rd St.
3	4街	Huludun 4th St.
3	5街	Huludun 5th St.
2	巷	Hulu Ln.
2	街	Hulu St.
2	里	Hulu Vil.
0	葯店口	Yaodiankou
0	葵扇湖	Kuishanhu
0	蒔裡里	Shili Vil.
0	蒙正	Mengzheng
0	蒜南村	Suannan Vil.
1	東村	Suandong Vil.
1	頭	Suantou
2	村	Suantou Vil.
2	糖廠	Suantoutangchang
0	蓁巷村	Zhenxiang Vil.
0	蓬壺里	Penghu Vil.
1	山路	Pengshan Rd.
1	榮街	Pengrong St.
1	菜寮	Pengcailiao
1	萊	Penglai
2	2路	Penglai 2nd Rd.
2	村	Penglai Vil.
2	街	Penglai St.
2	路	Penglai Rd.
2	里	Penglai Vil.
0	蓮仁路	Lianren Rd.
1	園里	Lianyuan Vil.
1	埔街	Lianpu St.
1	山1路	Lianshan 1st Rd.
2	2路	Lianshan 2nd Rd.
1	庵村	Lian'an Vil.
2	里	Lian'an Vil.
1	池	Lianchi
2	里	Lianchi Vil.
1	海路	Lianhai Rd.
1	潭	Liantan
2	北1街	Liantan N. 1st St.
3	2街	Liantan N. 2nd St.
5	東段	Sec. E., Liantan N. 2nd St.
3	3街	Liantan N. 3rd St.
2	南1巷	Liantan S. 1st Ln.
3	街	Liantan S. St.
2	巷	Liantan Ln.
2	路	Liantan Rd.
2	里	Liantan Vil.
1	生巷	Liansheng Ln.
1	花路	Lianhua Rd.
2	里	Lianhua Vil.
1	華巷	Lianhua Ln.
2	街	Lianhua St.
1	蕉巷	Lianjiao Ln.
0	蔗南路	Zhenan Rd.
1	村	Zhe Vil.
1	部	Zhebu
2	坪	Zhebuping
0	蔡厝	Caicuo
2	仔	Caicuozai
2	巷	Caicuo Ln.
2	村	Caicuo Vil.
2	路	Caicuo Rd.
1	市巷	Caishi Ln.
1	店	Caidian
0	蔣公路	Jianggong Rd.
0	蔥子寮	Congziliao
0	蔦松1街	Niaosong 1st St.
2	2街	Niaosong 2nd St.
2	3街	Niaosong 3rd St.
2	村	Niausong Vil.
2	腳	Niaosongjiao
2	路	Niaosong Rd.
2	里	Niausong Vil.
0	蕃仔寮	Fanzailiao
1	子厝	Fanzicuo
1	東	Fandong
1	社	Fanshe
2	后	Fanshehou
1	薯厝	Fanshucuo
2	村	Fanshu Vil.
2	路	Fanshu Rd.
2	里	Fanshu Vil.
1	藷寮	Fanzhuliao
0	蕉園里	Jiauyuan Vil.
1	埔	Jiaopu
2	巷	Jiaopu Ln.
2	里	Jiaupu Vil.
1	場路	Jiaochang Rd.
1	山	Jiaoshan
1	嶺街	Jiaoling St.
1	市巷	Jiaoshi Ln.
0	蕭厝坑	Xiaocuokeng
0	薏仁坑路	Yirenkeng Rd.
4	自強巷	Ziqiang Ln., Yirenkeng Rd.
0	薑麻園	Jiangmayuan
0	薯園	Shuyuan
1	榔寮	Shulangliao
2	村	Shulang Vil.
0	薰化1巷	Xunhua 1st Ln.
2	里	Xunhua Vil.
1	風里	Xunfeng Vil.
0	藍口巷	Lankou Ln.
1	埔村	Lanpu Vil.
1	昌路	Lanchang Rd.
1	橋里	Lanqiao Vil.
1	海街	Lanhai St.
1	田街	Lantian St.
2	路	Lantian Rd.
2	里	Lantian Vil.
1	興里	Lanxing Vil.
0	藝文1街	Yiwen 1st St.
2	2街	Yiwen 2nd St.
2	街	Yiwen St.
1	術世家	Yishushijia
2	北街	Yishu N. St.
2	南街	Yishu S. St.
2	新屯	Yishu New Vil.
2	街	Yishu St.
2	路	Yishu Rd.
1	高路	Yigao Rd.
0	藤坪	Tengping
1	寮坑	Tengliaokeng
1	林巷	Tenglin Ln.
0	藥井	Yaojing
1	王里	Yaowang Vil.
0	藻礁路	Zaojiao Rd.
0	蘆宏路	Luhong Rd.
1	竹	Luzhu
2	村	Luzhu Vil.
2	溝	Luzhugou
2	街	Luzhu St.
2	路	Luzhu Rd.
2	里	Luzhu Vil.
1	興南路	Luxing S. Rd.
2	街	Luxing St.
0	蘇北路	Subei Rd.
2	里	Subei Vil.
1	南公路	Sunan Highway
2	路	Sunan Rd.
2	里	Sunan Vil.
1	厝	Sucuo
2	坑	Sucuokeng
2	寮	Sucuoliao
2	村	Sucuo Vil.
1	周巷	Suzhou Ln.
1	峰路	Sufeng Rd.
1	州1街	Suzhou 1st St.
2	2街	Suzhou 2nd St.
2	街	Suzhou St.
1	新路	Suxin Rd.
1	東中路	Sudong Central Rd.
2	北路	Sudong N. Rd.
2	路	Sudong Rd.
2	里	Sudong Vil.
1	林村	Sulin Vil.
1	樂	Sule
1	港路	Sugang Rd.
1	濱路1段	Sec. 1, Subin Rd.
3	2段	Sec. 2, Subin Rd.
3	3段	Sec. 3, Subin Rd.
1	秦村	Suqin Vil.
2	路	Suqin Rd.
1	花路1段	Sec. 1, Suhua Rd.
3	2段	Sec. 2, Suhua Rd.
3	3段	Sec. 3, Suhua Rd.
3	5段	Sec. 5, Suhua Rd.
1	西1巷	Suxi 1st Ln.
2	里	Suxi Vil.
1	魯	Sulu
0	蘋果路	Pingguo Rd.
0	蘭井街	Lanjing St.
2	里	Lanjing Vil.
1	博1路	Lanbo 1st Rd.
2	2路	Lanbo 2nd Rd.
1	城12路	Lancheng 12th Rd.
3	路	Lancheng 1st Rd.
2	2路	Lancheng 2nd Rd.
2	3路	Lancheng 3rd Rd.
2	5路	Lancheng 5th Rd.
2	6路	Lancheng 6th Rd.
2	7路	Lancheng 7th Rd.
2	8路	Lancheng 8th Rd.
2	9路	Lancheng 9th Rd.
2	十路	Lancheng 10th Rd.
2	路	Lancheng Rd.
1	州1街	Lanzhou 1st St.
2	2街	Lanzhou 2nd St.
2	3街	Lanzhou 3rd St.
2	4街	Lanzhou 4th St.
2	5街	Lanzhou 5th St.
2	南街	Lanzhou S. St.
2	街	Lanzhou St.
1	洲街	Lanzhou St.
1	生街	Lansheng St.
1	臺	Lantai
1	興里	Lanxing Vil.
1	苑1路	Lanyuan 1st Rd.
1	陽新村	Lanyang New Vil.
2	街	Lanyang St.
2	路	Lanyang Rd.
1	雅里	Lanya Vil.
0	虎1巷	Hu 1st Ln.
1	中街	Huzhong St.
1	井	Hujing
2	里	Hujing Vil.
1	嘯中巷	Huxiao Central Ln.
2	東巷	Huxiao E. Ln.
2	西巷	Huxiao W. Ln.
2	里	Huxiao Vil.
1	坑巷	Hukeng Ln.
2	村	Hukeng Vil.
1	子山街	Huzishan St.
1	寮潭	Huliaotan
1	尾寮	Huweiliao
2	里	Huwei Vil.
1	山1巷	Hushan 1st Ln.
3	街	Hushan 1st St.
2	2街	Hushan 2nd St.
2	3街	Hushan 3rd St.
2	5街	Hushan 5th St.
2	6街	Hushan 6th St.
2	7巷	Hushan 7th Ln.
2	8街	Hushan 8th St.
2	街	Hushan St.
2	路	Hushan Rd.
3	威虎巷	Weihu Ln., Hushan Rd.
3	福德巷	Fude Ln., Hushan Rd.
2	里	Hushan Vil.
1	崗路	Hugang Rd.
1	林街	Hulin St.
2	里	Hulin Vil.
1	桶里	Hutong Vil.
1	溪路	Huxi Rd.
2	里	Huxi Vil.
1	盤	Hupan
1	耳1街	Hu'er 1st St.
2	2街	Hu'er 2nd St.
2	3街	Hu'er 3rd St.
2	5街	Hu'er 5th St.
1	興北路	Huxing N. Rd.
2	南路	Huxing S. Rd.
2	東11街	Huxing E. 11th St.
4	街	Huxing E. 1st St.
3	2路	Huxing E. 2nd Rd.
3	3街	Huxing E. 3rd St.
3	5街	Huxing E. 5th St.
3	6路	Huxing E. 6th Rd.
3	7街	Huxing E. 7th St.
3	8街	Huxing E. 8th St.
3	9街	Huxing E. 9th St.
3	十街	Huxing E. 10th St.
2	西11街	Huxing W. 11th St.
4	2街	Huxing W. 12th St.
4	街	Huxing W. 1st St.
3	2路	Huxing W. 2nd Rd.
3	3街	Huxing W. 3rd St.
3	5街	Huxing W. 5th St.
3	6街	Huxing W. 6th St.
3	7街	Huxing W. 7th St.
3	8路	Huxing W. 8th Rd.
3	9街	Huxing W. 9th St.
3	十街	Huxing W. 10th St.
1	門巷	Humen Ln.
1	頭山	Hutou Mountain
2	路	Hutou Rd.
1	風巷	Hufeng Ln.
0	虹橋里	Hongqiao Vil.
0	蚊帳窩	Wenzhangwo
1	港	Wengang
2	村	Wengang Vil.
0	蚯蚓坑	Qiuyinkeng
0	蚵寮	Keliao
2	巷	Keliau Ln.
2	村	Keliau Vil.
2	街	Keliao St.
2	路	Keliao Rd.
1	殼港	Kekegang
2	潭	Keketan
1	間村	Kejian Vil.
2	段	Ejian Sec.
2	路	Kejian Rd.
0	蚶子寮	Hanziliao
1	寮	Hanliao
2	里	Hanliau Vil.
1	西港	Hanxigang
0	蛇子形路	Shezixing Rd.
1	舌子	Sheshezi
0	蛤里味	Geliwei
0	蜈潭巷	Wutan Ln.
1	蚣路	Wugong Rd.
2	里	Wugong Vil.
1	蜞1路	Wuqi 1st Rd.
2	2路	Wuqi 2nd Rd.
2	坑	Wuqikeng
2	埔	Wuqipu
2	路	Wuqi Rd.
1	蟫巷	Wuyin Ln.
0	蜊埤路	Lipi Rd.
0	融和街	Ronghe St.
2	里	Ronghe Vil.
0	螢光里	Yingguang Vil.
1	圃里	Yingpu Vil.
1	塘里	Yingtang Vil.
1	林里	Yinglin Vil.
1	雪里	Yingxue Vil.
0	螺潭村	Luotan Vil.
2	里	Luotan Vil.
1	陽路	Luoyang Rd.
0	蟠桃	Pantao
2	新村	Pantao New Vil.
2	里	Pantau Vil.
0	行仁街	Xingren St.
2	路	Xingren Rd.
2	里	Xingren Vil.
1	信路	Xingxin Rd.
1	健1路	Xingjian 1st Rd.
2	2路1段	Sec. 1, Xingjian 2nd Rd.
4	2段	Sec. 2, Xingjian 2nd Rd.
2	3路1段	Sec. 1, Xingjian 3rd Rd.
4	2段	Sec. 2, Xingjian 3rd Rd.
2	5路	Xingjian 5th Rd.
2	6路	Xingjian 6th Rd.
2	7路	Xingjian 7th Rd.
2	8路	Xingjian 8th Rd.
2	村	Xingjian Vil.
2	溪1路1段	Sec. 1, Xingjianxi 1st Rd.
5	2段	Sec. 2, Xingjianxi 1st Rd.
3	2路1段	Sec. 1, Xingjianxi 2nd Rd.
5	2段	Sec. 2, Xingjianxi 2nd Rd.
1	善路	Xingshan Rd.
2	里	Xingshan Vil.
1	堂巷	Xingtang Ln.
1	大1街	Xingda 1st St.
2	2街	Xingda 2nd St.
2	街	Xingda St.
1	孝里	Xingxiao Vil.
1	忠路	Xingzhong Rd.
1	愛路	Xing'ai Rd.
1	政巷	Xingzheng Ln.
2	街	Xingzheng St.
2	路	Xingzheng Rd.
2	里	Xingzheng Vil.
1	昌路	Xingchang Rd.
1	禮街	Xingli St.
1	義街	Xingyi St.
2	路	Xingyi Rd.
1	里	Xing Vil.
0	街仔頭	Jiezaitou
1	尾里	Jiewei Vil.
3	竹圍巷	Zhuwei Ln., Jiewei Vil.
1	頂巷	Jieding Ln.
0	衙仁街	Yaren St.
1	信1街	Yaxin 1st St.
2	2街	Yaxin 2nd St.
2	3街	Yaxin 3rd St.
1	和1街	Yahe 1st St.
2	2街	Yahe 2nd St.
2	3街	Yahe 3rd St.
1	國1街	Yaguo 1st St.
2	2街	Yaguo 2nd St.
2	3街	Yaguo 3rd St.
1	孝街	Yaxiao St.
1	平1街	Yaping 1st St.
2	2街	Yaping 2nd St.
2	3街	Yaping 3rd St.
1	忠路	Yazhong Rd.
1	愛街	Ya'ai St.
1	慶1街	Yaqing 1st St.
2	2街	Yaqing 2nd St.
2	3街	Yaqing 3rd St.
1	東街	Yadong St.
1	松1街	Yasong 1st St.
2	2街	Yasong 2nd St.
2	3街	Yasong 3rd St.
1	梅1街	Yamei 1st St.
2	2街	Yamei 2nd St.
2	3街	Yamei 3rd St.
1	泰街	Yatai St.
1	竹1街	Yazhu 1st St.
2	2街	Yazhu 2nd St.
2	3街	Yazhu 3rd St.
1	義1街	Yayi 1st St.
2	2街	Yayi 2nd St.
2	3街	Yayi 3rd St.
1	華街	Yahua St.
1	門口	Yamenkou
2	路	Yamen Rd.
2	里	Yamen Vil.
0	衛國街	Weiguo St.
2	里	Weiguo Vil.
1	武街	Weiwu St.
2	里	Weiwu Vil.
1	民街	Weimin St.
1	道1街	Weidao 1st St.
2	2街	Weidao 2nd St.
2	3街	Weidao 3rd St.
2	4街	Weidao 4th St.
2	5街	Weidao 5th St.
2	6街	Weidao 6th St.
2	7街	Weidao 7th St.
2	8街	Weidao 8th St.
2	路	Weidao Rd.
0	衡山街	Hengshan St.
1	陽1街	Hengyang 1st St.
2	2街	Hengyang 2nd St.
2	3街	Hengyang 3rd St.
2	4街	Hengyang 4th St.
2	街	Hengyang St.
2	路	Hengyang Rd.
0	表福路	Biaofu Rd.
0	裕信1街	Yuxin 1st St.
2	2街	Yuxin 2nd St.
2	3街	Yuxin 3rd St.
2	5街	Yuxin 5th St.
2	6街	Yuxin 6th St.
2	路	Yuxin Rd.
1	合街	Yuhe St.
1	和1街	Yuhe 1st St.
2	2街	Yuhe 2nd St.
2	3街	Yuhe 3rd St.
2	5街	Yuhe 5th St.
2	街	Yuhe St.
2	路	Yuhe Rd.
1	善街	Yushan St.
1	嘉里	Yujia Vil.
1	國街	Yuguo St.
1	孝1街	Yuxiao 1st St.
2	2街	Yuxiao 2nd St.
2	3街	Yuxiao 3rd St.
2	路	Yuxiao Rd.
1	學路	Yuxue Rd.
1	平1街	Yuping 1st St.
2	路	Yuping Rd.
1	強街	Yuqiang St.
1	後路	Yuhou Rd.
1	德1街	Yude 1st St.
2	2街	Yude 2nd St.
2	街	Yude St.
2	路	Yude Rd.
1	忠1街	Yuzhong 1st St.
2	2街	Yuzhong 2nd St.
2	3街	Yuzhong 3rd St.
2	路	Yuzhong Rd.
1	成南路	Yucheng S. Rd.
2	路	Yucheng Rd.
2	里	Yucheng Vil.
1	振巷	Yuzhen Ln.
1	敬1街	Yujing 1st St.
2	2街	Yujing 2nd St.
2	3街	Yujing 3rd St.
2	5街	Yujing 5th St.
2	路	Yujing Rd.
1	文1街	Yuwen 1st St.
2	路	Yuwen Rd.
1	昌街	Yuchang St.
2	里	Yuchang Vil.
1	智街	Yuzhi St.
1	東1街	Yudong 1st St.
2	2街	Yudong 2nd St.
1	榮路	Yurong Rd.
1	正街	Yuzheng St.
1	民1路	Yumin 1st Rd.
2	2路	Yumin 2nd Rd.
2	3路	Yumin 3rd Rd.
2	4路	Yumin 4th Rd.
2	6路	Yumin 6th Rd.
2	巷	Yumin Ln.
2	村	Yumin Vil.
2	街	Yumin St.
2	路	Yumin Rd.
2	農莊	Yumin Farm
2	里	Yumin Vil.
1	永1街	Yuyong 1st St.
2	路	Yuyong Rd.
1	濃路	Yunong Rd.
1	生村	Yusheng Vil.
2	路	Yusheng Rd.
2	里	Yusheng Vil.
1	祥路	Yuxiang Rd.
1	義路	Yuyi Rd.
1	興街	Yuxing St.
2	路	Yuxing Rd.
2	里	Yuxing Vil.
1	英街	Yuying St.
1	華1街	Yuhua 1st St.
2	2街	Yuhua 2nd St.
2	3街	Yuhua 3rd St.
2	巷	Yuhua Ln.
2	街	Yuhua St.
1	誠街	Yucheng St.
2	路	Yucheng Rd.
1	豐街	Yufeng St.
2	路	Yufeng Rd.
2	里	Yufeng Vil.
1	農1街	Yunong 1st St.
2	2街	Yunong 2nd St.
2	3街	Yunong 3rd St.
2	5街	Yunong 5th St.
2	6街	Yunong 6th St.
2	巷	Yunong Ln.
2	新村	Yunong New Vil.
2	街	Yunong St.
2	路	Yunong Rd.
3	小山巷	Xiaoshan Ln., Yunong Rd.
2	里	Yunong Vil.
1	隆街	Yulong St.
0	補城村	Bucheng Vil.
2	路	Bucheng Rd.
0	裡冷巷	Lileng Ln.
0	褒忠街	Baozhong St.
2	路	Baozhong Rd.
1	揚東街	Baoyang E. St.
2	街	Baoyang St.
1	新街	Baoxin St.
0	襄陽路	Xiangyang Rd.
0	西11街	W. 11th St.
2	2街	W. 12th St.
2	3街	W. 13th St.
2	4街	W. 14th St.
2	5街	W. 15th St.
2	6街	Xi 16th St.
2	7街	W. 17th St.
2	巷	W. 1st Ln.
2	街	W. 1st St.
2	路	W. 1st Rd.
1	2巷	W. 2nd Ln.
2	街	W. 2nd St.
1	3巷	W. 3rd Ln.
2	街	W. 3rd St.
1	4巷	W. 4th Ln.
2	街	W. 4th St.
1	5巷	W. 5th Ln.
2	街	W. 5th St.
1	6街	W. 6th St.
1	7街	W. 7th St.
1	8街	W. 8th St.
1	9街	W. 9th St.
1	三湖	Xisanhu
1	中巷	Xizhong Ln.
1	井	Xijing
2	村	Xijing Vil.
1	伯	Xibo
2	里	Xibo Vil.
1	佃	Xidian
1	全路	Xiquan Rd.
1	前巷	Xiqian Ln.
1	勢	Xishi
2	1街	Xishi 1st St.
2	2街	Xishi 2nd St.
2	3街	Xishi 3rd St.
2	4街	Xishi 4th St.
2	5街	Xishi 5th St.
2	6街	Xishi 6th St.
2	坑	Xishikeng
2	尾街	Xishiwei St.
2	巷	Xishi Ln.
2	村	Xishi Vil.
2	湖	Xishihu
3	路	Xishihu Rd.
2	美北	Xishimeibei
3	南	Xishimeinan
2	街	Xishi St.
2	路	Xishi Rd.
2	里	Xishi Vil.
1	北巷	Xibei Ln.
2	灣	Xibeiwan
1	十街	W. 10th St.
1	南	Xinan
2	巷	Xinan Ln.
2	莊	Xinan Vil.
1	厝路	Xicuo Rd.
1	口村	Xikou Vil.
1	吉村	Xiji Vil.
1	吳	Xiwu
1	和	Xihe
2	1街	Xihe 1st St.
2	2街	Xihe 2nd St.
2	3街	Xihe 3rd St.
2	村	Xihe Vil.
2	路	Xihe Rd.
1	善1路	Xishan 1st Rd.
1	園	Xiyuan
2	街	Xiyuan St.
2	路	Xiyuan Rd.
3	1段	Sec. 1, Xiyuan Rd.
3	2段	Sec. 2, Xiyuan Rd.
2	里	Xiyuan Vil.
1	圳巷	Xizun Ln.
2	街1段	Sec. 1, Xizun St.
3	2段	Sec. 2, Xizun St.
1	坑	Xikeng
1	坡腳	Xipojiao
1	坪	Xiping
2	村	Xiping Vil.
2	里	Xiping Vil.
1	坵村	Xiqiu Vil.
1	城村	Xicheng Vil.
3	東勢路	Dongshi Rd., Xicheng Vil.
3	西勢路	Xishi Rd., Xicheng Vil.
4	平路	Xiping Rd., Xicheng Vil.
1	埔	Xipu
2	1街	Xipu 1st St.
2	2街	Xipu 2nd St.
2	3街	Xipu 3rd St.
2	內	Xipunei
2	巷	Xipu Ln.
2	村	Xipu Vil.
2	里	Xipu Vil.
1	堡	Xibao
1	墩北巷	Xidun N. Ln.
2	南1巷	Xidun S. 1st Ln.
3	2巷	Xidun S. 2nd Ln.
2	里	Xidun Vil.
1	大路	Xida Rd.
1	天里	Xitian Vil.
1	宅	Xizhai
2	巷	Xizhai Ln.
1	安北巷	Xi'an N. Ln.
3	路	Xi'an N. Rd.
2	南巷	Xi'an S. Ln.
3	路	Xi'an S. Rd.
2	巷	Xi'an Ln.
2	村	Xi'an Vil.
3	望安	Wang'an, Xi'an Vil.
2	街	Xi'an St.
3	1段	Sec. 1, Xi'an St.
3	2段	Sec. 2, Xi'an St.
2	路	Xi'an Rd.
3	1段	Sec. 1, Xi'an Rd.
3	2段	Sec. 2, Xi'an Rd.
3	3段	Sec. 3, Xi'an Rd.
3	振福巷	Zhenfu Ln., Xi'an Rd.
2	里	Xi'an Vil.
1	定路	Xiding Rd.
2	里	Xiding Vil.
1	富村	Xifu Vil.
2	路	Xifu Rd.
1	寧北路	Xining N. Rd.
2	南路	Xining S. Rd.
2	街	Xining St.
2	路	Xining Rd.
2	里	Xining Vil.
1	寮	Xiliao
2	巷	Xiliau Ln.
2	村	Xiliau Vil.
2	里	Xiliau Vil.
1	寶	Xibao
2	村	Xibau Vil.
1	尾	Xiwei
1	屯路	Xitun Rd.
3	1段	Sec. 1, Xitun Rd.
3	2段	Sec. 2, Xitun Rd.
5	上石北2巷	Shangshi N. 2nd Ln., Sec. 2, Xitun Rd.
8	3巷	Shangshi N. 3rd Ln., Sec. 2, Xitun Rd.
8	5巷	Shangshi N. 5th Ln., Sec. 2, Xitun Rd.
8	6巷	Shangshi N. 6th Ln., Sec. 2, Xitun Rd.
7	南2巷	Shangshi S. 2nd Ln., Sec. 2, Xitun Rd.
8	3巷	Shangshi S. 3rd Ln., Sec. 2, Xitun Rd.
8	6巷	Shangshi S. 6th Ln., Sec. 2, Xitun Rd.
8	8巷	Shangshi S. 8th Ln., Sec. 2, Xitun Rd.
8	十巷	Shangshi S. 10th Ln., Sec. 2, Xitun Rd.
5	吉本巷	Jiben Ln., Sec. 2, Xitun Rd.
5	市場巷	Shichang Ln., Sec. 2, Xitun Rd.
5	惠北巷	Huibei Ln., Sec. 2, Xitun Rd.
6	安巷	Hui'an Ln., Sec. 2, Xitun Rd.
5	湳子巷	Nanzi Ln., Sec. 2, Xitun Rd.
5	英林巷	Yinglin Ln., Sec. 2, Xitun Rd.
5	華園巷	Huayuan Ln., Sec. 2, Xitun Rd.
3	3段	Sec. 3, Xitun Rd.
5	宏安巷	Hong'an Ln., Sec. 3, Xitun Rd.
6	恩1巷	Hong'en 1st Ln., Sec. 3, Xitun Rd.
7	2巷	Hong'en 2nd Ln., Sec. 3, Xitun Rd.
7	3巷	Hong'en 3rd Ln., Sec. 3, Xitun Rd.
6	福1巷	Hongfu 1st Ln., Sec. 3, Xitun Rd.
7	2巷	Hongfu 2nd Ln., Sec. 3, Xitun Rd.
7	3巷	Hongfu 3rd Ln., Sec. 3, Xitun Rd.
7	5巷	Hongfu 5th Ln., Sec. 3, Xitun Rd.
3	4段	Sec. 4, Xitun Rd.
2	里	Xitun Vil.
1	山	Xishan
2	前	Xishanqian
2	路	Xishan Rd.
2	里	Xishan Vil.
1	岐里	Xiqi Vil.
1	崎頭	Xiqitou
1	崙村	Xilun Vil.
2	路	Xilun Rd.
1	嶺里	Xiling Vil.
2	頂	Xilingding
1	嶼坪	Xiyuping
1	川1路	Xichuan 1st Rd.
2	2路	Xichuan 2nd Rd.
2	路	Xichuan Rd.
2	里	Xichuan Vil.
1	巷	W. Ln.
1	市場	W. Market
3	攤位	W. Market Stall
2	路	Xishi Rd.
2	里	Xishi Vil.
1	平	Xiping
2	北巷	Xiping N. Ln.
2	南巷	Xiping S. Ln.
2	寮	Xipingliao
2	巷	Xiping Ln.
2	村	Xiping Vil.
2	街	Xiping St.
2	路	Xiping Rd.
2	里	Xiping Vil.
1	庄	Xizhuang
2	巷	Xizhuang Ln.
2	村	Xizhuang Vil.
2	里	Xizhuang Vil.
1	康路	Xikang Rd.
2	里	Xikang Vil.
1	建路	Xijian Rd.
1	後寮	Xihouliao
2	街	Xihou St.
1	德巷	Xide Ln.
2	村	Xide Vil.
2	街	Xide St.
2	路	Xide Rd.
3	山腳巷	Shanjiao Ln., Xide Rd.
3	新部巷	Xinbu Ln., Xide Rd.
3	田尾巷	Tianwei Ln., Xide Rd.
3	石牌巷	Shipai Ln., Xide Rd.
3	糖廠巷	Tangchang Ln., Xide Rd.
2	里	Xide Vil.
1	拉雅大道	Siraya Blvd.
3	路	Siraya Rd.
1	文澳	Xiwen'ao
2	里	Xiwen Vil.
1	斗路	Xidou Rd.
2	里	Xidou Vil.
1	新巷	Xixin Ln.
2	庄	Xixinzhuang
2	里	Xixin Vil.
1	方	Xifang
2	社區	Xifang Community
2	街	Xifang St.
1	昌村	Xichang Vil.
2	街	Xichang St.
2	路	Xichang Rd.
1	明里	Ximing Vil.
1	村	Xi Vil.
2	路	Xicun Rd.
2	農場	Xicun Farm
2	里	Xicun Vil.
1	東巷	Xidong Ln.
2	里	Xidong Vil.
1	林	Xilin
2	巷	Xilin Ln.
2	村	Xilin Vil.
2	路	Xilin Rd.
3	光復巷	Guangfu Ln., Xilin Rd.
3	壹豐巷	Yifeng Ln., Xilin Rd.
3	市場巷	Shichang Ln., Xilin Rd.
3	建國巷	Jianguo Ln., Xilin Rd.
3	復興巷	Fuxing Ln., Xilin Rd.
3	新生巷	Xinsheng Ln., Xilin Rd.
3	明德巷	Mingde Ln., Xilin Rd.
3	正成巷	Zhengcheng Ln., Xilin Rd.
3	福德巷	Fude Ln., Xilin Rd.
3	秋尾巷	Qiuwei Ln., Xilin Rd.
3	通黃巷	Tonghuang Ln., Xilin Rd.
3	鐘內巷	Zhongnei Ln., Xilin Rd.
3	黃內巷	Huangnei Ln., Xilin Rd.
2	里	Xilin Vil.
1	柳街	Xiliu St.
1	榮村	Xirong Vil.
2	街	Xirong St.
2	路	Xirong Rd.
2	里	Xirong Vil.
1	樂巷	Xile Ln.
2	街	Xile St.
1	橋里	Xiqiao Vil.
1	汕村	Xishan Vil.
2	路	Xishan Rd.
1	河1路	Xihe 1st Rd.
2	2路	Xihe 2nd Rd.
2	3路	Xihe 3rd Rd.
2	5路	Xihe 5th Rd.
2	6路	Xihe 6th Rd.
2	排	Xihepai
1	洋路	Xiyang Rd.
1	浦頭	Xiputou
1	海街	Xihai St.
2	路	Xihai Rd.
3	1段	Sec. 1, Xihai Rd.
3	2段	Sec. 2, Xihai Rd.
3	3段	Sec. 3, Xihai Rd.
1	淇路	Xiqi Rd.
1	港	Xigang
2	村	Xigang Vil.
3	西勢路	Xishi Rd., Xigang Vil.
2	湖	Xiganghu
2	里	Xigang Vil.
1	湖	Xihu
2	1街	Xihu 1st St.
2	村	Xihu Vil.
2	街	Xihu St.
3	曾厝巷	Zengcuo Ln., Xihu St.
2	路	Xihu Rd.
2	里	Xihu Vil.
1	湳里	Xinan Vil.
1	溪	Xixi
2	村	Xixi Vil.
2	路	Xixi Rd.
2	里	Xixi Vil.
3	後厝路	Houcuo Rd., Xixi Vil.
1	潭路	Xitan Rd.
1	濱路1段	Sec. 1, Xibin Rd.
3	2段	Sec. 2, Xibin Rd.
3	3段	Sec. 3, Xibin Rd.
3	4段	Sec. 4, Xibin Rd.
3	5段	Sec. 5, Xibin Rd.
3	6段	Sec. 6, Xibin Rd.
1	灣里	Xiwan Vil.
1	燕村	Xiyan Vil.
1	環路	Xihuan Rd.
1	田洋	Xitianyang
1	甲中巷	Xijia Central Ln.
2	北巷	Xijia N. Ln.
2	南巷	Xijia S. Ln.
2	市場巷	Xijia Market Ln.
2	東巷	Xijia E. Ln.
2	西巷	Xijia W. Ln.
2	里	Xijia Vil.
1	畔巷	Xipan Ln.
2	村	Xipan Vil.
3	新生巷	Xinsheng Ln., Xipan Vil.
1	盛巷	Xisheng Ln.
2	街	Xisheng St.
2	路	Xisheng Rd.
2	里	Xisheng Vil.
1	社	Xishe
2	路	Xishe Rd.
2	里	Xishe Vil.
1	科紋納街	Xikewenna St.
1	站巷	Xizhan Ln.
1	結里	Xijie Vil.
1	羅岸路	Xiluo'an Rd.
2	里	Xiluo Vil.
1	美路	Ximei Rd.
1	興南路	Xixing S. Rd.
2	巷	Xixing Ln.
2	村	Xixing Vil.
2	東路	Xixing E. Rd.
2	街	Xixing St.
2	路	Xixing Rd.
2	里	Xixing Vil.
1	舊路坑	Xijiulukeng
1	芳里	Xifang Vil.
1	苑1街	Xiyuan 1st St.
2	2街	Xiyuan 2nd St.
2	3街	Xiyuan 3rd St.
2	路	Xiyuan Rd.
1	莊	Xizhuang
2	村	Xizhuang Vil.
1	華	Xihua
2	南街	Xihua S. St.
2	村	Xihua Vil.
2	街	Xihua St.
2	路	Xihua Rd.
2	里	Xihua Vil.
1	藏街	Xizang St.
2	路	Xizang Rd.
1	衛	Xiwei
2	里	Xiwei Vil.
1	角坪	Xijiaoping
1	調路	Xidiao Rd.
1	豐路	Xifeng Rd.
1	賢1街	Xixian 1st St.
2	2街	Xixian 2nd St.
2	5街	Xixian 5th St.
2	6街	Xixian 6th St.
2	街	Xixian St.
2	里	Xixian Vil.
1	路	W. Rd.
2	街	Xilu St.
2	里	Xilu Vil.
1	連村	Xilian Vil.
1	進里	Xijin Vil.
1	過村	Xiguo Vil.
1	還路	Xihai Rd.
1	邊街	Xibian St.
2	路	Xibian Rd.
1	部落	W. Tribe
1	鄉路	Xixiang Rd.
1	里巷	Xili Ln.
1	野里	Xiye Vil.
1	金	Xijin
1	銀巷	Xiyin Ln.
2	東巷	Xiyin E. Ln.
1	銘巷	Ximing Ln.
1	鎮	Xizhen
2	村	Xizhen Vil.
1	門	Ximen
2	1巷	Ximen 1st Ln.
2	2巷	Ximen 2nd Ln.
2	3巷	Ximen 3rd Ln.
2	商場	Ximen Market
2	巷	Ximen Ln.
2	街	Ximen St.
2	路	Ximen Rd.
3	1段	Sec. 1, Ximen Rd.
3	2段	Sec. 2, Ximen Rd.
3	3段	Sec. 3, Ximen Rd.
3	4段	Sec. 4, Ximen Rd.
2	里	Ximen Vil.
1	關里	Xiguan Vil.
1	阿里山	W. Alishan
3	關	W. Aliguan
1	陵街	Xiling St.
1	隆路	Xilong Rd.
1	雅街	Xiya St.
2	里	Xiya Vil.
1	雲路	Xiyun Rd.
1	鶯里	Xiying Vil.
1	龍路	Xilong Rd.
0	覆金	Fujin
2	路	Fujin Rd.
1	鼎金	Fudingjin
0	見晴	Jianqing
2	村	Jianqing Vil.
1	腳坑	Xianjiaokeng
1	興路	Jianxing Rd.
1	龍里	Jianlong Vil.
0	規那	Guina
0	親仁里	Qinren Vil.
1	和巷	Qinhe Ln.
1	愛村	Qin'ai Vil.
1	民路	Qinmin Rd.
1	水	Qinshui
2	路	Qinshui Rd.
1	河路1段	Sec. 1, Qinhe Rd.
3	2段	Sec. 2, Qinhe Rd.
0	覺民路	Juemin Rd.
1	醒里	Juexing Vil.
0	觀亭村	Guanting Vil.
2	街	Guanting St.
1	光港路	Guanguanggang Rd.
2	街	Guanguang St.
2	路	Guanguang Rd.
1	和路	Guanhe Rd.
1	山街	Guanshan St.
1	新路	Guanxin Rd.
1	泉路	Guanquan Rd.
1	海1路	Guanhai 1st Rd.
2	2路	Guanhai 2nd Rd.
2	3路	Guanhai 3rd Rd.
2	大道	Guanhai Blvd.
2	街	Guanhai St.
2	路	Guanhai Rd.
3	1段	Sec. 1, Guanhai Rd.
3	2段	Sec. 2, Guanhai Rd.
1	霧	Guanwu
1	音	Guanyin
2	山	Guanyin Mountain
2	巷	Guanyin Ln.
2	村	Guanyin Vil.
2	街	Guanyin St.
2	路	Guanyin Rd.
2	里	Guanyin Vil.
1	高	Guangao
2	山	Guangaoshan
0	角仔寮	Jiaozailiao
1	宿北巷	Jiausu N. Ln.
2	村	Jiausu Vil.
2	路	Jiaosu Rd.
3	北巷	N. Ln., Jiaosu Rd.
1	帶圍	Jiaodaiwei
2	里	Jiaudai Vil.
1	樹巷	Jiaushu Ln.
2	村	Jiaushu Vil.
1	潭路1段	Sec. 1, Jiaotan Rd.
3	2段	Sec. 2, Jiaotan Rd.
1	秀	Jiaoxiu
0	觸口	Chukou
2	村	Chukou Vil.
3	過溪仔	Guoxizai, Chukou Vil.
0	訊埔路	Xunpu Rd.
1	塘1路	Xuntang 1st Rd.
2	2路	Xuntang 2nd Rd.
2	村	Xuntang Vil.
2	路	Xuntang Rd.
0	許丑	Xuchou
1	中營	Xuzhongying
1	厝	Xucuo
2	1街	Xucuo 1st St.
2	2街	Xucuo 2nd St.
2	巷	Xucuo Ln.
2	庄仔	Xucuozhuangzai
2	村	Xucuo Vil.
2	港	Xucuogang
3	路	Xucuogang Rd.
2	湖	Xucuohu
2	路	Xucuo Rd.
1	家村	Xujia Vil.
1	昌街	Xuchang St.
1	秀才	Xuxiucai
0	詒福街	Yifu St.
2	里	Yifu Vil.
0	詔安	Zhao'an
2	厝	Zhao'ancuo
2	寮	Zhao'anliao
2	巷	Zhao'an Ln.
2	街	Zhao'an St.
2	里	Zhao'an Vil.
3	竹圍巷	Zhuwei Ln., Zhao'an Vil.
0	試院路	Shiyuan Rd.
2	里	Shiyuan Vil.
1	驗場	Experimental Station
0	詩朗	Shilang
2	南路	Shilang S. Rd.
2	社	Shilangshe
2	路	Shilang Rd.
0	詹厝巷	Zhancuo Ln.
0	誠仁里	Chengren Vil.
1	信里	Chengxin Vil.
1	勇路	Chengyong Rd.
1	北街	Chengbei St.
1	和路	Chenghe Rd.
1	安里	Cheng'an Vil.
1	實路	Chengshi Rd.
1	平路	Chengping Rd.
1	德街	Chengde St.
2	里	Chengde Vil.
1	愛1街	Cheng'ai 1st St.
2	路	Cheng'ai Rd.
1	智街	Chengzhi St.
2	里	Chengzhi Vil.
1	東街	Chengdong St.
1	正1巷	Chengzheng 1st Ln.
2	巷	Chengzheng Ln.
2	里	Chengzheng Vil.
1	群街	Chengqun St.
1	義路	Chengyi Rd.
2	里	Chengyi Vil.
1	聖2路	Chengsheng 2nd Rd.
2	3路	Chengsheng 3rd Rd.
1	體街	Chengti St.
0	調和巷	Diaohe Ln.
2	街	Diaohe St.
0	談文村	Tanwen Vil.
0	論仔巷	Lunzai Ln.
0	諸北里	Zhubei Vil.
0	謙仁巷	Qianren Ln.
1	和里	Qianhe Vil.
1	明巷	Qianming Ln.
1	正巷	Qianzheng Ln.
0	講美	Jiangmei
2	村	Jiangmei Vil.
0	謝厝	Xiecuo
2	寮	Xiecuoliao
2	巷	Xiecuo Ln.
2	村	Xiecuo Vil.
1	安	Xie'an
2	里	Xie'an Vil.
1	榜寮	Xiebangliao
0	警光一村	Jingguang 1st Vil.
2	新村	Jingguang New Vil.
2	街	Jingguang St.
3	警光1巷	Jingguang 1st Ln., Jingguang St.
2	路	Jingguang Rd.
1	前街	Jingqian St.
1	悟巷	Jingwu Ln.
1	政街	Jingzheng St.
1	民街	Jingmin St.
1	訓路	Jingxun Rd.
0	議會北路	Yihui N. Rd.
2	路	Yihui Rd.
0	護國里	Huguo Vil.
1	安巷	Hu'an Ln.
2	街	Hu'an St.
1	岸街1段	Sec. 1, Hu'an St.
3	2段	Sec. 2, Hu'an St.
2	路	Hu'an Rd.
1	東路	Hudong Rd.
1	鎮里	Huzhen Vil.
0	變電巷	Biandian Ln.
0	谷村巷	Gucun Ln.
1	王里	Guwang Vil.
0	豆子埔	Douzipu
0	豊作路	Lizuo Rd.
1	崙村	Lilun Vil.
2	路	Lilun Rd.
1	廩	Lilin
1	收村	Lishou Vil.
1	漁路	Liyu Rd.
1	禾村	Lihe Vil.
1	稠村	Lichou Vil.
1	華村	Lihua Vil.
0	豎崎路	Shuqi Rd.
0	豐1巷	Feng 1st Ln.
1	2巷	Feng 2nd Ln.
1	丘村	Fengqiu Vil.
1	偉路	Fengwei Rd.
1	功路	Fenggong Rd.
2	里	Fenggong Vil.
1	勢路	Fengshi Rd.
3	1段	Sec. 1, Fengshi Rd.
3	2段	Sec. 2, Fengshi Rd.
3	中盛巷	Zhongsheng Ln., Fengshi Rd.
3	九房巷	Jiufang Ln., Fengshi Rd.
3	和順巷	Heshun Ln., Fengshi Rd.
3	國中巷	Guozhong Ln., Fengshi Rd.
4	校巷	Guoxiao Ln., Fengshi Rd.
3	寺前巷	Siqian Ln., Fengshi Rd.
3	山下巷	Shanxia Ln., Fengshi Rd.
3	岡尾巷	Gangwei Ln., Fengshi Rd.
3	廣成巷	Guangcheng Ln., Fengshi Rd.
4	興巷	Guangxing Ln., Fengshi Rd.
3	德成巷	Decheng Ln., Fengshi Rd.
4	興巷	Dexing Ln., Fengshi Rd.
3	慈雲巷	Ciyun Ln., Fengshi Rd.
3	明山巷	Mingshan Ln., Fengshi Rd.
3	梅子巷	Meizi Ln., Fengshi Rd.
1	北街	Fengbei St.
1	南	Fengnan
2	村	Fengnan Vil.
3	復興	Fuxing, Fengnan Vil.
2	街	Fengnan St.
1	原大道1段	Sec. 1, Fengyuan Blvd.
6	五15街	595th St., Sec. 1, Fengyuan Blvd.
6	六15街	625th St., Sec. 1, Fengyuan Blvd.
8	7街	677th St., Sec. 1, Fengyuan Blvd.
4	2段	Sec. 2, Fengyuan Blvd.
4	3段	Sec. 3, Fengyuan Blvd.
4	4段	Sec. 4, Fengyuan Blvd.
6	三03街	303rd St., Sec. 4, Fengyuan Blvd.
6	四19街	439th St., Sec. 4, Fengyuan Blvd.
4	5段	Sec. 5, Fengyuan Blvd.
4	6段	Sec. 6, Fengyuan Blvd.
4	7段	Sec. 7, Fengyuan Blvd.
4	8段	Sec. 8, Fengyuan Blvd.
2	街	Fengyuan St.
2	里	Fengyuan Vil.
1	吉路	Fengji Rd.
1	和街	Fenghe St.
1	國路	Fengguo Rd.
1	圳里	Fengzun Vil.
1	坪村	Fengping Vil.
3	中山路	Zhongshan Rd., Fengping Vil.
2	路1段	Sec. 1, Fengping Rd.
3	2段	Sec. 2, Fengping Rd.
3	3段	Sec. 3, Fengping Rd.
1	安街	Feng'an St.
2	路	Feng'an Rd.
1	富	Fengfu
2	1街	Fengfu 1st St.
2	2街	Fengfu 2nd St.
2	3街	Fengfu 3rd St.
2	5街	Fengfu 5th St.
2	6街	Fengfu 6th St.
2	7街	Fengfu 7th St.
2	8街	Fengfu 8th St.
2	街	Fengfu St.
2	路	Fengfu Rd.
2	里	Fengfu Vil.
1	山村	Fengshan Vil.
3	中山路	Zhongshan Rd., Fengshan Vil.
3	仁愛街	Ren'ai St., Fengshan Vil.
3	和平街	Heping St., Fengshan Vil.
3	忠孝街	Zhongxiao St., Fengshan Vil.
2	街	Fengshan St.
1	岡	Fenggang
2	村	Fenggang Vil.
1	工1路	Fenggong 1st Rd.
2	2路	Fenggong 2nd Rd.
2	3路	Fenggong 3rd Rd.
2	中路	Fenggong Central Rd.
2	南路	Fenggong S. Rd.
2	東路	Fenggong E. Rd.
2	路	Fenggong Rd.
1	平路	Fengping Rd.
1	年巷	Fengnian Ln.
2	街	Fengnian St.
3	豐1巷	Feng 1st Ln., Fengnian St.
4	2巷	Feng 2nd Ln., Fengnian St.
2	路	Fengnian Rd.
3	1段	Sec. 1, Fengnian Rd.
3	2段	Sec. 2, Fengnian Rd.
2	里	Fengnian Vil.
1	康路	Fengkang Rd.
1	德1街	Fengde 1st St.
3	路	Fengde 1st Rd.
2	2街	Fengde 2nd St.
3	路	Fengde 2nd Rd.
2	3街	Fengde 3rd St.
2	新村	Fengde New Vil.
2	村	Fengde Vil.
2	街	Fengde St.
2	路	Fengde Rd.
1	慶街	Fengqing St.
1	成街	Fengcheng St.
1	振路	Fengzhen Rd.
1	文路	Fengwen Rd.
1	昌街	Fengchang St.
1	明路	Fengming Rd.
1	村	Feng Vil.
1	東1街	Fengdong 1st St.
2	路	Fengdong Rd.
1	林	Fenglin
2	村	Fenglin Vil.
2	街	Fenglin St.
2	里	Fenglin Vil.
1	柏路	Fengbo Rd.
1	栗路	Fengli Rd.
1	榮	Fengrong
2	新城	Fengrong Xincheng
2	村	Fengrong Vil.
2	街	Fengrong St.
2	路	Fengrong Rd.
2	里	Fengrong Vil.
1	樂1街	Fengle 1st St.
2	2街	Fengle 2nd St.
2	3街	Fengle 3rd St.
2	5街	Fengle 5th St.
2	北1路	Fengle N. 1st Rd.
3	2路	Fengle N. 2nd Rd.
2	南1街	Fengle S. 1st St.
2	路	Fengle Rd.
3	2段	Sec. 2, Fengle Rd.
2	里	Fengle Vil.
1	正路	Fengzheng Rd.
3	1段	Sec. 1, Fengzheng Rd.
3	2段	Sec. 2, Fengzheng Rd.
3	工業巷	Gongye Ln., Fengzheng Rd.
1	泉里	Fengquan Vil.
1	洲村	Fengzhou Vil.
2	路	Fengzhou Rd.
3	中央巷	Zhongyang Ln., Fengzhou Rd.
1	海路	Fenghai Rd.
1	湖村	Fenghu Vil.
1	源路	Fengyuan Rd.
2	里	Fengyuan Vil.
1	漁2路	Fengyu 2nd Rd.
2	3路	Fengyu 3rd Rd.
2	村	Fengyu Vil.
2	街	Fengyu St.
2	路	Fengyu Rd.
2	里	Fengyu Vil.
1	澤村	Fengze Vil.
1	濱村	Fengbin Vil.
1	產北路	Fengchan N. Rd.
2	南路	Fengchan S. Rd.
1	田	Fengtian
2	1路	Fengtian 1st Rd.
2	2路	Fengtian 2nd Rd.
2	3路	Fengtian 3rd Rd.
2	5街	Fengtian 5th St.
2	6路	Fengtian 6th Rd.
2	7街	Fengtian 7th St.
2	8街	Fengtian 8th St.
2	巷	Fengtian Ln.
2	村	Fengtian Vil.
2	街	Fengtian St.
2	路	Fengtian Rd.
2	里	Fengtian Vil.
3	太平路	Taiping Rd., Fengtian Vil.
1	登街	Fengdeng St.
1	盛1街	Fengsheng 1st St.
2	2街	Fengsheng 2nd St.
2	社區	Fengsheng Community
2	街	Fengsheng St.
2	路	Fengsheng Rd.
1	社1街	Fengshe 1st St.
2	路	Fengshe Rd.
3	芳泉巷	Fangquan Ln., Fengshe Rd.
1	祥路	Fengxiang Rd.
1	祿里	Fenglu Vil.
1	科路	Fengke Rd.
1	稔街	Fengren St.
1	穀巷	Fenggu Ln.
1	美1街	Fengmei 1st St.
2	2街	Fengmei 2nd St.
2	3街	Fengmei 3rd St.
2	5街	Fengmei 5th St.
2	村	Fengmei Vil.
2	街	Fengmei St.
1	興	Fengxing
2	街	Fengxing St.
3	1段	Sec. 1, Fengxing St.
3	2段	Sec. 2, Fengxing St.
2	路	Fengxing Rd.
3	1段	Sec. 1, Fengxing Rd.
3	2段	Sec. 2, Fengxing Rd.
5	龍興巷	Longxing Ln., Sec. 2, Fengxing Rd.
1	茂巷	Fengmao Ln.
1	華	Fenghua
2	街	Fenghua St.
1	裕街	Fengyu St.
2	路	Fengyu Rd.
2	里	Fengyu Vil.
1	裡	Fengli
2	1街	Fengli 1st St.
2	2街	Fengli 2nd St.
2	村	Fengli Vil.
3	中山路	Zhongshan Rd., Fengli Vil.
3	仁愛街	Ren'ai St., Fengli Vil.
3	和平街	Heping St., Fengli Vil.
3	忠孝街	Zhongxiao St., Fengli Vil.
1	西街	Fengxi St.
2	里	Fengxi Vil.
1	谷北路	Fenggu N. Rd.
2	南路	Fenggu S. Rd.
2	巷	Fenggu Ln.
2	里	Fenggu Vil.
1	賢村	Fengxian Vil.
1	連街	Fenglian St.
1	鄉村	Fengxiang Vil.
1	里	Feng Vil.
2	村	Fengli Vil.
2	街	Fengli St.
2	里	Fengli Vil.
1	野里	Fengye Vil.
1	陽路	Fengyang Rd.
1	隆村	Fenglong Vil.
2	街	Fenglong St.
2	路	Fenglong Rd.
1	順街	Fengshun St.
1	魚巷	Fengyu Ln.
0	象寮巷	Xiangliau Ln.
1	山	Xiangshan
2	村	Xiangshan Vil.
2	路	Xiangshan Rd.
1	鼻	Xiangbi
2	村	Xiangbi Vil.
2	路	Xiangbi Rd.
0	豪榮	Haorong
1	登1街	Haodeng 1st St.
1	美街	Haomei St.
0	豫溪街	Yuxi St.
2	里	Yuxi Vil.
0	豬槽潭	Zhucaotan
0	豹子廚	Baozichu
0	貓尾崎	Maoweiqi
1	盂里	Mauyu Vil.
1	鼻頭路	Maobitou Rd.
0	貝濟耶路	Beijiye Rd.
0	貞寮路	Zhenliao Rd.
1	觀巷	Zhenguan Ln.
0	負責巷	Fuzhai Ln.
1	郭路	Fuguo Rd.
2	里	Fuguo Vil.
0	財神路	Caishen Rd.
0	貢寮村	Gongliau Vil.
2	街	Gongliao St.
1	旗1巷	Gongqi 1st Ln.
2	2巷	Gongqi 2nd Ln.
2	村	Gongqi Vil.
0	貨轉1路	Huozhuan 1st Rd.
2	2路	Huozhuan 2nd Rd.
2	3路	Huozhuan 3rd Rd.
1	饒村	Huorau Vil.
2	里	Huorau Vil.
0	貴人路	Guiren Rd.
1	全里	Guiquan Vil.
1	南街	Guinan St.
1	和村	Guihe Vil.
2	街	Guihe St.
1	品居	Guipinju
1	城巷	Guicheng Ln.
1	子村	Guizi Vil.
2	路	Guizi Rd.
1	富街	Guifu St.
1	山街	Guishan St.
1	州2街	Guizhou 2nd St.
2	3街	Guizhou 3rd St.
2	4街	Guizhou 4th St.
2	街	Guizhou St.
1	德街	Guide St.
1	林1路	Guilin 1st Rd.
2	2路	Guilin 2nd Rd.
2	村	Guilin Vil.
2	路1段	Sec. 1, Guilin Rd.
3	2段	Sec. 2, Guilin Rd.
1	興路	Guixing Rd.
1	舍	Guishe
2	里	Guishe Vil.
1	賢村	Guixian Vil.
1	陽街	Guiyang St.
3	1段	Sec. 1, Guiyang St.
3	2段	Sec. 2, Guiyang St.
1	鳳街	Guifeng St.
0	貿1路	Mao 1st Rd.
1	3路	Mao 3rd Rd.
1	5路	Mao 5th Rd.
1	中街	Maozhong St.
1	北路	Maobei Rd.
1	商村	Maushang Vil.
2	街	Maoshang St.
1	易北1巷	Mauyi N. 1st Ln.
3	2巷	Mauyi N. 2nd Ln.
3	3巷	Mauyi N. 3rd Ln.
3	4巷	Mauyi N. 4th Ln.
3	5巷	Mauyi N. 5th Ln.
3	6巷	Mauyi N. 6th Ln.
3	7巷	Mauyi N. 7th Ln.
3	8巷	Mauyi N. 8th Ln.
3	9巷	Mauyi N. 9th Ln.
2	十村	Maoyi 10th Vil.
2	巷	Mauyi Ln.
2	里	Mauyi Vil.
1	東路	Maodong Rd.
1	西路	Maoxi Rd.
0	賀建村	Hejian Vil.
1	老寮	Helaoliao
0	資源莊	Ziyuan Vil.
2	街	Ziyuan St.
0	賓朗村	Binlang Vil.
2	路	Binlang Rd.
1	茂	Binmao
2	村	Binmau Vil.
0	賜安街	Si'an St.
1	福街	Sifu St.
2	路	Sifu Rd.
2	里	Sifu Vil.
0	賞翠	Shangcui
0	賢1街	Xian 1st St.
1	2街	Xian 2nd St.
1	3街	Xian 3rd St.
1	中街	Xianzhong St.
1	仁街	Xianren St.
2	路	Xianren Rd.
1	北街	Xianbei St.
1	南街	Xiannan St.
1	城路	Xiancheng Rd.
1	好路	Xianhao Rd.
1	孝街	Xianxiao St.
2	里	Xianxiao Vil.
1	安街	Xian'an St.
1	庵里	Xian'an Vil.
1	德巷	Xiande Ln.
2	東路	Xiande E. Rd.
2	西路	Xiande W. Rd.
2	路1段	Sec. 1, Xiande Rd.
3	2段	Sec. 2, Xiande Rd.
1	忠街	Xianzhong St.
1	文里	Xianwen Vil.
1	明路	Xianming Rd.
1	正街	Xianzheng St.
1	義街	Xianyi St.
1	聚	Xianju
1	達路	Xianda Rd.
1	雅街	Xianya St.
0	賦梅北路	Fumei N. Rd.
2	路	Fumei Rd.
3	2段	Sec. 2, Fumei Rd.
0	賴仲村	Laizhong Vil.
1	厝	Laicuo
2	東巷	Laicuo E. Ln.
2	街	Laicuo St.
2	里	Laicuo Vil.
1	家村	Laijia Vil.
1	明里	Laiming Vil.
1	村東巷	Laicun E. Ln.
2	里	Laicun Vil.
1	興里	Laixing Vil.
1	華街	Laihua St.
0	賽嘉	Saijia
2	巷	Saijia Ln.
2	村	Saijia Vil.
0	贊平	Zanping
1	庄	Zanzhuang
0	赤仁路	Chiren Rd.
1	勇路	Chiyong Rd.
1	北巷	Chibei Ln.
1	南巷	Chinan Ln.
1	吉街	Chiji St.
1	呈	Chicheng
1	和街	Chihe St.
1	土崎	Chituqi
2	里	Chitu Vil.
1	塗1路	Chitu 1st Rd.
2	崎	Chituqi
2	路	Chitu Rd.
1	富街	Chifu St.
1	山村	Chishan Vil.
2	湖	Chishanhu
2	路	Chishan Rd.
1	峰街	Chifeng St.
1	崁北路	Chikan N. Rd.
2	南路	Chikan S. Rd.
4	保生1巷	Baosheng 1st Ln., Chikan S. Rd.
6	2巷	Baosheng 2nd Ln., Chikan S. Rd.
6	3巷	Baosheng 3rd Ln., Chikan S. Rd.
6	4巷	Baosheng 4th Ln., Chikan S. Rd.
4	樹人巷	Shuren Ln., Chikan S. Rd.
4	自立巷	Zili Ln., Chikan S. Rd.
2	村	Chikan Vil.
2	東街	Chikan E. St.
3	路	Chikan E. Rd.
2	漁港新村	Yugang New Vil., Chikan
2	西路	Chikan W. Rd.
2	路	Chikan Rd.
1	崎	Chiqi
2	下	Chiqixia
2	街	Chiqi St.
1	嵌街	Chiqian St.
2	里	Chiqian Vil.
1	德街	Chide St.
1	東1街	Chidong 1st St.
2	2街	Chidong 2nd St.
2	3街	Chidong 3rd St.
2	4街	Chidong 4th St.
2	5街	Chidong 5th St.
2	6街	Chidong 6th St.
2	村	Chidong Vil.
2	路	Chidong Rd.
1	松里	Chisong Vil.
1	柯坪	Chikeping
2	寮	Chikeliao
2	山	Chike Mountain
1	欄2路	Chilan 2nd Rd.
2	5路	Chilan 5th Rd.
2	村	Chilan Vil.
1	水村	Chishui Vil.
1	牛欄	Chiniulan
2	稠	Chiniuchou
1	皮崙	Chipilun
1	祥街	Chixiang St.
1	西1街	Chixi 1st St.
2	2街	Chixi 2nd St.
2	3街	Chixi 3rd St.
2	4街	Chixi 4th St.
2	5街	Chixi 5th St.
2	中街	Chixi Central St.
2	村	Chixi Vil.
1	誠街	Chicheng St.
1	貴街	Chigui St.
1	馬村	Chima Vil.
0	超峰街	Chaofeng St.
0	越港里	Yuegang Vil.
1	溪村	Yuexi Vil.
0	趙甲里	Zhaojia Vil.
0	跋邊路	Babian Rd.
0	跨港路	Kuagang Rd.
0	路上村	Lushang Vil.
3	上林路	Shanglin Rd., Lushang Vil.
3	西北巷	Xibei Ln., Lushang Vil.
1	中巷	Luzhong Ln.
1	內	Lunei
1	南里	Lunan Vil.
1	墘	Luqian
1	平村	Luping Vil.
3	和平巷	Heping Ln., Luping Vil.
2	路	Luping Rd.
1	店巷	Ludian Ln.
2	里	Ludian Vil.
1	東	Ludong
2	巷	Ludong Ln.
2	里	Ludong Vil.
1	科1路	Luke 1st Rd.
2	2路	Luke 2nd Rd.
2	3路	Luke 3rd Rd.
2	5路	Luke 5th Rd.
2	6路	Luke 6th Rd.
2	7路	Luke 7th Rd.
2	8路	Luke 8th Rd.
2	9路	Luke 9th Rd.
2	十路	Luke 10th Rd.
1	西巷	Luxi Ln.
1	頂	Luding
2	巷	Luding Ln.
0	跳石	Tiaoshi
0	踏踏1路	Tata 1st Rd.
2	2路	Tata 2nd Rd.
2	3路	Tata 3rd Rd.
2	5路	Tata 5th Rd.
2	6路	Tata 6th Rd.
2	7路	Tata 7th Rd.
2	8路	Tata 8th Rd.
2	路	Tata Rd.
0	身修路	Shenxiu Rd.
0	車前路	Cheqian Rd.
1	圍巷	Chewei Ln.
1	坪	Cheping
1	埕	Checheng
2	村	Checheng Vil.
1	子路	Chezi Rd.
1	層里	Checeng Vil.
1	巷口	Chexiangkou
1	店街	Chedian St.
2	路	Chedian Rd.
2	里	Chedian Vil.
1	新路	Chexin Rd.
1	林巷	Chelin Ln.
1	港村	Chegang Vil.
1	程里	Checheng Vil.
1	站後街	Chezhanhou St.
2	街	Chezhan St.
3	1段	Sec. 1, Chezhan St.
2	路	Chezhan Rd.
1	路巷	Chelu Ln.
2	東巷	Chelu E. Ln.
2	腳	Chelujiao
2	街	Chelu St.
2	頭1路	Chelutou 1st Rd.
3	2路	Chelutou 2nd Rd.
3	3路	Chelutou 3rd Rd.
3	5路	Chelutou 5th Rd.
3	6路	Chelutou 6th Rd.
3	8路	Chelutou 8th Rd.
3	街	Chelutou St.
3	路	Chelutou Rd.
0	軍仁街	Junren St.
1	功東街	Jungong E. St.
2	路	Jungong Rd.
3	1段	Sec. 1, Jungong Rd.
3	2段	Sec. 2, Jungong Rd.
2	里	Jungong Vil.
1	南1街	Junnan 1st St.
2	2街	Junnan 2nd St.
1	和巷	Junhe Ln.
2	街	Junhe St.
1	校路	Junxiao Rd.
1	榮1街	Junrong 1st St.
2	2街	Junrong 2nd St.
2	3街	Junrong 3rd St.
2	5街	Junrong 5th St.
2	6街	Junrong 6th St.
2	街	Junrong St.
1	民路	Junmin Rd.
3	司法二村	Sifa 2nd Vil., Junmin Rd.
1	港路	Jungang Rd.
1	福11路	Junfu 11th Rd.
3	2路	Junfu 12th Rd.
3	3路	Junfu 13th Rd.
3	5路	Junfu 15th Rd.
3	6路	Junfu 16th Rd.
3	7路	Junfu 17th Rd.
3	8路	Junfu 18th Rd.
3	9路	Junfu 19th Rd.
2	7路	Junfu 7th Rd.
2	8路	Junfu 8th Rd.
2	9路	Junfu 9th Rd.
2	十路	Junfu 10th Rd.
1	輝路	Junhui Rd.
0	軒轅路	Xuanyuan Rd.
0	軟橋	Ruanqiao
2	里	Ruanqiao Vil.
0	載南路	Zainan Rd.
1	熙路	Zaixi Rd.
1	興村	Zaixing Vil.
2	路	Zaixing Rd.
0	輔仁路	Furen Rd.
1	導路	Fudao Rd.
0	輕便路	Qingbian Rd.
0	輜汽北1路	Ziqi N. 1st Rd.
3	2路	Ziqi N. 2nd Rd.
2	南路	Ziqi S. Rd.
2	路	Ziqi Rd.
0	輝南路	Huinan Rd.
1	耀路	Huiyao Rd.
0	轉播臺	Zhuanbotai
1	運1路	Zhuanyun 1st Rd.
2	2路	Zhuanyun 2nd Rd.
2	3路	Zhuanyun 3rd Rd.
0	辛亥路	Xinhai Rd.
3	1段	Sec. 1, Xinhai Rd.
3	2段	Sec. 2, Xinhai Rd.
3	3段	Sec. 3, Xinhai Rd.
3	4段	Sec. 4, Xinhai Rd.
3	5段	Sec. 5, Xinhai Rd.
3	6段	Sec. 6, Xinhai Rd.
3	7段	Sec. 7, Xinhai Rd.
0	辜厝村	Gucuo Vil.
0	辭修北路	Cixiu N. Rd.
2	路	Cixiu Rd.
0	農事巷	Nongshi Ln.
1	區1巷	Nongqu 1st Ln.
2	2巷	Nongqu 2nd Ln.
2	3巷	Nongqu 3rd Ln.
2	4巷	Nongqu 4th Ln.
1	園東路	Nongyuan E. Rd.
2	路	Nongyuan Rd.
1	場	Farm
2	中路	Nongchang Central Rd.
2	巷	Nongchang Ln.
2	街	Nongchang St.
2	路	Nongchang Rd.
2	里	Nongchang Vil.
1	墾1街	Nongken 1st St.
2	2街	Nongken 2nd St.
2	3街	Nongken 3rd St.
1	安巷	Nong'an Ln.
2	街	Nong'an St.
2	路	Nong'an Rd.
1	家路	Nongjia Rd.
1	富村	Nongfu Vil.
2	路	Nongfu Rd.
1	專新村	Nongzhuan New Vil.
2	街	Nongzhuan St.
1	會地	Nonghuidi
2	巷	Nonghui Ln.
2	路	Nonghui Rd.
1	校	Nongxiao
2	一橫巷	Nongxiao 1st Side Ln.
2	二橫巷	Nongxiao 2nd Side Ln.
1	業改良場	Nongyegailiangchang
1	權路	Nongquan Rd.
3	2段	Sec. 2, Nongquan Rd.
3	3段	Sec. 3, Nongquan Rd.
1	環路	Nonghuan Rd.
1	田巷	Nongtian Ln.
1	科路	Nongke Rd.
1	義路1段	Sec. 1, Nongyi Rd.
3	2段	Sec. 2, Nongyi Rd.
3	3段	Sec. 3, Nongyi Rd.
1	豐街	Nongfeng St.
0	迎旭1街	Yingxu 1st St.
2	2街	Yingxu 2nd St.
2	3街	Yingxu 3rd St.
2	街	Yingxu St.
1	薰南路	Yingxun S. Rd.
2	路	Yingxun Rd.
0	近光路	Jinguang Rd.
1	山路	Jinshan Rd.
1	聖里	Jinsheng Vil.
0	迦納納2路	Jianana 2nd Rd.
3	4路	Jianana 4th Rd.
3	6路	Jianana 6th Rd.
0	迪化1街	Dihua 1st St.
2	2街	Dihua 2nd St.
2	街	Dihua St.
3	1段	Sec. 1, Dihua St.
3	2段	Sec. 2, Dihua St.
2	路	Dihua Rd.
0	迴龍村	Huilong Vil.
0	追分街	Zhuifen St.
0	通仁街	Tongren St.
1	仙巷	Tongxian Ln.
1	典路	Tongdian Rd.
1	化1街	Tonghua 1st St.
2	2街	Tonghua 2nd St.
2	3街	Tonghua 3rd St.
2	4街	Tonghua 4th St.
2	街	Tonghua St.
2	里	Tonghua Vil.
1	北巷	Tongbei Ln.
2	街	Tongbei St.
1	南	Tongnan
2	里	Tongnan Vil.
3	中山路	Zhongshan Rd., Tongnan Vil.
1	天路	Tongtian Rd.
1	學路	Tongxue Rd.
1	安街	Tong'an St.
2	路	Tong'an Rd.
2	里	Tong'an Vil.
1	山巷	Tongshan Ln.
2	路	Tongshan Rd.
2	里	Tongshan Vil.
1	川路	Tongchuan Rd.
1	德路	Tongde Rd.
1	文巷	Tongwen Ln.
1	昌街	Tongchang St.
1	明街	Tongming St.
2	路	Tongming Rd.
2	里	Tongming Vil.
1	東里	Tongdong Vil.
1	校路	Tongxiao Rd.
1	梁	Tongliang
2	國宅社區	Tongliang Civil House Community
2	村	Tongliang Vil.
1	樹路	Tongshu Rd.
1	水巷	Tongshui Ln.
1	河東街1段	Sec. 1, Tonghe E. St.
4	2段	Sec. 2, Tonghe E. St.
2	街	Tonghe St.
2	西街1段	Sec. 1, Tonghe W. St.
4	2段	Sec. 2, Tonghe W. St.
1	海巷	Tonghai Ln.
2	路	Tonghai Rd.
1	港路	Tonggang Rd.
3	通港巷	Tonggang Ln., Tonggang Rd.
1	潮1巷	Tongchao 1st Ln.
2	2巷	Tongchao 2nd Ln.
2	3巷	Tongchao 3rd Ln.
2	4巷	Tongchao 4th Ln.
2	7巷	Tongchao 7th Ln.
2	路	Tongchao Rd.
1	灣	Tongwan
2	里	Tongwan Vil.
3	中山路	Zhongshan Rd., Tongwan Vil.
3	漁港路	Yugang Rd., Tongwan Vil.
1	燕路	Tongyan Rd.
1	興里	Tongxing Vil.
1	華街	Tonghua St.
1	西里	Tongxi Vil.
3	中山路	Zhongshan Rd., Tongxi Vil.
3	漁港路	Yugang Rd., Tongxi Vil.
1	賢巷	Tongxian Ln.
1	運里	Tongyun Vil.
1	過寮	Tongguoliao
1	霄巷	Tongxiao Ln.
2	東村	Tongxiao E. Vil.
2	灣村	Tongxiaowan Vil.
2	西村	Tongxiao W. Vil.
1	鹿巷	Tonglu Ln.
0	速路邊巷	Sulu Side Ln.
0	造橋村	Zaoqiao Vil.
1	福路	Zaofu Rd.
1	船巷	Zaochuan Ln.
2	路	Zaochuan Rd.
1	豐路	Zaofeng Rd.
0	逢大路	Fengda Rd.
1	明街	Fengming St.
1	甲1街	Fengjia 1st St.
2	2街	Fengjia 2nd St.
2	商場	Fengjia Market
2	巷	Fengjia Ln.
2	路	Fengjia Rd.
3	裕民新城	Yumin Xincheng, Fengjia Rd.
2	里	Fengjia Vil.
0	連勝街	Liansheng St.
1	和村	Lianhe Vil.
2	里	Lianhe Vil.
1	城村	Liancheng Vil.
2	路	Liancheng Rd.
2	里	Liancheng Vil.
1	屋	Lianwu
1	峰街	Lianfeng St.
1	成路	Liancheng Rd.
1	洲路	Lianzhou Rd.
1	福新城	Lianfu Xincheng
1	興街	Lianxing St.
2	路	Lianxing Rd.
1	航路	Lianhang Rd.
1	芳	Lianfang
1	表	Lianbiao
1	雲街	Lianyun St.
0	逮魚堀	Daiyuku
0	週美里	Zhoumei Vil.
0	進修街	Jinxiu St.
1	偉1路	Jinwei 1st Rd.
2	2路	Jinwei 2nd Rd.
2	3路	Jinwei 3rd Rd.
2	5路	Jinwei 5th Rd.
2	6路	Jinwei 6th Rd.
2	路	Jinwei Rd.
1	元路	Jinyuan Rd.
1	利1路	Jinli 1st Rd.
2	2路	Jinli 2nd Rd.
2	3路	Jinli 3rd Rd.
2	5路	Jinli 5th Rd.
2	路	Jinli Rd.
1	化北路	Jinhua N. Rd.
2	巷	Jinhua Ln.
2	街	Jinhua St.
2	路	Jinhua Rd.
1	士1路	Jinshi 1st Rd.
2	路1段	Sec. 1, Jinshi Rd.
3	2段	Sec. 2, Jinshi Rd.
2	里	Jinshi Vil.
1	學1街	Jinxue 1st St.
2	2街	Jinxue 2nd St.
2	3街	Jinxue 3rd St.
2	巷	Jinxue Ln.
2	街	Jinxue St.
2	路	Jinxue Rd.
3	國小巷	Guoxiao Ln., Jinxue Rd.
3	必忠巷	Bizhong Ln., Jinxue Rd.
2	里	Jinxue Vil.
1	安街	Jin'an St.
2	路	Jin'an Rd.
2	里	Jin'an Vil.
1	德1街	Jinde 1st St.
2	2街	Jinde 2nd St.
2	北路	Jinde N. Rd.
2	街	Jinde St.
2	路	Jinde Rd.
1	村巷	Jincun Ln.
1	樂路	Jinle Rd.
1	源街	Jinyuan St.
1	福路	Jinfu Rd.
1	興	Jinxing
2	1路	Jinxing 1st Rd.
2	2路	Jinxing 2nd Rd.
2	巷	Jinxing Ln.
2	村	Jinxing Vil.
2	街	Jinxing St.
2	路	Jinxing Rd.
1	芬村	Jinfen Vil.
1	豐街	Jinfeng St.
1	賢路	Jinxian Rd.
1	高路	Jingao Rd.
0	逸仙村	Yixian Vil.
2	路	Yixian Rd.
1	境新村	Yijing New Vil.
1	林街	Yilin St.
1	賢村	Yixian Vil.
0	遊園北路	Youyuan N. Rd.
2	南路	Youyuan S. Rd.
2	路1段	Sec. 1, Youyuan Rd.
5	園1巷	Yuan 1st Ln., Sec. 1, Youyuan Rd.
3	2段	Sec. 2, Youyuan Rd.
1	樂街	Youle St.
0	運河北街	Yunhe N. St.
2	路	Yunhe Rd.
2	里	Yunhe Vil.
0	過仁街	Guoren St.
1	勇路	Guoyong Rd.
1	圳巷	Guozun Ln.
2	村	Guozun Vil.
2	街	Guozun St.
2	路	Guozun Rd.
1	坑仔	Guokengzai
2	巷	Guokeng Ln.
2	路	Guokeng Rd.
1	埤仔	Guopizai
2	路	Guopi Rd.
2	里	Guopi Vil.
1	山	Guoshan
2	村	Guoshan Vil.
1	崙街	Guolun St.
1	嶺	Guoling
2	村	Guoling Vil.
2	路	Guoling Rd.
3	1段	Sec. 1, Guoling Rd.
3	2段	Sec. 2, Guoling Rd.
2	里	Guoling Vil.
1	昌街	Guochang St.
1	智街	Guozhi St.
1	江村	Guojiang Vil.
2	路	Guojiang Rd.
1	洋巷	Guoyang Ln.
2	路	Guoyang Rd.
1	港	Guogang
2	坪	Guogangping
2	子	Guogangzi
2	巷	Guogang Ln.
2	村	Guogang Vil.
2	路	Guogang Rd.
3	成功巷	Chenggong Ln., Guogang Rd.
3	西1巷	W. 1st Ln., Guogang Rd.
4	2巷	W. 2nd Ln., Guogang Rd.
2	里	Guogang Vil.
2	隧道	Guogangsuidao
1	湖路	Guohu Rd.
1	溝	Guogou
2	1巷	Guogou 1st Ln.
3	路	Guogou 1st Rd.
2	2巷	Guogou 2nd Ln.
3	路	Guogou 2nd Rd.
2	3巷	Guogou 3rd Ln.
3	路	Guogou 3rd Rd.
2	4巷	Guogou 4th Ln.
2	中厝	Guogouzhongcuo
2	仔	Guogouzai
2	子	Guogouzi
2	巷	Guogou Ln.
2	廈厝	Guogouxiacuo
2	村	Guogou Vil.
2	東勢頭	Guogoudongshitou
2	西勢	Guogouxishi
2	路	Guogou Rd.
2	里	Guogou Vil.
2	頂厝	Guogoudingcuo
1	溪	Guoxi
2	仔	Guoxizai
2	子	Guoxizi
2	巷	Guoxi Ln.
2	村	Guoxi Vil.
2	路	Guoxi Rd.
2	里	Guoxi Vil.
3	光華路	Guanghua Rd., Guoxi Vil.
1	田里	Guotian Vil.
1	甲1巷	Guojia 1st Ln.
2	2巷	Guojia 2nd Ln.
2	3巷	Guojia 3rd Ln.
2	4巷	Guojia 4th Ln.
2	巷	Guojia Ln.
1	路子	Guoluzi
1	雄1街	Guoxiong 1st St.
2	街	Guoxiong St.
1	鞍巷	Guo'an Ln.
1	龍仔	Guolongzai
0	道下	Daoxia
1	化街	Daohua St.
2	路	Daohua Rd.
1	南路	Daonan Rd.
1	周路	Daozhou Rd.
1	德巷	Daode Ln.
2	街	Daode St.
1	爺路	Daoye Rd.
1	義巷	Daoyi Ln.
0	達仁街	Daren St.
2	里	Daren Vil.
1	來巷	Dalai Ln.
2	村	Dalai Vil.
1	勇里	Dayong Vil.
1	固湖灣大路	Daguhuwan Avenue
1	天	Datian
1	德安	Dade'an
2	街	Dade St.
2	里	Dade Vil.
1	明路	Daming Rd.
2	里	Daming Vil.
1	生1街	Dasheng 1st St.
2	2街	Dasheng 2nd St.
2	3街	Dasheng 3rd St.
2	5路	Dasheng 5th Rd.
2	6街	Dasheng 6th St.
2	7街	Dasheng 7th St.
2	8街	Dasheng 8th St.
2	9街	Dasheng 9th St.
2	路	Dasheng Rd.
1	發達旺巷	Dafadawang Ln.
1	興	Daxing
1	萬	Dawan
1	觀村	Daguan Vil.
2	路	Daguan Rd.
1	邦	Dabang
2	村	abangu Vil.
1	里	Da Vil.
1	雲路	Dayun Rd.
3	1段	Sec. 1, Dayun Rd.
3	2段	Sec. 2, Dayun Rd.
0	遠志里	Yuanzhi Vil.
1	揚街	Yuanyang St.
1	景	Yuanjing
1	望坑街	Yuanwangkeng St.
1	東街	Yuandong St.
2	路	Yuandong Rd.
0	遼北街	Liaobei St.
2	路	Liaobei Rd.
1	寧1街	Liaoning 1st St.
2	2街	Liaoning 2nd St.
2	3街	Liaoning 3rd St.
2	街	Liaoning St.
2	路1段	Sec. 1, Liaoning Rd.
3	2段	Sec. 2, Liaoning Rd.
1	陽1街	Liaoyang 1st St.
2	2街	Liaoyang 2nd St.
2	3街	Liaoyang 3rd St.
2	4街	Liaoyang 4th St.
2	5街	Liaoyang 5th St.
2	6街	Liaoyang 6th St.
2	北1街	Liaoyang N. 1st St.
3	2街	Liaoyang N. 2nd St.
0	還社里	Haishe Vil.
0	那拔林	Nabalin
1	界	Najie
1	羅	Naluo
1	魯灣街	Naluwan St.
0	邦正街	Bangzheng St.
0	邱厝北1巷	Qiucuo N. 1st Ln.
3	巷	Qiucuo N. Ln.
2	南巷	Qiucuo S. Ln.
2	巷	Qiucuo Ln.
2	里	Qiucuo Vil.
0	郡南里	Junnan Vil.
1	坑巷	Junkeng Ln.
2	村	Junkeng Vil.
1	安路3段	Sec. 3, Jun'an Rd.
3	4段	Sec. 4, Jun'an Rd.
3	5段	Sec. 5, Jun'an Rd.
3	6段	Sec. 6, Jun'an Rd.
3	7段	Sec. 7, Jun'an Rd.
1	平路	Junping Rd.
1	王里	Junwang Vil.
1	界	Junjie
1	緯街	Junwei St.
1	興路	Junxing Rd.
1	西路	Junxi Rd.
0	部仔坑路	Buzaikeng Rd.
2	巷	Buzai Ln.
1	地	Budi
1	坑巷	Bukeng Ln.
1	子	Buzi
2	巷	Buzi Ln.
2	路	Buzi Rd.
1	底巷	Budi Ln.
1	後	Buhou
2	街	Buhou St.
2	路	Buhou Rd.
3	仁愛新村	Ren'ai New Vil., Buhou Rd.
1	興	Buxing
0	郭厝巷	Guocuo Ln.
2	里	Guocuo Vil.
1	岑寮	Guocenliao
0	郵局街	Youju St.
1	政街	Youzheng St.
2	路	Youzheng Rd.
2	里	Youzheng Vil.
1	電街	Youdian St.
0	都會南街	Duhui S. St.
2	園路	Duhuiyuan Rd.
1	歷路	Duli Rd.
1	蘭	Dulan
2	村	Dulan Vil.
1	魯路	Dulu Rd.
0	鄂王里	Ewang Vil.
0	鄉友街	Xiangyou St.
1	村世界	Xiangcun Shijie
1	林巷	Xianglin Ln.
1	根1巷	Xianggen 1st Ln.
2	2巷	Xianggen 2nd Ln.
1	界路	Xiangjie Rd.
1	長路1段	Sec. 1, Xiangzhang Rd.
3	2段	Sec. 2, Xiangzhang Rd.
2	里	Xiangchang Vil.
1	雲里	Xiangyun Vil.
0	鄒厝崙	Zoucuolun
1	容1街	Zourong 1st St.
2	2街	Zourong 2nd St.
0	鄧公路	Denggong Rd.
2	里	Denggong Vil.
0	鄭厝巷	Zhengcuo Ln.
1	和南路	Zhenghe S. Rd.
2	路	Zhenghe Rd.
1	州街	Zhengzhou St.
2	路	Zhengzhou Rd.
0	鄰江里	Linjiang Vil.
0	酉陽街	Youyang St.
0	酒姑路	Jiugu Rd.
1	泉一橫巷	Jiuquan 1st Side Ln.
2	巷	Jiuquan Ln.
2	街	Jiuquan St.
1	精	Jiujing
0	酪德街	Laode St.
1	農街	Laonong St.
2	路	Laonong Rd.
1	香街	Laoxiang St.
0	酸柑	Suangan
2	湖	Suanganhu
0	醒村	Xing Vil.
1	路	Xing Rd.
0	采舍路	Caishe Rd.
0	里	Li
1	中路	Lizhong Rd.
1	仁村	Liren Vil.
2	路	Liren Rd.
1	佳	Lijia
2	村	Lijia Vil.
1	信路	Lixin Rd.
1	北路	Libei Rd.
1	南路	Linan Rd.
1	和路	Lihe Rd.
1	嶺路	Liling Rd.
1	德村	Lide Vil.
2	路	Lide Rd.
1	新路	Lixin Rd.
1	智路	Lizhi Rd.
1	村	Li Vil.
1	東路	Lidong Rd.
1	林東路	Lilin E. Rd.
4	公路巷	Gonglu Ln., Lilin E. Rd.
4	北光2巷	Beiguang 2nd Ln., Lilin E. Rd.
4	南光巷	Nanguang Ln., Lilin E. Rd.
4	明德南巷	Mingde S. Ln., Lilin E. Rd.
4	柯厝巷	Kecuo Ln., Lilin E. Rd.
4	楊厝巷	Yangcuo Ln., Lilin E. Rd.
4	溪北巷	Xibei Ln., Lilin E. Rd.
4	興樹巷	Xingshu Ln., Lilin E. Rd.
4	鐵路南巷	Railway S. Ln., Lilin E. Rd.
6	東巷	Railway E. Ln., Lilin E. Rd.
4	頂頭巷	Dingtou Ln., Lilin E. Rd.
2	西路	Lilin W. Rd.
4	文化巷	Wenhua Ln., Lilin W. Rd.
5	明巷	Wenming Ln., Lilin W. Rd.
4	明光巷	Mingguang Ln., Lilin W. Rd.
5	德南巷	Mingde S. Ln., Lilin W. Rd.
1	港路	Ligang Rd.
1	科街	Like St.
1	義路	Liyi Rd.
1	里	Li Vil.
1	金館	Lijinguan
1	順路	Lishun Rd.
1	龍	Lilong
0	重3路	Chong 3rd Rd.
1	上街	Chongshang St.
1	仁路	Chongren Rd.
1	信路	Chongxin Rd.
1	偉街	Chongwei St.
1	光	Chongguang
2	北路	Chongguang N. Rd.
2	南路	Chongguang S. Rd.
2	巷	Chongguang Ln.
2	東路	Chongguang E. Rd.
2	街	Chongguang St.
2	路	Chongguang Rd.
2	里	Chongguang Vil.
1	劃東路	Chonghua E. Rd.
2	西路	Chonghua W. Rd.
1	化街	Chonghua St.
1	吉路	Chongji Rd.
1	和村	Chonghe Vil.
2	路	Chonghe Rd.
1	如街	Chongru St.
1	孝路	Chongxiao Rd.
1	安街	Chong'an St.
2	路	Chong'an Rd.
1	寮村	Chongliau Vil.
1	平路	Chongping Rd.
1	建街	Chongjian St.
2	路	Chongjian Rd.
1	德新村	Chongde New Vil.
1	忠路	Chongzhong Rd.
1	惠街	Chonghui St.
1	愛路	Chong'ai Rd.
1	慶1街	Chongqing 1st St.
2	2街	Chongqing 2nd St.
2	3街	Chongqing 3rd St.
2	6街	Chongqing 6th St.
2	北路1段	Sec. 1, Chongqing N. Rd.
4	2段	Sec. 2, Chongqing N. Rd.
4	3段	Sec. 3, Chongqing N. Rd.
4	4段	Sec. 4, Chongqing N. Rd.
2	南路1段	Sec. 1, Chongqing S. Rd.
4	2段	Sec. 2, Chongqing S. Rd.
4	3段	Sec. 3, Chongqing S. Rd.
2	街	Chongqing St.
3	南門商場	Nanmen Market, Chongqing St.
2	路	Chongqing Rd.
2	里	Chongqing Vil.
1	政路	Chongzheng Rd.
1	文街	Chongwen St.
1	新巷	Chongxin Ln.
2	路1段	Sec. 1, Chongxin Rd.
3	2段	Sec. 2, Chongxin Rd.
3	3段	Sec. 3, Chongxin Rd.
3	4段	Sec. 4, Chongxin Rd.
3	5段	Sec. 5, Chongxin Rd.
2	里	Chongxin Vil.
1	明路	Chongming Rd.
2	里	Chongming Vil.
1	景街	Chongjing St.
1	河	Chonghe
1	治路	Chongzhi Rd.
1	清路	Chongqing Rd.
1	溪村	Chongxi Vil.
1	熙里	Chongxi Vil.
1	生路	Chongsheng Rd.
1	碩里	Chongshi Vil.
1	立路	Chongli Rd.
1	美街	Chongmei St.
1	義1路	Chongyi 1st Rd.
2	2路	Chongyi 2nd Rd.
2	3路	Chongyi 3rd Rd.
2	巷	Chongyi Ln.
2	街	Chongyi St.
2	路	Chongyi Rd.
1	興	Chongxing
2	村	Chongxing Vil.
2	街	Chongxing St.
2	里	Chongxing Vil.
1	陽1街	Chongyang 1st St.
2	2街	Chongyang 2nd St.
2	街	Chongyang St.
2	路	Chongyang Rd.
3	1段	Sec. 1, Chongyang Rd.
3	2段	Sec. 2, Chongyang Rd.
3	3段	Sec. 3, Chongyang Rd.
3	4段	Sec. 4, Chongyang Rd.
3	5段	Sec. 5, Chongyang Rd.
2	里	Chongyang Vil.
0	野柳村	Yeliu Vil.
1	要街	Yeyao St.
1	銀	Yeyin
0	金中街	Jinzhong St.
1	井巷	Jinjing Ln.
1	交椅	Jinjiaoyi
1	京林	Jinjinglin
1	信街	Jinxin St.
1	像園	Jinxiangyuan
1	光路	Jinguang Rd.
1	六結路	Jinliujie Rd.
1	利街	Jinli St.
1	剛寺	Jingangsi
1	包珠巷	Jinbauzhu Ln.
2	里街	Jinbauli St.
1	印山莊	Jinyin Villa
1	古1路	Jingu 1st Rd.
2	2路	Jingu 2nd Rd.
2	3路	Jingu 3rd Rd.
1	同春路	Jintongchun Rd.
1	和巷	Jinhe Ln.
2	街	Jinhe St.
2	路	Jinhe Rd.
1	園街	Jinyuan St.
1	地路	Jindi Rd.
1	圳里	Jinzun Vil.
1	城1路	Jincheng 1st Rd.
2	2路	Jincheng 2nd Rd.
2	3路	Jincheng 3rd Rd.
2	巷	Jincheng Ln.
2	新莊	Jincheng New Vil.
2	村	Jincheng Vil.
2	菜市場	Jincheng Vegetable Market
2	街	Jincheng St.
3	愛國巷	Aiguo Ln., Jincheng St.
2	路	Jincheng Rd.
3	1段	Sec. 1, Jincheng Rd.
3	2段	Sec. 2, Jincheng Rd.
3	3段	Sec. 3, Jincheng Rd.
2	里	Jincheng Vil.
1	埔街	Jinpu St.
1	堰	Jinyan
1	墩巷	Jindun Ln.
2	村	Jindun Vil.
2	街	Jindun St.
1	天地	Jintiandi
2	巷	Jintian Ln.
1	安巷	Jin'an Ln.
2	街	Jin'an St.
2	路	Jin'an Rd.
2	里	Jin'an Vil.
1	富街	Jinfu St.
1	寮里	Jinliau Vil.
1	寶巷	Jinbau Ln.
1	專1路	Jinzhuan 1st Rd.
2	2路	Jinzhuan 2nd Rd.
1	山	Jinshan
2	11街	Jinshan 11th St.
3	2街	Jinshan 12th St.
3	3街	Jinshan 13th St.
3	5街	Jinshan 15th St.
3	6街	Jinshan 16th St.
3	7街	Jinshan 17th St.
3	8街	Jinshan 18th St.
3	9街	Jinshan 19th St.
3	街	Jinshan 1st St.
2	21街	Jinshan 21st St.
3	2街	Jinshan 22nd St.
3	3街	Jinshan 23rd St.
3	5街	Jinshan 25th St.
3	6街	Jinshan 26th St.
3	7街	Jinshan 27th St.
3	8街	Jinshan 28th St.
3	街	Jinshan 2nd St.
2	3街	Jinshan 3rd St.
2	5街	Jinshan 5th St.
2	6街	Jinshan 6th St.
2	7街	Jinshan 7th St.
2	8街	Jinshan 8th St.
2	9街	Jinshan 9th St.
2	二十街	Jinshan 20th St.
2	北1街	Jinshan N. 1st St.
3	2街	Jinshan N. 2nd St.
3	3街	Jinshan N. 3rd St.
3	路	Jinshan N. Rd.
2	十街	Jinshan 10th St.
2	南路1段	Sec. 1, Jinshan S. Rd.
4	2段	Sec. 2, Jinshan S. Rd.
2	寺路	Jinshansi Rd.
2	巷	Jinshan Ln.
2	村	Jinshan Vil.
2	東1街	Jinshan E. 1st St.
3	2街	Jinshan E. 2nd St.
3	3街	Jinshan E. 3rd St.
3	街	Jinshan E. St.
3	路	Jinshan E. Rd.
2	街	Jinshan St.
2	西路	Jinshan W. Rd.
2	路	Jinshan Rd.
2	里	Jinshan Vil.
2	面	Jinshanmian
1	岳村	Jinyue Vil.
2	路	Jinyue Rd.
1	崙	Jinlun
2	村	Jinlun Vil.
1	嵐	Jinlan
1	川巷	Jinchuan Ln.
2	街	Jinchuan St.
1	工里	Jingong Vil.
1	平路	Jinping Rd.
1	府街	Jinfu St.
2	路	Jinfu Rd.
1	廣路	Jinguang Rd.
1	德街	Jinde St.
2	路	Jinde Rd.
1	敏	Jinmin
1	星村	Jinxing Vil.
2	里	Jinxing Vil.
1	暖	Jinnuan
1	朝街	Jinchao St.
1	榮路	Jinrong Rd.
1	樽	Jinzun
1	橋路	Jinqiao Rd.
3	新興段	Sec. Xinxing, Jinqiao Rd.
3	育仁段	Sec. Yuren, Jinqiao Rd.
1	水里	Jinshui Vil.
1	沙山莊	Jinsha Villa
1	泉里	Jinquan Vil.
1	泰路	Jintai Rd.
2	里	Jintai Vil.
1	洋村	Jinyang Vil.
2	路	Jinyang Rd.
1	海街	Jinhai St.
1	港路	Jingang Rd.
1	湖新村	Jinhu New Vil.
2	村	Jinhu Vil.
2	街	Jinhu St.
2	路	Jinhu Rd.
1	溪村	Jinxi Vil.
2	路	Jinxi Rd.
2	里	Jinxi Vil.
1	滿	Jinman
1	潭路	Jintan Rd.
1	獅	Jinshi
2	1街	Jinshi 1st St.
2	2街	Jinshi 2nd St.
2	3街	Jinshi 3rd St.
2	5街	Jinshi 5th St.
2	6街	Jinshi 6th St.
2	7街	Jinshi 7th St.
2	8街	Jinshi 8th St.
2	9街	Jinshi 9th St.
2	十街	Jinshi 10th St.
2	寮	Jinshiliao
2	村	Jinshi Vil.
1	瑞里	Jinrui Vil.
1	瓜寮	Jingualiao
1	田街	Jintian St.
2	里	Jintian Vil.
1	盈路	Jinying Rd.
2	里	Jinying Vil.
1	盛巷	Jinsheng Ln.
1	砂村	Jinsha Vil.
1	福街	Jinfu St.
2	路	Jinfu Rd.
1	竹村	Jinzhu Vil.
2	路	Jinzhu Rd.
2	里	Jinzhu Vil.
1	美街	Jinmei St.
1	興村	Jinxing Vil.
2	街	Jinxing St.
2	路	Jinxing Rd.
1	莊路	Jinzhuang Rd.
1	華1街	Jinhua 1st St.
2	2街	Jinhua 2nd St.
2	3街	Jinhua 3rd St.
2	巷	Jinhua Ln.
2	新城	Jinhua Xincheng
3	路	Jinhuaxin Rd.
2	街	Jinhua St.
3	1段	Sec. 1, Jinhua St.
2	西路	Jinhua W. Rd.
2	路	Jinhua Rd.
3	1段	Sec. 1, Jinhua Rd.
3	2段	Sec. 2, Jinhua Rd.
3	3段	Sec. 3, Jinhua Rd.
3	4段	Sec. 4, Jinhua Rd.
3	5段	Sec. 5, Jinhua Rd.
2	里	Jinhua Vil.
1	萬礐	Jinwanque
1	萱路	Jinxuan Rd.
1	蘭	Jinlan
2	村	Jinlan Vil.
1	虎路	Jinhu Rd.
1	谷巷	Jingu Ln.
1	豐街	Jinfeng St.
2	路	Jinfeng Rd.
1	賢路	Jinxian Rd.
1	農路	Jinnong Rd.
1	都來	Jindulai
1	鋁街	Jinlu St.
1	鋒2街	Jinfeng 2nd St.
2	3街	Jinfeng 3rd St.
2	4街	Jinfeng 4th St.
2	5街	Jinfeng 5th St.
2	6街	Jinfeng 6th St.
2	街	Jinfeng St.
1	鎰街	Jinyi St.
1	鑾路	Jinluan Rd.
1	門1街	Jinmen 1st St.
2	2街	Jinmen 2nd St.
2	3街	Jinmen 3rd St.
2	4街	Jinmen 4th St.
2	城	Jinmencheng
2	巷	Jinmen Ln.
2	街	Jinmen St.
2	農場	Jinmen Farm
1	陵新屯	Jinling New Vil.
2	村	Jinling Vil.
2	街	Jinling St.
2	路	Jinling Rd.
3	1段	Sec. 1, Jinling Rd.
3	2段	Sec. 2, Jinling Rd.
3	3段	Sec. 3, Jinling Rd.
5	仁光巷	Renguang Ln., Sec. 3, Jinling Rd.
5	南陽巷	Nanyang Ln., Sec. 3, Jinling Rd.
5	華光巷	Huaguang Ln., Sec. 3, Jinling Rd.
3	4段	Sec. 4, Jinling Rd.
3	5段	Sec. 5, Jinling Rd.
3	6段	Sec. 6, Jinling Rd.
3	7段	Sec. 7, Jinling Rd.
2	里	Jinling Vil.
1	陽街	Jinyang St.
1	雅1街	Jinya 1st St.
2	2街	Jinya 2nd St.
2	3街	Jinya 3rd St.
2	5街	Jinya 5th St.
2	6街	Jinya 6th St.
2	7街	Jinya 7th St.
2	8街	Jinya 8th St.
2	東街	Jinya E. St.
2	西街	Jinya W. St.
2	路	Jinya Rd.
2	里	Jinya Vil.
1	雞湖路	Jinjihu Rd.
1	面路	Jinmian Rd.
2	里	Jinmian Vil.
1	順街	Jinshun St.
1	馬東路	Jinma E. Rd.
2	路	Jinma Rd.
3	1段	Sec. 1, Jinma Rd.
3	2段	Sec. 2, Jinma Rd.
3	3段	Sec. 3, Jinma Rd.
1	鳳寮	Jinfengliao
2	街	Jinfeng St.
2	里	Jinfeng Vil.
1	鼎路	Jinding Rd.
1	龍1街	Jinlong 1st St.
3	路	Jinlong 1st Rd.
2	2街	Jinlong 2nd St.
3	路	Jinlong 2nd Rd.
2	3街	Jinlong 3rd St.
3	路	Jinlong 3rd Rd.
2	新村	Jinlong New Vil.
2	街	Jinlong St.
2	路	Jinlong Rd.
2	里	Jinlong Vil.
0	釣魚臺列嶼	Diaoyutailieyu
0	鉅工村	Jugong Vil.
0	銀中巷	Yinzhong Ln.
1	光巷	Yinguang Ln.
1	同里	Yintong Vil.
1	和街	Yinhe St.
1	川街	Yinchuan St.
1	店街	Yindian St.
1	杉街	Yinshan St.
1	河1街	Yinhe 1st St.
2	2街	Yinhe 2nd St.
2	3街	Yinhe 3rd St.
2	北路	Yinhe N. Rd.
2	南路	Yinhe S. Rd.
2	路	Yinhe Rd.
1	聯1巷	Yinlian 1st Ln.
2	2巷	Yinlian 2nd Ln.
2	3巷	Yinlian 3rd Ln.
2	路	Yinlian Rd.
1	錠路	Yinding Rd.
3	崙尾巷	Lunwei Ln., Yinding Rd.
0	銃櫃巷	Chonggui Ln.
0	銅安里	Tong'an Vil.
1	山街	Tongshan St.
2	里	Tongshan Vil.
1	礦	Tonggong
1	科1路	Tongke 1st Rd.
2	2路	Tongke 2nd Rd.
2	3路	Tongke 3rd Rd.
2	6路	Tongke 6th Rd.
2	7路	Tongke 7th Rd.
2	8路	Tongke 8th Rd.
2	9路	Tongke 9th Rd.
2	北路	Tongke N. Rd.
2	南路	Tongke S. Rd.
1	蘭	Tonglan
1	鏡村	Tongjing Vil.
1	鑼村	Tongluo Vil.
2	街	Tongluo St.
1	門	Tongmen
2	村	Tongmen Vil.
0	銘傳街	Mingchuan St.
2	路	Mingchuan Rd.
1	德街	Mingde St.
2	里	Mingde Vil.
1	泰新村	Mingtai New Vil.
0	鋼平街	Gangping St.
1	成東巷	Gangcheng E. Ln.
2	街	Gangcheng St.
3	東巷	E. Ln., Gangcheng St.
0	錢厝坑	Qiancuokeng
0	錦上街	Jinshang St.
2	里	Jinshang Vil.
1	中村	Jinzhong Vil.
2	街	Jinzhong St.
2	里	Jinzhong Vil.
1	南街	Jinnan St.
1	和村	Jinhe Vil.
2	路	Jinhe Rd.
2	里	Jinhe Vil.
1	園村	Jinyuan Vil.
1	地巷	Jindi Ln.
1	埔路	Jinpu Rd.
1	安巷	Jin'an Ln.
2	里	Jin'an Vil.
1	富街	Jinfu St.
1	屏	Jinping
2	村	Jinping Vil.
2	街	Jinping St.
2	里	Jinping Vil.
1	山	Jinshan
2	里	Jinshan Vil.
1	州1街	Jinzhou 1st St.
2	2街	Jinzhou 2nd St.
2	3街	Jinzhou 3rd St.
2	街	Jinzhou St.
2	路	Jinzhou Rd.
1	平北街	Jinping N. St.
2	街	Jinping St.
1	德巷	Jinde Ln.
2	里	Jinde Vil.
1	新街	Jinxin St.
1	昌里	Jinchang Vil.
1	明街	Jinming St.
1	村東2巷	Jincun E. 2nd Ln.
3	3巷	Jincun E. 3rd Ln.
3	5巷	Jincun E. 5th Ln.
2	車路東巷	E. Ln., Jincunche Rd.
2	里	Jincun Vil.
1	梓村	Jinzi Vil.
1	榮村	Jinrong Vil.
1	水	Jinshui
2	村	Jinshui Vil.
1	江里	Jinjiang Vil.
1	泰里	Jintai Vil.
1	洲里	Jinzhou Vil.
1	添里	Jintian Vil.
1	湖村	Jinhu Vil.
1	溪路	Jinxi Rd.
1	田路	Jintian Rd.
2	里	Jintian Vil.
1	盛里	Jinsheng Vil.
1	眾村	Jinzhong Vil.
1	祥街	Jinxiang St.
2	里	Jinxiang Vil.
1	福路	Jinfu Rd.
1	秀街	Jinxiu St.
2	路	Jinxiu Rd.
1	興村	Jinxing Vil.
1	花里	Jinhua Vil.
1	草1路	Jincao 1st Rd.
2	2路	Jincao 2nd Rd.
2	3路	Jincao 3rd Rd.
2	5路	Jincao 5th Rd.
2	中路	Jincao Central Rd.
2	東路	Jincao E. Rd.
1	華街	Jinhua St.
2	路	Jinhua Rd.
2	里	Jinhua Vil.
1	衣街	Jinyi St.
1	西街	Jinxi St.
2	路	Jinxi Rd.
2	里	Jinxi Vil.
1	路	Jin Rd.
1	通街	Jintong St.
2	里	Jintong Vil.
1	鋒巷	Jinfeng Ln.
1	隆	Jinlong
1	順街	Jinshun St.
0	錫壽路	Xishou Rd.
1	安山	Xi'an Mountain
2	巷	Xi'an Ln.
2	路	Xi'an Rd.
1	板村	Xiban Vil.
1	隘	Xi'ai
0	鍋仔崠	Guozaidong
2	棟	Guozaidong
0	鍾山新村	Zhongshan New Vil.
0	鎌村1街	Liancun 1st St.
2	路	Liancun Rd.
2	里	Liancun Vil.
0	鎖港1路	Suogang 1st Rd.
2	2路	Suogang 2nd Rd.
2	3路	Suogang 3rd Rd.
2	5路	Suogang 5th Rd.
2	6路	Suogang 6th Rd.
2	7路	Suogang 7th Rd.
2	里	Suogang Vil.
1	管港	Suoguangang
0	鎮1街	Zhen 1st St.
1	2街	Zhen 2nd St.
1	3街	Zhen 3rd St.
1	4街	Zhen 4th St.
1	中路	Zhenzhong Rd.
2	里	Zhenzhong Vil.
1	前街	Zhenqian St.
1	北1巷	Zhenbei 1st Ln.
2	2巷	Zhenbei 2nd Ln.
2	3巷	Zhenbei 3rd Ln.
2	4巷	Zhenbei 4th Ln.
2	5巷	Zhenbei 5th Ln.
2	6巷	Zhenbei 6th Ln.
2	7巷	Zhenbei 7th Ln.
2	8巷	Zhenbei 8th Ln.
2	9巷	Zhenbei 9th Ln.
2	北巷	Zhenbei N. Ln.
2	十巷	Zhenbei 10th Ln.
2	南巷	Zhenbei S. Ln.
2	巷	Zhenbei Ln.
2	村	Zhenbei Vil.
2	街	Zhenbei St.
3	五福巷	Wufu Ln., Zhenbei St.
2	路	Zhenbei Rd.
2	里	Zhenbei Vil.
1	南巷	Zhennan Ln.
2	街	Zhennan St.
3	翠屏巷	Cuiping Ln., Zhennan St.
2	西街	Zhennan W. St.
2	路	Zhennan Rd.
3	1段	Sec. 1, Zhennan Rd.
3	2段	Sec. 2, Zhennan Rd.
3	安和巷	Anhe Ln., Zhennan Rd.
3	永福巷	Yongfu Ln., Zhennan Rd.
3	福嘉巷	Fujia Ln., Zhennan Rd.
2	里	Zhennan Vil.
1	原街	Zhenyuan St.
1	和巷	Zhenhe Ln.
1	國巷	Zhenguo Ln.
2	街	Zhenguo St.
2	路	Zhenguo Rd.
1	城村	Zhencheng Vil.
1	安1巷	Zhen'an 1st Ln.
3	街	Zhen'an 1st St.
2	2巷	Zhen'an 2nd Ln.
3	街	Zhen'an 2nd St.
2	3巷	Zhen'an 3rd Ln.
3	街	Zhen'an 3rd St.
2	5街	Zhen'an 5th St.
2	6街	Zhen'an 6th St.
2	7街	Zhen'an 7th St.
2	8街	Zhen'an 8th St.
2	巷	Zhen'an Ln.
2	村	Zhen'an Vil.
2	橫1巷	Zhen'an Side 1st Ln.
3	2巷	Zhen'anheng 2nd Ln.
3	3巷	Zhen'anheng 3rd Ln.
3	5巷	Zhen'anheng 5th Ln.
2	街	Zhen'an St.
2	路	Zhen'an Rd.
1	富街	Zhenfu St.
1	寧	Zhenning
1	山	Zhenshan
2	北街	Zhenshan N. St.
2	街	Zhenshan St.
2	里	Zhenshan Vil.
1	川1巷	Zhenchuan 1st Ln.
2	2巷	Zhenchuan 2nd Ln.
2	3巷	Zhenchuan 3rd Ln.
2	4巷	Zhenchuan 4th Ln.
2	5巷	Zhenchuan 5th Ln.
2	6巷	Zhenchuan 6th Ln.
2	7巷	Zhenchuan 7th Ln.
1	州路	Zhenzhou Rd.
1	平	Zhenping
2	1路	Zhenping 1st Rd.
2	2路	Zhenping 2nd Rd.
2	巷	Zhenping Ln.
2	村	Zhenping Vil.
2	街	Zhenping St.
2	路	Zhenping Rd.
2	里	Zhenping Vil.
1	德路	Zhende Rd.
1	慶街	Zhenqing St.
1	撫街	Zhenfu St.
1	政1街	Zhenzheng 1st St.
2	2街	Zhenzheng 2nd St.
2	3街	Zhenzheng 3rd St.
2	5街	Zhenzheng 5th St.
2	6街	Zhenzheng 6th St.
2	7街	Zhenzheng 7th St.
2	街	Zhenzheng St.
2	路	Zhenzheng Rd.
1	新1街	Zhenxin 1st St.
2	2街	Zhenxin 2nd St.
2	3街	Zhenxin 3rd St.
2	4街	Zhenxin 4th St.
2	5街	Zhenxin 5th St.
2	中街	Zhenxin Central St.
2	北路	Zhenxin N. Rd.
2	南路	Zhenxin S. Rd.
2	路	Zhenxin Rd.
1	旺街	Zhenwang St.
1	昌1巷	Zhenchang 1st Ln.
2	2巷	Zhenchang 2nd Ln.
2	3巷	Zhenchang 3rd Ln.
2	4巷	Zhenchang 4th Ln.
2	5巷	Zhenchang 5th Ln.
2	6巷	Zhenchang 6th Ln.
2	7巷	Zhenchang 7th Ln.
2	街	Zhenchang St.
2	里	Zhenchang Vil.
1	東1街	Zhendong 1st St.
3	路	Zhendong 1st Rd.
2	2街	Zhendong 2nd St.
2	3街	Zhendong 3rd St.
2	4街	Zhendong 4th St.
2	5街	Zhendong 5th St.
2	6街	Zhendong 6th St.
2	街	Zhendong St.
2	路	Zhendong Rd.
2	里	Zhendong Vil.
1	森路	Zhensen Rd.
1	榮街	Zhenrong St.
2	里	Zhenrong Vil.
1	樂	Zhenle
1	江街	Zhenjiang St.
1	洋路	Zhenyang Rd.
1	海	Zhenhai
2	1街	Zhenhai 1st St.
2	2街	Zhenhai 2nd St.
2	3街	Zhenhai 3rd St.
2	4街	Zhenhai 4th St.
2	5街	Zhenhai 5th St.
2	6街	Zhenhai 6th St.
2	7街	Zhenhai 7th St.
2	8街	Zhenhai 8th St.
2	村	Zhenhai Vil.
2	路	Zhenhai Rd.
2	里	Zhenhai Vil.
1	港南1路	Zhengang S. 1st Rd.
2	路	Zhengang Rd.
1	潭路	Zhentan Rd.
1	瀾街	Zhenlan St.
1	發街	Zhenfa St.
1	福街	Zhenfu St.
1	興路	Zhenxing Rd.
2	里	Zhenxing Vil.
1	舍	Zhenshe
1	華街	Zhenhua St.
1	西堡	Zhenxibao
2	路	Zhenxi Rd.
2	里	Zhenxi Vil.
1	賢街	Zhenxian St.
1	邦街	Zhenbang St.
1	鏞路	Zhenyong Rd.
1	陽里	Zhenyang Vil.
0	鐵勢路	Tieshi Rd.
1	坑巷	Tiekeng Ln.
1	山1巷	Tieshan 1st Ln.
2	2巷	Tieshan 2nd Ln.
2	3巷	Tieshan 3rd Ln.
2	村	Tieshan Vil.
2	路	Tieshan Rd.
2	里	Tieshan Vil.
1	店村	Tiedian Vil.
2	路	Tiedian Rd.
1	新1街	Tiexin 1st St.
2	2街	Tiexin 2nd St.
1	樹巷	Tieshu Ln.
1	立庫	Tieliku
1	線尾	Tiexianwei
2	橋	Tiexian Bridge
2	里	Tiexian Vil.
1	花路	Tiehua Rd.
2	里	Tiehua Vil.
1	西	Tiexi
1	路1巷	Railway 1st Ln.
2	2巷	Railway 2nd Ln.
2	一村	Railway 1st Vil.
2	北巷	Tielu N. Ln.
2	南巷	Tielu S. Ln.
2	巷	Railway Ln.
2	東	Tieludong
3	巷	Tielu E. Ln.
2	街	Railway St.
2	西巷	Tielu W. Ln.
1	道1街	Tiedao 1st St.
2	2街	Tiedao 2nd St.
2	3街	Tiedao 3rd St.
2	北巷	Tiedau N. Ln.
3	路	Tiedao N. Rd.
4	溪邊巷	Xibian Ln., Tiedao N. Rd.
2	東巷	Tiedao E. Ln.
2	街	Tiedao St.
2	路1段	Sec. 1, Tiedao Rd.
3	2段	Sec. 2, Tiedao Rd.
3	3段	Sec. 3, Tiedao Rd.
1	鎖里	Tiesuo Vil.
1	騎路	Tieji Rd.
0	鑫田1路	Xintian 1st Rd.
2	3路	Xintian 3rd Rd.
2	路	Xintian Rd.
1	發路	Xinfa Rd.
1	石1路	Xinshi 1st Rd.
2	路	Xinshi Rd.
0	鑽石新城	Zuanshi Xincheng
0	長1路	Chang 1st Rd.
1	2路	Chang 2nd Rd.
1	仁路	Changren Rd.
1	億11街	Changyi 11th St.
3	2街	Changyi 12th St.
3	街	Changyi 1st St.
4	吉祥巷	Jixiang Ln., Changyi 1st St.
4	如意巷	Ruyi Ln., Changyi 1st St.
2	2街	Changyi 2nd St.
2	3街	Changyi 3rd St.
2	4街	Changyi 4th St.
2	5街	Changyi 5th St.
2	6街	Changyi 6th St.
2	7街	Changyi 7th St.
2	8街	Changyi 8th St.
2	9街	Changyi 9th St.
2	北街	Changyi N. St.
2	十街	Changyi 10th St.
2	南2街	Changyi S. 2nd St.
3	街	Changyi S. St.
2	村	Changyi Vil.
2	東2街	Changyi E. 2nd St.
3	3街	Changyi E. 3rd St.
3	5街	Changyi E. 5th St.
2	路	Changyi Rd.
2	里	Changyi Vil.
1	元街	Changyuan St.
2	西街	Changyuan W. St.
2	里	Changyuan Vil.
1	光	Changguang
1	勝北街	Changsheng N. St.
2	路	Changsheng Rd.
1	勤街	Changqin St.
1	北村	Changbei Vil.
2	街	Changbei St.
2	路	Changbei Rd.
1	南村	Changnan Vil.
2	街	Changnan St.
1	友巷	Changyou Ln.
1	和1街	Changhe 1st St.
2	街	Changhe St.
2	路	Changhe Rd.
3	1段	Sec. 1, Changhe Rd.
3	2段	Sec. 2, Changhe Rd.
3	3段	Sec. 3, Changhe Rd.
3	4段	Sec. 4, Changhe Rd.
2	里	Changhe Vil.
1	園1街	Changyuan 1st St.
2	2街	Changyuan 2nd St.
2	3街	Changyuan 3rd St.
1	坑口	Changkengkou
2	村	Changkeng Vil.
1	坪	Changping
1	城街	Changcheng St.
2	里	Changcheng Vil.
1	堤路	Changti Rd.
1	壽1街	Changshou 1st St.
2	2街	Changshou 2nd St.
2	3街	Changshou 3rd St.
2	巷	Changshou Ln.
2	街	Changshou St.
2	西街	Changshou W. St.
2	路	Changshou Rd.
3	北1巷	N. 1st Ln., Changshou Rd.
4	2巷	N. 2nd Ln., Changshou Rd.
4	3巷	N. 3rd Ln., Changshou Rd.
3	南1巷	S. 1st Ln., Changshou Rd.
4	2巷	S. 2nd Ln., Changshou Rd.
4	3巷	S. 3rd Ln., Changshou Rd.
4	4巷	S. 4th Ln., Changshou Rd.
2	里	Changshou Vil.
1	大路	Changda Rd.
1	威1街	Changwei 1st St.
2	2街	Changwei 2nd St.
2	3街	Changwei 3rd St.
1	安	Chang'an
2	11街	Chang'an 11th St.
2	2街	Chang'an 2nd St.
2	5街	Chang'an 5th St.
2	6街	Chang'an 6th St.
2	7街	Chang'an 7th St.
2	8街	Chang'an 8th St.
2	北路	Chang'an N. Rd.
2	巷	Chang'an Ln.
2	新村	Chang'an New Vil.
2	村	Chang'an Vil.
2	東巷	Chang'an E. Ln.
3	路	Chang'an E. Rd.
4	1段	Sec. 1, Chang'an E. Rd.
4	2段	Sec. 2, Chang'an E. Rd.
2	街	Chang'an St.
2	西巷	Chang'an W. Ln.
3	路	Chang'an W. Rd.
2	路	Chang'an Rd.
3	1段	Sec. 1, Chang'an Rd.
3	2段	Sec. 2, Chang'an Rd.
3	安利巷	Anli Ln., Chang'an Rd.
4	和巷	Anhe Ln., Chang'an Rd.
3	福祥巷	Fuxiang Ln., Chang'an Rd.
2	里	Chang'an Vil.
1	富街	Changfu St.
2	路1段	Sec. 1, Changfu Rd.
3	2段	Sec. 2, Changfu Rd.
1	寮埔	Changliaopu
1	山路	Changshan Rd.
1	峰路	Changfeng Rd.
1	崎下	Changqixia
2	頂	Changqiding
1	嶺	Changling
2	村	Changling Vil.
2	路	Changling Rd.
1	平北路	Changping N. Rd.
2	南路	Changping S. Rd.
2	路	Changping Rd.
2	里	Changping Vil.
1	庚1路	Changgeng 1st Rd.
2	2路	Changgeng 2nd Rd.
2	球場路	Changgengqiuchang Rd.
2	醫護新村	Changgeng Yihu New Vil.
2	里	Changgeng Vil.
1	弘街	Changhong St.
1	德街	Changde St.
2	里	Changde Vil.
1	慶1街	Changqing 1st St.
2	2街	Changqing 2nd St.
2	3街	Changqing 3rd St.
1	文街	Changwen St.
1	旗巷	Changqi Ln.
1	昇街	Changsheng St.
1	明街	Changming St.
2	里	Changming Vil.
1	春1巷	Changchun 1st Ln.
3	街	Changchun 1st St.
3	路	Changchun 1st Rd.
2	2巷	Changchun 2nd Ln.
3	街	Changchun 2nd St.
3	路	Changchun 2nd Rd.
2	3巷	Changchun 3rd Ln.
3	街	Changchun 3rd St.
3	路	Changchun 3rd Rd.
2	4街	Changchun 4th St.
2	5街	Changchun 5th St.
3	路	Changchun 5th Rd.
2	6路	Changchun 6th Rd.
2	巷	Changchun Ln.
2	村	Changchun Vil.
3	福德巷	Fude Ln., Changchun Vil.
2	街	Changchun St.
3	1段	Sec. 1, Changchun St.
3	2段	Sec. 2, Changchun St.
2	路	Changchun Rd.
3	1段	Sec. 1, Changchun Rd.
3	2段	Sec. 2, Changchun Rd.
3	3段	Sec. 3, Changchun Rd.
3	保安巷	Bao'an Ln., Changchun Rd.
3	新吉巷	Xinji Ln., Changchun Rd.
4	春巷	Xinchun Ln., Changchun Rd.
2	里	Changchun Vil.
1	東街	Changdong St.
1	林路	Changlin Rd.
1	榮	Changrong
2	村	Changrong Vil.
3	興產路	Xingchan Rd., Changrong Vil.
2	街	Changrong St.
2	路	Changrong Rd.
3	1段	Sec. 1, Changrong Rd.
3	2段	Sec. 2, Changrong Rd.
3	3段	Sec. 3, Changrong Rd.
3	4段	Sec. 4, Changrong Rd.
3	5段	Sec. 5, Changrong Rd.
3	6段	Sec. 6, Changrong Rd.
1	樂2街	Changle 2nd St.
2	3街	Changle 3rd St.
2	4街	Changle 4th St.
2	5街	Changle 5th St.
2	6街	Changle 6th St.
2	市場	Changle Market
2	村	Changle Vil.
2	街	Changle St.
2	路	Changle Rd.
2	里	Changle Vil.
1	橋	Changqiao
2	路	Changqiao Rd.
2	里	Changqiao Vil.
1	江1街	Changjiang 1st St.
2	街	Changjiang St.
2	路	Changjiang Rd.
3	1段	Sec. 1, Changjiang Rd.
3	2段	Sec. 2, Changjiang Rd.
3	3段	Sec. 3, Changjiang Rd.
2	里	Changjiang Vil.
1	沙	Changsha
2	村	Changsha Vil.
2	街	Changsha St.
3	1段	Sec. 1, Changsha St.
3	2段	Sec. 2, Changsha St.
2	路	Changsha Rd.
1	治街	Changzhi St.
3	華美巷	Huamei Ln., Changzhi St.
1	泰街	Changtai St.
2	路	Changtai Rd.
2	里	Changtai Vil.
1	流村	Changliu Vil.
1	源	Changyuan
2	村	Changyuan Vil.
1	溪路1段	Sec. 1, Changxi Rd.
3	2段	Sec. 2, Changxi Rd.
3	3段	Sec. 3, Changxi Rd.
1	潭	Changtan
2	街	Changtan St.
2	里	Changtan Vil.
1	濱	Changbin
2	村	Changbin Vil.
1	生1街	Changsheng 1st St.
2	2街	Changsheng 2nd St.
2	巷	Changsheng Ln.
2	街	Changsheng St.
2	路	Changsheng Rd.
2	里	Changsheng Vil.
1	發1路	Changfa 1st Rd.
2	街	Changfa St.
2	路	Changfa Rd.
1	短樹	Changduanshu
1	石巷	Changshi Ln.
1	祥街	Changxiang St.
2	路	Changxiang Rd.
1	祿巷	Changlu Ln.
1	福巷	Changfu Ln.
2	村	Changfu Vil.
2	東街	Changfu E. St.
2	街	Changfu St.
2	路	Changfu Rd.
2	里	Changfu Vil.
1	竹巷	Changzhu Ln.
2	里	Changzhu Vil.
1	美1巷	Changmei 1st Ln.
2	2巷	Changmei 2nd Ln.
2	3巷	Changmei 3rd Ln.
2	4巷	Changmei 4th Ln.
2	5巷	Changmei 5th Ln.
2	6巷	Changmei 6th Ln.
2	三十巷	Changmei 30th Ln.
2	巷	Changmei Ln.
2	路	Changmei Rd.
2	里	Changmei Vil.
1	聖街	Changsheng St.
1	興	Changxing
2	1巷	Changxing 1st Ln.
3	街	Changxing 1st St.
3	路	Changxing 1st Rd.
2	2街	Changxing 2nd St.
3	路	Changxing 2nd Rd.
2	3街	Changxing 3rd St.
2	4街	Changxing 4th St.
2	5街	Changxing 5th St.
2	巷	Changxing Ln.
2	村	Changxing Vil.
2	東街	Changxing E. St.
2	街	Changxing St.
3	1段	Sec. 1, Changxing St.
3	2段	Sec. 2, Changxing St.
3	3段	Sec. 3, Changxing St.
2	西街	Changxing W. St.
2	路	Changxing Rd.
3	1段	Sec. 1, Changxing Rd.
3	2段	Sec. 2, Changxing Rd.
3	3段	Sec. 3, Changxing Rd.
3	4段	Sec. 4, Changxing Rd.
3	忠孝巷	Zhongxiao Ln., Changxing Rd.
2	里	Changxing Vil.
1	良	Changliang
2	里	Changliang Vil.
1	苗街	Changmiao St.
1	裕街	Changyu St.
1	豐村	Changfeng Vil.
1	貴街	Changgui St.
1	賢街	Changxian St.
1	道坑	Changdaokeng
1	雙巷	Changshuang Ln.
1	青1街	Changqing 1st St.
2	2街	Changqing 2nd St.
2	3街	Changqing 3rd St.
2	5街	Changqing 5th St.
2	巷	Changqing Ln.
2	東街	Changqing E. St.
2	街	Changqing St.
2	西街	Changqing W. St.
2	路	Changqing Rd.
3	1段	Sec. 1, Changqing Rd.
3	2段	Sec. 2, Changqing Rd.
2	里	Changqing Vil.
1	順街	Changshun St.
1	風一村	Changfeng 1st Vil.
2	村	Changfeng Vil.
2	里	Changfeng Vil.
1	驛里	Changyi Vil.
1	龍巷	Changlong Ln.
2	路1段	Sec. 1, Changlong Rd.
5	中山1巷	Zhongshan 1st Ln., Sec. 1, Changlong Rd.
7	2巷	Zhongshan 2nd Ln., Sec. 1, Changlong Rd.
7	3巷	Zhongshan 3rd Ln., Sec. 1, Changlong Rd.
7	5巷	Zhongshan 5th Ln., Sec. 1, Changlong Rd.
7	6巷	Zhongshan 6th Ln., Sec. 1, Changlong Rd.
7	7巷	Zhongshan 7th Ln., Sec. 1, Changlong Rd.
7	8巷	Zhongshan 8th Ln., Sec. 1, Changlong Rd.
7	巷	Zhongshan Ln., Sec. 1, Changlong Rd.
5	內城1巷	Neicheng 1st Ln., Sec. 1, Changlong Rd.
7	2巷	Neicheng 2nd Ln., Sec. 1, Changlong Rd.
7	巷	Neicheng Ln., Sec. 1, Changlong Rd.
3	2段	Sec. 2, Changlong Rd.
5	南國八十巷	Nanguo 80th Ln., Sec. 2, Changlong Rd.
7	巷	Nanguo Ln., Sec. 2, Changlong Rd.
5	福利巷	Fuli Ln., Sec. 2, Changlong Rd.
3	3段	Sec. 3, Changlong Rd.
3	4段	Sec. 4, Changlong Rd.
0	開仙里	Kaixian Vil.
1	信巷	Kaixin Ln.
3	久久安	Jiujiu'an, Kaixin Ln.
3	合流坪	Heliuping, Kaixin Ln.
3	土虱灣	Tushiwan, Kaixin Ln.
3	姑姑山	Gugushan, Kaixin Ln.
1	元1巷	Kaiyuan 1st Ln.
3	街	Kaiyuan 1st St.
2	2巷	Kaiyuan 2nd Ln.
3	街	Kaiyuan 2nd St.
2	3巷	Kaiyuan 3rd Ln.
3	街	Kaiyuan 3rd St.
2	后	Kaiyuanhou
2	街	Kaiyuan St.
2	路	Kaiyuan Rd.
3	英才巷	Yingcai Ln., Kaiyuan Rd.
2	里	Kaiyuan Vil.
1	化村	Kaihua Vil.
1	南1巷	Kainan 1st Ln.
2	2巷	Kainan 2nd Ln.
2	3巷	Kainan 3rd Ln.
2	巷	Kainan Ln.
2	街	Kainan St.
2	路	Kainan Rd.
2	里	Kainan Vil.
1	原街	Kaiyuan St.
1	和路	Kaihe Rd.
1	埤巷	Kaipi Ln.
1	安1街	Kai'an 1st St.
2	2街	Kai'an 2nd St.
2	3街	Kai'an 3rd St.
2	4街	Kai'an 4th St.
2	5街	Kai'an 5th St.
2	6街	Kai'an 6th St.
2	路	Kai'an Rd.
1	封街	Kaifeng St.
3	1段	Sec. 1, Kaifeng St.
3	2段	Sec. 2, Kaifeng St.
2	路	Kaifeng Rd.
1	山街	Kaishan St.
2	路	Kaishan Rd.
2	里	Kaishan Vil.
1	平路	Kaiping Rd.
2	里	Kaiping Vil.
1	明巷	Kaiming Ln.
2	街	Kaiming St.
2	路	Kaiming Rd.
2	里	Kaiming Vil.
1	發1路	Kaifa 1st Rd.
2	2路	Kaifa 2nd Rd.
2	3路	Kaifa 3rd Rd.
2	4路	Kaifa 4th Rd.
2	5路	Kaifa 5th Rd.
2	6路	Kaifa 6th Rd.
2	7路	Kaifa 7th Rd.
2	新村	Kaifa New Vil.
2	橋	Kaifa Bridge
2	路	Kaifa Rd.
1	礦	Kaigong
2	村	Kaigong Vil.
1	羅街	Kailuo St.
2	里	Kailuo Vil.
1	興路	Kaixing Rd.
1	蘭東路	Kailan E. Rd.
2	舊路	Kailanjiu Rd.
2	路	Kailan Rd.
1	隆街	Kailong St.
1	高巷	Kaigao Ln.
3	沙里仙	Shalixian, Kaigao Ln.
0	閑谷1街	Xiangu 1st St.
2	2街	Xiangu 2nd St.
2	3街	Xiangu 3rd St.
2	街	Xiangu St.
0	閤興1巷	Gexing 1st Ln.
2	2巷	Gexing 2nd Ln.
2	3巷	Gexing 3rd Ln.
2	巷	Gexing Ln.
0	闊瀨	Kuolai
2	村	Kuolai Vil.
0	關仁路	Guanren Rd.
1	公嶺	Guangongling
1	刀山	Guandao Mountain
1	原	Guanyuan
1	埔路內立段	Neili Sec., Guanpu Rd.
3	水車頭段	Shuichetou Sec., Guanpu Rd.
3	雲東段	Yundong Sec., Guanpu Rd.
6	雲南巷	Yunnan Ln., Yundong Sec., Guanpu Rd.
1	子嶺	Guanziling
1	山村	Guanshan Vil.
1	嶺里	Guanling Vil.
1	帝廟	Guandi Temple
2	里	Guandi Vil.
1	平爺路	Guanpingye Rd.
1	廟村	Guanmiau Vil.
1	新1街	Guanxin 1st St.
2	2街	Guanxin 2nd St.
2	北路	Guanxin N. Rd.
2	東路	Guanxin E. Rd.
2	西街	Guanxin W. St.
2	路	Guanxin Rd.
3	1段	Sec. 1, Guanxin Rd.
3	2段	Sec. 2, Guanxin Rd.
1	東巷	Guandong Ln.
2	路	Guandong Rd.
2	里	Guandong Vil.
1	渡路	Guandu Rd.
2	里	Guandu Vil.
1	爺北路	Guanye N. Rd.
2	南路	Guanye S. Rd.
2	東路	Guanye E. Rd.
2	西路	Guanye W. Rd.
1	福村	Guanfu Vil.
1	聖路	Guansheng Rd.
2	里	Guansheng Vil.
1	西巷	Guanxi Ln.
0	防汎路	Fangfan Rd.
0	阿4巷	Asi Ln.
1	丹	Adan
2	里	Adan Vil.
1	八窩	Abawo
1	公店路1段	Sec. 1, Agongdian Rd.
4	2段	Sec. 2, Agongdian Rd.
4	3段	Sec. 3, Agongdian Rd.
1	其巴路	Aqiba Rd.
1	力街	Ali St.
1	勸	Aquan
2	村	Aquan Vil.
1	南巷	Anan Ln.
1	夫魯岸路	Afulu'an Rd.
1	夷里	Ayi Vil.
1	姆坪	Amuping
1	寶巷	Abao Ln.
1	拔泉	Abaquan
1	柔村	Arou Vil.
2	洋	Arouyang
1	烏村	Awu Vil.
1	玉路	Ayu Rd.
1	禮村	Ali Vil.
1	義埤	Ayipi
1	考崎口	Akaoqikou
1	蓮村	Alian Vil.
1	連庄	Alianzhuang
1	里磅	Alibang
2	荖	Alilao
0	陝西1街	Shanxi 1st St.
2	2街	Shanxi 2nd St.
2	3街	Shanxi 3rd St.
2	4街	Shanxi 4th St.
2	5街	Shanxi 5th St.
2	6街	Shanxi 6th St.
2	7街	Shanxi 7th St.
2	8街	Shanxi 8th St.
2	村	Xiaxi Vil.
2	東1街	Shanxi E. 1st St.
3	2街	Shanxi E. 2nd St.
3	3街	Shanxi E. 3rd St.
3	4街	Shanxi E. 4th St.
3	5街	Shanxi E. 5th St.
2	路	Shanxi Rd.
0	院前街	Yuanqian St.
0	陳井寮	Chenjingliao
1	厝	Chencuo
2	坑	Chencuokeng
3	路	Chencuokeng Rd.
2	寮	Chencuoliao
2	巷	Chencuo Ln.
1	坑村	Chenkeng Vil.
1	家巷	Chenjia Ln.
1	平1街	Chenping 1st St.
2	巷	Chenping Ln.
2	路	Chenping Rd.
2	里	Chenping Vil.
1	稜路	Chenleng Rd.
2	里	Chenleng Vil.
0	陶朱路	Taozhu Rd.
1	然莊	Taoran Vil.
1	瓷街	Taoci St.
0	陸一村	Luyi Vil.
1	光1街	Luguang 1st St.
2	2街	Luguang 2nd St.
2	5街	Luguang 5th St.
2	6街	Luguang 6th St.
2	五村	Luguang 5th Vil.
2	村	Luguang Vil.
2	街	Luguang St.
2	路	Luguang Rd.
1	嘉村	Lujia Vil.
2	路	Lujia Rd.
1	安	Lu'an
1	橋北街	Luqiao N. St.
2	南路	Luqiao S. Rd.
2	里	Luqiao Vil.
1	興路	Luxing Rd.
1	豐村	Lufeng Vil.
2	路	Lufeng Rd.
2	里	Lufeng Vil.
1	軍路	Lujun Rd.
3	1段	Sec. 1, Lujun Rd.
0	陽住坑	Yangzhukeng
2	村	Yangzhu Vil.
1	光2路	Yangguang 2nd Rd.
2	3路	Yangguang 3rd Rd.
2	北1路	Yangguang N. 1st Rd.
2	南1路	Yangguang S. 1st Rd.
2	大道	Yangguang Blvd.
2	街	Yangguang St.
1	和巷	Yanghe Ln.
1	明	Yangming
2	11街	Yangming 11th St.
3	2街	Yangming 12th St.
3	街	Yangming 1st St.
3	路	Yangming 1st Rd.
2	2街	Yangming 2nd St.
3	路	Yangming 2nd Rd.
2	3街	Yangming 3rd St.
3	路	Yangming 3rd Rd.
2	5街	Yangming 5th St.
2	6街	Yangming 6th St.
3	路	Yangming 6th Rd.
2	7街	Yangming 7th St.
2	8街	Yangming 8th St.
2	9街	Yangming 9th St.
2	北路	Yangming N. Rd.
2	十街	Yangming 10th St.
2	巷	Yangming Ln.
2	新村	Yangming New Vil.
2	街	Yangming St.
2	路	Yangming Rd.
3	1段	Sec. 1, Yangming Rd.
3	2段	Sec. 2, Yangming Rd.
2	里	Yangming Vil.
1	東營區	Yangdong Camp
4	勇1路	Yangdong Camp, Yong 1st Rd.
5	2路	Yangdong Camp, Yong 2nd Rd.
5	3路	Yangdong Camp, Yong 3rd Rd.
5	4路	Yangdong Camp, Yong 4th Rd.
5	5路	Yangdong Camp, Yong 5th Rd.
5	6路	Yangdong Camp,Yong 6th Rd.
5	7路	Yangdong Camp, Yong 7th Rd.
5	8路	Yangdong Camp, Yong 8th Rd.
5	9路	Yangdong Camp, Yong 9th Rd.
4	忠1路	Yangdong Camp, zhong 1st Rd.
5	2路	Yangdong Camp, zhong 2nd Rd.
5	3路	Yangdong Camp, zhong 3rd Rd.
5	4路	Yangdong Camp, zhong 4th Rd.
5	5路	Yangdong Camp, zhong 5th Rd.
5	6路	Yangdong Camp, zhong 6th Rd.
5	7路	Yangdong Camp, zhong 7th Rd.
1	沙路	Yangsha Rd.
1	濟路	Yangji Rd.
1	翟	Yangzhai
2	新興社區	Yangzhaixinxing Community
0	隆光巷	Longguang Ln.
1	和里	Longhe Vil.
1	安路	Long'an Rd.
1	山村	Longshan Vil.
2	路	Longshan Rd.
1	德新村	Longde New Vil.
2	街	Longde St.
1	恩街	Long'en St.
2	路	Long'en Rd.
1	斌街	Longbin St.
1	昌	Longchang
2	村	Longchang Vil.
2	街	Longchang St.
2	路	Longchang Rd.
2	里	Longchang Vil.
1	智街	Longzhi St.
1	本村	Longben Vil.
1	林街	Longlin St.
2	路	Longlin Rd.
1	生巷	Longsheng Ln.
2	路	Longsheng Rd.
3	2段	Sec. 2, Longsheng Rd.
1	田村	Longtian Vil.
1	盛村	Longsheng Vil.
2	路	Longsheng Rd.
1	社路	Longshe Rd.
1	興	Longxing
2	巷	Longxing Ln.
2	村	Longxing Vil.
3	崎頭仔	Qitouzai, Longxing Vil.
2	街	Longxing St.
2	路	Longxing Rd.
2	里	Longxing Vil.
1	華街	Longhua St.
2	路	Longhua Rd.
1	西街	Longxi St.
1	豐巷	Longfeng Ln.
2	街	Longfeng St.
2	路	Longfeng Rd.
3	忠德巷	Zhongde Ln., Longfeng Rd.
3	振昌巷	Zhenchang Ln., Longfeng Rd.
3	維新巷	Weixin Ln., Longfeng Rd.
3	銘昌巷	Mingchang Ln., Longfeng Rd.
1	頂街	Longding St.
0	隋唐街	Suitang St.
0	隘丁路	Aiding Rd.
2	里	Aiding Vil.
1	口	Aikou
2	1街	Aikou 1st St.
2	2路	Aikou 2nd Rd.
2	3街	Aikou 3rd St.
2	5街	Aikou 5th St.
2	6街	Aikou 6th St.
2	7街	Aikou 7th St.
2	8街	Aikou 8th St.
2	老街	Aikoulao St.
2	里	Aikou Vil.
1	埔巷	Aipu Ln.
1	寮	Ailiao
2	村	Ailiau Vil.
2	路	Ailiao Rd.
2	里	Ailiau Vil.
1	界1路	Aijie 1st Rd.
2	2路	Aijie 2nd Rd.
2	3路	Aijie 3rd Rd.
2	6路	Aijie 6th Rd.
2	路	Aijie Rd.
1	門	Aimen
2	村	Aimen Vil.
2	里	Aimen Vil.
0	隙子口	Xizikou
1	頂	Xiding
0	隧道路	Suidao Rd.
0	險礁嶼	Xianjiaoyu
0	隱潭路	Yintan Rd.
0	隴西1巷	Longxi 1st Ln.
2	2巷	Longxi 2nd Ln.
2	巷	Longxi Ln.
0	雁門路	Yanmen Rd.
0	雄峰路	Xiongfeng Rd.
2	里	Xiongfeng Vil.
1	獅里	Xiongshi Vil.
0	雅典1路	Yadian 1st Rd.
2	路	Yadian Rd.
1	園巷	Yayuan Ln.
1	安路	Ya'an Rd.
1	東巷	Yadong Ln.
1	楓街	Yafeng St.
1	樂巷	Yale Ln.
1	比斯街	Yabisi St.
1	江街	Yajiang St.
1	溝里	Yagou Vil.
1	潭路	Yatan Rd.
3	1段	Sec. 1, Yatan Rd.
3	2段	Sec. 2, Yatan Rd.
3	3段	Sec. 3, Yatan Rd.
5	東寶巷	Dongbao Ln., Sec. 3, Yatan Rd.
3	4段	Sec. 4, Yatan Rd.
1	環1街	Yahuan 1st St.
2	路1段	Sec. 1, Yahuan Rd.
3	2段	Sec. 2, Yahuan Rd.
3	3段	Sec. 3, Yahuan Rd.
5	大明1巷	Daming 1st Ln., Sec. 3, Yahuan Rd.
7	2巷	Daming 2nd Ln., Sec. 3, Yahuan Rd.
7	3巷	Daming 3rd Ln., Sec. 3, Yahuan Rd.
1	祥里	Yaxiang Vil.
1	秀1路	Yaxiu 1st Rd.
2	3路	Yaxiu 3rd Rd.
2	5路	Yaxiu 5th Rd.
2	7路	Yaxiu 7th Rd.
2	路	Yaxiu Rd.
1	竹路	Yazhu Rd.
1	興村	Yaxing Vil.
2	街	Yaxing St.
1	豐街	Yafeng St.
0	集中巷	Jizhong Ln.
1	仁街	Jiren St.
1	仙巷	Jixian Ln.
1	來村	Jilai Vil.
1	勇街	Jiyong St.
1	和街	Jihe St.
1	安路	Ji'an Rd.
1	山路1段	Sec. 1, Jishan Rd.
3	2段	Sec. 2, Jishan Rd.
3	3段	Sec. 3, Jishan Rd.
1	慶1路	Jiqing 1st Rd.
2	2路	Jiqing 2nd Rd.
2	3路	Jiqing 3rd Rd.
2	5路	Jiqing 5th Rd.
2	6路	Jiqing 6th Rd.
2	7路	Jiqing 7th Rd.
2	8路	Jiqing 8th Rd.
2	村	Jiqing Vil.
1	成巷	Jicheng Ln.
2	路	Jicheng Rd.
1	智街	Jizhi St.
1	民街	Jimin St.
1	祥路	Jixiang Rd.
2	里	Jixiang Vil.
1	福村	Jifu Vil.
2	街	Jifu St.
2	路	Jifu Rd.
2	里	Jifu Vil.
1	美街	Jimei St.
1	義路	Jiyi Rd.
1	英街	Jiying St.
2	路	Jiying Rd.
2	里	Jiying Vil.
1	華里	Jihua Vil.
1	賢1路	Jixian 1st Rd.
2	2路	Jixian 2nd Rd.
2	村	Jixian Vil.
2	街	Jixian St.
2	路	Jixian Rd.
1	連巷	Jilian Ln.
1	里路	Jili Rd.
1	集街	Jiji St.
2	里	Jiji Vil.
1	鹿南路	Jilu S. Rd.
2	路	Jilu Rd.
0	雙人厝	Shuangrencuo
1	全街	Shuangquan St.
1	冬里	Shuangdong Vil.
1	十巷	Shuangshi Ln.
2	街	Shuangshi St.
2	路1段	Sec. 1, Shuangshi Rd.
3	2段	Sec. 2, Shuangshi Rd.
3	3段	Sec. 3, Shuangshi Rd.
1	叉巷	Shuangcha Ln.
1	口	Shuangkou
1	合窩	Shuanghewo
2	街	Shuanghe St.
1	吉村	Shuangji Vil.
2	路	Shuangji Rd.
1	和1路	Shuanghe 1st Rd.
2	2路	Shuanghe 2nd Rd.
2	3路	Shuanghe 3rd Rd.
2	中路	Shuanghe Central Rd.
2	街	Shuanghe St.
2	路	Shuanghe Rd.
2	里	Shuanghe Vil.
1	喜街	Shuangxi St.
1	園1街	Shuangyuan 1st St.
2	2街	Shuangyuan 2nd St.
2	3街	Shuangyuan 3rd St.
2	街	Shuangyuan St.
2	路	Shuangyuan Rd.
3	1段	Sec. 1, Shuangyuan Rd.
3	2段	Sec. 2, Shuangyuan Rd.
2	里	Shuangyuan Vil.
1	坑	Shuangkeng
2	里	Shuangkeng Vil.
1	城街	Shuangcheng St.
2	路	Shuangcheng Rd.
2	里	Shuangcheng Vil.
1	埤路	Shuangpi Rd.
3	福山	Fushan, Shuangpi Rd.
1	塘路	Shuangtang Rd.
1	寬潭	Shuangkuantan
1	峰山	Shuangfeng Mountain
2	街	Shuangfeng St.
2	路	Shuangfeng Rd.
3	文園巷	Wenyuan Ln., Shuangfeng Rd.
4	峰巷	Wenfeng Ln., Shuangfeng Rd.
4	陵巷	Wenling Ln., Shuangfeng Rd.
1	平路	Shuangping Rd.
1	張部	Shuangzhangbu
1	忠里	Shuangzhong Vil.
1	慈街	Shuangci St.
1	援	Shuangyuan
1	新村	Shuangxin Vil.
1	春	Shuangchun
2	村	Shuangchun Vil.
1	景街	Shuangjing St.
1	林1路	Shuanglin 1st Rd.
2	路1段	Sec. 1, Shuanglin Rd.
3	2段	Sec. 2, Shuanglin Rd.
1	榮路	Shuangrong Rd.
2	里	Shuangrong Vil.
1	海路	Shuanghai Rd.
1	涵	Shuanghan
2	村	Shuanghan Vil.
1	湖	Shuanghu
1	溪	Shuangxi
2	口	Shuangxikou
2	村	Shuangxi Vil.
2	社區	Shuangxi Community
2	街	Shuangxi St.
1	澳	Shuang'ao
1	玉村	Shuangyu Vil.
2	里	Shuangyu Vil.
1	瓊路	Shuangqiong Rd.
1	福	Shuangfu
2	巷	Shuangfu Ln.
2	路	Shuangfu Rd.
3	1段	Sec. 1, Shuangfu Rd.
3	2段	Sec. 2, Shuangfu Rd.
3	3段	Sec. 3, Shuangfu Rd.
2	里	Shuangfu Vil.
1	竹街	Shuangzhu St.
1	義路	Shuangyi Rd.
1	興村	Shuangxing Vil.
2	路	Shuangxing Rd.
1	草湖	Shuangcaohu
1	菁路	Shuangjing Rd.
1	豐1街	Shuangfeng 1st St.
2	2街	Shuangfeng 2nd St.
2	路	Shuangfeng Rd.
1	賢村	Shuangxian Vil.
2	路	Shuangxian Rd.
1	連	Shuanglian
2	坡	Shuanglianpo
2	堀	Shuanglianku
2	潭	Shuangliantan
2	街	Shuanglian St.
2	里	Shuanglian Vil.
1	頭掛	Shuangtougua
1	鳳路	Shuangfeng Rd.
2	里	Shuangfeng Vil.
1	鵝山	Shuang'eshan
1	龍巷	Shuanglong Ln.
2	村	Shuanglong Vil.
2	街	Shuanglong St.
2	路	Shuanglong Rd.
0	雞心壩	Jixinba
1	母塢	Jimuwu
2	嶺街	Jimuling St.
1	籠巷	Jilong Ln.
1	龍巷	Jilong Ln.
0	雨聲街	Yusheng St.
1	農路	Yunong Rd.
0	雪山路	Xueshan Rd.
3	出雲巷	Chuyun Ln., Xueshan Rd.
3	富山巷	Fushan Ln., Xueshan Rd.
3	育才巷	Yucai Ln., Xueshan Rd.
1	峰1路	Xuefeng 1st Rd.
2	2路	Xuefeng 2nd Rd.
2	3路	Xuefeng 3rd Rd.
2	村	Xuefeng Vil.
2	路	Xuefeng Rd.
1	見	Xuejian
1	谷大道	Xuegu Blvd.
1	隧路	Xuesui Rd.
0	雲中街	Yunzhong St.
1	南街	Yunnan St.
2	路	Yunnan Rd.
1	和街	Yunhe St.
1	嘉路	Yunjia Rd.
1	埔路	Yunpu Rd.
1	夢街	Yunmeng St.
1	廣坑	Yunguangkeng
1	林新村	Yunlin New Vil.
4	1路	1st Rd., Yunlin New Vil.
4	2路	2nd Rd., Yunlin New Vil.
2	溪攤販區	Vendors Area, Yunlin River
2	路	Yunlin Rd.
3	1段	Sec. 1, Yunlin Rd.
3	2段	Sec. 2, Yunlin Rd.
3	3段	Sec. 3, Yunlin Rd.
2	里	Yunlin Vil.
1	樂里	Yunle Vil.
1	橋路	Yunqiao Rd.
1	科路1段	Sec. 1, Yunke Rd.
3	2段	Sec. 2, Yunke Rd.
3	3段	Sec. 3, Yunke Rd.
3	4段	Sec. 4, Yunke Rd.
1	西里	Yunxi Vil.
1	農倉	Yunnongcang
2	路	Yunnong Rd.
1	鄉路	Yunxiang Rd.
1	長路	Yunzhang Rd.
1	閩	Yunmin
1	集街	Yunji St.
1	霄里	Yunxiao Vil.
1	頭路	Yuntou Rd.
3	公會巷	Gonghui Ln., Yuntou Rd.
4	益巷	Gongyi Ln., Yuntou Rd.
3	共和巷	Gonghe Ln., Yuntou Rd.
3	月光巷	Yueguang Ln., Yuntou Rd.
1	龍里	Yunlong Vil.
0	雷中街	Leizhong St.
1	公崁	Leigongkan
1	厝	Leicuo
2	村	Leicuo Vil.
1	根社區	Leigen Community
0	電信街	Dianxin St.
1	光里	Dianguang Vil.
1	力巷	Dianli Ln.
2	路	Dianli Rd.
1	口巷	Diankou Ln.
1	廠	Dianchang
2	1路	Dianchang 1st Rd.
2	2路	Dianchang 2nd Rd.
2	3路	Dianchang 3rd Rd.
2	5路	Dianchang 5th Rd.
2	巷	Dianchang Ln.
2	路	Dianchang Rd.
1	影里	Dianying Vil.
1	源巷	Dianyuan Ln.
1	研路	Dianyan Rd.
1	臺	Diantai
2	街	Diantai St.
2	路	Diantai Rd.
0	霄仁	Xiaoren
1	裡路	Xiaoli Rd.
2	里	Xiaoli Vil.
0	震安里	Zhen'an Vil.
1	旺路	Zhenwang Rd.
1	華巷	Zhenhua Ln.
0	霞海中街	Xiahai Central St.
2	南1街	Xiahai S. 1st St.
3	2街	Xiahai S. 2nd St.
3	3街	Xiahai S. 3rd St.
2	東1街	Xiahai E. 1st St.
3	2街	Xiahai E. 2nd St.
3	路	Xiahai E. Rd.
2	路	Xiahai Rd.
1	雲	Xiayun
2	坪	Xiayunping
2	村	Xiayun Vil.
0	霧工1路	Wugong 1st Rd.
2	2路	Wugong 2nd Rd.
2	3路	Wugong 3rd Rd.
2	5路	Wugong 5th Rd.
2	6路	Wugong 6th Rd.
2	7路	Wugong 7th Rd.
2	8路	Wugong 8th Rd.
1	罕路	Wuhan Rd.
1	臺村	Wutai Vil.
1	霜巷	Wushuang Ln.
1	鹿	Wulu
2	村	Wulu Vil.
0	露市巷	Loushi Ln.
0	靈泉里	Lingquan Vil.
0	青1路	Qing 1st Rd.
1	2路	Qing 2nd Rd.
1	3路	Qing 3rd Rd.
1	仁路	Qingren Rd.
1	仔宅	Qingzaizhai
2	巷	Qingzai Ln.
2	窩	Qingzaiwo
1	和街	Qinghe St.
1	商路	Qingshang Rd.
1	園	Qingyuan
2	巷	Qingyuan Ln.
2	路	Qingyuan Rd.
1	埔	Qingpu
2	11街	Qingpu 11th St.
3	街	Qingpu 1st St.
2	2街	Qingpu 2nd St.
2	3街	Qingpu 3rd St.
2	4街	Qingpu 4th St.
2	5街	Qingpu 5th St.
2	6街	Qingpu 6th St.
2	7街	Qingpu 7th St.
2	8街	Qingpu 8th St.
2	9街	Qingpu 9th St.
2	十街	Qingpu 10th St.
2	子	Qingpuzi
2	巷	Qingpu Ln.
2	村	Qingpu Vil.
2	街	Qingpu St.
2	路	Qingpu Rd.
3	1段	Sec. 1, Qingpu Rd.
3	2段	Sec. 2, Qingpu Rd.
2	里	Qingpu Vil.
1	境路	Qingjing Rd.
1	宅巷	Qingzhai Ln.
1	富路	Qingfu Rd.
1	山	Qingshan
2	1街	Qingshan 1st St.
3	路	Qingshan 1st Rd.
2	2街	Qingshan 2nd St.
2	3街	Qingshan 3rd St.
2	5街	Qingshan 5th St.
2	6街	Qingshan 6th St.
2	巷	Qingshan Ln.
2	村	Qingshan Vil.
2	街	Qingshan St.
2	路	Qingshan Rd.
3	1段	Sec. 1, Qingshan Rd.
3	2段	Sec. 2, Qingshan Rd.
2	里	Qingshan Vil.
1	岐	Qingqi
1	峰街	Qingfeng St.
2	路	Qingfeng Rd.
3	1段	Sec. 1, Qingfeng Rd.
3	2段	Sec. 2, Qingfeng Rd.
2	里	Qingfeng Vil.
1	島1街	Qingdao 1st St.
2	東街	Qingdao E. St.
3	路	Qingdao E. Rd.
2	街	Qingdao St.
2	西街	Qingdao W. St.
3	路	Qingdao W. Rd.
2	路	Qingdao Rd.
3	1段	Sec. 1, Qingdao Rd.
3	2段	Sec. 2, Qingdao Rd.
3	3段	Sec. 3, Qingdao Rd.
3	4段	Sec. 4, Qingdao Rd.
2	里	Qingdau Vil.
1	嶼	Qingyu
1	川街	Qingchuan St.
1	帆村	Qingfan Vil.
1	年1路	Qingnian 1st Rd.
2	2路	Qingnian 2nd Rd.
2	巷	Qingnian Ln.
2	街	Qingnian St.
2	路	Qingnian Rd.
3	1段	Sec. 1, Qingnian Rd.
3	2段	Sec. 2, Qingnian Rd.
2	農莊	Qingnian Farm
1	心路	Qingxin Rd.
1	旗	Qingqi
2	村	Qingqi Vil.
1	昇1街	Qingsheng 1st St.
2	2街	Qingsheng 2nd St.
2	路	Qingsheng Rd.
3	1段	Sec. 1, Qingsheng Rd.
1	松街	Qingsong St.
2	里	Qingsong Vil.
1	泉街	Qingquan St.
1	海南街	Qinghai S. St.
2	路	Qinghai Rd.
3	1段	Sec. 1, Qinghai Rd.
3	2段	Sec. 2, Qinghai Rd.
5	源通巷	Yuantong Ln., Sec. 2, Qinghai Rd.
3	3段	Sec. 3, Qinghai Rd.
3	4段	Sec. 4, Qinghai Rd.
1	溪1街	Qingxi 1st St.
3	路	Qingxi 1st Rd.
2	2街	Qingxi 2nd St.
3	路	Qingxi 2nd Rd.
2	3街	Qingxi 3rd St.
3	路	Qingxi 3rd Rd.
2	街	Qingxi St.
2	路1段	Sec. 1, Qingxi Rd.
3	2段	Sec. 2, Qingxi Rd.
2	里	Qingxi Vil.
1	潭里	Qingtan Vil.
1	田1街	Qingtian 1st St.
2	2街	Qingtian 2nd St.
2	3街	Qingtian 3rd St.
2	4街	Qingtian 4th St.
2	街	Qingtian St.
2	路	Qingtian Rd.
1	砂街1段	Sec. 1, Qingsha St.
3	2段	Sec. 2, Qingsha St.
1	福街	Qingfu St.
1	翠里	Qingcui Vil.
1	苗里	Qingmiau Vil.
1	草	Qingcao
2	里	Qingcao Vil.
1	華街	Qinghua St.
1	葉村	Qingye Vil.
2	路	Qingye Rd.
3	1段	Sec. 1, Qingye Rd.
3	2段	Sec. 2, Qingye Rd.
1	蚶	Qinghan
2	村	Qinghan Vil.
1	螺	Qingluo
2	村	Qingluo Vil.
1	豆巷	Qingdou Ln.
1	農路	Qingnong Rd.
1	隆街	Qinglong St.
1	雅東街	Qingya E. St.
2	路	Qingya Rd.
1	雲	Qingyun
2	巷	Qingyun Ln.
2	村	Qingyun Vil.
2	街	Qingyun St.
2	路	Qingyun Rd.
3	1段	Sec. 1, Qingyun Rd.
3	2段	Sec. 2, Qingyun Rd.
3	3段	Sec. 3, Qingyun Rd.
2	里	Qingyun Vil.
1	鼎1街	Qingding 1st St.
2	2街	Qingding 2nd St.
0	靖光路	Jingguang Rd.
1	南路	Jingnan Rd.
1	和村	Jinghe Vil.
2	街	Jinghe St.
1	康	Jingkang
1	東路	Jingdong Rd.
1	興里	Jingxing Vil.
1	華巷	Jinghua Ln.
1	薛里	Jingxue Vil.
1	龍里	Jinglong Vil.
0	靜修東路	Jingxiu E. Rd.
2	路	Jingxiu Rd.
1	安路	Jing'an Rd.
3	1段	Sec. 1, Jing'an Rd.
3	2段	Sec. 2, Jing'an Rd.
3	3段	Sec. 3, Jing'an Rd.
3	4段	Sec. 4, Jing'an Rd.
3	伯公巷	Bogong Ln., Jing'an Rd.
3	天公巷	Tiangong Ln., Jing'an Rd.
2	里	Jing'an Vil.
1	浦	Jingpu
2	村	Jingpu Vil.
1	湖村	Jinghu Vil.
1	龍里	Jinglong Vil.
0	面前厝	Mianqiancuo
2	巷	Mianqian Ln.
2	里	Mianqian Vil.
1	盆寮	Mianpenliao
0	革新里	Gexin Vil.
0	靶場1街	Bachang 1st St.
0	鞍山巷	Anshan Ln.
1	平巷	Anping Ln.
1	部	Anbu
0	韶華村	Shauhua Vil.
0	響崙路	Xianglun Rd.
0	頂三庄路	Dingsanzhuang Rd.
1	中下街	Dingzhongxia St.
2	街	Dingzhong St.
2	里	Dingzhong Vil.
1	僑巷	Dingqiao Ln.
1	六股	Dingliugu
1	北路	Dingbei Rd.
2	里	Dingbei Vil.
1	半天	Dingbantian
1	南	Dingnan
2	村	Dingnan Vil.
2	里	Dingnan Vil.
1	厝	Dingcuo
2	子	Dingcuozi
2	巷	Dingcuo Ln.
2	村	Dingcuo Vil.
2	路	Dingcuo Rd.
2	里	Dingcuo Vil.
3	二溪路	Erxi Rd., Dingcuo Vil.
3	光復巷	Guangfu Ln., Dingcuo Vil.
3	文明巷	Wenming Ln., Dingcuo Vil.
1	后垵	Dinghou'an
1	和里	Dinghe Vil.
1	員林	Dingyuanlin
1	嗂溝	Dingyaogou
1	圃街	Dingpu St.
1	圍	Dingwei
1	園街	Dingyuan St.
1	坎	Dingkan
1	坑	Dingkeng
2	巷	Dingkeng Ln.
1	坪	Dingping
2	工業區	Dingping Industrial Park
2	路	Dingping Rd.
3	瑞芳工業區	Ruifang Industrial Park, Dingping Rd.
1	城1街	Dingcheng 1st St.
2	2街	Dingcheng 2nd St.
2	3街	Dingcheng 3rd St.
2	5街	Dingcheng 5th St.
2	6街	Dingcheng 6th St.
2	巷	Dingcheng Ln.
2	里	Dingcheng Vil.
1	埔	Dingpu
2	下	Dingpuxia
2	巷	Dingpu Ln.
2	村	Dingpu Vil.
2	街	Dingpu St.
2	路	Dingpu Rd.
3	1段	Sec. 1, Dingpu Rd.
3	2段	Sec. 2, Dingpu Rd.
2	里	Dingpu Vil.
1	埤	Dingpi
2	仔	Dingpizai
1	堡	Dingbao
1	塗溝	Dingtugou
1	大埔	Dingdapu
1	好巷	Dinghau Ln.
2	街	Dinghao St.
1	宅仔	Dingzhaizai
2	街	Dingzhai St.
2	里	Dingzhai Vil.
1	安村	Ding'an Vil.
2	街	Ding'an St.
2	路	Ding'an Rd.
2	里	Ding'an Vil.
1	富街	Dingfu St.
1	寮	Dingliao
2	1街	Dingliao 1st St.
2	2街	Dingliao 2nd St.
2	3街	Dingliao 3rd St.
2	5街	Dingliao 5th St.
2	子	Dingliaozi
2	巷	Dingliao Ln.
2	村	Dingliau Vil.
2	路	Dingliao Rd.
2	里	Dingliau Vil.
1	尖山	Dingjianshan
1	山	Dingshan
2	寮	Dingshanliao
2	村	Dingshan Vil.
2	腳	Dingshanjiao
2	門	Dingshanmen
1	岩灣	Dingyanwan
1	峰里	Dingfeng Vil.
1	崁巷	Dingkan Ln.
2	村	Dingkan Vil.
2	街	Dingkan St.
2	里	Dingkan Vil.
2	頭	Dingkantou
1	崎腳	Dingqijiao
1	崙	Dinglun
2	巷	Dinglun Ln.
2	村	Dinglun Vil.
1	巷	Ding Ln.
1	平路	Dingping Rd.
1	庄	Dingzhuang
2	1街	Dingzhuang 1st St.
2	巷	Dingzhuang Ln.
2	村	Dingzhuang Vil.
2	路	Dingzhuang Rd.
2	里	Dingzhuang Vil.
1	店仔	Dingdianzai
2	巷	Dingdian Ln.
2	里	Dingdian Vil.
1	強路	Dingqiang Rd.
1	揖子寮	Dingyiziliao
2	村	Dingyi Vil.
1	文1街	Dingwen 1st St.
2	2街	Dingwen 2nd St.
2	路	Dingwen Rd.
1	新11街	Dingxin 11th St.
3	街	Dingxin 1st St.
3	路	Dingxin 1st Rd.
2	2街	Dingxin 2nd St.
3	路	Dingxin 2nd Rd.
2	3街	Dingxin 3rd St.
3	路	Dingxin 3rd Rd.
2	5街	Dingxin 5th St.
3	路	Dingxin 5th Rd.
2	6街	Dingxin 6th St.
3	路	Dingxin 6th Rd.
2	7街	Dingxin 7th St.
2	8街	Dingxin 8th St.
2	9街	Dingxin 9th St.
2	中街	Dingxin Central St.
2	十街	Dingxin 10th St.
2	南街	Dingxin S. St.
2	村	Dingxin Vil.
2	街	Dingxin St.
2	路	Dingxin Rd.
2	里	Dingxin Vil.
1	昌街	Dingchang St.
1	明路	Dingming Rd.
1	本路	Dingben Rd.
1	村	Ding Vil.
1	東路	Dingdong Rd.
2	里	Dingdong Vil.
1	松里	Dingsong Vil.
1	枋仔林	Dingfangzailin
1	林新村	Dinglin New Vil.
2	路	Dinglin Rd.
3	東1巷	E. 1st Ln., Dinglin Rd.
4	巷	E. Ln., Dinglin Rd.
3	林森巷	Linsen Ln., Dinglin Rd.
3	西巷	W. Ln., Dinglin Rd.
1	柳路	Dingliu Rd.
2	里	Dingliu Vil.
1	柴路	Dingchai Rd.
1	桂山	Dingguishan
1	椅1街	Dingyi 1st St.
2	2街	Dingyi 2nd St.
2	3街	Dingyi 3rd St.
2	5街	Dingyi 5th St.
2	6街	Dingyi 6th St.
2	7街	Dingyi 7th St.
2	8街	Dingyi 8th St.
2	9街	Dingyi 9th St.
1	楓林2路	Dingfenglin 2nd Rd.
3	3路	Dingfenglin 3rd Rd.
1	樟湖	Dingzhanghu
1	橋	Dingqiao
2	1巷	Dingqiao 1st Ln.
2	2巷	Dingqiao 2nd Ln.
2	3巷	Dingqiao 3rd Ln.
2	南巷	Dingqiao S. Ln.
2	新南巷	Dingqiaoxin S. Ln.
3	興巷	Dingqiaoxinxing Ln.
2	東巷	Dingqiao E. Ln.
2	西巷	Dingqiao W. Ln.
1	橫街	Dingheng St.
2	路	Dingheng Rd.
1	永豐	Dingyongfeng
1	泉路	Dingquan Rd.
1	洲	Dingzhou
2	里	Dingzhou Vil.
1	浮尾	Dingfuwei
1	清路	Dingqing Rd.
1	港子墘	Dinggangziqi
1	湖	Dinghu
2	11街	Dinghu 11th St.
3	街	Dinghu 1st St.
2	2街	Dinghu 2nd St.
2	3街	Dinghu 3rd St.
2	5街	Dinghu 5th St.
2	6街	Dinghu 6th St.
2	7街	Dinghu 7th St.
2	9街	Dinghu 9th St.
2	巷	Dinghu Ln.
2	村	Dinghu Vil.
2	路	Dinghu Rd.
1	湳	Dingnan
2	路	Dingnan Rd.
2	里	Dingnan Vil.
1	溝路	Dinggou Rd.
1	溪	Dingxi
2	心	Dingxixin
2	里	Dingxi Vil.
1	漁路	Dingyu Rd.
1	潭	Dingtan
2	北路	Dingtan N. Rd.
2	村	Dingtan Vil.
2	路	Dingtan Rd.
2	里	Dingtan Vil.
1	濃路	Dingnong Rd.
1	灣巷	Dingwan Ln.
1	營1路	Dingying 1st Rd.
2	2路	Dingying 2nd Rd.
2	路	Dingying Rd.
1	犁村	Dingli Vil.
2	路	Dingli Rd.
1	瑞巷	Dingrui Ln.
1	田	Dingtian
2	寮	Dingtianliao
3	路	Dingtianliao Rd.
2	巷	Dingtian Ln.
2	心街	Dingtianxin St.
1	番里	Dingfan Vil.
1	石厝路	Dingshicuo Rd.
2	頭埔	Dingshitoupu
1	碩里	Dingshi Vil.
1	社	Dingshe
1	福	Dingfu
2	村	Dingfu Vil.
2	街	Dingfu St.
2	里	Dingfu Vil.
1	秀祐	Dingxiuyou
1	窩	Dingwo
1	竹圍	Dingzhuwei
2	里	Dingzhu Vil.
1	笨仔	Dingbenzai
1	粘村	Dingnian Vil.
2	街	Dingnian St.
1	紅街	Dinghong St.
1	罟1路	Dinggu 1st Rd.
2	2路	Dinggu 2nd Rd.
2	村	Dinggu Vil.
1	美1街	Dingmei 1st St.
2	2街	Dingmei 2nd St.
2	3街	Dingmei 3rd St.
2	街	Dingmei St.
1	聖街	Dingsheng St.
1	股路	Dinggu Rd.
1	興巷	Dingxing Ln.
2	街	Dingxing St.
2	路	Dingxing Rd.
1	芳巷	Dingfang Ln.
1	茂街	Dingmao St.
1	茄	Dingjia
2	埕	Dingjiacheng
1	草路1段	Sec. 1, Dingcao Rd.
3	2段	Sec. 2, Dingcao Rd.
3	3段	Sec. 3, Dingcao Rd.
3	4段	Sec. 4, Dingcao Rd.
1	菜園	Dingcaiyuan
1	蘇	Dingsu
1	蘭	Dinglan
1	街	Ding St.
2	村	Dingjie Vil.
2	里	Dingjie Vil.
1	西路	Dingxi Rd.
2	里	Dingxi Vil.
1	角仔	Dingjiaozai
2	巷	Dingjiao Ln.
2	路	Dingjiao Rd.
1	豐街	Dingfeng St.
1	賢街	Dingxian St.
1	過溝	Dingguogou
2	溪	Dingguoxi
1	部	Dingbu
2	巷	Dingbu Ln.
2	村	Dingbu Vil.
3	中正巷	Zhongzheng Ln., Dingbu Vil.
1	里	Ding Vil.
1	錫里	Dingxi Vil.
1	長村	Dingchang Vil.
1	隙	Dingxi
1	雙溪	Dingshuangxi
1	順3街	Dingshun 3rd St.
2	5街	Dingshun 5th St.
2	6街	Dingshun 6th St.
1	頭巷	Dingtou Ln.
1	飛沙	Dingfeisha
1	鹽村	Dingyan Vil.
1	鹿場路	Dingluchang Rd.
0	順元路	Shunyuan Rd.
1	利1街	Shunli 1st St.
2	2街	Shunli 2nd St.
2	路	Shunli Rd.
1	和1街	Shunhe 1st St.
3	路	Shunhe 1st Rd.
2	2街	Shunhe 2nd St.
3	路	Shunhe 2nd Rd.
2	3街	Shunhe 3rd St.
3	路	Shunhe 3rd Rd.
2	4街	Shunhe 4th St.
2	5街	Shunhe 5th St.
3	路	Shunhe 5th Rd.
2	6街	Shunhe 6th St.
3	路	Shunhe 6th Rd.
2	7街	Shunhe 7th St.
3	路	Shunhe 7th Rd.
2	8街	Shunhe 8th St.
2	9街	Shunhe 9th St.
2	村	Shunhe Vil.
2	路	Shunhe Rd.
1	圳巷	Shunzun Ln.
1	天街	Shuntian St.
2	路	Shuntian Rd.
2	里	Shuntian Vil.
1	安村	Shun'an Vil.
2	街	Shun'an St.
2	路	Shun'an Rd.
2	里	Shun'an Vil.
1	寶巷	Shunbao Ln.
1	山路	Shunshan Rd.
1	帆11街	Shunfan 11th St.
3	3街	Shunfan 13th St.
3	街	Shunfan 1st St.
2	3街	Shunfan 3rd St.
2	5街	Shunfan 5th St.
2	7街	Shunfan 7th St.
2	9街	Shunfan 9th St.
2	北路	Shunfan N. Rd.
2	路	Shunfan Rd.
1	平1街	Shunping 1st St.
2	2街	Shunping 2nd St.
2	3街	Shunping 3rd St.
3	路	Shunping 3rd Rd.
2	厝	Shunpingcuo
2	巷	Shunping Ln.
2	路	Shunping Rd.
1	德街	Shunde St.
2	里	Shunde Vil.
1	應巷	Shunying Ln.
1	昌街	Shunchang St.
2	里	Shunchang Vil.
1	時埔	Shunshipu
1	正里	Shunzheng Vil.
1	港路	Shungang Rd.
1	溪北路1段	Sec. 1, Shunxi N. Rd.
4	2段	Sec. 2, Shunxi N. Rd.
2	南路1段	Sec. 1, Shunxi S. Rd.
4	2段	Sec. 2, Shunxi S. Rd.
4	3段	Sec. 3, Shunxi S. Rd.
1	漁路	Shunyu Rd.
1	興	Shunxing
2	1路	Shunxing 1st Rd.
2	2路	Shunxing 2nd Rd.
2	3街	Shunxing 3rd St.
2	5街	Shunxing 5th St.
2	6街	Shunxing 6th St.
2	7街	Shunxing 7th St.
2	村	Shunxing Vil.
2	街	Shunxing St.
2	路	Shunxing Rd.
2	里	Shunxing Vil.
1	苓里	Shunling Vil.
1	那	Shunna
1	風路	Shunfeng Rd.
0	頌德里	Songde Vil.
0	領寄	Lingji
1	航北路1段	Sec. 1, Linghang N. Rd.
4	2段	Sec. 2, Linghang N. Rd.
4	3段	Sec. 3, Linghang N. Rd.
4	4段	Sec. 4, Linghang N. Rd.
2	南路1段	Sec. 1, Linghang S. Rd.
4	2段	Sec. 2, Linghang S. Rd.
4	3段	Sec. 3, Linghang S. Rd.
4	4段	Sec. 4, Linghang S. Rd.
2	路	Linghang Rd.
0	頭份	Toufen
2	里	Toufen Vil.
1	凍口	Toudongkou
1	分村	Toufen Vil.
2	林	Toufenlin
2	路	Toufen Rd.
1	前	Touqian
2	厝	Touqiancuo
2	村	Touqian Vil.
2	溪	Touqianxi
3	路	Touqianxi Rd.
2	路	Touqian Rd.
2	里	Touqian Vil.
1	南里	Tounan Vil.
1	坪巷	Touping Ln.
1	埤巷	Toupi Ln.
1	家城路	Toujiacheng Rd.
4	仁愛巷	Ren'ai Ln., Toujiacheng Rd.
4	信義巷	Xinyi Ln., Toujiacheng Rd.
4	忠孝巷	Zhongxiao Ln., Toujiacheng Rd.
2	村	Toujia Vil.
2	路	Toujia Rd.
1	寮	Touliao
2	1路	Touliao 1st Rd.
2	坑路	Touliaokeng Rd.
2	店仔	Touliaodianzai
2	路	Touliao Rd.
1	屋	Touwu
2	村	Touwu Vil.
1	崙巷	Toulun Ln.
2	村	Toulun Vil.
2	里	Toulun Vil.
1	庄巷	Touzhuang Ln.
1	廷村	Touting Vil.
2	里	Touting Vil.
1	張巷	Touzhang Ln.
2	東路	Touzhang E. Rd.
2	路1段	Sec. 1, Touzhang Rd.
3	2段	Sec. 2, Touzhang Rd.
1	成街	Toucheng St.
1	林巷	Toulin Ln.
1	橋	Touqiao
1	汴村	Toubian Vil.
2	里	Toubian Vil.
1	洲村	Touzhou Vil.
1	港子	Tougangzi
2	里	Tougang Vil.
1	湖	Touhu
2	1路	Touhu 1st Rd.
1	溝路	Tougou Rd.
2	里	Tougou Vil.
1	溪巷	Touxi Ln.
1	濱路1段	Sec. 1, Toubin Rd.
3	2段	Sec. 2, Toubin Rd.
3	3段	Sec. 3, Toubin Rd.
1	社	Toushe
2	村	Toushe Vil.
1	竹圍	Touzhuwei
2	村	Touzhu Vil.
1	興街	Touxing St.
1	角	Toujiao
1	重埔	Touchongpu
2	路	Touchong Rd.
2	里	Touchong Vil.
0	顏厝寮	Yancuoliao
2	巷	Yancuo Ln.
0	顧問巷	Guwen Ln.
0	顯光路	Xianguang Rd.
1	宮1街	Xiangong 1st St.
2	2街	Xiangong 2nd St.
2	里	Xiangong Vil.
1	會路	Xianhui Rd.
0	風吹嶺	Fengchuiling
1	坑路	Fengkeng Rd.
1	埔路	Fengpu Rd.
1	尾坑	Fengweikeng
2	街	Fengwei St.
1	度里	Fengdu Vil.
1	景	Fengjing
1	格街	Fengge St.
1	櫃尾	Fengguiwei
2	斗湖	Fengguidouhu
2	里	Fenggui Vil.
1	沙路	Fengsha Rd.
1	空	Fengkong
2	街	Fengkong St.
1	美村	Fengmei Vil.
1	鈴路	Fengling Rd.
0	飛東村	Feidong Vil.
1	機路	Feiji Rd.
1	沙村	Feisha Vil.
1	鳳	Feifeng
2	村	Feifeng Vil.
0	食品路	Shipin Rd.
1	坑巷	Shikeng Ln.
1	水坑	Shishuikeng
2	嵙	Shishuike
3	巷	Shishuike Ln.
2	巷	Shishui Ln.
2	路	Shishui Rd.
0	飯店	Fandian
2	里	Fandian Vil.
0	餉林路1段	Sec. 1, Xianglin Rd.
5	平埔巷	Pingpu Ln., Sec. 1, Xianglin Rd.
1	潭村	Xiangtan Vil.
0	養泉莊	Yangquan Vil.
1	老	Yanglao
1	魚路	Yangyu Rd.
0	館中村	Guanzhong Vil.
1	前1路	Guanqian 1st Rd.
2	2路	Guanqian 2nd Rd.
2	北路	Guanqian N. Rd.
2	南路	Guanqian S. Rd.
2	巷	Guanqian Ln.
2	東路	Guanqian E. Rd.
2	街	Guanqian St.
2	西路	Guanqian W. Rd.
4	興義巷	Xingyi Ln., Guanqian W. Rd.
2	路	Guanqian Rd.
1	南	Guannan
2	村	Guannan Vil.
2	街	Guannan St.
1	安1路	Guan'an 1st Rd.
2	2路	Guan'an 2nd Rd.
2	3路	Guan'an 3rd Rd.
2	路	Guan'an Rd.
1	後1街	Guanhou 1st St.
2	2街	Guanhou 2nd St.
1	東	Guandong
2	村	Guandong Vil.
1	華巷	Guanhua Ln.
0	饒平南路	Raoping S. Rd.
2	村	Rauping Vil.
2	街	Raoping St.
2	西路	Raoping W. Rd.
2	路	Raoping Rd.
1	河街	Raohe St.
0	香丘巷	Xiangqiu Ln.
2	里	Xiangqiu Vil.
1	中路	Xiangzhong Rd.
1	內路	Xiangnei Rd.
1	北1路	Xiangbei 1st Rd.
2	路	Xiangbei Rd.
1	南路	Xiangnan Rd.
1	和村	Xianghe Vil.
2	路	Xianghe Rd.
1	員林	Xiangyuanlin
1	圓窩	Xiangyuanwo
1	坡1路	Xiangpo 1st Rd.
2	2路	Xiangpo 2nd Rd.
4	1段	Sec. 1, Xiangpo 2nd Rd.
2	3路	Xiangpo 3rd Rd.
2	5路	Xiangpo 5th Rd.
2	路	Xiangpo Rd.
2	里	Xiangpo Vil.
1	城路	Xiangcheng Rd.
1	山1路	Xiangshan 1st Rd.
2	2路	Xiangshan 2nd Rd.
2	3路	Xiangshan 3rd Rd.
2	4路	Xiangshan 4th Rd.
2	5路	Xiangshan 5th Rd.
2	厝	Xiangshancuo
2	東路	Xiangshan E. Rd.
2	西路	Xiangshan W. Rd.
2	路	Xiangshan Rd.
2	里	Xiangshan Vil.
1	揚巷	Xiangyang Ln.
3	南段	Xiangyang Ln., S. Sec.
1	村路	Xiangcun Rd.
2	里	Xiangcun Vil.
1	林	Xianglin
2	巷	Xianglin Ln.
2	村	Xianglin Vil.
1	果園	Xiangguoyuan
1	格	Xiangge
1	楊巷	Xiangyang Ln.
2	村	Xiangyang Vil.
2	路	Xiangyang Rd.
1	檳1街	Xiangbin 1st St.
2	2街	Xiangbin 2nd St.
2	3街	Xiangbin 3rd St.
2	5街	Xiangbin 5th St.
2	南街	Xiangbin S. St.
2	東街	Xiangbin E. St.
1	洋村	Xiangyang Vil.
2	路	Xiangyang Rd.
1	湖里	Xianghu Vil.
1	源街	Xiangyuan St.
2	路	Xiangyuan Rd.
1	潭1街	Xiangtan 1st St.
2	2街	Xiangtan 2nd St.
2	路	Xiangtan Rd.
1	田里	Xiangtian Vil.
3	竹圍巷	Zhuwei Ln., Xiangtian Vil.
1	社1路	Xiangshe 1st Rd.
2	2路	Xiangshe 2nd Rd.
2	村	Xiangshe Vil.
2	路	Xiangshe Rd.
2	里	Xiangshe Vil.
1	腳巷	Xiangjiao Ln.
1	茶巷	Xiangcha Ln.
1	蕉山	Xiangjiaoshan
2	巷	Xiangjiao Ln.
2	里	Xiangjiau Vil.
1	蘭村	Xianglan Vil.
2	街	Xianglan St.
1	賓街	Xiangbin St.
3	得月巷	Deyue Ln., Xiangbin St.
1	雅里	Xiangya Vil.
0	馬亨亨大道	Mahengheng Blvd.
5	1段	Sec. 1, Mahengheng Blvd.
1	偕街	Maxie St.
1	光路	Maguang Rd.
3	1段	Sec. 1, Maguang Rd.
2	農場	Maguang Farm
1	兒巷	Ma'er Ln.
2	村	Ma'er Vil.
1	博拉斯山	Mabolasi Mountain
1	卡道路	Makadao Rd.
1	厝	Macuo
2	巷	Macuo Ln.
1	場路	Machang Rd.
1	士巷	Mashi Ln.
1	岸	Ma'an
1	崗街	Magang St.
1	武督	Mawudu
1	祖新村	Matsu New Vil.
2	村	Matsu Vil.
1	福	Mafu
1	稠後	Machouhou
3	園區11路	Machouhouyuanqu 11th Rd.
6	3路	Machouhouyuanqu 13th Rd.
6	5路	Machouhouyuanqu 15th Rd.
6	6路	Machouhouyuanqu 16th Rd.
6	7路	Machouhouyuanqu 17th Rd.
6	9路	Machouhouyuanqu 19th Rd.
6	路	Machohouyuanqu 1st Rd.
5	2路	Machohouyuanqu 2nd Rd.
5	3路	Machohouyuanqu 3rd Rd.
5	5路	Machouhouyuanqu 5th Rd.
5	6路	Machouhouyuanqu 6th Rd.
5	8路	Machouhouyuanqu 8th Rd.
5	9路	Machouhouyuanqu 9th Rd.
3	農場	Machouhou Farm
1	立雲路	Maliyun Rd.
1	美	Mamei
1	胎	Matai
1	興村	Maxing Vil.
1	蘭里	Malan Vil.
1	賽路	Masai Rd.
1	路巷	Malu Ln.
1	遠	Mayuan
2	村	Mayuan Vil.
1	那邦	Manabang
1	鞍	Ma'an
1	頭厝	Matoucuo
2	山	Matou Mountain
1	鳴	Maming
2	村	Maming Vil.
2	路	Maming Rd.
1	龍潭路	Malongtan Rd.
0	騰雲里	Tengyun Vil.
1	霄里	Tengxiao Vil.
0	驛站里	Yizhan Vil.
0	體中路	Tizhong Rd.
1	育場路	Tiyuchang Rd.
2	街	Tiyu St.
2	路	Tiyu Rd.
0	高上路	Gaoshang Rd.
3	1段	Sec. 1, Gaoshang Rd.
3	2段	Sec. 2, Gaoshang Rd.
1	下路	Gaoxia Rd.
1	中村	Gauzhong Vil.
1	北里	Gaubei Vil.
1	南里	Gaunan Vil.
1	原	Gaoyuan
2	1街	Gaoyuan 1st St.
2	村	Gauyuan Vil.
2	街	Gaoyuan St.
2	路	Gaoyuan Rd.
1	園路	Gaoyuan Rd.
1	坑	Gaokeng
1	坡	Gaopo
1	坪11路	Gaoping 11th Rd.
3	2街	Gaoping 12th St.
3	3街	Gaoping 13th St.
3	5路	Gaoping 15th Rd.
3	6街	Gaoping 16th St.
3	7街	Gaoping 17th St.
3	8路	Gaoping 18th Rd.
3	9街	Gaoping 19th St.
3	街	Gaoping 1st St.
2	21街	Gaoping 21st St.
3	2路	Gaoping 22nd Rd.
3	3路	Gaoping 23rd Rd.
3	5路	Gaoping 25th Rd.
3	6街	Gaoping 26th St.
3	7街	Gaoping 27th St.
3	8街	Gaoping 28th St.
3	9路	Gaoping 29th Rd.
3	街	Gaoping 2nd St.
2	31街	Gaoping 31st St.
3	2街	Gaoping 32nd St.
3	3街	Gaoping 33rd St.
3	5街	Gaoping 35th St.
3	6街	Gaoping 36th St.
3	7路	Gaoping 37th Rd.
3	8街	Gaoping 38th St.
3	9街	Gaoping 39th St.
3	街	Gaoping 3rd St.
2	52街	Gaoping 52nd St.
3	6街	Gaoping 56th St.
3	8街	Gaoping 58th St.
3	路	Gaoping 5th Rd.
2	62街	Gaoping 62nd St.
3	6路	Gaoping 66th Rd.
3	8街	Gaoping 68th St.
3	街	Gaoping 6th St.
2	72街	Gaoping 72nd St.
3	6街	Gaoping 76th St.
3	8街	Gaoping 78th St.
3	路	Gaoping 7th Rd.
2	8路	Gaoping 8th Rd.
2	9街	Gaoping 9th St.
2	七十街	Gaoping 70th St.
2	三十街	Gaoping 30th St.
2	二十七南街	Gaoping 27th S. St.
4	街	Gaoping 20th St.
2	五十路	Gaoping 50th Rd.
2	八十街	Gaoping 80th St.
2	六十街	Gaoping 60th St.
2	十街	Gaoping 10th St.
1	城1街	Gaocheng 1st St.
2	2街	Gaocheng 2nd St.
2	3街	Gaocheng 3rd St.
2	5街	Gaocheng 5th St.
2	6街	Gaocheng 6th St.
2	7街	Gaocheng 7th St.
2	8街	Gaocheng 8th St.
2	9街	Gaocheng 9th St.
2	路	Gaocheng Rd.
2	里	Gaucheng Vil.
1	埔	Gaopu
2	村	Gaupu Vil.
1	士佛	Gaoshifo
2	村	Gaushi Vil.
2	路	Gaoshi Rd.
1	寮	Gaoliao
1	山	Gaoshan
2	下	Gaoshanxia
2	巷	Gaoshan Ln.
2	街	Gaoshan St.
2	路	Gaoshan Rd.
2	里	Gaushan Vil.
1	峰巷	Gaofeng Ln.
2	街	Gaofeng St.
2	路	Gaofeng Rd.
2	里	Gaufeng Vil.
1	崗路	Gaogang Rd.
1	工1街	Gaogong 1st St.
2	2街	Gaogong 2nd St.
2	南路	Gaogong S. Rd.
2	路	Gaogong Rd.
1	平巷	Gaoping Ln.
2	村	Gauping Vil.
2	路	Gaoping Rd.
2	里	Gauping Vil.
1	幼路	Gaoyou Rd.
1	新街	Gaoxin St.
1	昌街	Gaochang St.
1	明里	Gauming Vil.
1	朗村	Gaulang Vil.
1	東路	Gaodong Rd.
2	里	Gaudong Vil.
1	松路	Gaosong Rd.
2	里	Gausong Vil.
1	林	Gaolin
2	村	Gaulin Vil.
1	楊北路	Gaoyang N. Rd.
2	南路	Gaoyang S. Rd.
1	楠1街	Gaonan 1st St.
2	2街	Gaonan 2nd St.
2	3街	Gaonan 3rd St.
2	4街	Gaonan 4th St.
2	5街	Gaonan 5th St.
2	6街	Gaonan 6th St.
2	7街	Gaonan 7th St.
2	8街	Gaonan 8th St.
2	9街	Gaonan 9th St.
2	公路	Gaonan Highway
4	屏山巷	Pingshan Ln., Gaonan Highway
2	北街	Gaonan N. St.
2	十街	Gaonan 10th St.
2	村	Gaunan Vil.
1	榮路	Gaorong Rd.
2	里	Gaurong Vil.
1	樹村	Gaushu Vil.
3	同安路	Tong'an Rd., Gaoshu Vil.
1	橋坑	Gaoqiaokeng
1	民路	Gaomin Rd.
1	洲1街	Gaozhou 1st St.
2	2街	Gaozhou 2nd St.
2	3街	Gaozhou 3rd St.
2	5街	Gaozhou 5th St.
2	6街	Gaozhou 6th St.
2	路	Gaozhou Rd.
1	熊卡	Gaoxiongka
1	爾富路	Gao'erfu Rd.
1	獅路	Gaoshi Rd.
1	田街	Gaotian St.
1	發1路	Gaofa 1st Rd.
2	2路	Gaofa 2nd Rd.
2	3路	Gaofa 3rd Rd.
4	1段	Sec. 1, Gaofa 3rd Rd.
4	2段	Sec. 2, Gaofa 3rd Rd.
1	砂里	Gausha Vil.
1	碼1巷	Gaoma 1st Ln.
3	路	Gaoma 1st Rd.
2	2巷	Gaoma 2nd Ln.
3	路	Gaoma 2nd Rd.
2	3巷	Gaoma 3rd Ln.
2	4巷	Gaoma 4th Ln.
2	5巷	Gaoma 5th Ln.
2	6巷	Gaoma 6th Ln.
2	7巷	Gaoma 7th Ln.
1	美路	Gaomei Rd.
2	里	Gaumei Vil.
1	義村	Gauyi Vil.
2	蘭	Gaoyilan
1	翠路	Gaocui Rd.
1	職南街	Gaozhi S. St.
2	東街	Gaozhi E. St.
2	西街	Gaozhi W. St.
2	農場	Gaozhi Farm
1	臺	Gaotai
2	路	Gaotai Rd.
1	興路	Gaoxing Rd.
1	苗	Gaomiao
2	里	Gaumiau Vil.
1	華商場	Gaohua Market
1	西里	Gauxi Vil.
1	豐巷	Gaufeng Ln.
2	街	Gaofeng St.
1	速1街1段	Sec. 1, Gaosu 1st St.
4	2段	Sec. 2, Gaosu 1st St.
2	2街	Gaosu 2nd St.
2	公路加油站	Highway Gas Station
4	西螺休息站	Highway Xiluo Rest Stop
1	遶坪	Gaoraoping
1	邊路	Gaobian Rd.
1	鐵12路	Gaotie 12th Rd.
3	路	Gaotie 1st Rd.
4	1段	Sec. 1, Gaotie 1st Rd.
4	2段	Sec. 2, Gaotie 1st Rd.
4	3段	Sec. 3, Gaotie 1st Rd.
2	2路	Gaotie 2nd Rd.
4	1段	Sec. 1, Gaotie 2nd Rd.
4	2段	Sec. 2, Gaotie 2nd Rd.
4	3段	Sec. 3, Gaotie 2nd Rd.
2	3街	Gaotie 3rd St.
3	路	Gaotie 3rd Rd.
4	1段	Sec. 1, Gaotie 3rd Rd.
4	2段	Sec. 2, Gaotie 3rd Rd.
4	3段	Sec. 3, Gaotie 3rd Rd.
2	5路	Gaotie 5th Rd.
2	6路	Gaotie 6th Rd.
2	7路	Gaotie 7th Rd.
2	8路	Gaotie 8th Rd.
2	9路	Gaotie 9th Rd.
2	北1路	Gaotie N. 1st Rd.
3	2路	Gaotie N. 2nd Rd.
3	3路	Gaotie N. 3rd Rd.
3	路	Gaotie N. Rd.
4	1段	Sec. 1, Gaotie N. Rd.
4	2段	Sec. 2, Gaotie N. Rd.
4	3段	Sec. 3, Gaotie N. Rd.
2	十路	Gaotie 10th Rd.
2	南1路	Gaotie S. 1st Rd.
3	路	Gaotie S. Rd.
4	1段	Sec. 1, Gaotie S. Rd.
4	2段	Sec. 2, Gaotie S. Rd.
4	3段	Sec. 3, Gaotie S. Rd.
4	4段	Sec. 4, Gaotie S. Rd.
4	5段	Sec. 5, Gaotie S. Rd.
4	6段	Sec. 6, Gaotie S. Rd.
4	7段	Sec. 7, Gaotie S. Rd.
4	8段	Sec. 8, Gaotie S. Rd.
4	9段	Sec. 9, Gaotie S. Rd.
4	十段	Sec. 10, Gaotie S. Rd.
2	大道	Gaotie Blvd.
4	1段	Sec. 1, Gaotie Blvd.
2	東1路	Gaotie E. 1st Rd.
5	1段	Sec. 1, Gaotie E. 1st Rd.
5	2段	Sec. 2, Gaotie E. 1st Rd.
3	2路	Gaotie E. 2nd Rd.
3	3路1段	Sec. 1, Gaotie E. 3rd Rd.
3	5路1段	Sec. 1, Gaotie E. 5th Rd.
5	2段	Sec. 2, Gaotie E. 5th Rd.
3	6路	Gaotie E. 6th Rd.
3	7路	Gaotie E. 7th Rd.
3	8路	Gaotie E. 8th Rd.
3	路	Gaotie E. Rd.
4	1段	Sec. 1, Gaotie E. Rd.
2	田中路1段	Sec. 1, Gaotietian Central Rd.
5	2段	Sec. 2, Gaotietian Central Rd.
2	站前東路1段	Sec. 1, Gaotiezhanqian E. Rd.
6	2段	Sec. 2, Gaotiezhanqian E. Rd.
4	西路1段	Sec. 1, Gaotiezhanqian W. Rd.
6	2段	Sec. 2, Gaotiezhanqian W. Rd.
6	3段	Sec. 3, Gaotiezhanqian W. Rd.
4	路	Gaotiezhanqian Rd.
2	綠園路	Gaotieluyuan Rd.
5	1段	Sec. 1, Gaotieluyuan Rd.
2	總廠路	Gaotiezongchang Rd.
2	西路	Gaotie W. Rd.
2	路	Gaotie Rd.
3	1段	Sec. 1, Gaotie Rd.
3	2段	Sec. 2, Gaotie Rd.
3	3段	Sec. 3, Gaotie Rd.
1	院路	Gaoyuan Rd.
1	陽路	Gaoyang Rd.
1	雄大學路	Gaoxiongdaxue Rd.
1	雙路	Gaoshuang Rd.
2	里	Gaushuang Vil.
1	青路	Gaoqing Rd.
1	風里	Gaufeng Vil.
1	鳳1路	Gaofeng 1st Rd.
2	路	Gaofeng Rd.
1	鵬1街	Gaopeng 1st St.
2	2街	Gaopeng 2nd St.
2	3街	Gaopeng 3rd St.
2	路	Gaopeng Rd.
0	鬧市巷	Naoshi Ln.
0	魏厝	Weicuo
0	魚塘	Yutang
1	塭	Yuwen
1	寮	Yuliao
2	仔	Yuliaozai
2	巷	Yuliao Ln.
2	村	Yuliau Vil.
2	橫巷	Yuliao Side Ln.
2	路	Yuliao Rd.
1	杭	Yuhang
1	池	Yuchi
2	村	Yuchi Vil.
2	街	Yuchi St.
1	行村	Yuxing Vil.
2	里頂坑	Dingkeng, Yuxing Vil.
0	魯凱街	Lukai St.
1	古石	Lugushi
0	鮕代坑街	Gudaikeng St.
0	鯉南路	Linan Rd.
1	行路	Lixing Rd.
1	魚1巷	Liyu 1st Ln.
2	2巷	Liyu 2nd Ln.
2	口	Liyukou
2	巷	Liyu Ln.
2	村	Liyu Vil.
2	潭村	Liyutan Vil.
2	路	Liyu Rd.
2	里	Liyu Vil.
0	鯓田里	Shentian Vil.
0	鯤江	Kunjiang
2	村	Kunjiang Vil.
1	洲街	Kunzhou St.
2	里	Kunzhou Vil.
1	溟	Kunming
2	村	Kunming Vil.
1	鯓	Kunshen
2	村	Kunshen Vil.
2	路	Kunshen Rd.
0	鰲峰1街	Aofeng 1st St.
2	2街	Aofeng 2nd St.
2	3街	Aofeng 3rd St.
2	路	Aofeng Rd.
2	里	Aofeng Vil.
1	新1街	Aoxin 1st St.
2	2街	Aoxin 2nd St.
2	3街	Aoxin 3rd St.
2	6街	Aoxin 6th St.
2	路	Aoxin Rd.
1	海路	Aohai Rd.
1	西路	Aoxi Rd.
1	鼓	Aogu
2	村	Aogu Vil.
0	鱉潭	Bietan
0	鳥嘴	Niaozui
1	埔	Niaopu
1	嶼	Niaoyu
2	村	Niauyu Vil.
2	漁港新村	Yugang New Vil., Niaoyu
1	松巷	Niaosong Ln.
2	市場巷	Niaosong Shichang Ln.
2	村	Niausong Vil.
2	路	Niaosong Rd.
0	鳳1路	Feng 1st Rd.
1	3路	Feng 3rd Rd.
1	5路	Feng 5th Rd.
1	7路	Feng 7th Rd.
1	中里	Fengzhong Vil.
1	仁路	Fengren Rd.
3	仁平巷	Renping Ln., Fengren Rd.
2	里	Fengren Vil.
1	信里	Fengxin Vil.
1	光里	Fengguang Vil.
1	凰2街	Fenghuang 2nd St.
2	3街	Fenghuang 3rd St.
2	4街	Fenghuang 4th St.
2	村	Fenghuang Vil.
2	街	Fenghuang St.
2	路	Fenghuang Rd.
2	里	Fenghuang Vil.
1	加路	Fengjia Rd.
1	北路	Fengbei Rd.
2	里	Fengbei Vil.
1	南1路	Fengnan 1st Rd.
2	路	Fengnan Rd.
2	里	Fengnan Vil.
1	厝巷	Fengcuo Ln.
1	吉1街	Fengji 1st St.
2	2街	Fengji 2nd St.
2	3街	Fengji 3rd St.
2	4街	Fengji 4th St.
2	5街	Fengji 5th St.
1	和1街	Fenghe 1st St.
2	2街	Fenghe 2nd St.
1	園路	Fengyuan Rd.
1	坑村	Fengkeng Vil.
1	城街	Fengcheng St.
1	埤街	Fengpi St.
1	學路	Fengxue Rd.
1	安1街	Feng'an 1st St.
2	2街	Feng'an 2nd St.
2	路	Feng'an Rd.
1	宮里	Fenggong Vil.
1	尾	Fengwei
2	厝	Fengweicuo
1	屏1路	Fengping 1st Rd.
2	2路	Fengping 2nd Rd.
1	山巷	Fengshan Ln.
2	村	Fengshan Vil.
2	街	Fengshan St.
2	路	Fengshan Rd.
2	里	Fengshan Vil.
1	岡路1段	Sec. 1, Fenggang Rd.
3	2段	Sec. 2, Fenggang Rd.
3	3段	Sec. 3, Fenggang Rd.
3	5段	Sec. 5, Fenggang Rd.
1	崗路	Fenggang Rd.
3	鳳儀巷	Fengyi Ln., Fenggang Rd.
2	里	Fenggang Vil.
1	巢里	Fengchau Vil.
1	工1街	Fenggong 1st St.
2	2街	Fenggong 2nd St.
2	8街	Fenggong 8th St.
2	路	Fenggong Rd.
1	平街	Fengping St.
2	路	Fengping Rd.
1	形	Fengxing
1	德街	Fengde St.
1	捷路	Fengjie Rd.
1	新街	Fengxin St.
2	路	Fengxin Rd.
1	旗路	Fengqi Rd.
1	昇路	Fengsheng Rd.
1	明村	Fengming Vil.
2	街	Fengming St.
2	路	Fengming Rd.
2	里	Fengming Vil.
1	智	Fengzhi
2	里	Fengzhi Vil.
1	東1街	Fengdong 1st St.
2	2街	Fengdong 2nd St.
2	3街	Fengdong 3rd St.
2	5街	Fengdong 5th St.
2	6街	Fengdong 6th St.
2	7街	Fengdong 7th St.
2	街	Fengdong St.
2	路	Fengdong Rd.
2	里	Fengdong Vil.
1	松路	Fengsong Rd.
3	北市場	N. Market, Fengsong Rd.
1	林1路	Fenglin 1st Rd.
4	慈惠巷	Cihui Ln., Fenglin 1st Rd.
2	2路	Fenglin 2nd Rd.
2	3路	Fenglin 3rd Rd.
2	4路	Fenglin 4th Rd.
4	興中巷	Xingzhong Ln., Fenglin 4th Rd.
2	路	Fenglin Rd.
3	1段	Sec. 1, Fenglin Rd.
3	2段	Sec. 2, Fenglin Rd.
3	3段	Sec. 3, Fenglin Rd.
3	4段	Sec. 4, Fenglin Rd.
3	新生巷	Xinsheng Ln., Fenglin Rd.
2	里	Fenglin Vil.
1	梨園	Fengliyuan
2	坑	Fenglikeng
2	寮	Fengliliao
2	農場	Fengli Farm
1	森里	Fengsen Vil.
1	楠路	Fengnan Rd.
1	池街	Fengchi St.
1	源路	Fengyuan Rd.
2	里	Fengyuan Vil.
1	澄路	Fengcheng Rd.
1	燕1街	Fengyan 1st St.
2	2街	Fengyan 2nd St.
1	田路	Fengtian Rd.
1	甲1街	Fengjia 1st St.
2	2街	Fengjia 2nd St.
2	路	Fengjia Rd.
1	盛街	Fengsheng St.
1	祥里	Fengxiang Vil.
1	福路	Fengfu Rd.
2	里	Fengfu Vil.
1	禮里	Fengli Vil.
1	美路	Fengmei Rd.
1	義	Fengyi
2	里	Fengyi Vil.
1	翔1街	Fengxiang 1st St.
2	新村	Fengxiang New Vil.
2	街	Fengxiang St.
1	育路	Fengyu Rd.
1	興	Fengxing
2	路	Fengxing Rd.
3	新市場巷	Xinshichang Ln., Fongsing Rd.
2	里	Fengxing Vil.
1	芸2路	Fengyun 2nd Rd.
2	村	Fengyun Vil.
2	路	Fengyun Rd.
1	華路	Fenghua Rd.
1	蓮街	Fenglian St.
1	西巷	Fengxi Ln.
2	街	Fengxi St.
2	里	Fengxi Vil.
1	誠路	Fengcheng Rd.
1	陽街	Fengyang St.
2	路	Fengyang Rd.
1	雄村	Fengxiong Vil.
1	雛里	Fengchu Vil.
1	頂路	Fengding Rd.
1	鳴1路	Fengming 1st Rd.
2	2路	Fengming 2nd Rd.
2	巷	Fengming Ln.
2	路	Fengming Rd.
2	里	Fengming Vil.
1	鵬巷	Fengpeng Ln.
1	龍巷	Fenglong Ln.
0	鳴鳳村	Mingfeng Vil.
0	鳶山里	Yuanshan Vil.
1	峰路	Yuanfeng Rd.
0	鴨寮村	Yaliau Vil.
1	母寮	Yamuliao
2	湳	Yamulan
0	鴻撫街	Hongfu St.
1	昌街	Hongchang St.
1	星1路	Hongxing 1st Rd.
2	2路	Hongxing 2nd Rd.
2	3路	Hongxing 3rd Rd.
1	福	Hongfu
2	里	Hongfu Vil.
1	門巷	Hongmen Ln.
0	鴿溪寮	Gexiliao
0	鵝鑾路	Eluan Rd.
2	里	Eluan Vil.
3	坑內路	Kengnei Rd., Eluan Vil.
0	鵠鵠崙路	Gugulun Rd.
0	鵬儀路	Pengyi Rd.
1	灣大道1段	Sec. 1, Pengwan Blvd.
4	2段	Sec. 2, Pengwan Blvd.
4	3段	Sec. 3, Pengwan Blvd.
4	5段	Sec. 5, Pengwan Blvd.
1	程東1路	Pengcheng E. 1st Rd.
2	西街	Pengcheng W. St.
2	路	Pengcheng Rd.
2	里	Pengcheng Vil.
0	鶯子瀨	Yingzilai
1	桃路	Yingtao Rd.
3	2段	Sec. 2, Yingtao Rd.
3	永富巷	Yongfu Ln., Yingtao Rd.
1	歌路	Yingge Rd.
2	里	Yingge Vil.
1	華新村	Yinghua New Vil.
1	鳴1巷	Yingming 1st Ln.
0	鶴仔作巢	Hezaizuochao
1	山	Heshan
2	村	Heshan Vil.
1	岡	Hegang
2	村	Hegang Vil.
1	東路	Hedong Rd.
1	鳴村	Heming Vil.
0	鷺村	Lu Vil.
1	江街	Lujiang St.
2	里	Lujiang Vil.
1	鶿岫	Luzixiu
0	鸞山村	Luanshan Vil.
2	路	Luanshan Rd.
0	鹽中村	Yanzhong Vil.
2	里	Yanzhong Vil.
1	保路	Yanbao Rd.
1	信街	Yanxin St.
1	光路	Yanguang Rd.
1	務路	Yanwu Rd.
1	北村	Yanbei Vil.
2	路	Yanbei Rd.
1	南村	Yannan Vil.
2	路	Yannan Rd.
3	建昌巷	Jianchang Ln., Yannan Rd.
1	和街	Yanhe St.
1	園	Yanyuan
1	地仔	Yandizai
1	埔村	Yanpu Vil.
2	路	Yanpu Rd.
1	埕	Yancheng
2	3巷	Yancheng 3rd Ln.
2	中路	Yancheng Central Rd.
4	信義巷	Xinyi Ln., Yancheng Central Rd.
4	智仁巷	Zhiren Ln., Yancheng Central Rd.
4	東1巷	E. 1st Ln., Yancheng Central Rd.
5	2巷	E. 2nd Ln., Yancheng Central Rd.
5	3巷	E. 3rd Ln., Yancheng Central Rd.
5	4巷	E. 4th Ln., Yancheng Central Rd.
4	西1巷	W. 1st Ln., Yancheng Central Rd.
5	2巷	W. 2nd Ln., Yancheng Central Rd.
5	3巷	W. 3rd Ln., Yancheng Central Rd.
2	北路	Yancheng N. Rd.
2	大路	Yancheng Avenue
4	北1巷	N. 1st Ln., Yancheng Avenue
4	西1巷	W. 1st Ln., Yancheng Avenue
5	2巷	W. 2nd Ln., Yancheng Avenue
2	巷	Yancheng Ln.
2	村	Yancheng Vil.
2	街	Yancheng St.
2	路	Yancheng Rd.
1	安1街	Yan'an 1st St.
2	路	Yan'an Rd.
1	寮	Yanliao
2	村	Yanliau Vil.
1	平街	Yanping St.
1	庫街	Yanku St.
2	西街	Yanku W. St.
1	忠街	Yanzhong St.
1	新路	Yanxin Rd.
1	樹村	Yanshu Vil.
3	中央路	Zhongyang Rd., Yanshu Vil.
3	新興路	Xinxing Rd., Yanshu Vil.
1	水	Yanshui
2	坑	Yanshuikeng
2	巷	Yanshui Ln.
2	街	Yanshui St.
2	里	Yanshui Vil.
1	洲1街	Yanzhou 1st St.
2	2街	Yanzhou 2nd St.
2	路	Yanzhou Rd.
1	港1路	Yangang 1st Rd.
2	2路	Yangang 2nd Rd.
4	北巷	N. Ln., Yangang 2nd Rd.
4	千歲1巷	Qiansui 1st Ln., Yangang 2nd Rd.
6	2巷	Qiansui 2nd Ln., Yangang 2nd Rd.
4	和平1巷	Heping 1st Ln., Yangang 2nd Rd.
6	2巷	Heping 2nd Ln., Yangang 2nd Rd.
4	東1巷	E. 1st Ln., Yangang 2nd Rd.
2	路	Yangang Rd.
1	濱路	Yanbin Rd.
1	田	Yantian
2	1街	Yantian 1st St.
2	2街	Yantian 2nd St.
2	3街	Yantian 3rd St.
2	5街	Yantian 5th St.
2	6街	Yantian 6th St.
2	村	Yantian Vil.
2	路	Yantian Rd.
3	建豐巷	Jianfeng Ln., Yantian Rd.
3	通典巷	Tongdian Ln., Yantian Rd.
4	德巷	Tongde Ln., Yantian Rd.
1	菜坑	Yancaikeng
2	甕	Yancaiweng
1	行路	Yanxing Rd.
1	西里	Yanxi Vil.
1	讚	Yanzan
1	館	Yanguan
2	前	Yanguanqian
2	街	Yanguan St.
2	路	Yanguan Rd.
1	龍路	Yanlong Rd.
0	鹿北巷	Lubei Ln.
2	村	Lubei Vil.
1	南巷	Lunan Ln.
2	村	Lunan Vil.
1	和路1段	Sec. 1, Luhe Rd.
3	2段	Sec. 2, Luhe Rd.
3	3段	Sec. 3, Luhe Rd.
3	4段	Sec. 4, Luhe Rd.
3	5段	Sec. 5, Luhe Rd.
3	6段	Sec. 6, Luhe Rd.
1	埔村	Lupu Vil.
2	路	Lupu Rd.
3	鹿北巷	Lubei Ln., Lupu Rd.
4	南巷	Lunan Ln., Lupu Rd.
1	堀	Luku
1	場	Luchang
2	村	Luchang Vil.
2	路	Luchang Rd.
2	里	Luchang Vil.
1	安路	Lu'an Rd.
3	宏慶巷	Hongqing Ln., Lu'an Rd.
4	泰巷	Hongtai Ln., Lu'an Rd.
1	寮	Luliao
2	仔	Luliaozai
2	坑	Luliaokeng
2	坪	Luliaoping
2	堀	Luliaoku
2	巷	Luliao Ln.
2	村	Luliau Vil.
2	路	Luliao Rd.
2	里	Luliau Vil.
1	山路	Lushan Rd.
1	岩村	Luyan Vil.
1	峰里	Lufeng Vil.
1	工北1路	Lugong N. 1st Rd.
3	2路	Lugong N. 2nd Rd.
3	3路	Lugong N. 3rd Rd.
3	5路	Lugong N. 5th Rd.
3	6路	Lugong N. 6th Rd.
2	南1路	Lugong S. 1st Rd.
3	2路	Lugong S. 2nd Rd.
3	3路	Lugong S. 3rd Rd.
3	4路	Lugong S. 4th Rd.
3	5路	Lugong S. 5th Rd.
3	6路	Lugong S. 6th Rd.
3	7路	Lugong S. 7th Rd.
3	8路	Lugong S. 8th Rd.
2	路	Lugong Rd.
1	廚坑	Luchukeng
1	彰路	Luzhang Rd.
1	得1路	Lude 1st Rd.
2	2路	Lude 2nd Rd.
2	3路	Lude 3rd Rd.
2	5路	Lude 5th Rd.
2	路	Lude Rd.
1	新路	Luxin Rd.
1	東村	Ludong Vil.
2	路	Ludong Rd.
3	2段	Sec. 2, Ludong Rd.
1	林	Lulin
1	梅路	Lumei Rd.
1	湖	Luhu
1	滿村	Luman Vil.
1	環北路	Luhuan N. Rd.
2	南路	Luhuan S. Rd.
2	東路	Luhuan E. Rd.
2	西路	Luhuan W. Rd.
1	田村	Lutian Vil.
1	皮路	Lupi Rd.
1	福9路	Lufu 9th Rd.
1	科路	Luke Rd.
1	窟村	Luku Vil.
1	耳1路	Lu'er 1st Rd.
2	2路	Lu'er 2nd Rd.
2	里	Lu'er Vil.
2	門大道1段	Sec. 1, Lu'ermen Blvd.
5	2段	Sec. 2, Lu'ermen Blvd.
1	興巷	Luxing Ln.
2	路	Luxing Rd.
1	草	Lucao
2	村	Lucao Vil.
2	路	Lucao Rd.
3	1段	Sec. 1, Lucao Rd.
3	2段	Sec. 2, Lucao Rd.
3	3段	Sec. 3, Lucao Rd.
3	4段	Sec. 4, Lucao Rd.
3	5段	Sec. 5, Lucao Rd.
2	農場	Lucao Farm
1	西路	Luxi Rd.
1	谷村	Lugu Vil.
1	野村	Luye Vil.
1	陶洋	Lutaoyang
1	鳴	Luming
2	坑	Lumingkeng
2	巷	Luming Ln.
2	橋	Luming Bridge
2	路	Luming Rd.
2	里	Luming Vil.
0	麒麟巷	Qilin Ln.
2	路	Qilin Rd.
2	里	Qilin Vil.
0	麗園	Liyuan
2	1街	Liyuan 1st St.
2	2街	Liyuan 2nd St.
2	路	Liyuan Rd.
1	山街	Lishan St.
2	里	Lishan Vil.
1	景1街	Lijing 1st St.
2	2街	Lijing 2nd St.
1	水	Lishui
2	巷	Lishui Ln.
2	村	Lishui Vil.
2	街	Lishui St.
1	湖村	Lihu Vil.
1	興里	Lixing Vil.
1	雄街	Lixiong St.
2	里	Lixiong Vil.
0	麟安巷	Lin'an Ln.
1	山鼻	Linshanbi
1	趾村	Linzhi Vil.
1	蹄村	Linti Vil.
1	頂村	Linding Vil.
0	麥厝村	Maicuo Vil.
2	街	Maicuo St.
1	樹仁	Maishuren
1	津村	Maijin Vil.
1	豐村	Maifeng Vil.
1	金路	Maijin Rd.
0	麻佳路1段	Sec. 1, Majia Rd.
3	2段	Sec. 2, Majia Rd.
3	3段	Sec. 3, Majia Rd.
1	利霧	Maliwu
1	口1街	Makou 1st St.
2	2街	Makou 2nd St.
2	3街	Makou 3rd St.
2	里	Makou Vil.
1	園	Mayuan
2	1街	Mayuan 1st St.
2	2街	Mayuan 2nd St.
2	3路	Mayuan 3rd Rd.
2	5街	Mayuan 5th St.
2	6街	Mayuan 6th St.
2	7街	Mayuan 7th St.
2	8街	Mayuan 8th St.
2	坑	Mayuankeng
2	寮	Mayuanliao
3	山	Mayuanliaoshan
2	村	Mayuan Vil.
2	東1街	Mayuan E. 1st St.
3	2街	Mayuan E. 2nd St.
3	3街	Mayuan E. 3rd St.
3	街	Mayuan E. St.
2	溪東路	Mayuanxi E. Rd.
3	西路	Mayuanxi W. Rd.
2	肚	Mayuandu
2	街	Mayuan St.
2	西街	Mayuan W. St.
2	路	Mayuan Rd.
2	里	Mayuan Vil.
1	埔	Mapu
1	太路	Matai Rd.
1	學路1段	Sec. 1, Maxue Rd.
3	2段	Sec. 2, Maxue Rd.
3	3段	Sec. 3, Maxue Rd.
1	寮里	Maliau Vil.
1	工1路	Magong 1st Rd.
2	2路	Magong 2nd Rd.
2	3路	Magong 3rd Rd.
1	布樹排	Mabushupai
1	柚1路	Mayou 1st Rd.
2	2路	Mayou 2nd Rd.
2	3路	Mayou 3rd Rd.
2	5路	Mayou 5th Rd.
2	6路	Mayou 6th Rd.
2	路	Mayou Rd.
1	汝里	Maru Vil.
1	油寮	Mayouliao
1	竹坑巷	Mazhukeng Ln.
2	巷	Mazhu Ln.
2	林	Mazhulin
2	窩	Mazhuwo
1	箕埔	Majipu
1	興路	Maxing Rd.
3	1段	Sec. 1, Maxing Rd.
3	2段	Sec. 2, Maxing Rd.
1	苓路	Maling Rd.
1	豆口	Madoukou
2	寮	Madouliao
2	店	Madoudian
0	黃內巷	Huangnei Ln.
1	厝	Huangcuo
2	巷	Huangcuo Ln.
2	新路	Huangcuoxin Rd.
2	村	Huangcuo Vil.
2	街	Huangcuo St.
2	路	Huangcuo Rd.
1	唐村	Huangtang Vil.
1	埔七村	Huangpu 7th Vil.
4	特1巷	Te 1st Ln., Huangpu 7th Vil.
2	三村	Huangpu 3rd Vil.
2	二村	Huangpu 2nd Vil.
4	東4巷	E. 4th Ln., Huangpu 2nd Vil.
4	西1巷	W. 1st Ln., Huangpu 2nd Vil.
5	2巷	W. 2nd Ln., Huangpu 2nd Vil.
5	5巷	W. 5th Ln., Huangpu 2nd Vil.
2	五村	Huangpu 5th Vil.
2	六村	Huangpu 6th Vil.
2	四村	Huangpu 4th Vil.
2	新村	Huangpu New Vil.
4	國校巷	Guoxiao Ln., Huangpu New Vil.
4	東1巷	E. 1st Ln., Huangpu New Vil.
5	2巷	E. 2nd Ln., Huangpu New Vil.
5	3巷	E. 3rd Ln., Huangpu New Vil.
5	4巷	E. 4th Ln., Huangpu New Vil.
5	5巷	E. 5th Ln., Huangpu New Vil.
5	6巷	E. 6th Ln., Huangpu New Vil.
5	一橫巷	E. 1st Side Ln., Huangpu New Vil.
5	二橫巷	E. 2nd Side Ln., Huangpu New Vil.
4	西1巷	W. 1st Ln., Huangpu New Vil.
5	2巷	W. 2nd Ln., Huangpu New Vil.
5	3巷	W. 3rd Ln., Huangpu New Vil.
5	4巷	W. 4th Ln., Huangpu New Vil.
5	5巷	W. 5th Ln., Huangpu New Vil.
5	6巷	W. 6th Ln., Huangpu New Vil.
2	村	Huangpu Vil.
2	街	Huangpu St.
2	路	Huangpu Rd.
1	帝街	Huangdi St.
1	庵村	Huang'an Vil.
1	心寮	Huangxinliao
1	梨園	Huangliyuan
1	泥塘	Huangnitang
1	海街	Huanghai St.
2	路	Huanghai Rd.
1	石里	Huangshi Vil.
1	竹圍街	Huangzhuwei St.
2	村	Huangzhu Vil.
2	里	Huangzhu Vil.
1	興街	Huangxing St.
2	路	Huangxing Rd.
1	舉皮寮	Huangjupiliao
1	金路	Huangjin Rd.
0	黎元里	Liyuan Vil.
1	光里	Liguang Vil.
1	和巷	Lihe Ln.
2	里	Lihe Vil.
1	孝里	Lixiao Vil.
1	安里	Li'an Vil.
1	富里	Lifu Vil.
1	專路	Lizhuan Rd.
1	平里	Liping Vil.
1	忠里	Lizhong Vil.
1	明	Liming
2	1街	Liming 1st St.
3	路	Liming 1st Rd.
2	2街	Liming 2nd St.
3	路	Liming 2nd Rd.
2	3路	Liming 3rd Rd.
4	1段	Sec. 1, Liming 3rd Rd.
2	5路	Liming 5th Rd.
2	6路	Liming 6th Rd.
2	7路	Liming 7th Rd.
2	8路	Liming 8th Rd.
2	中街	Liming Central St.
2	巷	Liming Ln.
2	村	Liming Vil.
2	東街	Liming E. St.
2	街	Liming St.
2	路	Liming Rd.
3	1段	Sec. 1, Liming Rd.
3	2段	Sec. 2, Liming Rd.
3	3段	Sec. 3, Liming Rd.
2	里	Liming Vil.
1	春里	Lichun Vil.
1	東路	Lidong Rd.
1	貴里	Ligui Vil.
1	順里	Lishun Vil.
1	頭針	Litouzhen
0	黑帽巷	Heimao Ln.
0	鼎中路	Dingzhong Rd.
2	里	Dingzhong Vil.
1	仁街	Dingren St.
1	信街	Dingxin St.
1	力路	Dingli Rd.
2	里	Dingli Vil.
1	勇街	Dingyong St.
1	吉街	Dingji St.
1	和街	Dinghe St.
1	安路	Ding'an Rd.
1	富路	Dingfu Rd.
1	山街	Dingshan St.
1	強街	Dingqiang St.
2	里	Dingqiang Vil.
1	愛街	Ding'ai St.
1	成街	Dingcheng St.
1	文街	Dingwen St.
1	新街	Dingxin St.
2	路	Dingxin Rd.
1	昌街	Dingchang St.
1	正街	Dingzheng St.
1	泰街	Dingtai St.
2	里	Dingtai Vil.
1	灣	Dingwan
2	村	Dingwan Vil.
1	瑞街	Dingrui St.
1	盛街	Dingsheng St.
2	里	Dingsheng Vil.
1	祥街	Dingxiang St.
1	義街	Dingyi St.
1	興路	Dingxing Rd.
1	華路	Dinghua Rd.
1	西里	Dingxi Vil.
1	財	Dingcai
1	貴路	Dinggui Rd.
1	金1巷	Dingjin 1st Ln.
2	2巷	Dingjin 2nd Ln.
2	3巷	Dingjin 3rd Ln.
2	6巷	Dingjin 6th Ln.
2	中街	Dingjin Central St.
2	二橫巷	Dingjin 2nd Side Ln.
2	後路	Dingjinhou Rd.
2	里	Dingjin Vil.
1	鐘路	Dingzhong Rd.
1	順街	Dingshun St.
0	鼓中里	Guzhong Vil.
1	亭	Guting
1	元街	Guyuan St.
1	南街	Gunan St.
1	山	Gushan
2	1路	Gushan 1st Rd.
2	2路	Gushan 2nd Rd.
2	3路	Gushan 3rd Rd.
2	里	Gushan Vil.
1	岩里	Guyan Vil.
1	峰里	Gufeng Vil.
1	東里	Gudong Vil.
1	波街	Gupo St.
2	里	Gupo Vil.
1	鳴里	Guming Vil.
0	鼻倡路	Bichang Rd.
1	頭街	Bitou St.
2	路	Bitou Rd.
2	里	Bitou Vil.
0	齊家巷	Qijia Ln.
1	東街	Qidong St.
1	粑崠	Qibadong
0	齋明街	Zhaiming St.
0	齒草埔	Chicaopu
0	齡恩路	Ling'en Rd.
0	龍1路	Long 1st Rd.
1	2路	Long 2nd Rd.
1	3路	Long 3rd Rd.
1	5路	Long 5th Rd.
1	6路	Long 6th Rd.
1	7路	Long 7th Rd.
1	中街	Longzhong St.
1	井村	Longjing Vil.
2	街	Longjing St.
2	路	Longjing Rd.
2	里	Longjing Vil.
1	人社區	Longren Community
1	仁路	Longren Rd.
1	仔尾	Longzaiwei
1	元路	Longyuan Rd.
1	光里	Longguang Vil.
1	勇路	Longyong Rd.
1	勝路	Longsheng Rd.
1	北路	Longbei Rd.
1	匣里	Longxia Vil.
1	南路	Longnan Rd.
1	口里	Longkou Vil.
1	吉2街	Longji 2nd St.
2	5街	Longji 5th St.
2	街	Longji St.
1	吟街	Longyin St.
1	和1街	Longhe 1st St.
2	2街	Longhe 2nd St.
2	3街	Longhe 3rd St.
2	路	Longhe Rd.
1	善1街	Longshan 1st St.
2	2街	Longshan 2nd St.
2	3街	Longshan 3rd St.
2	街	Longshan St.
2	路	Longshan Rd.
1	國街	Longguo St.
1	園	Longyuan
2	1路	Longyuan 1st Rd.
2	5路	Longyuan 5th Rd.
2	6路	Longyuan 6th Rd.
2	7路	Longyuan 7th Rd.
2	8路	Longyuan 8th Rd.
2	十路	Longyuan 10th Rd.
2	巷	Longyuan Ln.
1	圖里	Longtu Vil.
1	坑里	Longkeng Vil.
1	坡里	Longpo Vil.
1	城1街	Longcheng 1st St.
2	2街	Longcheng 2nd St.
2	3街	Longcheng 3rd St.
2	4街	Longcheng 4th St.
2	5街	Longcheng 5th St.
2	6街	Longcheng 6th St.
2	7街	Longcheng 7th St.
2	新村	Longcheng New Vil.
2	街	Longcheng St.
2	路	Longcheng Rd.
2	里	Longcheng Vil.
1	埔街	Longpu St.
2	路	Longpu Rd.
2	里	Longpu Vil.
1	塘里	Longtang Vil.
1	壽村	Longshou Vil.
2	街	Longshou St.
3	1段	Sec. 1, Longshou St.
2	路	Longshou Rd.
1	天路	Longtian Rd.
1	好街	Longhao St.
1	子1街	Longzi 1st St.
2	2街	Longzi 2nd St.
2	里	Longzi Vil.
1	安	Long'an
2	1街	Long'an 1st St.
2	2街	Long'an 2nd St.
2	3街	Long'an 3rd St.
2	5街	Long'an 5th St.
2	6街	Long'an 6th St.
2	巷	Long'an Ln.
2	村	Long'an Vil.
2	街	Long'an St.
3	1段	Sec. 1, Long'an St.
5	成功巷	Chenggong Ln., Sec. 1, Long'an St.
3	2段	Sec. 2, Long'an St.
3	3段	Sec. 3, Long'an St.
2	路	Long'an Rd.
2	里	Long'an Vil.
1	宮街	Longgong St.
1	富11街	Longfu 11th St.
3	2街	Longfu 12th St.
3	3街	Longfu 13th St.
3	5路	Longfu 15th Rd.
3	6街	Longfu 16th St.
3	7路	Longfu 17th Rd.
3	8路	Longfu 18th Rd.
3	9街	Longfu 19th St.
3	街	Longfu 1st St.
2	21街	Longfu 21st St.
3	2路	Longfu 22nd Rd.
3	街	Longfu 2nd St.
3	路	Longfu 2nd Rd.
2	3街	Longfu 3rd St.
2	5街	Longfu 5th St.
2	7路	Longfu 7th Rd.
2	8路	Longfu 8th Rd.
2	9路	Longfu 9th Rd.
2	二十路	Longfu 20th Rd.
2	十路	Longfu 10th Rd.
2	街	Longfu St.
2	路	Longfu Rd.
3	3段	Sec. 3, Longfu Rd.
3	4段	Sec. 4, Longfu Rd.
3	5段	Sec. 5, Longfu Rd.
1	山	Longshan
2	1街	Longshan 1st St.
2	2街	Longshan 2nd St.
2	巷	Longshan Ln.
2	村	Longshan Vil.
3	過坑	Guokeng, Longshan Vil.
2	東1街	Longshan E. 1st St.
3	路	Longshan E. Rd.
2	腳	Longshanjiao
2	街	Longshan St.
2	西路	Longshan W. Rd.
2	路	Longshan Rd.
3	1段	Sec. 1, Longshan Rd.
3	2段	Sec. 2, Longshan Rd.
3	3段	Sec. 3, Longshan Rd.
2	里	Longshan Vil.
1	岡	Longgang
2	路1段	Sec. 1, Longgang Rd.
3	2段	Sec. 2, Longgang Rd.
3	3段	Sec. 3, Longgang Rd.
5	今日新村	Jinri New Vil., Sec. 3, Longgang Rd.
5	新興社區	Xinxing Community, Sec. 3, Longgang Rd.
2	里	Longgang Vil.
1	岩	Longyan
2	村	Longyan Vil.
2	路	Longyan Rd.
2	農場	Longyan Farm
1	峎寮	Longlangliao
2	頂	Longlangding
1	崗村	Longgang Vil.
2	路	Longgang Rd.
2	里	Longgang Vil.
1	巖街	Longyan St.
1	川	Longchuan
2	2街	Longchuan 2nd St.
2	3街	Longchuan 3rd St.
2	4街	Longchuan 4th St.
2	5街	Longchuan 5th St.
2	6街	Longchuan 6th St.
2	8街	Longchuan 8th St.
2	9街	Longchuan 9th St.
2	街	Longchuan St.
2	里	Longchuan Vil.
1	平1街	Longping 1st St.
2	2街	Longping 2nd St.
2	3街	Longping 3rd St.
2	5街	Longping 5th St.
2	6街	Longping 6th St.
2	7街	Longping 7th St.
2	8街	Longping 8th St.
2	9街	Longping 9th St.
2	路	Longping Rd.
2	里	Longping Vil.
1	庄街	Longzhuang St.
1	庭大地	Longtingdadi
1	形	Longxing
2	1街	Longxing 1st St.
2	2街	Longxing 2nd St.
2	3街	Longxing 3rd St.
2	5街	Longxing 5th St.
1	德新路	Longdexin Rd.
2	村	Longde Vil.
2	街	Longde St.
2	路	Longde Rd.
3	1段	Sec. 1, Longde Rd.
3	2段	Sec. 2, Longde Rd.
2	里	Longde Vil.
1	恩里	Long'en Vil.
1	慈路	Longci Rd.
1	成街	Longcheng St.
2	路	Longcheng Rd.
2	里	Longcheng Vil.
1	技路	Longji Rd.
1	文1街	Longwen 1st St.
2	2街	Longwen 2nd St.
2	3街	Longwen 3rd St.
2	巷	Longwen Ln.
2	街	Longwen St.
2	路	Longwen Rd.
1	新新村	Longxin New Vil.
2	街	Longxin St.
2	路	Longxin Rd.
3	三和段	Sec. Sanhe, Longxin Rd.
4	水段	Sec. Sanshui, Longxin Rd.
3	王府巷	Wangfu Ln., Longxin Rd.
3	竹窩段	Sec. Zhuwo, Longxin Rd.
1	昇新村	Longsheng New Vil.
2	村	Longsheng Vil.
2	街	Longsheng St.
1	昌街	Longchang St.
2	路	Longchang Rd.
2	里	Longchang Vil.
1	明街	Longming St.
1	星村	Longxing Vil.
1	智路	Longzhi Rd.
1	東12街	Longdong 12th St.
3	3街	Longdong 13th St.
3	5街	Longdong 15th St.
2	8街	Longdong 8th St.
2	十街	Longdong 10th St.
2	村	Longdong Vil.
2	街	Longdong St.
2	路	Longdong Rd.
3	慈光二十八村	Ciguang 28th Vil., Longdong Rd.
3	百寧新村	Baining New Vil., Longdong Rd.
2	里	Longdong Vil.
1	林街	Longlin St.
1	校街	Longxiao St.
1	橋街	Longqiao St.
1	欣巷	Longxin Ln.
1	水1街	Longshui 1st St.
2	2路	Longshui 2nd Rd.
2	路	Longshui Rd.
2	里	Longshui Vil.
1	江街	Longjiang St.
2	路	Longjiang Rd.
2	里	Longjiang Vil.
1	池里	Longchi Vil.
1	泉	Longquan
2	1街	Longquan 1st St.
2	2街	Longquan 2nd St.
2	3街	Longquan 3rd St.
2	4街	Longquan 4th St.
2	5街	Longquan 5th St.
2	6街	Longquan 6th St.
2	巷	Longquan Ln.
2	村	Longquan Vil.
2	街	Longquan St.
2	路	Longquan Rd.
2	里	Longquan Vil.
1	洋巷	Longyang Ln.
1	洞	Longdong
2	村	Longdong Vil.
2	街	Longdong St.
1	津村	Longjin Vil.
2	街	Longjin St.
2	里	Longjin Vil.
1	洲1路	Longzhou 1st Rd.
2	路	Longzhou Rd.
2	里	Longzhou Vil.
1	涎北路	Longxian N. Rd.
2	路	Longxian Rd.
1	淵里	Longyuan Vil.
1	清街	Longqing St.
1	港村	Longgang Vil.
2	路	Longgang Rd.
1	湖村	Longhu Vil.
1	源村	Longyuan Vil.
2	路	Longyuan Rd.
3	大平段	Sec. Daping, Longyuan Rd.
3	高原段	Sec. Gaoyuan, Longyuan Rd.
1	潭	Longtan
2	北路	Longtan N. Rd.
2	南路	Longtan S. Rd.
2	村	Longtan Vil.
2	街	Longtan St.
2	路	Longtan Rd.
3	竹坑巷	Zhukeng Ln., Longtan Rd.
2	里	Longtan Vil.
1	澗	Longjian
1	濱路	Longbin Rd.
2	里	Longbin Vil.
1	灣巷	Longwan Ln.
1	瑞街	Longrui St.
1	生街	Longsheng St.
2	里	Longsheng Vil.
1	田巷	Longtian Ln.
2	村	Longtian Vil.
2	里	Longtian Vil.
1	目井巷	Longmujing Ln.
3	路	Longmujing Rd.
2	村	Longmu Vil.
2	路	Longmu Rd.
1	真路	Longzhen Rd.
1	眼村	Longyan Vil.
2	林	Longyanlin
1	社1街	Longshe 1st St.
2	2街	Longshe 2nd St.
2	6街	Longshe 6th St.
2	7街	Longshe 7th St.
2	8街	Longshe 8th St.
2	路	Longshe Rd.
1	祥1路	Longxiang 1st Rd.
2	2路	Longxiang 2nd Rd.
2	3路	Longxiang 3rd Rd.
2	4路	Longxiang 4th Rd.
2	5路	Longxiang 5th Rd.
2	7路	Longxiang 7th Rd.
2	8路	Longxiang 8th Rd.
2	9路	Longxiang 9th Rd.
2	十路	Longxiang 10th Rd.
2	街	Longxiang St.
2	路	Longxiang Rd.
2	里	Longxiang Vil.
1	福1街	Longfu 1st St.
2	路	Longfu Rd.
2	里	Longfu Vil.
1	科街	Longke St.
1	米路1段	Sec. 1, Longmi Rd.
3	2段	Sec. 2, Longmi Rd.
3	3段	Sec. 3, Longmi Rd.
1	結	Longjie
1	美	Longmei
2	街	Longmei St.
2	路	Longmei Rd.
1	翔街	Longxiang St.
2	里	Longxiang Vil.
1	翠里	Longcui Vil.
1	聖路	Longsheng Rd.
1	肚街	Longdu St.
2	里	Longdu Vil.
1	興三莊	Longxing 3rd Vil.
2	巷	Longxing Ln.
2	村	Longxing Vil.
2	街	Longxing St.
2	路	Longxing Rd.
2	里	Longxing Vil.
1	舟路	Longzhou Rd.
1	船村	Longchuan Vil.
2	窩	Longchuanwo
1	草路	Longcao Rd.
1	莊路	Longzhuang Rd.
1	華2街	Longhua 2nd St.
2	北街	Longhua N. St.
2	南街	Longhua S. St.
2	村	Longhua Vil.
2	街	Longhua St.
3	1段	Sec. 1, Longhua St.
2	西路	Longhua W. Rd.
2	路	Longhua Rd.
3	1段	Sec. 1, Longhua Rd.
2	里	Longhua Vil.
1	蘭街	Longlan St.
1	蛟村	Longjiau Vil.
2	潭	Longjiaotan
1	西村	Longxi Vil.
1	賢路	Longxian Rd.
1	過脈	Longguomai
1	鎮1街	Longzhen 1st St.
2	2街	Longzhen 2nd St.
2	里	Longzhen Vil.
1	門1街	Longmen 1st St.
2	2街	Longmen 2nd St.
2	3街	Longmen 3rd St.
2	巷	Longmen Ln.
2	村	Longmen Vil.
2	街	Longmen St.
2	路	Longmen Rd.
3	東門巷	Dongmen Ln., Longmen Rd.
2	里	Longmen Vil.
1	關里	Longguan Vil.
1	陣里	Longzhen Vil.
1	陵路	Longling Rd.
1	雲里	Longyun Vil.
1	青路	Longqing Rd.
1	頭	Longtou
2	路	Longtou Rd.
1	飛里	Longfei Vil.
1	馬路	Longma Rd.
1	騰	Longteng
2	村	Longteng Vil.
1	鳳1街	Longfeng 1st St.
2	2街	Longfeng 2nd St.
2	3街	Longfeng 3rd St.
2	巷	Longfeng Ln.
2	新村	Longfeng New Vil.
2	街	Longfeng St.
2	路	Longfeng Rd.
2	里	Longfeng Vil.
0	龔厝村	Gongcuo Vil.
2	路	Gongcuo Rd.
2	里後厝路	Houcuo Rd., Gongcuo Vil.
0	龜丹	Guidan
2	村	Guidan Vil.
1	仔巷	Guizai Ln.
1	佛山	Guifoshan
1	吼村	Guihou Vil.
1	壽谷街	Guishougu St.
1	子山	Guizi Mountain
2	港	Guizigang
1	山	Guishan
2	1路	Guishan 1st Rd.
2	后街	Guishanhou St.
4	東華巷	Donghua Ln., Guishanhou St.
2	堤防	Guishantifang
2	太子巷	Guishantaizi Ln.
2	巷	Guishan Ln.
2	村	Guishan Vil.
2	路	Guishan Rd.
2	里	Guishan Vil.
1	庵	Gui'an
1	村	Gui Vil.
1	殼路	Guike Rd.
1	洞	Guidong
2	村	Guidong Vil.
1	港村	Guigang Vil.
1	灣	Guiwan